doi_norm,http_status
10.1037/e629522012-063,404
10.1145/3234989,404
10.1145/3235042,404
10.1145/3276914,404
10.1145/3325986,404
10.1145/3365462,404
10.1145/3410263,404
10.1145/3410304,404
10.1145/3554335,404
10.11588/data/9adqs1,200
10.11588/data/et9g9x,200
10.11588/data/et9g9x/8udmax,200
10.11588/data/et9g9x/9idfrl,200
10.11588/data/et9g9x/cpmj0y,200
10.11588/data/et9g9x/fj7du4,200
10.11588/data/et9g9x/hmvgt0,200
10.11588/data/et9g9x/kgicbl,200
10.11588/data/et9g9x/klgrli,200
10.11588/data/et9g9x/m1okzq,200
10.11588/data/et9g9x/pr4qdp,200
10.11588/data/et9g9x/qqe2nr,200
10.11588/data/et9g9x/sw90i7,200
10.11588/data/et9g9x/u3v5m7,200
10.11588/data/et9g9x/vrvbeg,200
10.11588/data/veeidp,200
10.11588/data/veeidp/1hmi1g,200
10.11588/data/veeidp/1t5dw1,200
10.11588/data/veeidp/5ohxlp,200
10.11588/data/veeidp/6aba8j,200
10.11588/data/veeidp/7vcnnh,200
10.11588/data/veeidp/8puzkv,200
10.11588/data/veeidp/9b8kk6,200
10.11588/data/veeidp/9ebtfb,200
10.11588/data/veeidp/9kssbt,200
10.11588/data/veeidp/ae8lpj,200
10.11588/data/veeidp/ayzksx,200
10.11588/data/veeidp/b2jeyt,200
10.11588/data/veeidp/cd6pvw,200
10.11588/data/veeidp/cgulpt,200
10.11588/data/veeidp/cm6afj,200
10.11588/data/veeidp/ddkhie,200
10.11588/data/veeidp/dppi4h,200
10.11588/data/veeidp/edcdyl,200
10.11588/data/veeidp/f3lmk3,200
10.11588/data/veeidp/fbbrho,200
10.11588/data/veeidp/fbvt34,200
10.11588/data/veeidp/fd1b7r,200
10.11588/data/veeidp/fe4kgi,200
10.11588/data/veeidp/fegc7x,200
10.11588/data/veeidp/fis5nm,200
10.11588/data/veeidp/fswrns,200
10.11588/data/veeidp/fyipky,200
10.11588/data/veeidp/gcnr2j,200
10.11588/data/veeidp/h1mv7a,200
10.11588/data/veeidp/hkp7ww,200
10.11588/data/veeidp/hkqdir,200
10.11588/data/veeidp/jzzohe,200
10.11588/data/veeidp/kjpz3n,200
10.11588/data/veeidp/l47eoa,200
10.11588/data/veeidp/n2w2xz,200
10.11588/data/veeidp/nbvxtn,200
10.11588/data/veeidp/njdtb1,200
10.11588/data/veeidp/non9n0,200
10.11588/data/veeidp/o389zn,200
10.11588/data/veeidp/ongrql,200
10.11588/data/veeidp/p04rh3,200
10.11588/data/veeidp/pctffl,200
10.11588/data/veeidp/q8twi8,200
10.11588/data/veeidp/qeih0y,200
10.11588/data/veeidp/rarq3q,200
10.11588/data/veeidp/rdtgzp,200
10.11588/data/veeidp/rrcpdd,200
10.11588/data/veeidp/rtl1m4,200
10.11588/data/veeidp/sudosp,200
10.11588/data/veeidp/t6p1zq,200
10.11588/data/veeidp/tmtmda,200
10.11588/data/veeidp/tqxc8q,200
10.11588/data/veeidp/ubjjzx,200
10.11588/data/veeidp/ue8jrn,200
10.11588/data/veeidp/uhqy4v,200
10.11588/data/veeidp/vebnma,200
10.11588/data/veeidp/vfei4p,200
10.11588/data/veeidp/vxhjba,200
10.11588/data/veeidp/wjnfjr,200
10.11588/data/veeidp/wlsngn,200
10.11588/data/veeidp/wty0pp,200
10.11588/data/veeidp/xfakc4,200
10.11588/data/veeidp/xfxzgw,200
10.11588/data/veeidp/xhkeni,200
10.11588/data/veeidp/xoamhx,200
10.11588/data/veeidp/xqm0co,200
10.11588/data/veeidp/y3khjk,200
10.11588/data/veeidp/ybfdic,200
10.11588/data/veeidp/z8gwp8,200
10.11588/data/veeidp/zvbutb,200
10.1163/2468-1733_shafr_sim090030039,404
10.1186/isrctn15641330,404
10.1186/isrctn44050004,404
10.12751/g-node.13432e,200
10.12751/g-node.40a071,200
10.12751/g-node.545b40,200
10.12751/g-node.5rkqr4,200
10.12751/g-node.74jj3f,200
10.12751/g-node.7c85a1,200
10.12751/g-node.9c19ce,200
10.12751/g-node.b5a5df,200
10.12751/g-node.f8f930,200
10.12751/g-node.rt3eje,200
10.1285/i20356609v13i3p1308,200
10.13026/tn53-8153,200
10.14278/rodare.1330,200
10.14278/rodare.1463,200
10.14278/rodare.1538,200
10.14278/rodare.1624,200
10.14278/rodare.2110,200
10.14278/rodare.2568,200
10.14278/rodare.2626,200
10.14278/rodare.3361,200
10.14278/rodare.3426,200
10.14278/rodare.3849,200
10.14278/rodare.774,200
10.14278/rodare.826,200
10.14281/18241.2,200
10.14473/csda/0chntg,200
10.14473/csda/0ho5do,200
10.14473/csda/1etkuj,200
10.14473/csda/1etkuj/72hjvx,200
10.14473/csda/1etkuj/giiojj,200
10.14473/csda/1etkuj/w5ubkr,200
10.14473/csda/1hnh1i,200
10.14473/csda/1hnh1i/hr3njk,200
10.14473/csda/1hnh1i/wccvr5,200
10.14473/csda/1hnh1i/ybhlbi,200
10.14473/csda/1hnh1i/zp5sp5,200
10.14473/csda/1kp97l,200
10.14473/csda/1lrimh,200
10.14473/csda/1p8fr1,200
10.14473/csda/1p8fr1/5kvygt,200
10.14473/csda/1p8fr1/7zuibn,200
10.14473/csda/1p8fr1/a1tejz,200
10.14473/csda/1p8fr1/exylip,200
10.14473/csda/1p8fr1/hmlteb,200
10.14473/csda/1p8fr1/kazpim,200
10.14473/csda/1p8fr1/nqv6yh,200
10.14473/csda/1p8fr1/qbgoqs,200
10.14473/csda/1p8fr1/syjdsv,200
10.14473/csda/1p8fr1/xmtsqt,200
10.14473/csda/1p8fr1/yvx80y,200
10.14473/csda/1p8fr1/z2icoq,200
10.14473/csda/20ych8,200
10.14473/csda/2q7ain,200
10.14473/csda/2svkix,200
10.14473/csda/371ztk,200
10.14473/csda/38trwq,200
10.14473/csda/3bqof6,200
10.14473/csda/3nejqk,200
10.14473/csda/3qjleg,200
10.14473/csda/3xill5,200
10.14473/csda/46qau3,200
10.14473/csda/49opra,200
10.14473/csda/4f6qlb,200
10.14473/csda/4iu3hg,200
10.14473/csda/4jzh4k,200
10.14473/csda/4pmwke,200
10.14473/csda/4qg0wd,200
10.14473/csda/4wvlsa,200
10.14473/csda/4wvlsa/fodzxj,200
10.14473/csda/4wvlsa/s3sfs0,200
10.14473/csda/4x7nas,200
10.14473/csda/56z9ln,200
10.14473/csda/56z9ln/h2afrk,200
10.14473/csda/56z9ln/mfr4rw,200
10.14473/csda/56z9ln/zylza7,200
10.14473/csda/5bvand,200
10.14473/csda/5izxyg,200
10.14473/csda/5p7qu1,200
10.14473/csda/6fr05v,200
10.14473/csda/6kpj8m,200
10.14473/csda/6wuw00,200
10.14473/csda/6wuw00/4ljfbz,200
10.14473/csda/6wuw00/tqgny2,200
10.14473/csda/6wuw00/wzifr3,200
10.14473/csda/6xarqu,200
10.14473/csda/70pzsc,200
10.14473/csda/70pzsc/9fbm9l,200
10.14473/csda/70pzsc/ajilu5,200
10.14473/csda/70pzsc/k8tafn,200
10.14473/csda/7h0coy,200
10.14473/csda/7jbrah,200
10.14473/csda/82lv3t,200
10.14473/csda/8knbjq,200
10.14473/csda/8yads3,200
10.14473/csda/9alxny,200
10.14473/csda/9alxny/edv8qp,200
10.14473/csda/9alxny/hi39z0,200
10.14473/csda/9alxny/mf6m0r,200
10.14473/csda/9alxny/mxvqgh,200
10.14473/csda/9alxny/odvxmw,200
10.14473/csda/9alxny/qm4pmv,200
10.14473/csda/9alxny/rm7gk2,200
10.14473/csda/9alxny/u4jimo,200
10.14473/csda/9cvsiq,200
10.14473/csda/9odt3k,200
10.14473/csda/9uopyp,200
10.14473/csda/a7vhpr,200
10.14473/csda/aejb71,200
10.14473/csda/aejb71/nyumse,200
10.14473/csda/aejb71/q3ltjd,200
10.14473/csda/aejb71/rhp6gm,200
10.14473/csda/aejb71/x0pjcu,200
10.14473/csda/alyqbk,200
10.14473/csda/aoqnoh,200
10.14473/csda/aoqnoh/e51urf,200
10.14473/csda/aoqnoh/l088mq,200
10.14473/csda/aoqnoh/yu3wy5,200
10.14473/csda/apc2nv,200
10.14473/csda/apc2nv/7zeltu,200
10.14473/csda/apc2nv/9l4mfo,200
10.14473/csda/apc2nv/cnsm0v,200
10.14473/csda/apc2nv/feygra,200
10.14473/csda/apc2nv/hmlajq,200
10.14473/csda/apc2nv/nc499p,200
10.14473/csda/apc2nv/wqikly,200
10.14473/csda/apc2nv/yqtzxj,200
10.14473/csda/apc2nv/ywvda9,200
10.14473/csda/apyooi,200
10.14473/csda/apyooi/acwllc,200
10.14473/csda/apyooi/czf4w9,200
10.14473/csda/apyooi/gyymwc,200
10.14473/csda/apyooi/l3evad,200
10.14473/csda/apyooi/lvmgaf,200
10.14473/csda/apyooi/o7tkkw,200
10.14473/csda/apyooi/vtknve,200
10.14473/csda/arrmj0,200
10.14473/csda/arrmj0/32btff,200
10.14473/csda/arrmj0/bpdlkj,200
10.14473/csda/arrmj0/l6p3cs,200
10.14473/csda/arrmj0/uawpgq,200
10.14473/csda/ayjveu,200
10.14473/csda/ayv5il,200
10.14473/csda/az9fkv,200
10.14473/csda/azpcsh,200
10.14473/csda/azpcsh/2elxgi,200
10.14473/csda/azpcsh/9kctvr,200
10.14473/csda/azpcsh/vq5lgi,200
10.14473/csda/b3p361,200
10.14473/csda/b3p361/djms9j,200
10.14473/csda/b3p361/njbzsc,200
10.14473/csda/b3p361/zetsvx,200
10.14473/csda/b73gvd,200
10.14473/csda/bbirn7,200
10.14473/csda/bblgr2,200
10.14473/csda/bfwrd5,200
10.14473/csda/bfwrd5/ffllrs,200
10.14473/csda/bfwrd5/xl2rl5,200
10.14473/csda/bikme9,200
10.14473/csda/bikme9/dahu1x,200
10.14473/csda/bikme9/ribebg,200
10.14473/csda/bikme9/wg9rhc,200
10.14473/csda/blmhro,200
10.14473/csda/blmhro/fvylpd,200
10.14473/csda/blmhro/gxyqgd,200
10.14473/csda/blmhro/iez5bc,200
10.14473/csda/blmhro/igcfpq,200
10.14473/csda/blmhro/t2lbux,200
10.14473/csda/bqqtup,200
10.14473/csda/brwou7,200
10.14473/csda/c52kcf,200
10.14473/csda/c5svun,200
10.14473/csda/cct4pj,200
10.14473/csda/ci5ski,200
10.14473/csda/ckdhj3,200
10.14473/csda/crurbi,200
10.14473/csda/ctbxdx,200
10.14473/csda/ctbxdx/2xkpiz,200
10.14473/csda/ctbxdx/9yd0qs,200
10.14473/csda/ctbxdx/ozdk5p,200
10.14473/csda/cusnbr,200
10.14473/csda/cz4dzm,200
10.14473/csda/d0nlzk,200
10.14473/csda/d0nlzk/iikipo,200
10.14473/csda/d0nlzk/thvc6k,200
10.14473/csda/dakxva,200
10.14473/csda/decebq,200
10.14473/csda/doseol,200
10.14473/csda/edq9ca,200
10.14473/csda/eedbwc,200
10.14473/csda/ejf9tm,200
10.14473/csda/enfesa,200
10.14473/csda/epjnnz,200
10.14473/csda/epjnnz/eas7ei,200
10.14473/csda/epjnnz/jhfa1s,200
10.14473/csda/epjnnz/s4m0fa,200
10.14473/csda/epkwvd,200
10.14473/csda/ernrsz,200
10.14473/csda/exprxn,200
10.14473/csda/exprxn/gcb7jn,200
10.14473/csda/exprxn/mvtcmj,200
10.14473/csda/exprxn/tumcuq,200
10.14473/csda/f3ovgv,200
10.14473/csda/f6gi6t,200
10.14473/csda/fh4jrk,200
10.14473/csda/fpgfnk,200
10.14473/csda/fs4ath,200
10.14473/csda/fuer5d,200
10.14473/csda/fvbrhu,200
10.14473/csda/fwitxt,200
10.14473/csda/g1xpvm,200
10.14473/csda/g4l5oq,200
10.14473/csda/g57ar8,200
10.14473/csda/g57ar8/yidb1h,200
10.14473/csda/geuezw,200
10.14473/csda/gfwfrl,200
10.14473/csda/gigy2y,200
10.14473/csda/gn4ev3,200
10.14473/csda/gqklvh,200
10.14473/csda/guov9i,200
10.14473/csda/gxhxfn,200
10.14473/csda/h33bmv,200
10.14473/csda/h89ro3,200
10.14473/csda/hbg6fe,200
10.14473/csda/hfuh5j,200
10.14473/csda/hgc836,200
10.14473/csda/hgzkpi,200
10.14473/csda/hxusb6,200
10.14473/csda/hy39qo,200
10.14473/csda/i17gf8,200
10.14473/csda/i1t9tz,200
10.14473/csda/i7aqj0,200
10.14473/csda/icjgda,200
10.14473/csda/icjgda/fpnhrs,200
10.14473/csda/id9jza,200
10.14473/csda/ifhtry,200
10.14473/csda/ihmauu,200
10.14473/csda/ikrsuw,200
10.14473/csda/ilmnvh,200
10.14473/csda/io8wrb,200
10.14473/csda/iolbxw,200
10.14473/csda/ituva4,200
10.14473/csda/iukdaj,200
10.14473/csda/ixciaq,200
10.14473/csda/ixciaq/kuxvhk,200
10.14473/csda/ixciaq/osecbo,200
10.14473/csda/ixciaq/r9qxe4,200
10.14473/csda/ixciaq/y9hkhg,200
10.14473/csda/j6dytq,200
10.14473/csda/jai5dz,200
10.14473/csda/jcpi9n,200
10.14473/csda/jezyyq,200
10.14473/csda/jrutoy,200
10.14473/csda/jrutoy/5a1xwz,200
10.14473/csda/jrutoy/ghdi1o,200
10.14473/csda/jrutoy/jw9u4w,200
10.14473/csda/jrutoy/kt3pse,200
10.14473/csda/jrutoy/pcckeu,200
10.14473/csda/jst6m4,200
10.14473/csda/juaebb,200
10.14473/csda/jvnzzp,200
10.14473/csda/jy4fsb,200
10.14473/csda/khfsc7,200
10.14473/csda/ki4bym,200
10.14473/csda/kjyy4w,200
10.14473/csda/klfs7w,200
10.14473/csda/l1ii3j,200
10.14473/csda/l1ii3j/bij3nw,200
10.14473/csda/l1ii3j/l678ag,200
10.14473/csda/l1ii3j/md5icu,200
10.14473/csda/l1ii3j/odiutf,200
10.14473/csda/l1ii3j/okjfip,200
10.14473/csda/l1ii3j/rtlvap,200
10.14473/csda/l1ii3j/ur3htn,200
10.14473/csda/l1ii3j/z7fjj1,200
10.14473/csda/l1ii3j/zgqjps,200
10.14473/csda/l1ii3j/zhbr2l,200
10.14473/csda/l338fc,200
10.14473/csda/l9rx87,200
10.14473/csda/lcorzi,200
10.14473/csda/lg6bl5,200
10.14473/csda/lg6bl5/vv939l,200
10.14473/csda/lg6bl5/ywcf8n,200
10.14473/csda/lh5ms3,200
10.14473/csda/llgojh,200
10.14473/csda/llhu2d,200
10.14473/csda/lwraaz,200
10.14473/csda/lwraaz/0uevfo,200
10.14473/csda/lwraaz/76dobh,200
10.14473/csda/lyblja,200
10.14473/csda/lzexar,200
10.14473/csda/m1lruy,200
10.14473/csda/mcag8o,200
10.14473/csda/mcag8o/mi0vlh,200
10.14473/csda/mdzc3f,200
10.14473/csda/mjl7tz,200
10.14473/csda/mlyxft,200
10.14473/csda/mvn097/nbc6av,200
10.14473/csda/mvn097/pcdqv1,200
10.14473/csda/n4rllp,200
10.14473/csda/n4rllp/9mc95i,200
10.14473/csda/n4rllp/gxl1do,200
10.14473/csda/n4rllp/pevcdk,200
10.14473/csda/n74dw2,200
10.14473/csda/n74dw2/75wsg7,200
10.14473/csda/n74dw2/gdkxfa,200
10.14473/csda/n74dw2/nll5vo,200
10.14473/csda/n7jykd,200
10.14473/csda/ns6meo,200
10.14473/csda/nscz2q,200
10.14473/csda/ntr3tr,200
10.14473/csda/nyxqpt,200
10.14473/csda/nyxqpt/50ao5q,200
10.14473/csda/nyxqpt/avvhwb,200
10.14473/csda/nyxqpt/doo8cb,200
10.14473/csda/nyxqpt/eolmcq,200
10.14473/csda/nyxqpt/hckaho,200
10.14473/csda/nyxqpt/o1kp75,200
10.14473/csda/nyxqpt/o3clj1,200
10.14473/csda/o2rkwy,200
10.14473/csda/o2rkwy/du02yo,200
10.14473/csda/o2rkwy/yrgnga,200
10.14473/csda/o6ept6,200
10.14473/csda/oa5bl8,200
10.14473/csda/oe0jjq,200
10.14473/csda/oe0jjq/17nbxx,200
10.14473/csda/oe0jjq/b9uiai,200
10.14473/csda/oe0jjq/dgx3eu,200
10.14473/csda/oe0jjq/fv3qjg,200
10.14473/csda/oe0jjq/gxvfj7,200
10.14473/csda/oe0jjq/k3ry9t,200
10.14473/csda/oe0jjq/kdb2gl,200
10.14473/csda/oe0jjq/qbkiky,200
10.14473/csda/oe0jjq/tuv1w1,200
10.14473/csda/oe0jjq/vwicsv,200
10.14473/csda/ofvzc9,200
10.14473/csda/ogapiw,200
10.14473/csda/ogaqde,200
10.14473/csda/ojelp5,200
10.14473/csda/olhs8x,200
10.14473/csda/om42gn,200
10.14473/csda/ot34hb,200
10.14473/csda/othtmm,200
10.14473/csda/oybuxy,200
10.14473/csda/ozq1zv,200
10.14473/csda/ozqtyz,200
10.14473/csda/paiarh,200
10.14473/csda/paqim7,200
10.14473/csda/pg0whg,200
10.14473/csda/pim2k5,200
10.14473/csda/pim2k5/ocul4s,200
10.14473/csda/plfmff,200
10.14473/csda/pnkfnl,200
10.14473/csda/ppcqwb,200
10.14473/csda/pporvd,200
10.14473/csda/pporvd/bzp71w,200
10.14473/csda/pporvd/x504ya,200
10.14473/csda/pporvd/zicdt3,200
10.14473/csda/prbqsk,200
10.14473/csda/prbqsk/7asnpi,200
10.14473/csda/prbqsk/dvergu,200
10.14473/csda/prbqsk/itpgeo,200
10.14473/csda/prbqsk/ueqiur,200
10.14473/csda/psov5d,200
10.14473/csda/pug41w,200
10.14473/csda/pzeo3k,200
10.14473/csda/pzeo3k/bwncw3,200
10.14473/csda/pzeo3k/woqatv,200
10.14473/csda/q09vyy,200
10.14473/csda/q09vyy/w6qlrm,200
10.14473/csda/qcmgw8,200
10.14473/csda/qgv7ex,200
10.14473/csda/qgx5df,200
10.14473/csda/qjphkn,200
10.14473/csda/qjphkn/dhpfau,200
10.14473/csda/qjwlgn,200
10.14473/csda/qnumbi,200
10.14473/csda/qzprkx,200
10.14473/csda/qzprkx/dvuyg6,200
10.14473/csda/qzprkx/gphjqp,200
10.14473/csda/r2tfow,200
10.14473/csda/r8cjxk,200
10.14473/csda/r8cjxk/c6gudo,200
10.14473/csda/r8cjxk/hexe75,200
10.14473/csda/r8cjxk/xwf9q5,200
10.14473/csda/rac5ln,200
10.14473/csda/ranmra,200
10.14473/csda/rhlbv3,200
10.14473/csda/riasvp,200
10.14473/csda/rryurj,200
10.14473/csda/rsnikb,200
10.14473/csda/rtycaa,200
10.14473/csda/rtycaa/8lmzqt,200
10.14473/csda/rtycaa/cuvz11,200
10.14473/csda/rtycaa/irujiu,200
10.14473/csda/rulawc,200
10.14473/csda/rwi2im,200
10.14473/csda/rwi2im/bbmtze,200
10.14473/csda/rwi2im/dnsc54,200
10.14473/csda/rwi2im/kqvjkn,200
10.14473/csda/sar0k6,200
10.14473/csda/sar0k6/jrz39i,200
10.14473/csda/sar0k6/yypbjk,200
10.14473/csda/se5jm4,200
10.14473/csda/sfi6fw,200
10.14473/csda/siieus,200
10.14473/csda/siieus/fitpqf,200
10.14473/csda/siieus/qku7et,200
10.14473/csda/siieus/rayjjp,200
10.14473/csda/siieus/u3kpmj,200
10.14473/csda/sjtvni,200
10.14473/csda/sjtvni/1ou4o7,200
10.14473/csda/sjtvni/4uxpga,200
10.14473/csda/sjtvni/7jdray,200
10.14473/csda/sjtvni/gmsoor,200
10.14473/csda/sjtvni/hx8pg2,200
10.14473/csda/sjtvni/jecqgb,200
10.14473/csda/sjtvni/luiud7,200
10.14473/csda/sjtvni/nlx8wm,200
10.14473/csda/sjtvni/stjctx,200
10.14473/csda/sjtvni/tykqqt,200
10.14473/csda/sjtvni/udd7hf,200
10.14473/csda/sjtvni/unvstp,200
10.14473/csda/sjtvni/vzmpc8,200
10.14473/csda/sjtvni/wigup3,200
10.14473/csda/sjtvni/x2cqan,200
10.14473/csda/sjtvni/yk2h38,200
10.14473/csda/sjtvni/yzo08y,200
10.14473/csda/sk6nkw,200
10.14473/csda/slq1vs,200
10.14473/csda/sqhtt5,200
10.14473/csda/sqhtt5/ablecc,200
10.14473/csda/sqhtt5/imibr3,200
10.14473/csda/sqhtt5/t98etb,200
10.14473/csda/sqhtt5/trmxuh,200
10.14473/csda/svu6qa,200
10.14473/csda/sxhh1p,200
10.14473/csda/tboh2g,200
10.14473/csda/tmbh3u,200
10.14473/csda/tmges0,200
10.14473/csda/tmges0/p9kee6,200
10.14473/csda/tmges0/pjggrh,200
10.14473/csda/tmges0/wln3co,200
10.14473/csda/tmsbyc,200
10.14473/csda/tpaenc,200
10.14473/csda/ttuoso,200
10.14473/csda/ttyh5s,200
10.14473/csda/ttyh5s/afosad,200
10.14473/csda/ttyh5s/p5ocdw,200
10.14473/csda/twsoey,200
10.14473/csda/txacpy,200
10.14473/csda/uaipfh,200
10.14473/csda/ufp7jn,200
10.14473/csda/uionmb,200
10.14473/csda/ujblul,200
10.14473/csda/uk0obk,200
10.14473/csda/umi6rd,200
10.14473/csda/umi6rd/0sardp,200
10.14473/csda/umi6rd/j3jpge,200
10.14473/csda/umi6rd/lopgpw,200
10.14473/csda/umodtv,200
10.14473/csda/urczdk,200
10.14473/csda/uw4jgl,200
10.14473/csda/v1pc04,200
10.14473/csda/vl3ol2,200
10.14473/csda/vroqoi,200
10.14473/csda/vszzui,200
10.14473/csda/vtt61j,200
10.14473/csda/vtt61j/xxs1zn,200
10.14473/csda/vwnyns,200
10.14473/csda/vxfl2f,200
10.14473/csda/vxfl2f/lc148q,200
10.14473/csda/vxfl2f/o3hzdt,200
10.14473/csda/vxfl2f/whwsup,200
10.14473/csda/vxfl2f/z7ccfk,200
10.14473/csda/vzgja6,200
10.14473/csda/vzgja6/f80c9f,200
10.14473/csda/vzgja6/gktv4s,200
10.14473/csda/vzgja6/tbnmqt,200
10.14473/csda/w3jgot,200
10.14473/csda/w6bmy3,200
10.14473/csda/w9tkec,200
10.14473/csda/wbhw1t,200
10.14473/csda/wbhw1t/0lpf0h,200
10.14473/csda/wbhw1t/ahxk0x,200
10.14473/csda/wbhw1t/yzz8jx,200
10.14473/csda/wbooe4,200
10.14473/csda/wbooe4/3ylzfp,200
10.14473/csda/wbooe4/olkzwn,200
10.14473/csda/wgcgsk,200
10.14473/csda/wllcmz,200
10.14473/csda/wnaudl,200
10.14473/csda/wnaudl/mwjgqz,200
10.14473/csda/wnaudl/ynazki,200
10.14473/csda/wqc00b,200
10.14473/csda/wrbvwf,200
10.14473/csda/wrbvwf/aftmi5,200
10.14473/csda/wrbvwf/hvqhqp,200
10.14473/csda/wrbvwf/kmxivj,200
10.14473/csda/wrbvwf/zgvhkd,200
10.14473/csda/wsaa5w,200
10.14473/csda/wsamhj,200
10.14473/csda/wsqcmh,200
10.14473/csda/wualtl,200
10.14473/csda/wwumy2,200
10.14473/csda/wwumy2/iwhg3b,200
10.14473/csda/xckfy2,200
10.14473/csda/xcx6ts,200
10.14473/csda/xesald,200
10.14473/csda/xeuqom,200
10.14473/csda/xfiqr7,200
10.14473/csda/xhn6kh,200
10.14473/csda/xhn6kh/yqa1yp,200
10.14473/csda/xhn6kh/zxwhzs,200
10.14473/csda/xk1v2c,200
10.14473/csda/xmveqg,200
10.14473/csda/xntil7,200
10.14473/csda/xqtfvc,200
10.14473/csda/xrwuve,200
10.14473/csda/xrwuve/3ca4sh,200
10.14473/csda/xrwuve/6csnhs,200
10.14473/csda/xrwuve/iv2oje,200
10.14473/csda/xrwuve/lkpvyq,200
10.14473/csda/xydnb6,200
10.14473/csda/xydnb6/m4n4kh,200
10.14473/csda/xydnb6/vdbxli,200
10.14473/csda/xzkhh0,200
10.14473/csda/xzkhh0/7ciby5,200
10.14473/csda/xzkhh0/o0zb49,200
10.14473/csda/y0kz0r,200
10.14473/csda/y9wohc,200
10.14473/csda/yinihh,200
10.14473/csda/ylvjc4/affukp,200
10.14473/csda/ylvjc4/le1eer,200
10.14473/csda/ymiqc1,200
10.14473/csda/ymiqc1/8ykzmg,200
10.14473/csda/ymiqc1/kywcli,200
10.14473/csda/ymiqc1/sf8ren,200
10.14473/csda/ympjwd,200
10.14473/csda/yos2kk,200
10.14473/csda/yuhqrj,200
10.14473/csda/z6v3a3,200
10.14473/csda/zbixk9,200
10.14473/csda/zbixk9/cdl8yb,200
10.14473/csda/zbixk9/flphce,200
10.14473/csda/zbixk9/zitgxd,200
10.14473/csda/zhbrpb,200
10.14473/csda/zikr37,200
10.14473/csda/zikr37/boryzj,200
10.14473/csda/zikr37/ndq0ja,200
10.14473/csda/zikr37/od65a1,200
10.14473/csda/zikr37/pqdhw0,200
10.14473/csda/zkwkvz/0zhnq0,200
10.14473/csda/zkwkvz/uvpmn2,200
10.14473/csda/zkwkvz/x8knur,200
10.14473/csda/zpkdqh,200
10.14473/csda/zqr5zn,200
10.14473/csda/zqr5zn/btdc5b,200
10.14473/csda/zqr5zn/djkl1l,200
10.14473/csda/zqr5zn/kdnv3f,200
10.14473/csda/zqr5zn/zr3yij,200
10.14473/csda/ztxe78,200
10.14473/csda/zxykhf,200
10.14473/csda/zzh599,200
10.14473/csda/zzoocb,200
10.14473/k0008,200
10.1515/iupac.54.0010,404
10.1515/iupac.54.0561,404
10.1515/iupac.61.0018,404
10.1515/iupac.62.0024,404
10.1515/iupac.74.0085,404
10.1515/iupac.74.0087,404
10.1515/iupac.74.0089,404
10.1515/iupac.74.0090,404
10.1515/iupac.74.0094,404
10.1515/iupac.76.0030,404
10.1515/iupac.76.0031,404
10.1515/iupac.76.0034,404
10.1515/iupac.76.0035,404
10.1515/iupac.76.0036,404
10.1515/iupac.76.0037,404
10.1515/iupac.76.0038,404
10.1515/iupac.76.0039,404
10.1515/iupac.76.0041,404
10.1515/iupac.76.0042,404
10.1515/iupac.76.0043,404
10.1515/iupac.76.0045,404
10.1515/iupac.76.0046,404
10.1515/iupac.76.0047,404
10.1515/iupac.76.0048,404
10.1515/iupac.76.0049,404
10.1515/iupac.76.0050,404
10.1515/iupac.76.0051,404
10.1515/iupac.76.0052,404
10.1515/iupac.76.0053,404
10.1515/iupac.76.0054,404
10.1515/iupac.76.0055,404
10.1515/iupac.76.0056,404
10.1515/iupac.76.0057,404
10.1515/iupac.76.0058,404
10.1515/iupac.76.0059,404
10.1515/iupac.76.0060,404
10.1515/iupac.76.0061,404
10.1515/iupac.76.0063,404
10.1515/iupac.76.0064,404
10.1515/iupac.76.0066,404
10.1515/iupac.76.0068,404
10.1515/iupac.76.0069,404
10.1515/iupac.76.0070,404
10.1515/iupac.76.0071,404
10.1515/iupac.76.0072,404
10.1515/iupac.76.0073,404
10.1515/iupac.76.0074,404
10.1515/iupac.76.0075,404
10.1515/iupac.76.0076,404
10.1515/iupac.76.0077,404
10.1515/iupac.76.0078,404
10.1515/iupac.76.0079,404
10.1515/iupac.76.0080,404
10.1515/iupac.76.0081,404
10.1515/iupac.76.0082,404
10.1515/iupac.76.0083,404
10.1515/iupac.76.0084,404
10.1515/iupac.76.0085,404
10.1515/iupac.76.0086,404
10.1515/iupac.76.0087,404
10.1515/iupac.76.0088,404
10.1515/iupac.76.0089,404
10.1515/iupac.76.0090,404
10.1515/iupac.76.0091,404
10.1515/iupac.76.0092,404
10.1515/iupac.76.0093,404
10.1515/iupac.76.0639,404
10.1515/iupac.76.0641,404
10.1515/iupac.76.0780,404
10.1515/iupac.77.0035,404
10.1515/iupac.78.0079,404
10.1515/iupac.78.0080,404
10.1515/iupac.78.0081,404
10.1515/iupac.78.0082,404
10.1515/iupac.78.0084,404
10.1515/iupac.78.0085,404
10.1515/iupac.78.0086,404
10.1515/iupac.78.0087,404
10.1515/iupac.78.0088,404
10.1515/iupac.78.0089,404
10.1515/iupac.78.0090,404
10.1515/iupac.78.0091,404
10.1515/iupac.78.0092,404
10.1515/iupac.78.0093,404
10.1515/iupac.78.0095,404
10.1515/iupac.78.0097,404
10.1515/iupac.78.0098,404
10.1515/iupac.78.0099,404
10.1515/iupac.78.0100,404
10.1515/iupac.78.0102,404
10.1515/iupac.78.0103,404
10.1515/iupac.78.0104,404
10.1515/iupac.79.2252,429
10.1515/iupac.79.2253,429
10.1515/iupac.79.2254,429
10.1515/iupac.79.2256,429
10.1515/iupac.79.2257,429
10.1515/iupac.79.2259,429
10.1515/iupac.79.2260,429
10.1515/iupac.79.2261,429
10.1515/iupac.79.2263,429
10.1515/iupac.79.2265,429
10.1515/iupac.79.2266,429
10.1515/iupac.79.2267,429
10.1515/iupac.79.2268,429
10.1515/iupac.79.2269,429
10.1515/iupac.79.2270,429
10.1515/iupac.79.2272,429
10.1515/iupac.79.2273,429
10.1515/iupac.79.2275,429
10.1515/iupac.79.2276,429
10.1515/iupac.79.2281,429
10.1515/iupac.79.2282,429
10.1515/iupac.79.2283,429
10.1515/iupac.79.2284,429
10.1515/iupac.79.2285,429
10.1515/iupac.79.2286,429
10.1515/iupac.79.2287,429
10.1515/iupac.79.2288,429
10.1515/iupac.79.2289,429
10.1515/iupac.79.2290,429
10.1515/iupac.79.2291,429
10.1515/iupac.79.2292,429
10.1515/iupac.79.2293,429
10.1515/iupac.79.2294,429
10.1515/iupac.79.2295,429
10.1515/iupac.79.2296,429
10.1515/iupac.79.2297,429
10.1515/iupac.79.2298,429
10.1515/iupac.79.2299,404
10.1515/iupac.79.2300,404
10.1515/iupac.79.2301,404
10.1515/iupac.79.2302,404
10.1515/iupac.79.2304,404
10.1515/iupac.79.2306,404
10.1515/iupac.79.2307,404
10.1515/iupac.79.2308,404
10.1515/iupac.79.2309,404
10.1515/iupac.79.2310,404
10.1515/iupac.79.2311,404
10.1515/iupac.79.2312,404
10.1515/iupac.79.2313,404
10.1515/iupac.79.2314,404
10.1515/iupac.79.2315,404
10.1515/iupac.79.2316,404
10.1515/iupac.79.2317,404
10.1515/iupac.79.2318,404
10.1515/iupac.79.2319,404
10.1515/iupac.79.2320,404
10.1515/iupac.79.2321,404
10.1515/iupac.79.2322,404
10.1515/iupac.79.2323,404
10.1515/iupac.79.2324,404
10.1515/iupac.79.2325,404
10.1515/iupac.79.2326,404
10.1515/iupac.79.2327,404
10.1515/iupac.79.2328,404
10.1515/iupac.79.2329,404
10.1515/iupac.79.2330,404
10.1515/iupac.79.2331,404
10.1515/iupac.79.2332,404
10.1515/iupac.79.2333,404
10.1515/iupac.79.2334,404
10.1515/iupac.79.2335,404
10.1515/iupac.79.2336,404
10.1515/iupac.79.2337,404
10.1515/iupac.79.2338,404
10.1515/iupac.79.2339,404
10.1515/iupac.79.2340,404
10.1515/iupac.79.2341,404
10.1515/iupac.79.2342,404
10.1515/iupac.79.2343,404
10.1515/iupac.79.2344,404
10.1515/iupac.79.2345,404
10.1515/iupac.79.2346,404
10.1515/iupac.79.2347,404
10.1515/iupac.79.2348,404
10.1515/iupac.79.2349,404
10.1515/iupac.79.2350,404
10.1515/iupac.79.2351,404
10.1515/iupac.79.2352,404
10.1515/iupac.79.2353,404
10.1515/iupac.79.2354,404
10.1515/iupac.79.2355,404
10.1515/iupac.79.2356,404
10.1515/iupac.79.2357,404
10.1515/iupac.79.2358,404
10.1515/iupac.79.2359,404
10.1515/iupac.79.2360,404
10.1515/iupac.79.2361,404
10.1515/iupac.79.2362,404
10.1515/iupac.79.2363,404
10.1515/iupac.79.2364,404
10.1515/iupac.79.2366,404
10.1515/iupac.79.2367,404
10.1515/iupac.79.2368,404
10.1515/iupac.79.2370,404
10.1515/iupac.79.2371,404
10.1515/iupac.79.2372,404
10.1515/iupac.79.2373,404
10.1515/iupac.79.2374,404
10.1515/iupac.79.2375,404
10.1515/iupac.79.2376,404
10.1515/iupac.79.2377,404
10.1515/iupac.79.2378,404
10.1515/iupac.79.2379,404
10.1515/iupac.79.2380,404
10.1515/iupac.79.2381,404
10.1515/iupac.79.2382,404
10.1515/iupac.79.2383,404
10.1515/iupac.79.2384,404
10.1515/iupac.79.2385,404
10.1515/iupac.79.2386,404
10.1515/iupac.79.2387,404
10.1515/iupac.79.2388,404
10.1515/iupac.79.2389,404
10.1515/iupac.79.2390,404
10.1515/iupac.79.2391,404
10.1515/iupac.79.2392,404
10.1515/iupac.79.2393,404
10.1515/iupac.79.2394,404
10.1515/iupac.79.2395,404
10.1515/iupac.79.2396,404
10.1515/iupac.79.2397,404
10.1515/iupac.79.2398,404
10.1515/iupac.79.2399,404
10.1515/iupac.79.2400,404
10.1515/iupac.79.2401,404
10.1515/iupac.79.2402,404
10.1515/iupac.79.2403,404
10.1515/iupac.79.2405,404
10.1515/iupac.79.2406,404
10.1515/iupac.79.2407,404
10.1515/iupac.79.2409,404
10.1515/iupac.79.2411,404
10.1515/iupac.79.2412,404
10.1515/iupac.79.2413,404
10.1515/iupac.79.2414,404
10.1515/iupac.79.2415,404
10.1515/iupac.81.1124,404
10.1515/iupac.81.1125,404
10.1515/iupac.81.1127,404
10.1515/iupac.81.1128,404
10.1515/iupac.81.1129,404
10.1515/iupac.81.1130,404
10.1515/iupac.81.1132,404
10.1515/iupac.81.1133,404
10.1515/iupac.81.1134,404
10.1515/iupac.81.1135,404
10.1515/iupac.81.1137,404
10.1515/iupac.81.1138,404
10.1515/iupac.81.1140,404
10.1515/iupac.81.1143,404
10.1515/iupac.81.1144,404
10.1515/iupac.81.1145,404
10.1515/iupac.81.1149,404
10.1515/iupac.81.1150,404
10.1515/iupac.81.1151,404
10.1515/iupac.81.1152,404
10.1515/iupac.81.1153,404
10.1515/iupac.81.1154,404
10.1515/iupac.81.1155,404
10.1515/iupac.81.1157,404
10.1515/iupac.81.1158,404
10.1515/iupac.81.1160,404
10.1515/iupac.81.1162,404
10.1515/iupac.81.1164,404
10.1515/iupac.81.1165,404
10.1515/iupac.81.1166,404
10.1515/iupac.81.1168,404
10.1515/iupac.81.1170,404
10.1515/iupac.81.1175,404
10.1515/iupac.81.1176,404
10.1515/iupac.81.1177,404
10.1515/iupac.81.1178,404
10.1515/iupac.81.1180,404
10.1515/iupac.81.1181,404
10.1515/iupac.81.1182,404
10.1515/iupac.81.1183,404
10.1515/iupac.81.1185,404
10.1515/iupac.81.1186,404
10.1515/iupac.81.1187,404
10.1515/iupac.81.1188,404
10.1515/iupac.81.1190,404
10.1515/iupac.81.1192,404
10.1515/iupac.81.1194,404
10.1515/iupac.81.1195,404
10.1515/iupac.81.1196,404
10.1515/iupac.81.1197,404
10.1515/iupac.81.1198,404
10.1515/iupac.81.1199,404
10.1515/iupac.81.1200,404
10.1515/iupac.81.1201,404
10.1515/iupac.81.1202,404
10.1515/iupac.81.1204,404
10.1515/iupac.81.1205,404
10.1515/iupac.81.1206,404
10.1515/iupac.81.1207,404
10.1515/iupac.81.1208,404
10.1515/iupac.81.1209,404
10.1515/iupac.81.1210,404
10.1515/iupac.81.1211,404
10.1515/iupac.81.1212,404
10.1515/iupac.81.1214,404
10.1515/iupac.81.1215,404
10.1515/iupac.81.1216,404
10.1515/iupac.81.1218,404
10.1515/iupac.81.1219,404
10.1515/iupac.81.1220,404
10.1515/iupac.81.1221,404
10.1515/iupac.81.1222,404
10.1515/iupac.81.1223,404
10.1515/iupac.81.1224,404
10.1515/iupac.81.1225,404
10.1515/iupac.81.1226,404
10.1515/iupac.81.1227,404
10.1515/iupac.81.1228,404
10.1515/iupac.81.1229,404
10.1515/iupac.81.1230,404
10.1515/iupac.81.1231,404
10.1515/iupac.81.1232,404
10.1515/iupac.81.1233,404
10.1515/iupac.81.1235,404
10.1515/iupac.83.0501,404
10.1515/iupac.83.0502,404
10.1515/iupac.83.0503,404
10.1515/iupac.83.0504,404
10.1515/iupac.83.0506,404
10.1515/iupac.83.0507,404
10.1515/iupac.83.0509,404
10.1515/iupac.83.0510,404
10.1515/iupac.83.0511,404
10.1515/iupac.83.0512,404
10.1515/iupac.83.0513,404
10.1515/iupac.83.0514,404
10.1515/iupac.84.1284,404
10.1515/iupac.84.1285,404
10.1515/iupac.84.1287,404
10.1515/iupac.84.1288,404
10.1515/iupac.84.1289,404
10.1515/iupac.84.1290,404
10.1515/iupac.84.1291,404
10.1515/iupac.84.1292,404
10.1515/iupac.84.1293,404
10.1515/iupac.84.1294,404
10.1515/iupac.84.1295,404
10.1515/iupac.84.1296,404
10.1515/iupac.84.1297,404
10.1515/iupac.84.1299,404
10.1515/iupac.84.1300,404
10.1515/iupac.84.1301,404
10.1515/iupac.84.1302,404
10.1515/iupac.84.1303,404
10.1515/iupac.84.1304,404
10.1515/iupac.84.1305,404
10.1515/iupac.84.1307,404
10.1515/iupac.84.1308,404
10.1515/iupac.84.1311,404
10.1515/iupac.84.1312,404
10.1515/iupac.84.1317,404
10.1515/iupac.84.1318,404
10.1515/iupac.84.1319,404
10.1515/iupac.84.1320,404
10.1515/iupac.84.1321,404
10.1515/iupac.85.0009,404
10.1515/iupac.85.0012,404
10.1515/iupac.85.0013,404
10.1515/iupac.85.0014,404
10.1515/iupac.85.0015,404
10.1515/iupac.85.0016,404
10.1515/iupac.85.0017,404
10.1515/iupac.85.0018,404
10.1515/iupac.85.0019,404
10.1515/iupac.85.0020,404
10.1515/iupac.85.0021,404
10.1515/iupac.85.0022,404
10.1515/iupac.85.0023,404
10.1515/iupac.85.0024,404
10.1515/iupac.85.0026,404
10.1515/iupac.85.0028,404
10.1515/iupac.85.0030,404
10.1515/iupac.85.0032,404
10.1515/iupac.85.0033,404
10.1515/iupac.85.0035,404
10.1515/iupac.85.0036,404
10.1515/iupac.85.0037,404
10.1515/iupac.85.0038,404
10.1515/iupac.85.0040,404
10.1515/iupac.85.0041,404
10.1515/iupac.85.0043,404
10.1515/iupac.85.0044,404
10.1515/iupac.85.0045,404
10.1515/iupac.85.0046,404
10.1515/iupac.85.0047,404
10.1515/iupac.85.0048,404
10.1515/iupac.85.0049,404
10.1515/iupac.85.0050,404
10.1515/iupac.85.0051,404
10.1515/iupac.85.0052,404
10.1515/iupac.85.0053,404
10.1515/iupac.85.0054,404
10.1515/iupac.85.0055,404
10.1515/iupac.85.0056,404
10.1515/iupac.85.0057,404
10.1515/iupac.85.0058,404
10.1515/iupac.85.0059,404
10.1515/iupac.85.0060,404
10.1515/iupac.85.0061,404
10.1515/iupac.85.0062,404
10.1515/iupac.85.0063,404
10.1515/iupac.85.0064,404
10.1515/iupac.85.0065,404
10.1515/iupac.85.0066,404
10.1515/iupac.85.0067,404
10.1515/iupac.85.0068,404
10.1515/iupac.85.0069,404
10.1515/iupac.85.0070,404
10.1515/iupac.85.0072,404
10.1515/iupac.85.0073,404
10.1515/iupac.85.0074,404
10.1515/iupac.85.0075,404
10.1515/iupac.85.0076,404
10.1515/iupac.85.0077,404
10.1515/iupac.85.0078,404
10.1515/iupac.85.0080,404
10.1515/iupac.85.0081,404
10.1515/iupac.85.0082,404
10.1515/iupac.85.0083,404
10.1515/iupac.85.0084,404
10.1515/iupac.85.0085,404
10.1515/iupac.85.0086,404
10.1515/iupac.85.0087,404
10.1515/iupac.85.0088,404
10.1515/iupac.85.0089,404
10.1515/iupac.85.0090,404
10.1515/iupac.85.0091,404
10.1515/iupac.85.0092,404
10.1515/iupac.85.0093,404
10.1515/iupac.85.0094,404
10.1515/iupac.85.0095,404
10.1515/iupac.85.0096,404
10.1515/iupac.85.0097,404
10.1515/iupac.85.0098,404
10.1515/iupac.85.0099,404
10.1515/iupac.85.0100,404
10.1515/iupac.85.0101,404
10.1515/iupac.85.0102,404
10.1515/iupac.85.0103,404
10.1515/iupac.85.0104,404
10.1515/iupac.85.0105,404
10.1515/iupac.85.0106,404
10.1515/iupac.85.0107,404
10.1515/iupac.85.0108,404
10.1515/iupac.85.0109,404
10.1515/iupac.85.0110,404
10.1515/iupac.85.0112,404
10.1515/iupac.85.0113,404
10.1515/iupac.85.0114,404
10.1515/iupac.85.0115,404
10.1515/iupac.85.0116,404
10.1515/iupac.85.0117,404
10.1515/iupac.85.0118,404
10.1515/iupac.85.0120,404
10.1515/iupac.85.0121,404
10.1515/iupac.85.0122,404
10.1515/iupac.85.0123,404
10.1515/iupac.85.0124,404
10.1515/iupac.85.0125,404
10.1515/iupac.85.0126,404
10.1515/iupac.85.0127,404
10.1515/iupac.85.0129,404
10.1515/iupac.85.0131,404
10.1515/iupac.85.0132,404
10.1515/iupac.85.0133,404
10.1515/iupac.85.0134,404
10.1515/iupac.85.0135,404
10.1515/iupac.85.0137,404
10.1515/iupac.85.0139,404
10.1515/iupac.85.0141,404
10.1515/iupac.85.0142,404
10.1515/iupac.85.0143,404
10.1515/iupac.85.0144,404
10.1515/iupac.85.0145,404
10.1515/iupac.85.0146,404
10.1515/iupac.85.0147,404
10.1515/iupac.85.0148,404
10.1515/iupac.85.0149,404
10.1515/iupac.85.0150,404
10.1515/iupac.85.0151,404
10.1515/iupac.85.0152,404
10.1515/iupac.85.0153,404
10.1515/iupac.85.0154,404
10.1515/iupac.85.0155,404
10.1515/iupac.85.0156,404
10.1515/iupac.85.0157,404
10.1515/iupac.85.0158,404
10.1515/iupac.85.0159,404
10.1515/iupac.85.0181,404
10.1515/iupac.85.0183,404
10.1515/iupac.85.0184,404
10.1515/iupac.85.0185,404
10.1515/iupac.85.0186,404
10.1515/iupac.85.0187,404
10.1515/iupac.85.0188,404
10.1515/iupac.85.0189,404
10.1515/iupac.85.0190,404
10.1515/iupac.85.0191,404
10.1515/iupac.85.0192,404
10.1515/iupac.85.0193,404
10.1515/iupac.85.0194,404
10.1515/iupac.85.0196,404
10.1515/iupac.85.0198,404
10.1515/iupac.85.0199,404
10.1515/iupac.85.0200,404
10.1515/iupac.85.0201,404
10.1515/iupac.85.0202,404
10.1515/iupac.85.0203,404
10.1515/iupac.85.0205,404
10.1515/iupac.85.0207,404
10.1515/iupac.85.0209,404
10.1515/iupac.85.0211,404
10.1515/iupac.85.0212,404
10.1515/iupac.85.0213,404
10.1515/iupac.85.0214,404
10.1515/iupac.85.0215,404
10.1515/iupac.85.0216,404
10.1515/iupac.85.0218,429
10.1515/iupac.85.0219,429
10.1515/iupac.85.0220,429
10.1515/iupac.85.0222,429
10.1515/iupac.85.0223,429
10.1515/iupac.85.0224,429
10.1515/iupac.85.0226,429
10.1515/iupac.85.0227,429
10.1515/iupac.85.0228,429
10.1515/iupac.85.0229,429
10.1515/iupac.85.0231,404
10.1515/iupac.85.0232,404
10.1515/iupac.85.0233,404
10.1515/iupac.85.0234,404
10.1515/iupac.85.0235,404
10.1515/iupac.85.0236,404
10.1515/iupac.85.0237,404
10.1515/iupac.85.0238,404
10.1515/iupac.85.0239,404
10.1515/iupac.85.0240,404
10.1515/iupac.85.0241,404
10.1515/iupac.85.0243,404
10.1515/iupac.85.0244,404
10.1515/iupac.85.0245,404
10.1515/iupac.85.0246,404
10.1515/iupac.85.0247,404
10.1515/iupac.85.0248,404
10.1515/iupac.85.0249,404
10.1515/iupac.85.0251,404
10.1515/iupac.85.0253,404
10.1515/iupac.85.0254,404
10.1515/iupac.85.0255,404
10.1515/iupac.85.0257,404
10.1515/iupac.85.0259,404
10.1515/iupac.85.0261,404
10.1515/iupac.85.0262,404
10.1515/iupac.85.0263,404
10.1515/iupac.85.0264,404
10.1515/iupac.85.0265,404
10.1515/iupac.85.0266,404
10.1515/iupac.85.0267,404
10.1515/iupac.85.0268,404
10.1515/iupac.85.0269,404
10.1515/iupac.85.0270,404
10.1515/iupac.85.0271,404
10.1515/iupac.85.0272,404
10.1515/iupac.85.0273,404
10.1515/iupac.85.0274,404
10.1515/iupac.85.0275,404
10.1515/iupac.85.0276,404
10.1515/iupac.85.0277,404
10.1515/iupac.85.0278,404
10.1515/iupac.85.0279,404
10.1515/iupac.85.0280,404
10.1515/iupac.85.0281,404
10.1515/iupac.85.0282,404
10.1515/iupac.85.0283,404
10.1515/iupac.85.0284,404
10.1515/iupac.85.0285,404
10.1515/iupac.85.0287,404
10.1515/iupac.85.0288,404
10.1515/iupac.85.0289,404
10.1515/iupac.85.0290,404
10.1515/iupac.85.0291,404
10.1515/iupac.85.0293,404
10.1515/iupac.85.0296,404
10.1515/iupac.85.0297,404
10.1515/iupac.86.0005,404
10.1515/iupac.87.0001,404
10.1515/iupac.87.0005,404
10.1515/iupac.88.1525,404
10.1515/iupac.88.1527,404
10.1515/iupac.88.1528,404
10.1515/iupac.88.1529,404
10.1515/iupac.88.1530,404
10.1515/iupac.88.1531,404
10.1515/iupac.88.1532,404
10.1515/iupac.88.1533,404
10.1515/iupac.88.1534,404
10.1515/iupac.88.1535,404
10.1515/iupac.88.1536,404
10.1515/iupac.88.1537,404
10.1515/iupac.88.1538,404
10.1515/iupac.88.1539,404
10.1515/iupac.88.1540,404
10.1515/iupac.88.1541,404
10.1515/iupac.88.1542,404
10.1515/iupac.88.1543,404
10.1515/iupac.88.1544,404
10.1515/iupac.88.1545,404
10.1515/iupac.88.1546,404
10.1515/iupac.88.1547,404
10.1515/iupac.88.1548,404
10.1515/iupac.88.1549,404
10.1515/iupac.88.1550,404
10.1515/iupac.88.1551,404
10.1515/iupac.88.1552,404
10.1515/iupac.88.1553,404
10.1515/iupac.88.1554,404
10.1515/iupac.88.1555,404
10.1515/iupac.88.1556,404
10.1515/iupac.88.1557,404
10.1515/iupac.88.1558,404
10.1515/iupac.88.1559,404
10.1515/iupac.88.1560,404
10.1515/iupac.88.1561,404
10.1515/iupac.88.1562,404
10.1515/iupac.90.0263,404
10.1515/iupac.90.0264,404
10.1515/iupac.90.0265,404
10.1515/iupac.90.0266,404
10.1515/iupac.90.0267,404
10.1515/iupac.90.0268,404
10.1515/iupac.90.0269,404
10.1515/iupac.90.0270,404
10.1515/iupac.90.0271,404
10.1515/iupac.90.0272,404
10.1515/iupac.90.0273,404
10.1515/iupac.90.0274,404
10.1515/iupac.90.0275,404
10.1515/iupac.90.0276,404
10.1515/iupac.90.0277,404
10.1515/iupac.90.0278,404
10.1515/iupac.90.0279,404
10.1515/iupac.90.0280,404
10.1515/iupac.90.0281,404
10.1515/iupac.90.0282,404
10.1515/iupac.90.0283,404
10.1515/iupac.90.0284,404
10.1515/iupac.90.0285,404
10.1515/iupac.90.0286,404
10.1515/iupac.90.0287,404
10.1515/iupac.90.0288,404
10.1515/iupac.90.0289,404
10.1515/iupac.90.0290,404
10.1515/iupac.90.0291,404
10.1515/iupac.90.0292,404
10.1515/iupac.90.0293,404
10.1515/iupac.90.0294,404
10.1515/iupac.90.0295,404
10.1515/iupac.90.0296,404
10.1515/iupac.90.0297,404
10.1515/iupac.90.0298,404
10.1515/iupac.90.0299,404
10.1515/iupac.90.0300,404
10.1515/iupac.90.0301,404
10.1515/iupac.90.0302,404
10.1515/iupac.90.0303,404
10.1515/iupac.90.0304,404
10.1515/iupac.90.0305,404
10.1515/iupac.90.0306,404
10.1515/iupac.90.0307,404
10.1515/iupac.90.0308,404
10.1515/iupac.90.0309,404
10.1515/iupac.90.0310,404
10.1515/iupac.90.0311,404
10.1515/iupac.90.0312,404
10.1515/iupac.90.0313,404
10.1515/iupac.90.0314,404
10.1515/iupac.90.0315,404
10.1515/iupac.90.0316,404
10.1515/iupac.90.0317,404
10.1515/iupac.90.0318,404
10.1515/iupac.90.0319,404
10.1515/iupac.90.0320,404
10.1515/iupac.90.0321,404
10.1515/iupac.90.0322,404
10.1515/iupac.90.0323,404
10.1515/iupac.90.0324,404
10.1515/iupac.90.0325,404
10.1515/iupac.90.0326,404
10.1515/iupac.90.0327,404
10.1515/iupac.90.0328,404
10.1515/iupac.90.0329,404
10.1515/iupac.90.0330,404
10.1515/iupac.90.0331,404
10.1515/iupac.90.0332,404
10.1515/iupac.90.0333,404
10.1515/iupac.90.0334,404
10.1515/iupac.90.0335,404
10.1515/iupac.90.0336,404
10.1515/iupac.90.0337,404
10.1515/iupac.90.0338,404
10.1515/iupac.90.0339,404
10.1515/iupac.90.0340,404
10.1515/iupac.90.0341,404
10.1515/iupac.90.0342,404
10.1515/iupac.90.0343,404
10.1515/iupac.90.0344,404
10.1515/iupac.90.0345,404
10.1515/iupac.90.0346,404
10.1515/iupac.90.0347,404
10.1515/iupac.90.0348,404
10.1515/iupac.90.0349,404
10.1515/iupac.90.0350,404
10.1515/iupac.90.0351,404
10.1515/iupac.90.0352,404
10.1515/iupac.90.0353,404
10.1515/iupac.90.0354,404
10.1515/iupac.90.0355,404
10.1515/iupac.90.0356,404
10.1515/iupac.90.0357,404
10.1515/iupac.90.0358,404
10.1515/iupac.90.0359,404
10.1515/iupac.90.0360,404
10.1515/iupac.90.0361,404
10.1515/iupac.90.0362,404
10.1515/iupac.90.0363,404
10.1515/iupac.90.0364,404
10.1515/iupac.90.0365,404
10.1515/iupac.90.0366,404
10.1515/iupac.90.0367,404
10.1515/iupac.90.0368,404
10.1515/iupac.90.0369,404
10.1515/iupac.90.0370,404
10.1515/iupac.90.0371,404
10.1515/iupac.90.0372,404
10.1515/iupac.90.0373,404
10.1515/iupac.90.0374,404
10.1515/iupac.90.0375,404
10.1515/iupac.90.0376,404
10.1515/iupac.90.0377,404
10.1515/iupac.90.0378,404
10.1515/iupac.90.0379,404
10.1515/iupac.90.0380,404
10.1515/iupac.90.0381,404
10.1515/iupac.90.0382,404
10.1515/iupac.90.0383,404
10.1515/iupac.90.0384,404
10.1515/iupac.90.0385,404
10.1515/iupac.90.0386,404
10.1515/iupac.90.0387,404
10.1515/iupac.90.0388,404
10.1515/iupac.90.0389,404
10.1515/iupac.90.0390,404
10.1515/iupac.90.0391,404
10.1515/iupac.90.0392,404
10.1515/iupac.90.0393,404
10.1515/iupac.90.0394,404
10.1515/iupac.90.0395,404
10.1515/iupac.90.0396,404
10.1515/iupac.90.0397,404
10.1515/iupac.90.0398,404
10.1515/iupac.90.0399,404
10.1515/iupac.90.0400,404
10.1515/iupac.90.0401,404
10.1515/iupac.90.0402,404
10.1515/iupac.90.0403,404
10.1515/iupac.90.0404,404
10.1515/iupac.90.0405,404
10.1515/iupac.90.0406,404
10.1515/iupac.90.0407,404
10.1515/iupac.90.0408,404
10.1515/iupac.90.0409,404
10.1515/iupac.90.0410,404
10.1515/iupac.90.0411,404
10.1515/iupac.90.0412,404
10.1515/iupac.90.0413,404
10.1515/iupac.90.0414,404
10.1515/iupac.90.0415,404
10.1515/iupac.90.0416,404
10.1515/iupac.90.0417,404
10.1515/iupac.90.0418,404
10.1515/iupac.90.0419,404
10.1515/iupac.90.0420,404
10.1515/iupac.90.0421,404
10.1515/iupac.90.0422,404
10.1515/iupac.90.0423,404
10.1515/iupac.90.0424,404
10.1515/iupac.90.0425,404
10.1515/iupac.90.0426,404
10.1515/iupac.90.0427,404
10.1515/iupac.90.0428,404
10.1515/iupac.90.0429,404
10.1515/iupac.90.0430,404
10.1515/iupac.90.0431,404
10.1515/iupac.90.0432,404
10.1515/iupac.90.0433,404
10.1515/iupac.90.0434,429
10.1515/iupac.90.0435,429
10.1515/iupac.90.0436,429
10.1515/iupac.90.0437,429
10.1515/iupac.90.0438,429
10.1515/iupac.90.0439,429
10.1515/iupac.90.0440,429
10.1515/iupac.90.0441,429
10.1515/iupac.90.0442,429
10.1515/iupac.90.0443,429
10.1515/iupac.90.0444,429
10.1515/iupac.90.0445,429
10.1515/iupac.90.0446,429
10.1515/iupac.90.0447,429
10.1515/iupac.90.0448,429
10.1515/iupac.90.0449,429
10.1515/iupac.90.0450,429
10.1515/iupac.90.0451,429
10.1515/iupac.90.0452,429
10.1515/iupac.90.0453,429
10.1515/iupac.90.0454,429
10.1515/iupac.90.0455,429
10.1515/iupac.90.0456,429
10.1515/iupac.90.0457,429
10.1515/iupac.90.0458,429
10.1515/iupac.90.0459,429
10.1515/iupac.90.0460,429
10.1515/iupac.90.0461,429
10.1515/iupac.90.0462,429
10.1515/iupac.90.0463,429
10.1515/iupac.90.0464,429
10.1515/iupac.90.0465,429
10.1515/iupac.90.0466,429
10.1515/iupac.90.0467,429
10.1515/iupac.90.0468,429
10.1515/iupac.90.0469,429
10.1515/iupac.90.0470,429
10.1515/iupac.90.0471,404
10.1515/iupac.90.0472,404
10.1515/iupac.90.0473,404
10.1515/iupac.90.0474,404
10.1515/iupac.90.0475,404
10.1515/iupac.90.0476,404
10.1515/iupac.90.0477,404
10.1515/iupac.90.0478,404
10.1515/iupac.90.0479,404
10.1515/iupac.90.0480,404
10.1515/iupac.90.0481,404
10.1515/iupac.90.0482,404
10.1515/iupac.90.0483,404
10.1515/iupac.90.0484,404
10.1515/iupac.90.0485,404
10.1515/iupac.90.0486,404
10.1515/iupac.90.0487,404
10.1515/iupac.90.0488,404
10.1515/iupac.90.0489,404
10.1515/iupac.90.0490,404
10.1515/iupac.90.0491,404
10.1515/iupac.90.0492,404
10.1515/iupac.90.0493,404
10.1515/iupac.90.0494,404
10.1515/iupac.90.0495,404
10.1515/iupac.90.0496,404
10.1515/iupac.90.0497,404
10.1515/iupac.90.0498,404
10.1515/iupac.90.0499,404
10.1515/iupac.90.0500,404
10.1515/iupac.90.0501,404
10.1515/iupac.90.0502,404
10.1515/iupac.90.0503,404
10.1515/iupac.90.0504,404
10.1515/iupac.90.0505,404
10.1515/iupac.90.0506,404
10.1515/iupac.90.0507,404
10.1515/iupac.90.0508,404
10.1515/iupac.90.0509,404
10.1515/iupac.90.0510,404
10.1515/iupac.90.0511,404
10.1515/iupac.90.0512,404
10.1515/iupac.90.0513,404
10.1515/iupac.90.0514,404
10.1515/iupac.90.0515,404
10.1515/iupac.90.0516,404
10.1515/iupac.90.0517,404
10.1515/iupac.90.0518,404
10.1515/iupac.90.0519,404
10.1515/iupac.90.0520,404
10.1515/iupac.90.0521,404
10.1515/iupac.90.0522,404
10.1515/iupac.90.0523,404
10.1515/iupac.90.0524,404
10.1515/iupac.90.0525,404
10.1515/iupac.90.0526,404
10.1515/iupac.90.0527,404
10.1515/iupac.90.0528,404
10.1515/iupac.90.0529,404
10.1515/iupac.90.0530,404
10.1515/iupac.90.0531,404
10.1515/iupac.90.0532,404
10.1515/iupac.90.0533,404
10.1515/iupac.90.0534,404
10.1515/iupac.90.0535,404
10.1515/iupac.90.0536,404
10.1515/iupac.90.0537,404
10.1515/iupac.90.0538,404
10.1515/iupac.90.0539,404
10.1515/iupac.90.0540,404
10.1515/iupac.90.0541,404
10.1515/iupac.90.0542,404
10.1515/iupac.90.0543,404
10.1515/iupac.90.0544,404
10.1515/iupac.90.0545,404
10.1515/iupac.90.0546,404
10.1515/iupac.90.0547,404
10.1515/iupac.90.0548,404
10.1515/iupac.90.0549,404
10.1515/iupac.90.0550,404
10.1515/iupac.90.0551,404
10.1515/iupac.90.0552,404
10.1515/iupac.90.0553,404
10.1515/iupac.90.0554,404
10.1515/iupac.90.0555,404
10.1515/iupac.90.0556,404
10.1515/iupac.90.0557,404
10.1515/iupac.90.0558,404
10.1515/iupac.90.0559,404
10.1515/iupac.90.0560,404
10.1515/iupac.90.0561,404
10.1515/iupac.90.0562,404
10.1515/iupac.90.0563,404
10.1515/iupac.90.0564,404
10.1515/iupac.90.0565,404
10.1515/iupac.90.0566,404
10.1515/iupac.90.0567,404
10.1515/iupac.90.0568,404
10.1515/iupac.90.0569,404
10.1515/iupac.90.0570,404
10.1515/iupac.90.0571,404
10.1515/iupac.90.0572,404
10.1515/iupac.90.0573,404
10.1515/iupac.90.0574,404
10.1515/iupac.90.0575,404
10.1515/iupac.90.0576,404
10.1515/iupac.90.0577,404
10.1515/iupac.90.0578,404
10.1515/iupac.90.0579,404
10.1515/iupac.90.0580,404
10.1515/iupac.90.0581,404
10.1515/iupac.90.0582,404
10.1515/iupac.90.0583,404
10.1515/iupac.90.0584,404
10.1515/iupac.90.0585,404
10.1515/iupac.90.0586,404
10.1515/iupac.90.0587,404
10.1515/iupac.90.0588,404
10.1515/iupac.90.0589,404
10.1515/iupac.90.0590,404
10.1515/iupac.90.0591,404
10.1515/iupac.90.0592,404
10.1515/iupac.90.0593,404
10.1515/iupac.90.0594,404
10.1515/iupac.90.0595,404
10.1515/iupac.90.0596,404
10.1515/iupac.90.0597,404
10.1515/iupac.90.0598,404
10.1515/iupac.90.0599,404
10.1515/iupac.90.0600,404
10.1515/iupac.90.0602,404
10.1515/iupac.90.0603,404
10.1515/iupac.90.0604,404
10.1515/iupac.90.0605,404
10.1515/iupac.90.0606,404
10.1515/iupac.90.0607,404
10.1515/iupac.90.0608,404
10.1515/iupac.90.0609,404
10.1515/iupac.90.0611,404
10.1515/iupac.90.0613,404
10.1515/iupac.90.0614,404
10.1515/iupac.90.0615,404
10.1515/iupac.90.0617,404
10.1515/iupac.90.0618,404
10.1515/iupac.90.0620,404
10.1515/iupac.90.0621,404
10.1515/iupac.90.0622,404
10.1515/iupac.90.0623,404
10.1515/iupac.90.0624,404
10.1515/iupac.90.0627,404
10.1515/iupac.90.0628,404
10.1515/iupac.90.0629,404
10.1515/iupac.90.0630,404
10.1515/iupac.90.0631,404
10.1515/iupac.90.0632,404
10.1515/iupac.90.0633,404
10.1515/iupac.90.0634,404
10.1515/iupac.90.0635,404
10.1515/iupac.90.0636,404
10.1515/iupac.91.0002,404
10.1515/iupac.91.0003,404
10.1515/iupac.91.0004,404
10.1515/iupac.91.0005,404
10.1515/iupac.91.0006,404
10.1515/iupac.91.0007,404
10.1515/iupac.91.0008,404
10.1515/iupac.91.0009,404
10.1515/iupac.91.0010,404
10.1515/iupac.91.0011,404
10.1515/iupac.91.0012,404
10.1515/iupac.91.0013,404
10.1515/iupac.91.0014,404
10.1515/iupac.91.0015,404
10.1515/iupac.91.0016,404
10.1515/iupac.91.0017,404
10.1515/iupac.91.0018,404
10.1515/iupac.91.0019,404
10.1515/iupac.91.0020,404
10.1515/iupac.91.0021,404
10.1515/iupac.91.0022,404
10.1515/iupac.91.0023,404
10.1515/iupac.91.0024,404
10.1515/iupac.91.0025,404
10.1515/iupac.91.0026,404
10.1515/iupac.91.0027,404
10.1515/iupac.91.0028,404
10.1515/iupac.91.0029,404
10.1515/iupac.91.0030,404
10.1515/iupac.91.0031,404
10.1515/iupac.91.0032,404
10.1515/iupac.91.0033,404
10.1515/iupac.91.0034,404
10.1515/iupac.91.0035,404
10.1515/iupac.91.0036,404
10.1515/iupac.91.0037,404
10.1515/iupac.91.0038,404
10.1515/iupac.91.0039,404
10.1515/iupac.91.0040,404
10.1515/iupac.91.0041,404
10.1515/iupac.91.0042,404
10.1515/iupac.91.0043,404
10.1515/iupac.91.0044,404
10.1515/iupac.91.0045,404
10.1515/iupac.91.0046,404
10.1515/iupac.92.0001,404
10.1515/iupac.92.0002,404
10.1515/iupac.92.0003,404
10.1515/iupac.92.0004,404
10.1515/iupac.92.0005,404
10.1515/iupac.92.0006,404
10.1515/iupac.92.0007,404
10.1515/iupac.92.0008,404
10.1515/iupac.92.0009,404
10.1515/iupac.92.0010,404
10.1515/iupac.92.0011,404
10.1515/iupac.92.0012,404
10.1515/iupac.92.0013,404
10.1515/iupac.92.0014,404
10.1515/iupac.92.0015,404
10.1515/iupac.92.0016,404
10.1515/iupac.92.0017,404
10.1515/iupac.92.0018,404
10.1515/iupac.92.0019,404
10.1515/iupac.92.0020,404
10.1515/iupac.92.0021,404
10.1515/iupac.92.0022,404
10.1515/iupac.92.0023,404
10.1515/iupac.92.0024,404
10.1515/iupac.92.0025,404
10.1515/iupac.92.0026,404
10.1515/iupac.92.0028,404
10.1515/iupac.92.0029,404
10.1515/iupac.92.0030,404
10.1515/iupac.92.0031,404
10.1515/iupac.92.0032,404
10.1515/iupac.92.0033,404
10.1515/iupac.92.0034,404
10.1515/iupac.92.0035,404
10.1515/iupac.92.0036,404
10.1515/iupac.92.0037,404
10.1515/iupac.92.0038,404
10.1515/iupac.92.0039,404
10.1515/iupac.92.0040,404
10.1515/iupac.92.0041,404
10.1515/iupac.92.0042,404
10.1515/iupac.92.0043,404
10.1515/iupac.92.0044,404
10.1515/iupac.92.0045,404
10.1515/iupac.92.0046,404
10.1515/iupac.92.0047,404
10.1515/iupac.92.0048,404
10.1515/iupac.92.0049,404
10.1515/iupac.92.0050,404
10.1515/iupac.92.0051,404
10.1515/iupac.92.0052,404
10.1515/iupac.92.0053,404
10.1515/iupac.92.0054,404
10.1515/iupac.92.0055,404
10.1515/iupac.92.0056,404
10.1515/iupac.92.0057,404
10.1515/iupac.92.0058,404
10.1515/iupac.92.0059,404
10.1515/iupac.92.0060,404
10.1515/iupac.92.0061,404
10.1515/iupac.92.0062,404
10.1515/iupac.92.0063,404
10.1515/iupac.92.0064,404
10.1515/iupac.92.0065,404
10.1515/iupac.92.0066,404
10.1515/iupac.92.0067,404
10.1515/iupac.92.0068,404
10.1515/iupac.92.0069,404
10.1515/iupac.92.0070,404
10.1515/iupac.92.0071,404
10.1515/iupac.92.0072,404
10.1515/iupac.92.0073,404
10.1515/iupac.92.0074,404
10.1515/iupac.92.0075,404
10.1515/iupac.92.0076,404
10.1515/iupac.92.0077,404
10.1515/iupac.92.0078,404
10.1515/iupac.92.0079,404
10.1515/iupac.92.0080,404
10.1515/iupac.92.0081,404
10.1515/iupac.92.0082,404
10.1515/iupac.92.0084,404
10.1515/iupac.92.0085,404
10.1515/iupac.92.0086,404
10.1515/iupac.92.0087,404
10.1515/iupac.93.0002,404
10.1515/iupac.93.0258,404
10.1515/iupac.94.0001,404
10.1515/iupac.94.0002,404
10.1515/iupac.94.0003,404
10.1515/iupac.94.0004,404
10.1515/iupac.94.0005,404
10.1515/iupac.94.0006,404
10.1515/iupac.94.0008,404
10.1515/iupac.94.0009,404
10.1515/iupac.94.0010,404
10.1515/iupac.94.0011,404
10.1515/iupac.94.0012,404
10.1515/iupac.94.0013,404
10.1515/iupac.94.0014,404
10.1515/iupac.94.0015,404
10.1515/iupac.94.0016,404
10.1515/iupac.94.0017,404
10.1515/iupac.94.0018,404
10.1515/iupac.94.0019,404
10.1515/iupac.94.0020,404
10.1515/iupac.94.0021,404
10.1515/iupac.94.0022,404
10.1515/iupac.94.0023,404
10.1515/iupac.94.0024,404
10.1515/iupac.94.0025,404
10.1515/iupac.94.0026,404
10.1515/iupac.94.0027,404
10.1515/iupac.94.0028,404
10.1515/iupac.94.0029,404
10.1515/iupac.94.0030,404
10.1515/iupac.94.0031,404
10.1515/iupac.94.0032,404
10.1515/iupac.94.0033,404
10.1515/iupac.94.0034,404
10.1515/iupac.94.0035,404
10.1515/iupac.94.0036,404
10.1515/iupac.94.0037,404
10.1515/iupac.94.0038,404
10.1515/iupac.94.0039,404
10.1515/iupac.94.0040,404
10.1515/iupac.94.0041,404
10.1515/iupac.94.0042,404
10.1515/iupac.94.0043,404
10.1515/iupac.94.0044,404
10.1515/iupac.94.0045,404
10.1515/iupac.94.0046,404
10.1515/iupac.94.0047,404
10.1515/iupac.94.0048,404
10.1515/iupac.94.0049,404
10.1515/iupac.94.0050,404
10.1515/iupac.94.0051,404
10.1515/iupac.94.0052,404
10.1515/iupac.94.0053,404
10.1515/iupac.94.0054,404
10.1515/iupac.94.0055,404
10.1515/iupac.94.0056,404
10.1515/iupac.94.0057,404
10.1515/iupac.94.0058,404
10.1515/iupac.94.0059,404
10.1515/iupac.94.0060,404
10.1515/iupac.94.0061,404
10.1515/iupac.94.0062,404
10.1515/iupac.94.0063,404
10.1515/iupac.94.0064,404
10.1515/iupac.94.0065,404
10.1515/iupac.94.0066,404
10.1515/iupac.94.0067,404
10.1515/iupac.94.0068,404
10.1515/iupac.94.0069,404
10.1515/iupac.94.0070,404
10.1515/iupac.94.0071,404
10.1515/iupac.94.0072,404
10.1515/iupac.94.0073,404
10.1515/iupac.94.0074,404
10.1515/iupac.94.0075,404
10.1515/iupac.94.0076,404
10.1515/iupac.94.0077,404
10.1515/iupac.94.0078,404
10.1515/iupac.94.0079,404
10.1515/iupac.94.0080,404
10.1515/iupac.94.0081,404
10.1515/iupac.94.0082,404
10.1515/iupac.94.0083,404
10.1515/iupac.94.0084,404
10.1515/iupac.94.0085,404
10.1515/iupac.94.0086,404
10.1515/iupac.94.0087,404
10.1515/iupac.94.0088,404
10.1515/iupac.94.0089,404
10.1515/iupac.94.0090,404
10.1515/iupac.94.0091,404
10.1515/iupac.94.0092,404
10.1515/iupac.94.0093,404
10.1515/iupac.94.0094,404
10.1515/iupac.94.0095,404
10.1515/iupac.94.0096,404
10.1515/iupac.94.0097,404
10.1515/iupac.94.0098,404
10.1515/iupac.94.0099,404
10.1515/iupac.94.0100,404
10.1515/iupac.94.0101,404
10.1515/iupac.94.0102,404
10.1515/iupac.94.0103,404
10.1515/iupac.94.0104,404
10.1515/iupac.94.0105,404
10.1515/iupac.94.0106,404
10.1515/iupac.94.0107,404
10.1515/iupac.94.0108,429
10.1515/iupac.94.0109,429
10.1515/iupac.94.0110,429
10.1515/iupac.94.0111,429
10.1515/iupac.94.0112,429
10.1515/iupac.94.0113,429
10.1515/iupac.94.0114,429
10.1515/iupac.94.0115,404
10.1515/iupac.94.0116,404
10.1515/iupac.94.0117,404
10.1515/iupac.94.0118,404
10.1515/iupac.94.0119,404
10.1515/iupac.94.0120,404
10.1515/iupac.94.0121,404
10.1515/iupac.94.0122,404
10.1515/iupac.94.0123,404
10.1515/iupac.94.0124,404
10.1515/iupac.94.0125,404
10.1515/iupac.94.0126,404
10.1515/iupac.94.0127,404
10.1515/iupac.94.0128,404
10.1515/iupac.94.0129,404
10.1515/iupac.94.0130,404
10.1515/iupac.94.0131,404
10.1515/iupac.94.0132,404
10.1515/iupac.94.0133,404
10.1515/iupac.94.0134,404
10.1515/iupac.94.0135,404
10.1515/iupac.94.0136,404
10.1515/iupac.94.0137,404
10.1515/iupac.94.0138,404
10.1515/iupac.94.0139,404
10.1515/iupac.94.0140,404
10.1515/iupac.94.0141,404
10.1515/iupac.94.0142,404
10.1515/iupac.94.0143,404
10.1515/iupac.94.0144,404
10.1515/iupac.94.0145,404
10.1515/iupac.94.0146,404
10.1515/iupac.94.0147,404
10.1515/iupac.94.0148,404
10.1515/iupac.94.0149,404
10.1515/iupac.94.0150,404
10.1515/iupac.94.0151,404
10.1515/iupac.94.0152,404
10.1515/iupac.94.0153,404
10.1515/iupac.94.0154,404
10.1515/iupac.94.0155,404
10.1515/iupac.94.0156,404
10.1515/iupac.94.0157,404
10.1515/iupac.94.0158,404
10.1515/iupac.94.0159,404
10.1515/iupac.94.0160,404
10.1515/iupac.94.0161,404
10.1515/iupac.94.0162,404
10.1515/iupac.94.0163,404
10.1515/iupac.94.0164,404
10.1515/iupac.94.0165,404
10.1515/iupac.94.0166,404
10.1515/iupac.94.0167,404
10.1515/iupac.94.0168,404
10.1515/iupac.94.0169,404
10.1515/iupac.94.0170,404
10.1515/iupac.94.0171,404
10.1515/iupac.94.0172,404
10.1515/iupac.94.0173,404
10.1515/iupac.94.0174,404
10.1515/iupac.94.0175,404
10.1515/iupac.94.0176,404
10.1515/iupac.94.0177,404
10.1515/iupac.94.0178,404
10.1515/iupac.94.0179,404
10.1515/iupac.94.0180,404
10.1515/iupac.94.0181,404
10.1515/iupac.94.0182,404
10.1515/iupac.94.0183,404
10.1515/iupac.94.0184,404
10.1515/iupac.94.0185,404
10.1515/iupac.94.0186,404
10.1515/iupac.94.0187,404
10.1515/iupac.94.0188,404
10.1515/iupac.94.0189,404
10.1515/iupac.94.0190,404
10.1515/iupac.94.0191,404
10.1515/iupac.94.0192,404
10.1515/iupac.94.0193,404
10.1515/iupac.94.0194,404
10.1515/iupac.94.0195,404
10.1515/iupac.94.0196,404
10.1515/iupac.94.0197,404
10.1515/iupac.94.0198,404
10.1515/iupac.94.0199,404
10.1515/iupac.94.0200,404
10.1515/iupac.94.0201,404
10.1515/iupac.94.0202,404
10.1515/iupac.94.0203,404
10.1515/iupac.94.0204,404
10.1515/iupac.94.0205,404
10.1515/iupac.94.0206,404
10.1515/iupac.94.0207,404
10.1515/iupac.94.0208,404
10.1515/iupac.94.0209,404
10.1515/iupac.94.0210,404
10.1515/iupac.94.0211,404
10.1515/iupac.94.0212,404
10.1515/iupac.94.0926,404
10.1515/iupac.94.0928,404
10.1515/iupac.95.0003,404
10.1515/iupac.95.0005,404
10.1515/iupac.95.0006,404
10.1515/nano.bjneah.6.188,404
10.15151/esrf-es-1830138633,200
10.15151/esrf-es-1830158808,200
10.15151/esrf-es-1875532660,200
10.15151/esrf-es-1920808885,200
10.15151/esrf-es-2001352564,200
10.15151/esrf-es-2008423265,200
10.15151/esrf-es-2051964949,200
10.15151/esrf-es-2064081197,200
10.15151/esrf-es-2067244214,200
10.15151/esrf-es-2087422125,200
10.15151/esrf-es-2097540181,200
10.15151/esrf-es-2099419816,200
10.15151/esrf-es-2100585289,200
10.15151/esrf-es-2101890417,200
10.15151/esrf-es-2107740985,200
10.15151/esrf-es-2108936811,200
10.15151/esrf-es-2110354872,200
10.15151/esrf-es-2116848448,200
10.15151/esrf-es-2116854147,200
10.15151/esrf-es-2120100197,200
10.15151/esrf-es-2126422181,200
10.15151/esrf-es-2136302494,200
10.15151/esrf-es-2149427290,200
10.15151/esrf-es-2159196415,200
10.15151/esrf-es-2166882398,200
10.15151/esrf-es-2170240044,200
10.15151/esrf-es-2170613271,200
10.15156/bio/786356,200
10.15454/8uia76,200
10.15454/8uia76/fxm5yu,200
10.15454/knecms,200
10.15454/knecms/w6jdni,200
10.15454/tkoukh,200
10.15454/tkoukh/0k1qzh,200
10.15454/tkoukh/yjmwov,200
10.15454/v4fgjv,200
10.15468/2f8pt6,200
10.15468/2ypyta,200
10.15468/34dna2,200
10.15468/3wnwej,200
10.15468/49xfns,200
10.15468/4a46zr,200
10.15468/759dz2,200
10.15468/7e96ht,200
10.15468/7g9d74,200
10.15468/7j1dof,200
10.15468/8r6dbk,200
10.15468/9bjab9,200
10.15468/dbd6j8,200
10.15468/eluu6p,200
10.15468/f6256w,200
10.15468/g59evz,200
10.15468/hv3p8a,200
10.15468/jgcch4,200
10.15468/m97sd2,200
10.15468/meu2wn,200
10.15468/p9a4pg,200
10.15468/pnycbd,200
10.15468/q34ewz,200
10.15468/q9c3hg,200
10.15468/qen9u7,200
10.15468/qnrsen,200
10.15468/qrp852,200
10.15468/rmzdzk,200
10.15468/rw4lcz,200
10.15468/t53vdw,200
10.15468/ufuak3,200
10.15468/uhcixl,200
10.15468/vcxvf4,200
10.15468/vymt96,200
10.15468/ybwd3x,200
10.15468/zg423d,200
10.15468/zt8g2r,200
10.15785/sbgrid/713,200
10.15785/sbgrid/715,200
10.15785/sbgrid/717,200
10.15785/sbgrid/718,200
10.15785/sbgrid/720,200
10.15785/sbgrid/724,200
10.15785/sbgrid/725,200
10.15785/sbgrid/726,200
10.15785/sbgrid/727,200
10.15785/sbgrid/728,200
10.15785/sbgrid/729,200
10.15785/sbgrid/730,200
10.15785/sbgrid/746,200
10.15785/sbgrid/753,200
10.15785/sbgrid/776,200
10.15785/sbgrid/777,200
10.15785/sbgrid/779,200
10.15785/sbgrid/780,200
10.15785/sbgrid/796,200
10.15785/sbgrid/804,200
10.15785/sbgrid/805,200
10.15785/sbgrid/806,200
10.15785/sbgrid/807,200
10.15785/sbgrid/808,200
10.15785/sbgrid/809,200
10.15785/sbgrid/810,200
10.15785/sbgrid/824,200
10.15785/sbgrid/855,200
10.15785/sbgrid/884,200
10.15785/sbgrid/885,200
10.15785/sbgrid/956,200
10.1594/pangaea.872397,200
10.1594/pangaea.979678,200
10.1594/pangaea.979679,200
10.1594/pangaea.979680,200
10.17026/dans-243-tm62,200
10.17026/dans-xd6-w7pc,200
10.17026/dans-xs5-kpe4,200
10.17026/dans-zen-caw7,200
10.17026/dans-zj7-ejmr,200
10.17026/dans-zss-naep,200
10.17026/dans-zuq-ncbt,200
10.17026/dans-zwa-zdr4,200
10.17026/dans-zyd-8yb7,200
10.17592/001.2020103001,200
10.17592/001.2020120901,200
10.17630/026e2f5a-0c28-4423-9661-d0f954a58f98,429
10.17630/31529c8b-f197-484c-929b-ef993a5bea68,429
10.17630/47861a6e-f7c4-466e-9108-d4adb104f74d,429
10.17630/54e6d2ea-33bc-49c2-83c1-b3345e849a12,429
10.17630/54fd540e-dad6-450d-80a2-f436af2cc631,429
10.17630/6c2e36ec-193c-4588-91dc-620500b56d80,429
10.17630/73e556f7-0fc3-4814-b25c-fa747ceb72a2,429
10.17630/895dc4bf-819a-48d5-b422-b7e63674033a,429
10.17630/91fe66c8-7754-4a92-9af1-ab0f5dab8e22,429
10.17630/9691c5a8-b456-4c1a-98a1-af66791311d5,429
10.17632/3wv3szky46.4,429
10.17632/4wrk4fr69w.2,429
10.17632/52t9mcj3n4,429
10.17632/52t9mcj3n4.1,429
10.17632/5tcy26f8xv.1,429
10.17632/5y32w5mmhm.2,429
10.17632/5z4bb9c42z.1,429
10.17632/7gbbtcbfmb.1,429
10.17632/7jvnfjg6y7.1,429
10.17632/828jfh2fr7.1,429
10.17632/87pj9rksr7.2,429
10.17632/8r5ww3w7mn.2,429
10.17632/9c3dth6cwp,429
10.17632/9kgrdn2yhx.2,429
10.17632/bxj8ph8fcb.1,429
10.17632/c66jczxfjc,429
10.17632/cc6ftgctbd.1,429
10.17632/d6pf59f4ys.1,429
10.17632/d73jhrxdx3.2,429
10.17632/d8wfm4dkc9.2,429
10.17632/dfbssz47mp.1,429
10.17632/f372yngp9f.1,429
10.17632/f828gc3nyv.2,429
10.17632/fcnp6vn9rg.1,429
10.17632/fy6hxrgw9t,429
10.17632/hdbbjbwxwy,429
10.17632/hsvv87ccj6,429
10.17632/kyck99yk7x.2,200
10.17632/n2843gyxw4.1,200
10.17632/p77jf84r8m.1,200
10.17632/pbm89t98xg,200
10.17632/pngtj6ymnp,200
10.17632/pvtwhy3fz5,200
10.17632/pvtwhy3fz5.2,200
10.17632/rmdxf6g7pg.1,404
10.17632/rmdxf6g7pg.2,200
10.17632/scxbt4nbtx.1,200
10.17632/tstnn6m75z.2,200
10.17632/v5d46ns8hj.1,200
10.17632/vr37vj22s5,200
10.17632/x2cz59gn58,200
10.17632/x43d7tcwck.1,200
10.17632/xgz656n9dx.1,200
10.17632/xs364mt7wj,200
10.17632/y6f9ykp4dt,200
10.17632/y7k9yw5txw.1,200
10.17632/z8t423rwwd.4,200
10.17882/106967,200
10.17882/62596,200
10.17882/62649,200
10.17882/71723,200
10.18140/flx/1440143,200
10.18140/flx/1440144,200
10.18140/flx/1440145,200
10.18150/csoqkx,200
10.18150/d139om,200
10.18150/lrfy1l,200
10.18150/pq3qgg,200
10.18150/repod.0005795,200
10.18150/repod.2906388,200
10.18150/repod.3652156,200
10.18150/repod.6499856,200
10.18150/repod.7575322,200
10.18160/7qxr-ayee,200
10.18160/84sn-ybsd,200
10.18160/hfs9-jbtg,200
10.18160/rhkc-vp22,200
10.18160/trpz-53zf,200
10.18160/v2jn-dqpj,200
10.18160/w4ys-463w,200
10.18170/dvn/9njdwe,200
10.18170/dvn/ocw4vz,200
10.18170/dvn/wrf6df,200
10.18419/darus-2237,200
10.18419/darus-2237/1,200
10.18419/darus-2237/11,200
10.18419/darus-2237/12,200
10.18419/darus-2237/13,200
10.18419/darus-2237/14,200
10.18419/darus-2237/15,200
10.18419/darus-2237/16,200
10.18419/darus-2237/17,200
10.18419/darus-2237/18,200
10.18419/darus-2237/19,200
10.18419/darus-2237/2,200
10.18419/darus-2237/20,200
10.18419/darus-2237/21,200
10.18419/darus-2237/22,200
10.18419/darus-2237/23,200
10.18419/darus-2237/24,200
10.18419/darus-2237/25,200
10.18419/darus-2237/26,200
10.18419/darus-2237/27,200
10.18419/darus-2237/28,200
10.18419/darus-2237/29,200
10.18419/darus-2237/3,200
10.18419/darus-2237/30,200
10.18419/darus-2237/31,200
10.18419/darus-2237/32,200
10.18419/darus-2237/33,200
10.18419/darus-2237/34,200
10.18419/darus-2237/35,200
10.18419/darus-2237/36,200
10.18419/darus-2237/37,200
10.18419/darus-2237/38,200
10.18419/darus-2237/39,200
10.18419/darus-2237/4,200
10.18419/darus-2237/40,200
10.18419/darus-2237/41,200
10.18419/darus-2237/42,200
10.18419/darus-2237/43,200
10.18419/darus-2237/44,200
10.18419/darus-2237/45,200
10.18419/darus-2237/46,200
10.18419/darus-2237/47,200
10.18419/darus-2237/48,200
10.18419/darus-2237/49,200
10.18419/darus-2237/5,200
10.18419/darus-2237/50,200
10.18419/darus-2237/51,200
10.18419/darus-2237/52,200
10.18419/darus-2237/53,200
10.18419/darus-2237/54,200
10.18419/darus-2237/55,200
10.18419/darus-2237/56,200
10.18419/darus-2237/57,200
10.18419/darus-2237/58,200
10.18419/darus-2237/6,200
10.18419/darus-2237/7,200
10.18419/darus-2237/8,200
10.18419/darus-2237/9,200
10.18419/darus-2277,200
10.18419/darus-2277/14,200
10.18419/darus-2277/18,200
10.18419/darus-2277/23,200
10.18419/darus-2277/24,200
10.18419/darus-2277/25,200
10.18419/darus-2277/27,200
10.18419/darus-2277/3,200
10.18419/darus-2277/30,200
10.18419/darus-2277/31,200
10.18419/darus-2277/34,200
10.18419/darus-2277/35,200
10.18419/darus-2277/38,200
10.18419/darus-2277/4,200
10.18419/darus-2277/40,200
10.18419/darus-2277/42,200
10.18419/darus-2277/5,200
10.18419/darus-2277/6,200
10.18419/darus-2277/7,200
10.18419/darus-2277/8,200
10.18419/darus-2277/9,200
10.18419/darus-4117,200
10.18419/darus-4117/1,200
10.18419/darus-4117/10,200
10.18419/darus-4117/11,200
10.18419/darus-4117/12,200
10.18419/darus-4117/13,200
10.18419/darus-4117/14,200
10.18419/darus-4117/15,200
10.18419/darus-4117/16,200
10.18419/darus-4117/2,200
10.18419/darus-4117/3,200
10.18419/darus-4117/4,200
10.18419/darus-4117/5,200
10.18419/darus-4117/6,200
10.18419/darus-4117/7,200
10.18419/darus-4117/8,200
10.18419/darus-4117/9,200
10.18434/m3v01r,200
10.18434/m3zp4q,200
10.18434/mds2-2602,200
10.18434/mds2-3727,200
10.18434/mds2-3837,200
10.18434/t4/1503229,200
10.18710/agl9fd,200
10.18710/luri1r,200
10.18710/luri1r/3stkba,200
10.18710/luri1r/7argss,200
10.18710/luri1r/aldudz,200
10.18710/luri1r/awl6zy,200
10.18710/luri1r/dmj01r,200
10.18710/luri1r/ejqocw,200
10.18710/luri1r/g46ggp,200
10.18710/luri1r/gou9qk,200
10.18710/luri1r/jvodk5,200
10.18710/luri1r/mj4qp2,200
10.18710/luri1r/npqq1s,200
10.18710/luri1r/s7o1tb,200
10.18710/luri1r/sobucu,200
10.18710/luri1r/v6rllz,200
10.18710/luri1r/xbqoko,200
10.18710/mmgufj,200
10.18710/mmgufj/fynweo,200
10.18710/mmgufj/gib0vp,200
10.18710/mmgufj/tfnyww,200
10.18710/mmgufj/xk9s0d,200
10.18710/mtpr9e,200
10.18710/mtpr9e/4yhnpt,200
10.18710/mtpr9e/5ncgvy,200
10.18710/mtpr9e/amzowx,200
10.18710/mtpr9e/b9zaoa,200
10.18710/mtpr9e/btrjqj,200
10.18710/mtpr9e/cqneh2,200
10.18710/mtpr9e/foaait,200
10.18710/mtpr9e/hivt5q,200
10.18710/mtpr9e/icjzgd,200
10.18710/mtpr9e/kps4ak,200
10.18710/mtpr9e/lfrrru,200
10.18710/mtpr9e/ljth1w,200
10.18710/mtpr9e/mmp4wn,200
10.18710/mtpr9e/oyr4nt,200
10.18710/mtpr9e/r7pwdz,200
10.18710/mtpr9e/sm6ts4,200
10.18710/mtpr9e/so0q1x,200
10.18710/mtpr9e/swj0nd,200
10.18710/mtpr9e/te9k3t,200
10.18710/mtpr9e/vnkjbd,200
10.18710/mtpr9e/vzf7uc,200
10.18710/o8fcik,200
10.18710/o8fcik/a47ht7,200
10.18710/o8fcik/jdylh2,200
10.18710/o8fcik/wkialm,200
10.18710/qw76um,200
10.18710/qw76um/gfcrds,200
10.18710/qw76um/pepaac,200
10.18710/qxmy88,200
10.18710/qxmy88/sj1v8a,200
10.18710/qxmy88/wmvmf0,200
10.18710/qxmy88/zu4so4,200
10.18710/vyqfpk,200
10.18710/vyqfpk/70ms49,200
10.18710/vyqfpk/frhick,200
10.18710/vyqfpk/mg4iwb,200
10.18710/vyqfpk/o9jz9c,200
10.18710/vyqfpk/rv02px,200
10.20387/bonares-4mvd-m589,200
10.21227/13px-av58,200
10.21227/1trw-n685,200
10.21227/2j4z-gk80,200
10.21227/34cr-vs54,200
10.21227/39f2-sz81,200
10.21227/40q5-q577,200
10.21227/5fzx-sv76,200
10.21227/759s-8s08,200
10.21227/7za6-gc03,200
10.21227/8d1r-b939,200
10.21227/8vbn-gb36,200
10.21227/cfvn-hp41,200
10.21227/dadk-s070,200
10.21227/e1bc-3w91,200
10.21227/f301-9951,200
10.21227/fj69-wv35,200
10.21227/h7av-ry54,200
10.21227/kssw-1457,200
10.21227/n1z9-e630,200
10.21227/n2bk-nk93,200
10.21227/n78r-xd27,200
10.21227/n891-rw53,200
10.21227/nhqh-mm15,200
10.21227/q8py-jm64,200
10.21227/qebb-nf33,200
10.21227/r3kx-z815,200
10.21227/s9xz-na16,200
10.21227/vjfa-1b64,200
10.21227/w7ee-qf61,200
10.21227/wjja-yg52,200
10.21227/x9f4-8r14,200
10.21227/xp41-7325,200
10.21227/y66n-qg74,200
10.21227/z36r-0m98,200
10.21227/z3e0-bh73,200
10.21227/z7r4-1y38,200
10.21227/zg6w-3g07,200
10.22022/esm/02-2018.15104,200
10.2210/pdb1pqt/pdb,404
10.2210/pdb5opk/pdb,404
10.2210/pdb6d97/pdb,404
10.2210/pdb6g01/pdb,404
10.2210/pdb6gc5/pdb,404
10.2210/pdb6gza/pdb,404
10.22541/au.155015078.83666375,404
10.22541/au.155015186.68685672,404
10.22541/au.157523210.05073500,404
10.22541/au.157541728.89075035,404
10.22541/au.157592439.94326425,404
10.22541/au.157592551.12751567,404
10.22541/au.157824707.70372803,404
10.22541/au.157979869.93964078,404
10.22541/au.158049384.46046462,404
10.22541/au.158082960.06845169,404
10.22541/au.158121185.53650361,404
10.22541/au.158144990.03784908,404
10.22541/au.158214148.82837988,404
10.22541/au.158316310.00359152,404
10.22541/au.158446809.97141141,404
10.22541/au.158447897.77917186,404
10.22541/au.158497990.05253688,404
10.22541/au.158523071.17715360,404
10.22541/au.158575920.01803602,404
10.22541/au.158629958.84419763,404
10.22541/au.158629993.39850276,404
10.23708/2vj0tq,200
10.23708/7taniw,200
10.23729/5b4dc41c-eb63-4e57-9e92-191a96c54341,200
10.23729/9a8d90cd-73e2-438d-9230-94e10e61adc9,200
10.23729/c6da63dd-f527-4ec9-8401-57c14f77d19f,200
10.24355/dbbs.084-202105030818-0,200
10.24414/c4ba-kf16,200
10.24435/materialscloud:2019.0014/v1,200
10.24435/materialscloud:2020.0002/v1,200
10.24435/materialscloud:2020.0002/v2,200
10.24435/materialscloud:2b-zv,200
10.24435/materialscloud:36-d3,200
10.24435/materialscloud:7a-1k,200
10.24435/materialscloud:9x-ds,200
10.24435/materialscloud:p1-pr,200
10.24435/materialscloud:p7-js,200
10.24435/materialscloud:v0-n3,200
10.24435/materialscloud:vq-vf,200
10.24435/materialscloud:xv-qv,200
10.24435/materialscloud:yg-cm,200
10.24435/materialscloud:yp-51,200
10.25171/instgeoph_pas_app-2025-020,404
10.25171/instgeoph_pas_app-2025-038,404
10.25171/instgeoph_pas_app-2025-039,404
10.25171/instgeoph_pas_app-2025-040,404
10.25345/c50c4sx6b,200
10.25345/c5125qf1d,200
10.25345/c51r6nb20,200
10.25345/c5251fz05,200
10.25345/c52j6879q,200
10.25345/c5345q,200
10.25345/c54b2xh96,200
10.25345/c54j09z9w,200
10.25345/c54t6f74r,200
10.25345/c54t6fd3h,200
10.25345/c54x54t3t,200
10.25345/c55d8nt1b,200
10.25345/c5610w36q,200
10.25345/c5639kf91,200
10.25345/c56n0x,200
10.25345/c5794169r,200
10.25345/c57h0v,200
10.25345/c57p8th9m,200
10.25345/c57r7x,200
10.25345/c57s7j307,200
10.25345/c5862bp79,200
10.25345/c58p5vn6j,200
10.25345/c58p5vn8h,200
10.25345/c58s4k00g,200
10.25345/c5930p666,200
10.25345/c59g9j,200
10.25345/c59w0939p,200
10.25345/c5d50g70w,200
10.25345/c5d50g81t,200
10.25345/c5d50z,200
10.25345/c5db7w09f,200
10.25345/c5df6kd1w,200
10.25345/c5ff2s,200
10.25345/c5g15tp6w,200
10.25345/c5gj8d,200
10.25345/c5gs49,200
10.25345/c5h82p,200
10.25345/c5hc33,200
10.25345/c5hq3s871,200
10.25345/c5j960f34,200
10.25345/c5jm23t3w,200
10.25345/c5k51w,200
10.25345/c5mb3p,200
10.25345/c5mk65j7v,200
10.25345/c5pk90,200
10.25345/c5pz51z7m,200
10.25345/c5qb9v93q,200
10.25345/c5r38d,200
10.25345/c5r786154,200
10.25345/c5r786192,200
10.25345/c5r84m,200
10.25345/c5rn30j5m,200
10.25345/c5s45x,200
10.25345/c5sp8k,200
10.25345/c5v698p20,200
10.25345/c5vd6pf6p,200
10.25345/c5w08wt80,200
10.25345/c5wg1s,200
10.25345/c5x05xp4v,200
10.25345/c5xd0r30g,200
10.25345/c5xk5n,200
10.25345/c5zc7s005,200
10.25345/c5zf3t,200
10.25345/c5zn7d,200
10.25384/sage.c.4615811.v1,200
10.25384/sage.c.4647944.v1,200
10.25384/sage.c.5027423.v1,200
10.25384/sage.c.5057160.v1,200
10.25384/sage.c.5072625.v1,200
10.25384/sage.c.5864726.v1,200
10.25384/sage.c.6473511.v1,200
10.25384/sage.c.6603006.v1,200
10.25384/sage.c.6732575.v1,200
10.25582/data.2021-04.2205351/1957049,200
10.25582/data.2021-04.2205353/1956250,200
10.25582/data.2021-04.2206100/1957096,200
10.25582/data.2021-04.2206101/1956425,200
10.25582/data.2021-04.2206102/1956725,200
10.25582/data.2021-04.2206132/1956865,200
10.25582/data.2021-04.2206134/1957056,200
10.25582/data.2021-04.2206135/1956802,200
10.25582/data.2021-04.2206167/1956789,200
10.25582/data.2021-04.2206168/1956317,200
10.25582/data.2021-04.2206196/1956762,200
10.25582/data.2021-04.2206218/1956578,200
10.25582/data.2021-04.2206223/1956216,200
10.25582/data.2021-04.2206225/1956781,200
10.25582/data.2021-04.2206226/1956832,200
10.25582/data.2021-04.2206228/1956301,200
10.25582/data.2021-04.2206242/1956486,200
10.25582/data.2021-04.2206243/1956858,200
10.25582/data.2021-04.2206244/1956238,200
10.25582/data.2021-04.2206248/1956156,200
10.25582/data.2021-04.2206249/1956366,200
10.25582/data.2021-04.2206271/1956765,200
10.25582/data.2021-04.2206301/1956514,200
10.25582/data.2021-04.2206302/1956990,200
10.25582/data.2021-04.2206304/1957076,200
10.25582/data.2021-04.2206305/1956078,200
10.25582/data.2021-04.2206306/1956032,200
10.25582/data.2021-04.2206310/1956045,200
10.25582/data.2021-04.2206311/1956411,200
10.25582/data.2021-04.2206312/1956057,200
10.25582/data.2021-04.2206325/1956374,200
10.25582/data.2021-04.2206326/1956908,200
10.25582/data.2021-04.2206327/1956279,200
10.25582/data.2021-04.2206335/1956464,200
10.25582/data.2021-04.2206344/1956069,200
10.25582/data.2021-04.2206352/1956766,200
10.25582/data.2021-04.2206353/1956846,200
10.25582/data.2021-04.2206354/1956396,200
10.25582/data.2021-04.2206363/1956228,200
10.25582/data.2021-04.2206364/1957071,200
10.25582/data.2021-04.2206365/1956300,200
10.25582/data.2021-04.2206367/1956070,200
10.25582/data.2021-04.2206368/1956761,200
10.25582/data.2021-04.2206369/1956573,200
10.25582/data.2021-04.2206371/1956498,200
10.25582/data.2021-04.2206373/1956244,200
10.25582/data.2021-04.2206375/1956838,200
10.25582/data.2021-04.2206382/1956716,200
10.25582/data.2021-04.2206386/1956570,200
10.25582/data.2021-04.2206387/1956114,200
10.25582/data.2021-04.2206402/1957089,200
10.25582/data.2021-04.2206404/1956130,200
10.25582/data.2021-04.2206406/1956306,200
10.25582/data.2021-04.2206408/1957069,200
10.25582/data.2021-04.2206414/1957122,200
10.25582/data.2021-04.2206415/1956148,200
10.25582/data.2021-04.2206416/1957167,200
10.25582/data.2021-04.2206417/1956779,200
10.25582/data.2021-04.2206418/1957006,200
10.25582/data.2021-04.2206421/1956452,200
10.25582/data.2021-04.2206424/1956785,200
10.25582/data.2021-04.2206426/1956431,200
10.25582/data.2021-04.2206430/1956283,200
10.25582/data.2021-04.2206431/1957152,200
10.25582/data.2021-04.2206432/1956258,200
10.25582/data.2021-04.2206439/1956061,200
10.25582/data.2021-04.2206440/1956380,200
10.25582/data.2021-04.2206441/1956333,200
10.25582/data.2021-04.2206442/1957166,200
10.25582/data.2021-04.2206443/1956368,200
10.25582/data.2021-04.2206444/1957133,200
10.25582/data.2021-04.2206445/1956082,200
10.25582/data.2021-04.2206446/1956352,200
10.25582/data.2021-04.2206447/1956416,200
10.25582/data.2021-04.2206448/1956489,200
10.25582/data.2021-04.2206450/1957064,200
10.25582/data.2021-04.2206451/1957018,200
10.25582/data.2021-04.2206452/1956193,200
10.25582/data.2021-04.2206455/1956392,200
10.25582/data.2021-04.2206456/1956717,200
10.25582/data.2021-04.2206468/1956318,200
10.25582/data.2021-04.2206469/1956067,200
10.25582/data.2021-04.2206474/1957060,200
10.25582/data.2021-04.2206475/1956647,200
10.25582/data.2021-04.2206476/1956689,200
10.25582/data.2021-04.2206477/1956404,200
10.25582/data.2021-04.2206478/1956815,200
10.25582/data.2021-04.2206480/1956505,200
10.25582/data.2021-04.2206481/1956610,200
10.25582/data.2021-04.2206488/1956917,200
10.25582/data.2021-04.2206490/1956308,200
10.25582/data.2021-04.2206491/1955883,200
10.25582/data.2021-04.2206528/1956303,200
10.25582/data.2021-04.2206529/1956883,200
10.25582/data.2021-04.2206530/1956545,200
10.25582/data.2021-04.2206547/1956135,200
10.25582/data.2021-04.2206548/1957077,200
10.25582/data.2021-04.2206549/1956177,200
10.25582/data.2021-04.2206555/1956144,200
10.25582/data.2021-04.2206556/1956334,200
10.25582/data.2021-04.2206557/1956981,200
10.25582/data.2021-04.2206565/1957027,200
10.25582/data.2021-04.2206573/1956164,200
10.25582/data.2021-04.2206574/1957023,200
10.25582/data.2021-04.2206578/1956809,200
10.25582/data.2021-04.2206580/1956259,200
10.25582/data.2021-04.2206582/1956058,200
10.25582/data.2021-04.2206585/1957099,200
10.25582/data.2021-04.2206598/1956079,200
10.25582/data.2021-04.2206599/1957165,200
10.25582/data.2021-04.2206601/1956270,200
10.25582/data.2021-04.2206602/1956898,200
10.25582/data.2021-04.2206603/1957127,200
10.25582/data.2021-04.2206607/1956627,200
10.25582/data.2021-04.2206608/1956226,200
10.25582/data.2021-04.2206609/1955889,200
10.25582/data.2021-04.2206611/1957108,200
10.25582/data.2021-04.2206617/1956555,200
10.25582/data.2021-04.2206621/1956901,200
10.25582/data.2021-04.2206622/1956115,200
10.25582/data.2021-04.2206623/1957068,200
10.25582/data.2021-04.2206625/1956095,200
10.25582/data.2021-04.2206631/1956345,200
10.25582/data.2021-04.2206632/1957164,200
10.25582/data.2021-04.2206639/1956090,200
10.25582/data.2021-04.2206646/1956275,200
10.25582/data.2021-04.2206647/1957126,200
10.25582/data.2021-04.2206648/1956466,200
10.25582/data.2021-04.2206649/1956628,200
10.25582/data.2021-04.2206650/1957034,200
10.25582/data.2021-04.2206651/1956456,200
10.25582/data.2021-04.2206652/1956101,200
10.25582/data.2021-04.2206653/1956326,200
10.25582/data.2021-04.2206654/1956720,200
10.25582/data.2021-04.2206655/1956219,200
10.25582/data.2021-04.2206656/1956383,200
10.25582/data.2021-04.2206657/1956242,200
10.25582/data.2021-04.2206658/1956880,200
10.25582/data.2021-04.2206659/1957082,200
10.25582/data.2021-04.2206660/1956432,200
10.25582/data.2021-04.2206671/1956403,200
10.25582/data.2021-04.2206672/1956495,200
10.25582/data.2021-04.2206673/1957074,200
10.25582/data.2021-04.2206674/1956744,200
10.25582/data.2021-04.2206676/1956172,200
10.25582/data.2021-04.2206677/1956338,200
10.25582/data.2021-04.2206678/1956735,200
10.25582/data.2021-04.2206683/1956852,200
10.25582/data.2021-04.2206684/1956075,200
10.25582/data.2021-04.2206685/1956803,200
10.25582/data.2021-04.2206689/1956828,200
10.25582/data.2021-04.2206691/1956362,200
10.25582/data.2021-04.2206692/1956650,200
10.25582/data.2021-04.2206693/1956984,200
10.25582/data.2021-04.2206694/1955885,200
10.25582/data.2021-04.2206729/1956160,200
10.25582/data.2021-04.2206730/1956500,200
10.25582/data.2021-04.2206731/1956455,200
10.25582/data.2021-04.2206787/1956978,200
10.25582/data.2021-04.2206789/1956127,200
10.25582/data.2021-04.2206790/1956319,200
10.25582/data.2021-04.2206812/1957022,200
10.25582/data.2021-04.2206813/1957123,200
10.25582/data.2021-04.2206814/1956816,200
10.25582/data.2021-04.2206870/1956527,200
10.25582/data.2021-04.2206879/1956616,200
10.25582/data.2021-04.2206880/1956091,200
10.25582/data.2021-04.2206882/1956847,200
10.25582/data.2021-04.2206885/1956797,200
10.25582/data.2021-04.2206888/1956138,200
10.25582/data.2021-04.2206890/1956810,200
10.25582/data.2021-04.2206897/1956922,200
10.25582/data.2021-04.2206898/1956446,200
10.25582/data.2021-04.2206899/1956932,200
10.25582/data.2021-04.2206900/1956826,200
10.25582/data.2021-04.2206901/1956977,200
10.25582/data.2021-04.2206902/1956830,200
10.25582/data.2021-04.2206903/1956472,200
10.25582/data.2021-04.2206904/1956453,200
10.25582/data.2021-04.2206905/1956666,200
10.25582/data.2021-04.2206907/1956408,200
10.25582/data.2021-04.2206908/1956434,200
10.25582/data.2021-04.2206909/1956473,200
10.25582/data.2021-04.2206910/1956543,200
10.25582/data.2021-04.2206912/1956447,200
10.25582/data.2021-04.2206913/1956133,200
10.25582/data.2021-04.2206914/1957026,200
10.25582/data.2021-04.2206915/1956587,200
10.25582/data.2021-04.2206916/1956327,200
10.25582/data.2021-04.2206917/1957067,200
10.25582/data.2021-04.2206918/1956475,200
10.25582/data.2021-04.2206919/1955890,200
10.25582/data.2021-04.2206920/1956438,200
10.25582/data.2021-04.2206921/1956166,200
10.25582/data.2021-04.2206923/1956596,200
10.25582/data.2021-04.2206924/1956420,200
10.25582/data.2021-04.2206929/1956913,200
10.25582/data.2021-04.2206930/1956196,200
10.25582/data.2021-04.2206938/1956332,200
10.25582/data.2021-04.2206941/1955887,200
10.25582/data.2021-04.2206942/1956307,200
10.25582/data.2021-04.2206943/1957102,200
10.25582/data.2021-04.2206944/1956557,200
10.25582/data.2021-04.2206945/1956569,200
10.25582/data.2021-04.2206947/1956849,200
10.25582/data.2021-04.2206948/1957080,200
10.25582/data.2021-04.2206949/1956180,200
10.25582/data.2021-04.2206951/1956532,200
10.25582/data.2021-04.2206952/1955876,200
10.25582/data.2021-04.2206953/1956884,200
10.25582/data.2021-04.2206955/1957091,200
10.25582/data.2021-04.2206956/1956198,200
10.25582/data.2021-04.2206957/1956748,200
10.25582/data.2021-04.2206959/1957147,200
10.25582/data.2021-04.2206962/1957005,200
10.25582/data.2021-04.2206963/1956552,200
10.25582/data.2021-04.2206964/1956585,200
10.25582/data.2021-04.2206965/1955877,200
10.25582/data.2021-04.2206967/1957143,200
10.25582/data.2021-04.2206968/1956564,200
10.25582/data.2021-04.2206970/1956882,200
10.25582/data.2021-04.2206971/1957043,200
10.25582/data.2021-04.2206972/1956153,200
10.25582/data.2021-04.2206973/1956313,200
10.25582/data.2021-04.2206975/1956993,200
10.25582/data.2021-04.2206977/1956625,200
10.25582/data.2021-04.2206978/1956851,200
10.25582/data.2021-04.2206981/1956528,200
10.25582/data.2021-04.2206982/1956918,200
10.25582/data.2021-04.2206985/1956629,200
10.25582/data.2021-04.2206986/1956841,200
10.25582/data.2021-04.2206987/1956588,200
10.25582/data.2021-04.2206989/1956694,200
10.25582/data.2021-04.2206990/1956246,200
10.25582/data.2021-04.2206991/1956788,200
10.25582/data.2021-04.2206993/1956450,200
10.25582/data.2021-04.2206994/1957063,200
10.25582/data.2021-04.2206995/1956715,200
10.25582/data.2021-04.2206997/1956207,200
10.25582/data.2021-04.2206998/1956598,200
10.25582/data.2021-04.2206999/1956692,200
10.25582/data.2021-04.2207000/1956829,200
10.25582/data.2021-04.2207001/1956904,200
10.25582/data.2021-04.2207002/1956080,200
10.25582/data.2021-04.2207003/1957121,200
10.25582/data.2021-04.2207006/1956728,200
10.25582/data.2021-04.2207008/1957002,200
10.25582/data.2021-04.2207009/1956477,200
10.25582/data.2021-04.2207011/1956861,200
10.25582/data.2021-04.2207014/1956310,200
10.25582/data.2021-04.2207017/1956291,200
10.25582/data.2021-04.2207018/1956263,200
10.25582/data.2021-04.2207019/1956299,200
10.25582/data.2021-04.2207020/1956813,200
10.25582/data.2021-04.2207021/1956062,200
10.25582/data.2021-04.2207022/1956086,200
10.25582/data.2021-04.2207023/1956328,200
10.25582/data.2021-04.2207024/1956754,200
10.25582/data.2021-04.2207026/1956220,200
10.25582/data.2021-04.2207028/1957084,200
10.25582/data.2021-04.2207029/1956359,200
10.25582/data.2021-04.2207030/1956213,200
10.25582/data.2021-04.2207031/1956691,200
10.25582/data.2021-04.2207032/1956341,200
10.25582/data.2021-04.2207033/1956424,200
10.25582/data.2021-04.2207034/1956051,200
10.25582/data.2021-04.2207035/1955892,200
10.25582/data.2021-04.2207037/1956522,200
10.25582/data.2021-04.2207038/1957131,200
10.25582/data.2021-04.2207039/1956468,200
10.25582/data.2021-04.2207040/1956995,200
10.25582/data.2021-04.2207041/1957038,200
10.25582/data.2021-04.2207042/1957135,200
10.25582/data.2021-04.2207043/1956741,200
10.25582/data.2021-04.2207044/1956096,200
10.25582/data.2021-04.2207045/1956449,200
10.25582/data.2021-04.2207046/1957181,200
10.25582/data.2021-04.2207048/1956985,200
10.25582/data.2021-04.2207049/1956556,200
10.25582/data.2021-04.2207050/1956856,200
10.25582/data.2021-04.2207051/1956597,200
10.25582/data.2021-04.2207052/1957132,429
10.25582/data.2021-04.2207053/1956895,429
10.25582/data.2021-04.2207054/1956409,429
10.25582/data.2021-04.2207055/1956998,429
10.25582/data.2021-04.2207056/1957179,429
10.25582/data.2021-04.2207057/1956902,429
10.25582/data.2021-04.2207058/1957150,429
10.25582/data.2021-04.2207061/1956046,429
10.25582/data.2021-04.2207063/1957163,429
10.25582/data.2021-04.2207067/1957053,429
10.25582/data.2021-04.2207068/1956603,429
10.25582/data.2021-04.2207069/1956321,429
10.25582/data.2021-04.2207070/1956776,429
10.25582/data.2021-04.2207071/1956347,429
10.25582/data.2021-04.2207072/1956870,429
10.25582/data.2021-04.2207074/1956541,429
10.25582/data.2021-04.2207075/1956530,429
10.25582/data.2021-04.2207076/1956134,429
10.25582/data.2021-04.2207081/1956145,429
10.25582/data.2021-04.2207082/1956685,429
10.25582/data.2021-04.2207083/1957106,429
10.25582/data.2021-04.2207084/1956218,429
10.25582/data.2021-04.2207087/1956889,429
10.25582/data.2021-04.2207089/1956336,429
10.25582/data.2021-04.2207090/1956516,429
10.25582/data.2021-04.2207093/1956302,429
10.25582/data.2021-04.2207094/1956428,429
10.25582/data.2021-04.2207095/1956614,200
10.25582/data.2021-04.2207096/1957174,200
10.25582/data.2021-04.2207097/1956433,200
10.25582/data.2021-04.2207098/1956157,200
10.25582/data.2021-04.2207101/1957001,200
10.25582/data.2021-04.2207102/1956239,200
10.25582/data.2021-04.2207103/1956204,200
10.25582/data.2021-04.2207104/1956123,200
10.25582/data.2021-04.2207105/1956357,200
10.25582/data.2021-04.2207106/1957013,200
10.25582/data.2021-04.2207107/1956893,200
10.25582/data.2021-04.2207108/1956821,200
10.25582/data.2021-04.2207109/1956245,200
10.25582/data.2021-04.2207111/1956622,200
10.25582/data.2021-04.2207112/1956930,200
10.25582/data.2021-04.2207113/1956280,200
10.25582/data.2021-04.2207114/1956640,200
10.25582/data.2021-04.2207115/1956386,200
10.25582/data.2021-04.2207116/1957097,200
10.25582/data.2021-04.2207117/1956969,200
10.25582/data.2021-04.2207118/1957059,200
10.25582/data.2021-04.2207119/1956289,200
10.25582/data.2021-04.2207123/1956443,200
10.25582/data.2021-04.2207124/1956369,200
10.25582/data.2021-04.2207125/1956877,200
10.25582/data.2021-04.2207126/1956104,200
10.25582/data.2021-04.2207127/1956488,200
10.25582/data.2021-04.2207129/1956655,200
10.25582/data.2021-04.2207130/1956240,200
10.25582/data.2021-04.2207131/1956385,200
10.25582/data.2021-04.2207132/1956316,200
10.25582/data.2021-04.2207134/1956912,200
10.25582/data.2021-04.2207136/1957141,200
10.25582/data.2021-04.2207139/1956435,200
10.25582/data.2021-04.2207140/1956490,200
10.25582/data.2021-04.2207141/1956606,200
10.25582/data.2021-04.2207142/1957115,200
10.25582/data.2021-04.2207143/1956592,200
10.25582/data.2021-04.2207144/1956068,200
10.25582/data.2021-04.2207145/1956672,200
10.25582/data.2021-04.2207146/1957093,200
10.25582/data.2021-04.2207147/1956703,200
10.25582/data.2021-04.2207148/1956769,200
10.25582/data.2021-04.2207150/1956519,200
10.25582/data.2021-04.2207152/1956654,200
10.25582/data.2021-04.2207153/1956499,200
10.25582/data.2021-04.2207154/1956059,200
10.25582/data.2021-04.2207157/1956782,200
10.25582/data.2021-04.2207158/1956713,200
10.25582/data.2021-04.2207159/1956783,200
10.25582/data.2021-04.2207161/1956412,200
10.25582/data.2021-04.2207162/1956763,200
10.25582/data.2021-04.2207163/1956658,200
10.25582/data.2021-04.2207164/1956919,200
10.25582/data.2021-04.2207165/1956436,200
10.25582/data.2021-04.2207166/1956463,200
10.25582/data.2021-04.2207167/1956202,200
10.25582/data.2021-04.2207168/1956372,200
10.25582/data.2021-04.2207169/1956288,200
10.25582/data.2021-04.2207170/1956671,200
10.25582/data.2021-04.2207172/1957113,200
10.25582/data.2021-04.2207173/1956322,200
10.25582/data.2021-04.2207174/1956676,200
10.25582/data.2021-04.2207175/1956140,200
10.25582/data.2021-04.2207176/1956644,200
10.25582/data.2021-04.2207177/1956506,200
10.25582/data.2021-04.2207178/1956048,200
10.25582/data.2021-04.2207180/1956581,200
10.25582/data.2021-04.2207181/1956073,200
10.25582/data.2021-04.2207183/1956874,200
10.25582/data.2021-04.2207186/1956063,200
10.25582/data.2021-04.2207187/1957130,200
10.25582/data.2021-04.2207188/1956208,200
10.25582/data.2021-04.2207191/1956537,200
10.25582/data.2021-04.2207192/1956088,200
10.25582/data.2021-04.2207193/1957160,200
10.25582/data.2021-04.2207196/1957021,200
10.25582/data.2021-04.2207197/1956074,200
10.25582/data.2021-04.2207199/1956994,200
10.25582/data.2021-04.2207201/1956790,200
10.25582/data.2021-04.2207202/1956496,200
10.25582/data.2021-04.2207203/1956349,200
10.25582/data.2021-04.2207207/1956518,200
10.25582/data.2021-04.2207208/1956656,200
10.25582/data.2021-04.2207210/1956381,200
10.25582/data.2021-04.2207211/1956120,200
10.25582/data.2021-04.2207212/1956276,200
10.25582/data.2021-04.2207213/1956402,200
10.25582/data.2021-04.2207214/1956459,429
10.25582/data.2021-04.2207215/1956281,429
10.25582/data.2021-04.2207216/1956479,429
10.25582/data.2021-04.2207217/1957161,429
10.25582/data.2021-04.2207218/1956356,429
10.25582/data.2021-04.2207219/1956110,429
10.25582/data.2021-04.2207220/1956668,429
10.25582/data.2021-04.2207221/1956738,429
10.25582/data.2021-04.2207222/1956221,429
10.25582/data.2021-04.2207224/1956973,429
10.25582/data.2021-04.2207225/1956272,200
10.25582/data.2021-04.2207226/1956791,200
10.25582/data.2021-04.2207228/1957012,200
10.25582/data.2021-04.2207229/1956418,200
10.25582/data.2021-04.2207230/1956520,200
10.25582/data.2021-04.2207231/1956247,200
10.25582/data.2021-04.2207232/1956131,200
10.25582/data.2021-04.2207233/1956265,200
10.25582/data.2021-04.2207234/1956169,200
10.25582/data.2021-04.2207235/1956052,200
10.25582/data.2021-04.2207236/1956635,200
10.25582/data.2021-04.2207239/1957032,200
10.25582/data.2021-04.2207241/1956360,200
10.25582/data.2021-04.2207242/1956209,200
10.25582/data.2021-04.2207243/1956049,200
10.25582/data.2021-04.2207244/1956899,200
10.25582/data.2021-04.2207245/1957129,200
10.25582/data.2021-04.2207246/1956462,200
10.25582/data.2021-04.2207247/1957058,200
10.25582/data.2021-04.2207248/1956175,200
10.25582/data.2021-04.2207249/1956081,200
10.25582/data.2021-04.2207250/1956835,200
10.25582/data.2021-04.2207251/1956076,200
10.25582/data.2021-04.2207252/1956397,200
10.25582/data.2021-04.2207253/1956348,200
10.25582/data.2021-04.2207254/1955874,200
10.25582/data.2021-04.2207255/1956421,200
10.25582/data.2021-04.2207256/1956970,200
10.25582/data.2021-04.2207257/1956600,200
10.25582/data.2021-04.2207259/1956637,200
10.25582/data.2021-04.2207260/1956422,200
10.25582/data.2021-04.2207263/1956698,200
10.25582/data.2021-04.2207264/1956039,200
10.25582/data.2021-04.2207266/1956559,200
10.25582/data.2021-04.2207267/1956617,200
10.25582/data.2021-04.2207268/1957062,200
10.25582/data.2021-04.2207270/1956731,200
10.25582/data.2021-04.2207271/1956458,200
10.25582/data.2021-04.2207272/1956040,200
10.25582/data.2021-04.2207273/1956137,200
10.25582/data.2021-04.2207275/1956546,200
10.25582/data.2021-04.2207276/1957105,200
10.25582/data.2021-04.2207277/1956503,200
10.25582/data.2021-04.2207279/1956309,200
10.25582/data.2021-04.2207280/1956293,200
10.25582/data.2021-04.2207284/1956682,200
10.25582/data.2021-04.2207285/1957171,200
10.25582/data.2021-04.2207287/1956152,200
10.25582/data.2021-04.2207288/1956116,200
10.25582/data.2021-04.2207289/1956871,200
10.25582/data.2021-04.2207290/1956454,200
10.25582/data.2021-04.2207291/1956914,200
10.25582/data.2021-04.2207292/1956103,200
10.25582/data.2021-04.2207293/1956470,200
10.25582/data.2021-04.2207294/1956927,200
10.25582/data.2021-04.2207295/1956346,200
10.25582/data.2021-04.2207296/1956653,200
10.25582/data.2021-04.2207297/1956751,200
10.25582/data.2021-04.2207298/1956840,200
10.25582/data.2021-04.2207300/1956035,200
10.25582/data.2021-04.2207303/1956233,200
10.25582/data.2021-04.2207306/1956324,200
10.25582/data.2021-04.2207307/1956230,200
10.25582/data.2021-04.2207308/1956764,200
10.25582/data.2021-04.2207310/1956863,200
10.25582/data.2021-04.2207312/1957177,200
10.25582/data.2021-04.2207313/1956749,200
10.25582/data.2021-04.2207314/1956579,200
10.25582/data.2021-04.2207317/1956149,200
10.25582/data.2021-04.2207318/1957011,200
10.25582/data.2021-04.2207319/1956850,200
10.25582/data.2021-04.2207320/1956448,200
10.25582/data.2021-04.2207321/1956190,200
10.25582/data.2021-04.2207322/1957110,200
10.25582/data.2021-04.2207323/1956723,200
10.25582/data.2021-04.2207324/1956102,200
10.25582/data.2021-04.2207325/1956041,200
10.25582/data.2021-04.2207327/1956393,200
10.25582/data.2021-04.2207328/1956287,200
10.25582/data.2021-04.2207329/1956136,200
10.25582/data.2021-04.2207330/1956736,200
10.25582/data.2021-04.2207331/1957145,200
10.25582/data.2021-04.2207336/1956733,200
10.25582/data.2021-04.2207337/1956618,200
10.25582/data.2021-04.2207338/1956191,200
10.25582/data.2021-04.2207339/1956047,200
10.25582/data.2021-04.2207340/1956814,200
10.25582/data.2021-04.2207341/1956792,200
10.25582/data.2021-04.2207347/1957101,200
10.25582/data.2021-04.2207348/1956515,200
10.25582/data.2021-04.2207349/1956478,200
10.25582/data.2021-04.2207350/1956188,200
10.25582/data.2021-04.2207352/1956757,200
10.25582/data.2021-04.2207353/1956572,200
10.25582/data.2021-04.2207354/1956601,200
10.25582/data.2021-04.2207355/1956563,200
10.25582/data.2021-04.2207357/1957094,200
10.25582/data.2021-04.2207358/1956997,200
10.25582/data.2021-04.2207359/1957095,200
10.25582/data.2021-04.2207360/1956845,200
10.25582/data.2021-04.2207362/1956549,200
10.25582/data.2021-04.2207363/1956670,200
10.25582/data.2021-04.2207364/1956642,200
10.25582/data.2021-04.2207365/1956831,200
10.25582/data.2021-04.2207366/1956524,200
10.25582/data.2021-04.2207367/1957118,200
10.25582/data.2021-04.2207368/1956042,200
10.25582/data.2021-04.2207370/1956680,200
10.25582/data.2021-04.2207371/1957176,200
10.25582/data.2021-04.2207372/1956192,200
10.25582/data.2021-04.2207373/1956593,200
10.25582/data.2021-04.2207374/1956295,200
10.25582/data.2021-04.2207375/1956923,200
10.25582/data.2021-04.2207376/1956709,200
10.25582/data.2021-04.2207377/1956604,200
10.25582/data.2021-04.2207378/1956565,200
10.25582/data.2021-04.2207379/1957116,200
10.25582/data.2021-04.2207380/1956574,200
10.25582/data.2021-04.2207386/1956704,200
10.25582/data.2021-04.2207387/1956183,200
10.25582/data.2021-04.2207388/1956284,200
10.25582/data.2021-04.2207389/1956566,200
10.25582/data.2021-04.2207390/1957128,200
10.25582/data.2021-04.2207393/1956879,200
10.25582/data.2021-04.2207394/1956406,200
10.25582/data.2021-04.2207395/1956683,200
10.25582/data.2021-04.2207396/1956335,200
10.25582/data.2021-04.2207397/1957039,200
10.25582/data.2021-04.2207400/1957065,200
10.25582/data.2021-04.2207404/1956533,200
10.25582/data.2021-04.2207405/1956905,200
10.25582/data.2021-04.2207409/1956538,200
10.25582/data.2021-04.2207410/1956482,200
10.25582/data.2021-04.2207411/1956595,200
10.25582/data.2021-04.2207414/1956548,200
10.25582/data.2021-04.2207415/1956201,200
10.25582/data.2021-04.2207418/1956419,200
10.25582/data.2021-04.2207419/1955888,200
10.25582/data.2021-04.2207420/1956638,200
10.25582/data.2021-04.2207421/1956886,200
10.25582/data.2021-04.2207423/1956398,200
10.25582/data.2021-04.2207424/1956705,200
10.25582/data.2021-04.2207425/1956055,200
10.25582/data.2021-04.2207426/1956740,200
10.25582/data.2021-04.2207427/1956474,200
10.25582/data.2021-04.2207428/1955878,200
10.25582/data.2021-04.2207429/1956290,200
10.25582/data.2021-04.2207430/1956339,200
10.25582/data.2021-04.2207431/1956553,200
10.25582/data.2021-04.2207432/1956794,200
10.25582/data.2021-04.2207433/1956141,200
10.25582/data.2021-04.2207434/1957010,200
10.25582/data.2021-04.2207436/1956903,200
10.25582/data.2021-04.2207437/1956118,200
10.25582/data.2021-04.2207438/1957085,200
10.25582/data.2021-04.2207439/1956194,200
10.25582/data.2021-04.2207441/1956229,200
10.25582/data.2021-04.2207443/1956361,200
10.25582/data.2021-04.2207444/1956205,200
10.25582/data.2021-04.2207445/1956612,200
10.25582/data.2021-04.2207446/1956833,200
10.25582/data.2021-04.2207447/1956036,200
10.25582/data.2021-04.2207448/1956234,200
10.25582/data.2021-04.2207449/1956780,200
10.25582/data.2021-04.2207450/1956413,200
10.25582/data.2021-04.2207456/1957042,200
10.25582/data.2021-04.2207457/1956358,200
10.25582/data.2021-04.2207458/1956795,200
10.25582/data.2021-04.2207459/1956214,200
10.25582/data.2021-04.2207460/1956236,200
10.25582/data.2021-04.2207463/1956186,200
10.25582/data.2021-04.2207467/1956493,200
10.25582/data.2021-04.2207468/1957136,200
10.25582/data.2021-04.2207469/1956544,200
10.25582/data.2021-04.2207471/1956706,200
10.25582/data.2021-04.2207472/1956589,200
10.25582/data.2021-04.2207474/1956822,200
10.25582/data.2021-04.2207475/1956043,200
10.25582/data.2021-04.2207476/1956590,200
10.25582/data.2021-04.2207477/1957159,200
10.25582/data.2021-04.2207478/1956072,200
10.25582/data.2021-04.2207479/1956165,200
10.25582/data.2021-04.2207481/1956241,200
10.25582/data.2021-04.2207482/1956859,200
10.25582/data.2021-04.2207483/1956526,200
10.25582/data.2021-04.2207486/1956866,200
10.25582/data.2021-04.2207487/1956176,200
10.25582/data.2021-04.2207488/1956224,200
10.25582/data.2021-04.2207489/1956097,200
10.25582/data.2021-04.2207490/1957024,200
10.25582/data.2021-04.2207491/1957086,200
10.25582/data.2021-04.2207492/1956987,200
10.25582/data.2021-04.2207493/1956972,200
10.25582/data.2021-04.2207495/1955884,200
10.25582/data.2021-04.2207496/1956793,200
10.25582/data.2021-04.2207499/1956370,200
10.25582/data.2021-04.2207500/1956839,200
10.25582/data.2021-04.2207501/1956540,200
10.25582/data.2021-04.2207502/1956651,200
10.25582/data.2021-04.2207503/1956860,200
10.25582/data.2021-04.2207509/1956168,200
10.25582/data.2021-04.2207510/1956151,200
10.25582/data.2021-04.2207511/1956292,200
10.25582/data.2021-04.2207512/1957172,200
10.25582/data.2021-04.2207513/1956089,200
10.25582/data.2021-04.2207514/1956274,200
10.25582/data.2021-04.2207515/1957003,200
10.25582/data.2021-04.2207517/1956817,200
10.25582/data.2021-04.2207518/1956128,200
10.25582/data.2021-04.2207519/1956253,200
10.25582/data.2021-04.2207520/1956437,200
10.25582/data.2021-04.2207521/1957149,200
10.25582/data.2021-04.2207522/1956857,200
10.25582/data.2021-04.2207526/1957016,200
10.25582/data.2021-04.2207527/1957007,200
10.25582/data.2021-04.2207528/1956159,200
10.25582/data.2021-04.2207534/1957041,200
10.25582/data.2021-04.2207535/1956087,200
10.25582/data.2021-04.2207536/1956184,200
10.25582/data.2021-04.2207537/1956248,200
10.25582/data.2021-04.2207538/1956122,200
10.25582/data.2021-04.2207543/1956440,200
10.25582/data.2021-04.2207544/1956111,200
10.25582/data.2021-04.2207545/1956174,200
10.25582/data.2021-04.2207546/1956707,200
10.25582/data.2021-04.2207547/1956487,200
10.25582/data.2021-04.2207548/1956938,200
10.25582/data.2021-04.2207549/1957079,200
10.25582/data.2021-04.2207550/1956678,200
10.25582/data.2021-04.2207551/1955891,200
10.25582/data.2021-04.2207552/1956842,200
10.25582/data.2021-04.2207553/1956060,200
10.25582/data.2021-04.2207556/1956050,200
10.25582/data.2021-04.2207557/1956686,200
10.25582/data.2021-04.2207560/1956232,200
10.25582/data.2021-04.2207561/1956989,200
10.25582/data.2021-04.2207563/1957045,200
10.25582/data.2021-04.2207566/1956910,200
10.25582/data.2021-04.2207567/1956497,200
10.25582/data.2021-04.2207570/1957112,200
10.25582/data.2021-04.2207571/1956379,200
10.25582/data.2021-04.2207573/1956415,200
10.25582/data.2021-04.2207574/1956827,200
10.25582/data.2021-04.2207576/1956376,200
10.25582/data.2021-04.2207577/1956181,200
10.25582/data.2021-04.2207578/1956155,200
10.25582/data.2021-04.2207580/1956983,200
10.25582/data.2021-04.2207581/1956350,200
10.25582/data.2021-04.2207583/1956353,200
10.25582/data.2021-04.2207584/1956660,200
10.25582/data.2021-04.2207585/1956900,200
10.25582/data.2021-04.2207586/1956227,200
10.25582/data.2021-04.2207587/1956811,200
10.25582/data.2021-04.2207588/1956254,200
10.25582/data.2021-04.2207589/1956986,200
10.25582/data.2021-04.2207590/1956796,200
10.25582/data.2021-04.2207591/1956722,200
10.25582/data.2021-04.2207593/1956721,200
10.25582/data.2021-04.2207594/1956681,200
10.25582/data.2021-04.2207595/1956657,200
10.25582/data.2021-04.2207599/1956636,200
10.25582/data.2021-04.2207600/1956801,200
10.25582/data.2021-04.2207601/1956652,200
10.25582/data.2021-04.2207602/1956371,200
10.25582/data.2021-04.2207603/1956426,200
10.25582/data.2021-04.2207604/1956427,200
10.25582/data.2021-04.2207605/1956171,200
10.25582/data.2021-04.2207606/1956390,200
10.25582/data.2021-04.2207607/1957170,200
10.25582/data.2021-04.2207608/1956787,200
10.25582/data.2021-04.2207609/1956099,200
10.25582/data.2021-04.2207610/1956377,200
10.25582/data.2021-04.2207611/1956223,200
10.25582/data.2021-04.2207612/1956885,200
10.25582/data.2021-04.2207613/1956933,200
10.25582/data.2021-04.2207614/1956124,200
10.25582/data.2021-04.2207615/1956804,200
10.25582/data.2021-04.2207616/1957031,200
10.25582/data.2021-04.2207620/1956125,200
10.25582/data.2021-04.2207621/1956855,200
10.25582/data.2021-04.2207622/1956571,200
10.25582/data.2021-04.2207624/1957019,200
10.25582/data.2021-04.2207625/1956363,200
10.25582/data.2021-04.2207626/1956117,200
10.25582/data.2021-04.2207627/1956182,200
10.25582/data.2021-04.2207628/1956547,200
10.25582/data.2021-04.2207629/1957162,200
10.25582/data.2021-04.2207630/1956890,200
10.25582/data.2021-04.2207631/1956364,200
10.25582/data.2021-04.2207632/1956330,200
10.25582/data.2021-04.2207633/1956395,200
10.25582/data.2021-04.2207634/1956083,200
10.25582/data.2021-04.2207635/1956726,200
10.25582/data.2021-04.2207636/1956661,200
10.25582/data.2021-04.2207637/1957144,200
10.25582/data.2021-04.2207639/1956755,200
10.25582/data.2021-04.2207640/1956113,200
10.25582/data.2021-04.2207641/1956501,200
10.25582/data.2021-04.2207648/1956693,200
10.25582/data.2021-04.2207649/1957158,200
10.25582/data.2021-04.2207650/1956064,200
10.25582/data.2021-04.2207652/1956521,200
10.25582/data.2021-04.2207653/1956843,200
10.25582/data.2021-04.2207654/1956271,200
10.25582/data.2021-04.2207669/1956126,200
10.25582/data.2021-04.2207673/1955882,200
10.25582/data.2021-04.2207675/1957046,200
10.25582/data.2021-04.2207677/1956405,200
10.25582/data.2021-04.2207678/1956098,200
10.25582/data.2021-04.2207683/1956485,200
10.25582/data.2021-04.2207684/1956400,200
10.25582/data.2021-04.2207689/1956645,200
10.25582/data.2021-04.2207690/1957124,200
10.25582/data.2021-04.2207692/1956550,200
10.25582/data.2021-04.2207695/1956929,200
10.25582/data.2021-04.2207700/1956513,200
10.25582/data.2021-04.2207701/1957036,200
10.25582/data.2021-04.2207702/1956507,200
10.25582/data.2021-04.2207703/1956560,200
10.25582/data.2021-04.2207705/1956758,200
10.25582/data.2021-04.2207706/1956150,200
10.25582/data.2021-04.2207707/1956197,200
10.25582/data.2021-04.2207709/1956742,200
10.25582/data.2021-04.2207712/1956750,200
10.25582/data.2021-04.2207714/1956170,200
10.25582/data.2021-04.2207721/1957030,200
10.25582/data.2021-04.2207724/1957175,200
10.25582/data.2021-04.2207730/1956771,200
10.25582/data.2021-04.2207734/1956873,200
10.25582/data.2021-04.2207735/1956561,200
10.25582/data.2021-04.2207736/1956819,200
10.25582/data.2021-04.2207738/1956602,200
10.25582/data.2021-04.2207739/1956399,200
10.25582/data.2021-04.2207741/1956354,200
10.25582/data.2021-04.2207745/1956837,200
10.25582/data.2021-04.2207746/1956480,200
10.25582/data.2021-04.2207747/1956311,200
10.25582/data.2021-04.2207748/1956187,200
10.25582/data.2021-04.2207757/1956608,200
10.25582/data.2021-04.2207758/1956648,200
10.25582/data.2021-04.2207760/1957072,200
10.25582/data.2021-04.2207761/1956673,200
10.25582/data.2021-04.2207762/1956745,200
10.25582/data.2021-04.2207763/1956355,200
10.25582/data.2021-04.2207765/1956805,200
10.25582/data.2021-04.2207766/1956429,200
10.25582/data.2021-04.2207768/1957044,200
10.25582/data.2021-04.2207769/1956267,200
10.25582/data.2021-04.2207770/1956077,200
10.25582/data.2021-04.2207771/1956417,200
10.25582/data.2021-04.2207772/1956734,200
10.25582/data.2021-04.2207774/1956305,200
10.25582/data.2021-04.2207775/1956619,200
10.25582/data.2021-04.2207777/1956646,200
10.25582/data.2021-04.2207778/1956365,200
10.25582/data.2021-04.2207779/1956752,200
10.25582/data.2021-04.2207780/1957120,200
10.25582/data.2021-04.2207781/1956626,200
10.25582/data.2021-04.2207782/1956278,200
10.25582/data.2021-04.2207783/1957047,200
10.25582/data.2021-04.2207784/1956457,200
10.25582/data.2021-04.2207787/1957073,200
10.25582/data.2021-04.2207789/1956906,200
10.25582/data.2021-04.2207790/1956285,200
10.25582/data.2021-04.2207793/1956199,200
10.25582/data.2021-04.2207795/1956542,200
10.25582/data.2021-04.2207796/1956222,200
10.25582/data.2021-04.2207798/1956162,200
10.25582/data.2021-04.2207799/1956167,200
10.25582/data.2021-04.2207800/1956331,200
10.25582/data.2021-04.2207801/1956212,200
10.25582/data.2021-04.2207805/1956663,200
10.25582/data.2021-04.2207809/1957029,200
10.25582/data.2021-04.2207810/1956980,200
10.25582/data.2021-04.2207811/1956200,200
10.25582/data.2021-04.2207813/1956591,200
10.25582/data.2021-04.2207841/1956034,200
10.25582/data.2021-04.2207844/1957154,200
10.25582/data.2021-04.2207851/1957028,200
10.25582/data.2021-04.2207853/1956875,200
10.25582/data.2021-04.2207863/1957151,200
10.25582/data.2021-04.2207878/1957020,200
10.25582/data.2021-04.2207880/1956679,200
10.25582/data.2021-04.2207885/1956085,200
10.25582/data.2021-04.2207889/1956491,200
10.25582/data.2021-04.2207891/1956481,200
10.25582/data.2021-04.2207892/1956142,200
10.25582/data.2021-04.2207894/1956911,200
10.25582/data.2021-04.2207901/1956737,200
10.25582/data.2021-04.2207902/1956511,200
10.25582/data.2021-04.2207922/1956594,200
10.25582/data.2021-04.2207927/1956615,200
10.25582/data.2021-04.2207930/1957070,200
10.25582/data.2021-04.2207932/1957051,200
10.25582/data.2021-04.2207934/1956812,200
10.25582/data.2021-04.2207936/1957169,200
10.25582/data.2021-04.2207937/1956504,200
10.25582/data.2021-04.2207940/1956631,200
10.25582/data.2021-04.2207941/1957061,200
10.25582/data.2021-04.2207942/1956509,200
10.25582/data.2021-04.2207945/1956092,200
10.25582/data.2021-04.2207946/1956243,200
10.25582/data.2021-04.2207947/1956746,200
10.25582/data.2021-04.2207948/1956296,200
10.25582/data.2021-04.2207953/1956460,200
10.25582/data.2021-04.2207954/1956378,200
10.25582/data.2021-04.2207955/1956669,200
10.25582/data.2021-04.2207956/1956189,200
10.25582/data.2021-04.2207960/1956178,200
10.25582/data.2021-04.2207961/1956158,200
10.25582/data.2021-04.2207962/1956106,200
10.25582/data.2021-04.2207963/1957004,200
10.25582/data.2021-04.2207964/1956445,200
10.25582/data.2021-04.2207967/1955886,200
10.25582/data.2021-04.2207968/1956920,200
10.25582/data.2021-04.2207969/1957138,200
10.25582/data.2021-04.2207971/1956853,200
10.25582/data.2021-04.2207973/1956139,200
10.25582/data.2021-04.2207974/1956775,200
10.25582/data.2021-04.2207975/1956351,200
10.25582/data.2021-04.2207976/1956936,200
10.25582/data.2021-04.2207978/1957173,200
10.25582/data.2021-04.2207979/1957153,200
10.25582/data.2021-04.2207980/1956343,200
10.25582/data.2021-04.2207983/1956825,200
10.25582/data.2021-04.2207985/1956523,200
10.25582/data.2021-04.2207988/1957009,200
10.25582/data.2021-04.2207989/1957157,200
10.25582/data.2021-04.2207990/1956630,200
10.25582/data.2021-04.2207991/1957025,200
10.25582/data.2021-04.2207992/1956325,200
10.25582/data.2021-04.2207994/1957054,200
10.25582/data.2021-04.2207995/1957081,200
10.25582/data.2021-04.2207996/1957100,200
10.25582/data.2021-04.2207997/1956294,200
10.25582/data.2021-04.2208000/1956264,200
10.25582/data.2021-04.2208001/1956146,200
10.25582/data.2021-04.2208002/1956252,200
10.25582/data.2021-04.2208010/1956582,200
10.25582/data.2021-04.2208022/1956699,200
10.25582/data.2021-04.2208023/1956439,200
10.25582/data.2021-04.2208035/1956727,200
10.25582/data.2021-04.2208052/1957114,200
10.25582/data.2021-04.2208063/1957139,200
10.25582/data.2021-04.2208064/1956824,200
10.25582/data.2021-04.2208065/1956297,200
10.25582/data.2021-04.2208068/1956894,200
10.25582/data.2021-04.2208069/1956249,200
10.25582/data.2021-04.2208070/1956108,200
10.25582/data.2021-04.2208071/1956260,200
10.25582/data.2021-04.2208075/1956730,200
10.25582/data.2021-04.2208076/1956807,200
10.25582/data.2021-04.2208077/1957104,200
10.25582/data.2021-04.2208079/1957103,200
10.25582/data.2021-04.2208080/1956268,200
10.25582/data.2021-04.2208089/1955873,200
10.25582/data.2021-04.2208091/1956753,200
10.25582/data.2021-04.2208092/1957180,200
10.25582/data.2021-04.2208093/1956773,200
10.25582/data.2021-04.2208096/1956315,200
10.25582/data.2021-04.2208097/1956195,200
10.25582/data.2021-04.2208098/1956483,200
10.25582/data.2021-04.2208099/1956921,200
10.25582/data.2021-04.2208101/1956237,200
10.25582/data.2021-04.2208102/1955893,200
10.25582/data.2021-04.2208109/1956217,200
10.25582/data.2021-04.2208110/1956410,200
10.25582/data.2021-04.2208125/1956777,200
10.25582/data.2021-04.2208137/1956154,200
10.25582/data.2021-04.2208141/1956711,200
10.25582/data.2021-04.2208142/1956261,200
10.25582/data.2021-04.2208143/1956891,200
10.25582/data.2021-04.2208144/1956105,200
10.25582/data.2021-04.2208145/1957048,200
10.25582/data.2021-04.2208152/1957008,200
10.25582/data.2021-04.2208159/1956712,200
10.25582/data.2021-04.2208162/1956916,200
10.25582/data.2021-04.2208163/1957140,200
10.25582/data.2021-04.2208175/1957092,200
10.25582/data.2021-04.2208176/1956854,200
10.25582/data.2021-04.2208190/1956688,200
10.25582/data.2021-04.2208213/1956531,200
10.25582/data.2021-04.2208224/1956269,200
10.25582/data.2021-04.2208225/1956387,200
10.25582/data.2021-04.2208244/1956423,200
10.25582/data.2021-04.2208269/1956044,200
10.25582/data.2021-04.2208270/1956562,200
10.25582/data.2021-04.2208271/1955881,200
10.25582/data.2021-04.2208283/1956210,200
10.25582/data.2021-04.2208309/1956743,200
10.25582/data.2021-04.2208353/1956391,200
10.25582/data.2021-04.2208374/1956554,200
10.25582/data.2021-04.2208375/1956465,200
10.25582/data.2021-04.2208385/1956583,200
10.25582/data.2021-04.2208386/1957137,200
10.25582/data.2021-04.2208389/1956700,200
10.25582/data.2021-04.2208424/1956934,200
10.25582/data.2021-04.2208426/1957148,200
10.25582/data.2021-04.2208427/1956695,200
10.25582/data.2021-04.2208437/1956512,200
10.25582/data.2021-04.2208445/1956430,200
10.25582/data.2021-04.2208446/1956451,200
10.25582/data.2021-04.2208469/1956935,200
10.25582/data.2021-04.2208491/1956203,200
10.25582/data.2021-04.2208492/1956539,200
10.25582/data.2021-04.2208494/1956231,200
10.25582/data.2021-04.2208495/1957078,200
10.25582/data.2021-04.2208501/1956100,200
10.25582/data.2021-04.2208503/1956931,200
10.25582/data.2021-04.2208504/1956298,200
10.25582/data.2021-04.2208513/1956093,200
10.25582/data.2021-04.2208518/1956708,200
10.25582/data.2021-04.2208531/1957037,200
10.25582/data.2021-04.2208532/1957098,200
10.25582/data.2021-04.2208539/1956767,200
10.25582/data.2021-04.2208540/1956225,200
10.25582/data.2021-04.2208544/1956818,200
10.25582/data.2021-04.2208545/1956696,200
10.25582/data.2021-04.2208559/1956976,200
10.25582/data.2021-04.2208561/1956897,200
10.25582/data.2021-04.2208562/1957050,200
10.25582/data.2021-04.2208563/1956701,200
10.25582/data.2021-04.2208574/1956367,200
10.25582/data.2021-04.2208575/1955894,200
10.25582/data.2021-04.2208576/1956414,200
10.25582/data.2021-04.2208578/1956337,200
10.25582/data.2021-04.2208581/1956834,200
10.25582/data.2021-04.2208582/1956623,200
10.25582/data.2021-04.2208584/1956163,200
10.25582/data.2021-04.2208586/1956471,200
10.25582/data.2021-04.2208588/1957182,200
10.25582/data.2021-04.2208589/1956262,200
10.25582/data.2021-04.2208590/1956094,200
10.25582/data.2021-04.2208591/1956484,200
10.25582/data.2021-04.2208592/1956257,200
10.25582/data.2021-04.2208593/1956641,200
10.25582/data.2021-04.2208601/1956147,200
10.25582/data.2021-04.2208603/1956719,200
10.25582/data.2021-04.2208606/1957107,200
10.25666/dataubfc-2020-07-23,200
10.25678/000172,200
10.25824/redu/poogu3,200
10.25925/20200903,200
10.25925/20200909,200
10.25925/20201204,200
10.25925/20210101,200
10.25925/20210108,200
10.25925/20210401,200
10.25925/20210517,200
10.25925/20210518,200
10.25925/20210801,200
10.25925/20210820,200
10.25925/20211001,200
10.25925/20211101,200
10.25925/20211201,200
10.25925/20220301,200
10.25925/20220624,200
10.25925/20220808,200
10.25925/20220831,200
10.25925/20221001,200
10.25925/20221018,200
10.25925/20221201,200
10.25925/20230201,200
10.25925/20230217,200
10.25925/20230301,200
10.25925/20230601,200
10.25925/20230613,200
10.25925/20230801,200
10.25925/20230901,200
10.25925/20231001,200
10.25925/20231201,200
10.25925/20231212,200
10.25925/20240215,200
10.25925/20240229,200
10.25925/20240601,200
10.25925/20240612,200
10.25925/20240801,200
10.25925/20240930,200
10.25925/20241001,200
10.25925/20241015,200
10.25925/20241101,200
10.25925/20241201,200
10.25925/20250101,200
10.25925/20250115,200
10.26106/p6jr-8318,200
10.26165/juelich-data/cyhxrm,200
10.26165/juelich-data/nxrosn,200
10.26193/28jjfb,200
10.2737/rds-2021-0045,404
10.3217/jucs-006-11,200
10.3217/jucs-009-11,200
10.3217/jucs-018-01,200
10.32614/cran.package.randtoolbox,404
10.32614/cran.package.rngwell,404
10.3410/f.1059720.511633,404
10.3410/f.13489143.14866298,404
10.34658/rdb.dpfyue,200
10.34658/rdb.dpfyue/aq9qii,429
10.34658/rdb.hcuv90,429
10.34658/rdb.hcuv90/lijtgf,429
10.34658/rdb.ir0boe,429
10.34658/rdb.ir0boe/nxsik7,429
10.34658/rdb.jbvevc,429
10.34658/rdb.jbvevc/qhg2zi,429
10.34658/rdb.vj3sh2,429
10.34658/rdb.vj3sh2/fujh7e,429
10.34894/2mpzy3,429
10.34894/ocd4li,429
10.34894/qwniew,429
10.34894/uxtgk8,429
10.34894/vnwe9e,429
10.36443/10259/6900,429
10.36443/10259/6950,429
10.3886/e140861v1,429
10.3886/e167921v1-154621,429
10.3886/e203621v1,429
10.3886/e209288v1,429
10.3886/e213141v1-179813,429
10.3886/icpsr37137.v2,429
10.4228/zalf-j9xq-q235,429
10.4228/zalf-vxtq-fk90,429
10.4232/1.10046,429
10.4232/1.10077,429
10.4232/1.10078,429
10.4232/1.10079,429
10.4232/1.10165,429
10.4232/1.10188,429
10.4232/1.10201,200
10.4232/1.10736,200
10.4232/1.11366,200
10.4232/1.11372,200
10.4232/1.11449,200
10.4232/1.11506,200
10.4232/1.11564,200
10.4232/1.11648,200
10.4232/1.11857,200
10.4232/1.11911,200
10.4232/1.11912,200
10.4232/1.12041,200
10.4232/1.12590,200
10.4232/1.12661,200
10.4232/1.12777,200
10.4232/1.12848,200
10.4232/1.13042,200
10.4232/1.13052,200
10.4232/1.13271,200
10.4232/1.13322,200
10.4232/1.13471,200
10.4232/1.13472,200
10.4232/1.13486,200
10.4232/1.13629,200
10.4232/1.13840,200
10.4232/1.13841,200
10.4232/1.13897,200
10.4232/1.13898,200
10.4232/1.14009,200
10.4232/1.14021,200
10.4232/1.14022,200
10.4232/1.14113,200
10.4232/1.14226,200
10.4232/1.14320,200
10.4232/1.14332,200
10.4232/1.14391,200
10.4232/1.14482,200
10.4232/1.2310,200
10.4232/1.2620,200
10.4232/1.2880,200
10.4232/1.3090,200
10.4232/1.3440,200
10.4232/1.3680,200
10.4232/1.3795,200
10.4232/1.3811,200
10.4232/1.3880,200
10.4232/1.4054,200
10.4232/1.4350,200
10.4232/1.4460,200
10.4232/1.4700,200
10.4232/1.4748,200
10.4232/1.4804,200
10.4232/1.5174,200
10.48436/5042s-tkt46,200
10.48580/dgnfb-gmcp,200
10.48580/dgs4f,200
10.48580/dgsv8,200
10.48580/dgt98,200
10.48580/dgtg4,200
10.48623/aperta.262992,200
10.48790/6rha-gw96,200
10.48804/gmlpne,200
10.48804/mylmsp,200
10.5061/dryad.1q994,200
10.5061/dryad.3r2280gr8,200
10.5061/dryad.69p8cz8xt,200
10.5061/dryad.6m905qfx6,200
10.5061/dryad.6wwpzgmw5,200
10.5061/dryad.76hdr7st7,200
10.5061/dryad.79cnp5hw8,200
10.5061/dryad.8pk0p2npt,200
10.5061/dryad.9s4mw6mkf,200
10.5061/dryad.b5mkkwh9g,200
10.5061/dryad.n2z34tmtm,200
10.5061/dryad.pg4f4qrqn,200
10.5061/dryad.r4b69rg,200
10.5061/dryad.sbcc2frj9,200
10.5061/dryad.vdncjsxvt,200
10.5061/dryad.vmcvdncsz,200
10.5061/dryad.vq83bk3rj,200
10.5061/dryad.wh70rxwnv,200
10.5061/dryad.xksn02vkr,200
10.5063/f1gf0rqs,200
10.5066/p149gqav,200
10.5281/zenodo.10002180,200
10.5281/zenodo.1000470,200
10.5281/zenodo.10046364,200
10.5281/zenodo.10046413,200
10.5281/zenodo.10046599,200
10.5281/zenodo.10060598,200
10.5281/zenodo.10081606,200
10.5281/zenodo.10082614,200
10.5281/zenodo.1009027,200
10.5281/zenodo.1009094,200
10.5281/zenodo.1009183,200
10.5281/zenodo.1009629,200
10.5281/zenodo.1010083,200
10.5281/zenodo.1010131,200
10.5281/zenodo.10113839,200
10.5281/zenodo.1012680,200
10.5281/zenodo.1013870,200
10.5281/zenodo.10155250,200
10.5281/zenodo.10161952,200
10.5281/zenodo.1019733,200
10.5281/zenodo.1020240,200
10.5281/zenodo.1020593,200
10.5281/zenodo.1020623,200
10.5281/zenodo.1020671,200
10.5281/zenodo.1020689,200
10.5281/zenodo.1020709,200
10.5281/zenodo.10207240,200
10.5281/zenodo.10262738,200
10.5281/zenodo.10276473,200
10.5281/zenodo.10371468,200
10.5281/zenodo.10371973,200
10.5281/zenodo.1038209,200
10.5281/zenodo.1039954,200
10.5281/zenodo.10401012,200
10.5281/zenodo.10405843,200
10.5281/zenodo.10418629,200
10.5281/zenodo.10441454,200
10.5281/zenodo.1044744,200
10.5281/zenodo.10450641,200
10.5281/zenodo.1045482,200
10.5281/zenodo.10458422,200
10.5281/zenodo.10513262,200
10.5281/zenodo.10560687,200
10.5281/zenodo.10563098,200
10.5281/zenodo.10572480,200
10.5281/zenodo.10589660,200
10.5281/zenodo.10643193,200
10.5281/zenodo.10680436,200
10.5281/zenodo.10683598,200
10.5281/zenodo.10692475,200
10.5281/zenodo.10728869,200
10.5281/zenodo.10775909,200
10.5281/zenodo.10777097,200
10.5281/zenodo.10782757,200
10.5281/zenodo.10794134,200
10.5281/zenodo.10795004,200
10.5281/zenodo.10811663,200
10.5281/zenodo.10818463,200
10.5281/zenodo.10818591,200
10.5281/zenodo.10819340,200
10.5281/zenodo.10819404,200
10.5281/zenodo.10825138,200
10.5281/zenodo.10829115,200
10.5281/zenodo.10829289,200
10.5281/zenodo.10839047,200
10.5281/zenodo.10843706,200
10.5281/zenodo.10844748,200
10.5281/zenodo.10855219,200
10.5281/zenodo.10875992,200
10.5281/zenodo.10876353,200
10.5281/zenodo.10879380,200
10.5281/zenodo.10886565,200
10.5281/zenodo.10888833,200
10.5281/zenodo.10907892,200
10.5281/zenodo.10935485,200
10.5281/zenodo.10943931,200
10.5281/zenodo.10949371,200
10.5281/zenodo.10951565,200
10.5281/zenodo.10952750,200
10.5281/zenodo.10959709,200
10.5281/zenodo.10966168,200
10.5281/zenodo.10973432,200
10.5281/zenodo.10976085,200
10.5281/zenodo.10984081,200
10.5281/zenodo.11032286,200
10.5281/zenodo.11045720,200
10.5281/zenodo.11047268,200
10.5281/zenodo.11061650,200
10.5281/zenodo.11062547,200
10.5281/zenodo.11077988,200
10.5281/zenodo.11086594,200
10.5281/zenodo.11107818,200
10.5281/zenodo.11108105,200
10.5281/zenodo.11109087,429
10.5281/zenodo.11115776,429
10.5281/zenodo.11120133,429
10.5281/zenodo.11162289,429
10.5281/zenodo.11162343,429
10.5281/zenodo.11164786,429
10.5281/zenodo.11173070,429
10.5281/zenodo.11191005,429
10.5281/zenodo.11196031,429
10.5281/zenodo.11196581,429
10.5281/zenodo.11207498,200
10.5281/zenodo.11212280,200
10.5281/zenodo.11235637,200
10.5281/zenodo.11365728,200
10.5281/zenodo.11383499,200
10.5281/zenodo.11393764,200
10.5281/zenodo.11395507,200
10.5281/zenodo.11454277,200
10.5281/zenodo.11518844,200
10.5281/zenodo.11551686,200
10.5281/zenodo.11608737,200
10.5281/zenodo.1165521,200
10.5281/zenodo.11656266,200
10.5281/zenodo.1181781,200
10.5281/zenodo.1204171,200
10.5281/zenodo.1204351,200
10.5281/zenodo.1205040,200
10.5281/zenodo.1205257,200
10.5281/zenodo.1205387,200
10.5281/zenodo.1205468,200
10.5281/zenodo.1205471,200
10.5281/zenodo.1205520,200
10.5281/zenodo.1205541,200
10.5281/zenodo.1205549,200
10.5281/zenodo.1205558,200
10.5281/zenodo.12071152,200
10.5281/zenodo.1212736,200
10.5281/zenodo.12190559,200
10.5281/zenodo.1219366,200
10.5281/zenodo.1219413,200
10.5281/zenodo.1219456,200
10.5281/zenodo.1219468,200
10.5281/zenodo.1219494,200
10.5281/zenodo.12208709,200
10.5281/zenodo.12208710,200
10.5281/zenodo.12209469,200
10.5281/zenodo.12257,200
10.5281/zenodo.1230317,200
10.5281/zenodo.1230325,200
10.5281/zenodo.1230390,200
10.5281/zenodo.1240931,200
10.5281/zenodo.1250729,200
10.5281/zenodo.12514533,200
10.5281/zenodo.12527742,200
10.5281/zenodo.12531583,200
10.5281/zenodo.12551947,200
10.5281/zenodo.12568119,200
10.5281/zenodo.12580519,200
10.5281/zenodo.12581998,200
10.5281/zenodo.12582245,200
10.5281/zenodo.12582672,200
10.5281/zenodo.12636440,200
10.5281/zenodo.12683873,200
10.5281/zenodo.12684059,200
10.5281/zenodo.12687122,200
10.5281/zenodo.12687441,200
10.5281/zenodo.12697509,200
10.5281/zenodo.12698916,200
10.5281/zenodo.12699304,200
10.5281/zenodo.12699332,200
10.5281/zenodo.12700069,200
10.5281/zenodo.12704624,200
10.5281/zenodo.12705408,200
10.5281/zenodo.12705774,200
10.5281/zenodo.12706046,200
10.5281/zenodo.12706668,200
10.5281/zenodo.12722354,200
10.5281/zenodo.12723611,200
10.5281/zenodo.12724124,200
10.5281/zenodo.12725231,200
10.5281/zenodo.12732624,200
10.5281/zenodo.12733691,200
10.5281/zenodo.12739747,200
10.5281/zenodo.12740445,200
10.5281/zenodo.12740805,200
10.5281/zenodo.12749205,200
10.5281/zenodo.12749705,200
10.5281/zenodo.12798898,200
10.5281/zenodo.1290209,200
10.5281/zenodo.1297931,200
10.5281/zenodo.1306949,200
10.5281/zenodo.1307182,200
10.5281/zenodo.1307420,200
10.5281/zenodo.1307484,200
10.5281/zenodo.1308045,200
10.5281/zenodo.1310053,200
10.5281/zenodo.1310054,200
10.5281/zenodo.1312933,200
10.5281/zenodo.13132493,200
10.5281/zenodo.1313555,200
10.5281/zenodo.1313558,200
10.5281/zenodo.1313611,200
10.5281/zenodo.1313625,200
10.5281/zenodo.1313641,200
10.5281/zenodo.1313646,200
10.5281/zenodo.1314089,200
10.5281/zenodo.13143891,200
10.5281/zenodo.13220569,200
10.5281/zenodo.13235496,200
10.5281/zenodo.13254138,200
10.5281/zenodo.13293981,200
10.5281/zenodo.13311273,200
10.5281/zenodo.13328130,200
10.5281/zenodo.13346029,200
10.5281/zenodo.13350672,200
10.5281/zenodo.13366408,200
10.5281/zenodo.13374229,200
10.5281/zenodo.13589863,200
10.5281/zenodo.13692237,200
10.5281/zenodo.13692266,200
10.5281/zenodo.13734345,200
10.5281/zenodo.13736590,200
10.5281/zenodo.13756480,200
10.5281/zenodo.13772530,200
10.5281/zenodo.13789390,200
10.5281/zenodo.13852346,200
10.5281/zenodo.13857956,200
10.5281/zenodo.13859124,200
10.5281/zenodo.13859126,200
10.5281/zenodo.13859128,200
10.5281/zenodo.13859743,200
10.5281/zenodo.13860258,200
10.5281/zenodo.13864453,200
10.5281/zenodo.13864455,200
10.5281/zenodo.13868674,200
10.5281/zenodo.13868904,200
10.5281/zenodo.13884524,200
10.5281/zenodo.13886478,200
10.5281/zenodo.13887741,200
10.5281/zenodo.13887743,200
10.5281/zenodo.13887745,200
10.5281/zenodo.13889765,200
10.5281/zenodo.13893724,200
10.5281/zenodo.13897315,200
10.5281/zenodo.13897331,200
10.5281/zenodo.13897824,200
10.5281/zenodo.13898438,200
10.5281/zenodo.13898501,200
10.5281/zenodo.13899026,200
10.5281/zenodo.13899199,200
10.5281/zenodo.13899349,200
10.5281/zenodo.13902600,200
10.5281/zenodo.13903270,200
10.5281/zenodo.13907065,200
10.5281/zenodo.13918063,200
10.5281/zenodo.13918243,200
10.5281/zenodo.13918262,200
10.5281/zenodo.13919556,200
10.5281/zenodo.13927506,200
10.5281/zenodo.13933221,200
10.5281/zenodo.13934869,200
10.5281/zenodo.13938574,200
10.5281/zenodo.13946196,200
10.5281/zenodo.13948846,200
10.5281/zenodo.13949003,200
10.5281/zenodo.13949016,200
10.5281/zenodo.13956735,200
10.5281/zenodo.13969115,404
10.5281/zenodo.13970234,200
10.5281/zenodo.13985598,200
10.5281/zenodo.13986892,200
10.5281/zenodo.13991653,200
10.5281/zenodo.13993402,200
10.5281/zenodo.13999924,200
10.5281/zenodo.14006098,200
10.5281/zenodo.14008085,200
10.5281/zenodo.14012918,200
10.5281/zenodo.14015712,200
10.5281/zenodo.14017853,200
10.5281/zenodo.14018444,200
10.5281/zenodo.14019130,200
10.5281/zenodo.14020478,200
10.5281/zenodo.14025746,200
10.5281/zenodo.14029088,200
10.5281/zenodo.14035885,200
10.5281/zenodo.14041626,200
10.5281/zenodo.14043289,200
10.5281/zenodo.14045261,200
10.5281/zenodo.14045355,200
10.5281/zenodo.14049908,200
10.5281/zenodo.14050848,200
10.5281/zenodo.14051298,200
10.5281/zenodo.14053183,200
10.5281/zenodo.14053185,200
10.5281/zenodo.14053187,200
10.5281/zenodo.14053189,200
10.5281/zenodo.14054219,200
10.5281/zenodo.14054264,200
10.5281/zenodo.14056749,200
10.5281/zenodo.14058271,200
10.5281/zenodo.14058273,200
10.5281/zenodo.14063811,200
10.5281/zenodo.14063969,200
10.5281/zenodo.14074631,200
10.5281/zenodo.14074633,200
10.5281/zenodo.14074639,200
10.5281/zenodo.14074643,200
10.5281/zenodo.14074645,200
10.5281/zenodo.14074649,200
10.5281/zenodo.14074651,200
10.5281/zenodo.14074655,200
10.5281/zenodo.14074657,200
10.5281/zenodo.14094542,200
10.5281/zenodo.14097093,200
10.5281/zenodo.14103301,200
10.5281/zenodo.14117177,200
10.5281/zenodo.14117179,200
10.5281/zenodo.1412596,200
10.5281/zenodo.14133347,200
10.5281/zenodo.1413495,200
10.5281/zenodo.14143648,200
10.5281/zenodo.1414529,200
10.5281/zenodo.14159835,200
10.5281/zenodo.14159837,200
10.5281/zenodo.14159839,200
10.5281/zenodo.14159843,200
10.5281/zenodo.14175429,200
10.5281/zenodo.14178830,200
10.5281/zenodo.14192259,200
10.5281/zenodo.14196640,200
10.5281/zenodo.14209960,200
10.5281/zenodo.14210066,200
10.5281/zenodo.1423090,200
10.5281/zenodo.1423112,200
10.5281/zenodo.1423207,200
10.5281/zenodo.1423220,200
10.5281/zenodo.1423258,200
10.5281/zenodo.1423304,200
10.5281/zenodo.1423340,200
10.5281/zenodo.1423383,200
10.5281/zenodo.14234564,200
10.5281/zenodo.1424099,200
10.5281/zenodo.1424290,200
10.5281/zenodo.1424381,200
10.5281/zenodo.1424551,200
10.5281/zenodo.14245524,200
10.5281/zenodo.14251221,200
10.5281/zenodo.14266762,200
10.5281/zenodo.14285397,200
10.5281/zenodo.14295543,200
10.5281/zenodo.14408204,200
10.5281/zenodo.1442406,200
10.5281/zenodo.14439034,200
10.5281/zenodo.14442314,200
10.5281/zenodo.14444839,200
10.5281/zenodo.14468499,200
10.5281/zenodo.14499437,200
10.5281/zenodo.14505653,200
10.5281/zenodo.14507427,200
10.5281/zenodo.14513675,200
10.5281/zenodo.14513706,200
10.5281/zenodo.14514467,200
10.5281/zenodo.14541283,200
10.5281/zenodo.14545132,200
10.5281/zenodo.14558303,200
10.5281/zenodo.1458271,200
10.5281/zenodo.14589282,200
10.5281/zenodo.14593594,200
10.5281/zenodo.14601837,200
10.5281/zenodo.14603581,200
10.5281/zenodo.14604222,200
10.5281/zenodo.14605152,200
10.5281/zenodo.14606933,200
10.5281/zenodo.14607010,200
10.5281/zenodo.14607042,200
10.5281/zenodo.14607043,200
10.5281/zenodo.14622373,200
10.5281/zenodo.14638896,200
10.5281/zenodo.1464923,200
10.5281/zenodo.14652555,200
10.5281/zenodo.1465433,200
10.5281/zenodo.14678293,200
10.5281/zenodo.14698377,200
10.5281/zenodo.14723906,200
10.5281/zenodo.14725044,200
10.5281/zenodo.14731734,200
10.5281/zenodo.1473816,200
10.5281/zenodo.1478638,200
10.5281/zenodo.14794200,200
10.5281/zenodo.14800594,200
10.5281/zenodo.14811779,200
10.5281/zenodo.14831672,200
10.5281/zenodo.14832959,200
10.5281/zenodo.14840580,200
10.5281/zenodo.1487761,200
10.5281/zenodo.1487895,200
10.5281/zenodo.1487906,200
10.5281/zenodo.1488094,200
10.5281/zenodo.1488102,200
10.5281/zenodo.14882040,200
10.5281/zenodo.14882506,200
10.5281/zenodo.14888041,200
10.5281/zenodo.14891438,200
10.5281/zenodo.14899449,200
10.5281/zenodo.14900317,200
10.5281/zenodo.14906602,200
10.5281/zenodo.14936177,200
10.5281/zenodo.14937744,200
10.5281/zenodo.1494935,200
10.5281/zenodo.14958909,200
10.5281/zenodo.14976421,200
10.5281/zenodo.14983825,200
10.5281/zenodo.14993821,200
10.5281/zenodo.14997833,200
10.5281/zenodo.15004810,200
10.5281/zenodo.15005670,200
10.5281/zenodo.15024160,200
10.5281/zenodo.15026488,200
10.5281/zenodo.15042164,200
10.5281/zenodo.15042229,200
10.5281/zenodo.15056575,200
10.5281/zenodo.15059639,200
10.5281/zenodo.15064421,200
10.5281/zenodo.15064532,200
10.5281/zenodo.15069069,200
10.5281/zenodo.15074254,200
10.5281/zenodo.15075145,200
10.5281/zenodo.15078085,200
10.5281/zenodo.15078301,200
10.5281/zenodo.15082082,200
10.5281/zenodo.15095308,200
10.5281/zenodo.15119801,200
10.5281/zenodo.15134154,200
10.5281/zenodo.15134728,200
10.5281/zenodo.15134730,200
10.5281/zenodo.15134732,200
10.5281/zenodo.15134780,200
10.5281/zenodo.15135143,200
10.5281/zenodo.15135145,200
10.5281/zenodo.15135147,200
10.5281/zenodo.15135149,200
10.5281/zenodo.15135151,200
10.5281/zenodo.15135153,200
10.5281/zenodo.15135155,200
10.5281/zenodo.15135157,200
10.5281/zenodo.15135516,200
10.5281/zenodo.15135518,200
10.5281/zenodo.15135852,200
10.5281/zenodo.15135871,200
10.5281/zenodo.15136342,200
10.5281/zenodo.15136344,200
10.5281/zenodo.15136346,200
10.5281/zenodo.15136348,200
10.5281/zenodo.15136350,200
10.5281/zenodo.15136352,200
10.5281/zenodo.15136354,200
10.5281/zenodo.15136554,200
10.5281/zenodo.15137197,200
10.5281/zenodo.15137199,200
10.5281/zenodo.15137437,200
10.5281/zenodo.15137439,200
10.5281/zenodo.15137790,200
10.5281/zenodo.15137974,200
10.5281/zenodo.15137976,200
10.5281/zenodo.15137978,200
10.5281/zenodo.15137980,200
10.5281/zenodo.15137982,200
10.5281/zenodo.15137984,200
10.5281/zenodo.15137986,200
10.5281/zenodo.15137988,200
10.5281/zenodo.15137990,200
10.5281/zenodo.15137992,200
10.5281/zenodo.15137994,200
10.5281/zenodo.15137996,200
10.5281/zenodo.15137998,200
10.5281/zenodo.15138000,200
10.5281/zenodo.15138002,200
10.5281/zenodo.15138004,200
10.5281/zenodo.15138006,200
10.5281/zenodo.15138008,200
10.5281/zenodo.15138010,200
10.5281/zenodo.15138012,200
10.5281/zenodo.15138014,200
10.5281/zenodo.15138016,200
10.5281/zenodo.15138020,200
10.5281/zenodo.15138024,200
10.5281/zenodo.15138219,200
10.5281/zenodo.15138905,200
10.5281/zenodo.15138961,200
10.5281/zenodo.15139023,200
10.5281/zenodo.15139025,200
10.5281/zenodo.15139027,200
10.5281/zenodo.15139029,200
10.5281/zenodo.15139033,200
10.5281/zenodo.15139232,200
10.5281/zenodo.15139234,200
10.5281/zenodo.15139236,200
10.5281/zenodo.15139304,200
10.5281/zenodo.15139306,200
10.5281/zenodo.15140103,200
10.5281/zenodo.15140105,200
10.5281/zenodo.15140123,200
10.5281/zenodo.15140125,200
10.5281/zenodo.15140285,200
10.5281/zenodo.15140287,200
10.5281/zenodo.15140694,200
10.5281/zenodo.15141135,200
10.5281/zenodo.15141407,200
10.5281/zenodo.15141435,200
10.5281/zenodo.15141439,200
10.5281/zenodo.15141441,200
10.5281/zenodo.15141443,200
10.5281/zenodo.15141571,200
10.5281/zenodo.15141573,200
10.5281/zenodo.15141575,200
10.5281/zenodo.15141577,200
10.5281/zenodo.15141579,200
10.5281/zenodo.15141973,200
10.5281/zenodo.15141975,200
10.5281/zenodo.15141977,200
10.5281/zenodo.15141979,200
10.5281/zenodo.15141981,200
10.5281/zenodo.15142282,200
10.5281/zenodo.15142286,200
10.5281/zenodo.15142864,200
10.5281/zenodo.15142936,200
10.5281/zenodo.15143023,200
10.5281/zenodo.15143025,200
10.5281/zenodo.15143077,200
10.5281/zenodo.15143209,200
10.5281/zenodo.15143583,200
10.5281/zenodo.15143620,200
10.5281/zenodo.15143622,200
10.5281/zenodo.15143624,200
10.5281/zenodo.15143628,200
10.5281/zenodo.15143831,200
10.5281/zenodo.15143835,200
10.5281/zenodo.15143837,200
10.5281/zenodo.15143839,200
10.5281/zenodo.15143891,200
10.5281/zenodo.15144253,200
10.5281/zenodo.15144257,200
10.5281/zenodo.15144272,200
10.5281/zenodo.15144540,200
10.5281/zenodo.15144544,200
10.5281/zenodo.15145585,200
10.5281/zenodo.15145587,200
10.5281/zenodo.15146011,200
10.5281/zenodo.15146689,200
10.5281/zenodo.15146691,200
10.5281/zenodo.15146907,200
10.5281/zenodo.15146909,200
10.5281/zenodo.15153137,200
10.5281/zenodo.15153239,200
10.5281/zenodo.15153243,200
10.5281/zenodo.15153342,200
10.5281/zenodo.15154492,200
10.5281/zenodo.15154495,200
10.5281/zenodo.15154499,200
10.5281/zenodo.15154526,200
10.5281/zenodo.15154528,200
10.5281/zenodo.15155203,200
10.5281/zenodo.15155282,200
10.5281/zenodo.15155354,200
10.5281/zenodo.15155356,200
10.5281/zenodo.15155358,200
10.5281/zenodo.15155360,200
10.5281/zenodo.15155362,200
10.5281/zenodo.15155364,200
10.5281/zenodo.15155366,200
10.5281/zenodo.15155370,200
10.5281/zenodo.15155416,200
10.5281/zenodo.15155418,200
10.5281/zenodo.15155545,200
10.5281/zenodo.15156084,429
10.5281/zenodo.15156540,429
10.5281/zenodo.15156631,429
10.5281/zenodo.15156696,429
10.5281/zenodo.15156698,429
10.5281/zenodo.15156700,429
10.5281/zenodo.15156889,429
10.5281/zenodo.15156891,429
10.5281/zenodo.15156893,429
10.5281/zenodo.15156895,429
10.5281/zenodo.15156898,429
10.5281/zenodo.15157203,429
10.5281/zenodo.15158262,429
10.5281/zenodo.15158264,429
10.5281/zenodo.15158266,429
10.5281/zenodo.15158268,429
10.5281/zenodo.15158694,429
10.5281/zenodo.15158696,429
10.5281/zenodo.15159825,429
10.5281/zenodo.15159827,429
10.5281/zenodo.15160573,429
10.5281/zenodo.15160850,429
10.5281/zenodo.15160854,429
10.5281/zenodo.15160856,429
10.5281/zenodo.15160858,429
10.5281/zenodo.15160860,429
10.5281/zenodo.15160862,429
10.5281/zenodo.15160864,429
10.5281/zenodo.15160866,429
10.5281/zenodo.15160868,429
10.5281/zenodo.15160870,200
10.5281/zenodo.15160872,200
10.5281/zenodo.15160874,200
10.5281/zenodo.15160876,200
10.5281/zenodo.15160878,200
10.5281/zenodo.15160880,200
10.5281/zenodo.15160882,200
10.5281/zenodo.15160884,200
10.5281/zenodo.15160886,200
10.5281/zenodo.15160888,200
10.5281/zenodo.15160890,200
10.5281/zenodo.15160892,200
10.5281/zenodo.15160894,200
10.5281/zenodo.15160896,200
10.5281/zenodo.15160898,200
10.5281/zenodo.15167413,200
10.5281/zenodo.15170015,200
10.5281/zenodo.15175619,200
10.5281/zenodo.15183487,200
10.5281/zenodo.15191239,200
10.5281/zenodo.15192162,200
10.5281/zenodo.15205417,200
10.5281/zenodo.15206855,200
10.5281/zenodo.15222346,200
10.5281/zenodo.15226298,200
10.5281/zenodo.15236181,200
10.5281/zenodo.15241859,200
10.5281/zenodo.15241991,200
10.5281/zenodo.15268427,200
10.5281/zenodo.15271770,200
10.5281/zenodo.15271772,200
10.5281/zenodo.15271777,200
10.5281/zenodo.15271779,200
10.5281/zenodo.15271781,200
10.5281/zenodo.15271785,200
10.5281/zenodo.15273718,200
10.5281/zenodo.15274182,200
10.5281/zenodo.15282041,200
10.5281/zenodo.15292140,200
10.5281/zenodo.15295784,200
10.5281/zenodo.15298831,200
10.5281/zenodo.15303509,200
10.5281/zenodo.15303731,200
10.5281/zenodo.15304271,200
10.5281/zenodo.15310257,200
10.5281/zenodo.15310588,200
10.5281/zenodo.15310590,200
10.5281/zenodo.15310592,200
10.5281/zenodo.15311335,200
10.5281/zenodo.15337705,200
10.5281/zenodo.15341057,200
10.5281/zenodo.15346663,200
10.5281/zenodo.15356684,200
10.5281/zenodo.15389394,200
10.5281/zenodo.1541074,200
10.5281/zenodo.15411651,200
10.5281/zenodo.15422652,200
10.5281/zenodo.15446419,200
10.5281/zenodo.15459047,200
10.5281/zenodo.15480071,200
10.5281/zenodo.15519716,200
10.5281/zenodo.15522273,200
10.5281/zenodo.15534677,200
10.5281/zenodo.15546812,200
10.5281/zenodo.15551093,200
10.5281/zenodo.15575479,200
10.5281/zenodo.15583352,200
10.5281/zenodo.15594028,200
10.5281/zenodo.15609255,200
10.5281/zenodo.15623208,200
10.5281/zenodo.15641902,200
10.5281/zenodo.15645758,200
10.5281/zenodo.15650741,200
10.5281/zenodo.15655322,200
10.5281/zenodo.15656568,200
10.5281/zenodo.15657829,200
10.5281/zenodo.15668949,200
10.5281/zenodo.15672785,200
10.5281/zenodo.15674732,200
10.5281/zenodo.15681034,200
10.5281/zenodo.15682344,200
10.5281/zenodo.15688588,200
10.5281/zenodo.15690334,200
10.5281/zenodo.15700267,200
10.5281/zenodo.15705088,200
10.5281/zenodo.15716730,200
10.5281/zenodo.15717043,200
10.5281/zenodo.15721196,200
10.5281/zenodo.15728486,200
10.5281/zenodo.15730790,200
10.5281/zenodo.15730831,200
10.5281/zenodo.15734420,200
10.5281/zenodo.15736296,200
10.5281/zenodo.15739421,200
10.5281/zenodo.15746210,200
10.5281/zenodo.15751753,200
10.5281/zenodo.15752086,200
10.5281/zenodo.15754482,200
10.5281/zenodo.15754772,200
10.5281/zenodo.15781869,200
10.5281/zenodo.15789546,200
10.5281/zenodo.15792089,200
10.5281/zenodo.15797289,200
10.5281/zenodo.15804723,200
10.5281/zenodo.15805675,200
10.5281/zenodo.15826760,200
10.5281/zenodo.15828355,200
10.5281/zenodo.15853713,200
10.5281/zenodo.15866507,200
10.5281/zenodo.15872583,200
10.5281/zenodo.15878786,200
10.5281/zenodo.15920372,200
10.5281/zenodo.161479,200
10.5281/zenodo.16258180,200
10.5281/zenodo.16268857,200
10.5281/zenodo.16274074,200
10.5281/zenodo.16358492,200
10.5281/zenodo.16379981,200
10.5281/zenodo.16410976,200
10.5281/zenodo.16411192,200
10.5281/zenodo.16411295,200
10.5281/zenodo.16527416,200
10.5281/zenodo.16530347,200
10.5281/zenodo.16564541,200
10.5281/zenodo.16627453,200
10.5281/zenodo.16631554,200
10.5281/zenodo.16735480,200
10.5281/zenodo.16736781,200
10.5281/zenodo.16737383,200
10.5281/zenodo.16745285,200
10.5281/zenodo.16748652,200
10.5281/zenodo.16752042,200
10.5281/zenodo.16752070,200
10.5281/zenodo.16760168,200
10.5281/zenodo.16762591,200
10.5281/zenodo.16778665,200
10.5281/zenodo.16779139,200
10.5281/zenodo.16794521,200
10.5281/zenodo.16811421,200
10.5281/zenodo.16812971,200
10.5281/zenodo.16840373,200
10.5281/zenodo.16840501,200
10.5281/zenodo.16892823,200
10.5281/zenodo.16894917,200
10.5281/zenodo.16901959,200
10.5281/zenodo.16902100,200
10.5281/zenodo.16927730,200
10.5281/zenodo.16941590,200
10.5281/zenodo.16942982,200
10.5281/zenodo.16963740,200
10.5281/zenodo.16965132,200
10.5281/zenodo.16984360,200
10.5281/zenodo.16992329,200
10.5281/zenodo.16993091,200
10.5281/zenodo.16996197,200
10.5281/zenodo.17018974,200
10.5281/zenodo.17043535,200
10.5281/zenodo.17063686,200
10.5281/zenodo.17065,200
10.5281/zenodo.17069385,200
10.5281/zenodo.17077838,200
10.5281/zenodo.17083924,200
10.5281/zenodo.17084885,200
10.5281/zenodo.17091337,200
10.5281/zenodo.17093627,200
10.5281/zenodo.17162242,200
10.5281/zenodo.17282914,200
10.5281/zenodo.18590,200
10.5281/zenodo.1886530,200
10.5281/zenodo.1923170,200
10.5281/zenodo.2195437,200
10.5281/zenodo.2275557,200
10.5281/zenodo.2275647,200
10.5281/zenodo.229254,200
10.5281/zenodo.229624,200
10.5281/zenodo.229750,200
10.5281/zenodo.247199,200
10.5281/zenodo.247202,200
10.5281/zenodo.247203,200
10.5281/zenodo.247204,200
10.5281/zenodo.2533391,200
10.5281/zenodo.2536019,200
10.5281/zenodo.2560114,200
10.5281/zenodo.2564980,200
10.5281/zenodo.2572450,200
10.5281/zenodo.2576241,200
10.5281/zenodo.2583022,200
10.5281/zenodo.2592756,200
10.5281/zenodo.2593489,200
10.5281/zenodo.2594778,200
10.5281/zenodo.2595069,200
10.5281/zenodo.2597505,200
10.5281/zenodo.2601562,200
10.5281/zenodo.2628237,200
10.5281/zenodo.2640439,200
10.5281/zenodo.2640971,200
10.5281/zenodo.2641797,200
10.5281/zenodo.2641987,200
10.5281/zenodo.2642471,200
10.5281/zenodo.2644158,200
10.5281/zenodo.2645909,200
10.5281/zenodo.2646049,200
10.5281/zenodo.2649931,200
10.5281/zenodo.2653723,200
10.5281/zenodo.2653735,200
10.5281/zenodo.2653841,200
10.5281/zenodo.2653859,200
10.5281/zenodo.2669079,200
10.5281/zenodo.31810,200
10.5281/zenodo.3228177,200
10.5281/zenodo.3236015,200
10.5281/zenodo.3237740,200
10.5281/zenodo.3241445,200
10.5281/zenodo.3243267,429
10.5281/zenodo.32434,429
10.5281/zenodo.3244166,429
10.5281/zenodo.3247322,429
10.5281/zenodo.3247343,429
10.5281/zenodo.3247366,429
10.5281/zenodo.3247374,429
10.5281/zenodo.3247396,429
10.5281/zenodo.3247443,429
10.5281/zenodo.3247445,429
10.5281/zenodo.3247496,200
10.5281/zenodo.3247568,200
10.5281/zenodo.3247686,200
10.5281/zenodo.3247694,200
10.5281/zenodo.3247743,200
10.5281/zenodo.3247745,200
10.5281/zenodo.3247747,200
10.5281/zenodo.3248593,200
10.5281/zenodo.3248595,200
10.5281/zenodo.3248612,200
10.5281/zenodo.3248620,200
10.5281/zenodo.3248626,200
10.5281/zenodo.3249392,200
10.5281/zenodo.3253761,200
10.5281/zenodo.3266822,200
10.5281/zenodo.33055,200
10.5281/zenodo.3332778,200
10.5281/zenodo.33331,200
10.5281/zenodo.33353,200
10.5281/zenodo.33382,200
10.5281/zenodo.3338675,200
10.5281/zenodo.33394,200
10.5281/zenodo.3344504,200
10.5281/zenodo.3352030,200
10.5281/zenodo.3364105,200
10.5281/zenodo.3377958,200
10.5281/zenodo.3415123,200
10.5281/zenodo.3443102,200
10.5281/zenodo.3461771,200
10.5281/zenodo.3463130,200
10.5281/zenodo.3465477,200
10.5281/zenodo.3465903,200
10.5281/zenodo.3466534,200
10.5281/zenodo.3470138,200
10.5281/zenodo.3470852,200
10.5281/zenodo.3471611,200
10.5281/zenodo.3473444,200
10.5281/zenodo.3476885,200
10.5281/zenodo.3480003,200
10.5281/zenodo.3484679,200
10.5281/zenodo.3506640,200
10.5281/zenodo.3515784,200
10.5281/zenodo.3516235,200
10.5281/zenodo.3516236,200
10.5281/zenodo.3516723,200
10.5281/zenodo.3531802,200
10.5281/zenodo.3539129,200
10.5281/zenodo.3539263,200
10.5281/zenodo.3540379,200
10.5281/zenodo.3540513,200
10.5281/zenodo.3543335,200
10.5281/zenodo.3546209,200
10.5281/zenodo.3547528,200
10.5281/zenodo.3552399,200
10.5281/zenodo.3552416,200
10.5281/zenodo.3552420,200
10.5281/zenodo.3553063,200
10.5281/zenodo.3554961,200
10.5281/zenodo.3557367,200
10.5281/zenodo.3565965,200
10.5281/zenodo.3567789,200
10.5281/zenodo.3571071,200
10.5281/zenodo.3572241,200
10.5281/zenodo.3572299,200
10.5281/zenodo.3583358,200
10.5281/zenodo.3593989,200
10.5281/zenodo.3600317,200
10.5281/zenodo.3604139,200
10.5281/zenodo.3604282,200
10.5281/zenodo.3604289,200
10.5281/zenodo.3604293,200
10.5281/zenodo.3604384,200
10.5281/zenodo.3604448,200
10.5281/zenodo.3604687,200
10.5281/zenodo.3604731,200
10.5281/zenodo.3605386,200
10.5281/zenodo.3605562,200
10.5281/zenodo.3606853,200
10.5281/zenodo.3607418,200
10.5281/zenodo.3608000,200
10.5281/zenodo.3610084,200
10.5281/zenodo.3610095,200
10.5281/zenodo.3611175,200
10.5281/zenodo.3613573,200
10.5281/zenodo.3623256,200
10.5281/zenodo.3625691,200
10.5281/zenodo.3632095,200
10.5281/zenodo.3632180,200
10.5281/zenodo.3633324,200
10.5281/zenodo.3638226,200
10.5281/zenodo.3660976,200
10.5281/zenodo.3661080,200
10.5281/zenodo.3667662,200
10.5281/zenodo.3670966,200
10.5281/zenodo.3673425,200
10.5281/zenodo.3676936,200
10.5281/zenodo.3686025,200
10.5281/zenodo.3686079,200
10.5281/zenodo.3686881,200
10.5281/zenodo.3686918,200
10.5281/zenodo.3706696,200
10.5281/zenodo.3711077,200
10.5281/zenodo.3713309,200
10.5281/zenodo.3733741,200
10.5281/zenodo.3746129,200
10.5281/zenodo.3746697,200
10.5281/zenodo.3755474,200
10.5281/zenodo.376999,200
10.5281/zenodo.3777778,200
10.5281/zenodo.3787023,200
10.5281/zenodo.3799932,200
10.5281/zenodo.3819026,200
10.5281/zenodo.3823890,200
10.5281/zenodo.3841729,200
10.5281/zenodo.3843539,200
10.5281/zenodo.3844157,200
10.5281/zenodo.3862330,200
10.5281/zenodo.3876227,200
10.5281/zenodo.3886695,200
10.5281/zenodo.3886707,200
10.5281/zenodo.3886722,200
10.5281/zenodo.3888379,200
10.5281/zenodo.3888383,200
10.5281/zenodo.3888436,200
10.5281/zenodo.3888488,200
10.5281/zenodo.3889432,200
10.5281/zenodo.3891388,200
10.5281/zenodo.3894699,200
10.5281/zenodo.3898344,200
10.5281/zenodo.3899535,200
10.5281/zenodo.3899875,200
10.5281/zenodo.3902757,200
10.5281/zenodo.3909229,200
10.5281/zenodo.3930085,200
10.5281/zenodo.3939001,200
10.5281/zenodo.3939133,200
10.5281/zenodo.3950431,200
10.5281/zenodo.3952159,200
10.5281/zenodo.3954024,200
10.5281/zenodo.3954348,200
10.5281/zenodo.3956709,200
10.5281/zenodo.3956775,200
10.5281/zenodo.3956797,200
10.5281/zenodo.3956812,200
10.5281/zenodo.3956814,200
10.5281/zenodo.3965397,200
10.5281/zenodo.3965807,200
10.5281/zenodo.3965893,200
10.5281/zenodo.3966306,200
10.5281/zenodo.3966452,200
10.5281/zenodo.3971180,200
10.5281/zenodo.3972268,200
10.5281/zenodo.3972400,200
10.5281/zenodo.3974360,200
10.5281/zenodo.3975038,200
10.5281/zenodo.3975084,200
10.5281/zenodo.3979296,200
10.5281/zenodo.3989205,200
10.5281/zenodo.3989293,200
10.5281/zenodo.3989406,200
10.5281/zenodo.3999150,200
10.5281/zenodo.3999744,200
10.5281/zenodo.4003469,200
10.5281/zenodo.4003764,200
10.5281/zenodo.4007641,200
10.5281/zenodo.4012224,200
10.5281/zenodo.4020390,200
10.5281/zenodo.4023970,200
10.5281/zenodo.4033811,200
10.5281/zenodo.4034250,200
10.5281/zenodo.4036631,200
10.5281/zenodo.4039839,200
10.5281/zenodo.4040556,200
10.5281/zenodo.4046765,200
10.5281/zenodo.4048253,200
10.5281/zenodo.4048286,200
10.5281/zenodo.4060376,200
10.5281/zenodo.4067741,200
10.5281/zenodo.4068481,200
10.5281/zenodo.4071407,200
10.5281/zenodo.4071451,200
10.5281/zenodo.4071677,200
10.5281/zenodo.4090953,200
10.5281/zenodo.4091818,200
10.5281/zenodo.4099156,200
10.5281/zenodo.4114065,200
10.5281/zenodo.4114422,200
10.5281/zenodo.4114641,200
10.5281/zenodo.4115972,200
10.5281/zenodo.4116245,200
10.5281/zenodo.4130347,200
10.5281/zenodo.4139767,200
10.5281/zenodo.4139912,200
10.5281/zenodo.4159436,200
10.5281/zenodo.4159878,200
10.5281/zenodo.4160585,200
10.5281/zenodo.4196842,200
10.5281/zenodo.4244215,200
10.5281/zenodo.4247169,200
10.5281/zenodo.4265110,200
10.5281/zenodo.4265314,200
10.5281/zenodo.4271724,200
10.5281/zenodo.4273993,200
10.5281/zenodo.4277445,200
10.5281/zenodo.4293255,200
10.5281/zenodo.4298695,200
10.5281/zenodo.4299140,200
10.5281/zenodo.4300119,200
10.5281/zenodo.4300701,200
10.5281/zenodo.4311598,200
10.5281/zenodo.4317540,200
10.5281/zenodo.4319854,200
10.5281/zenodo.4320793,200
10.5281/zenodo.4355191,200
10.5281/zenodo.4362189,200
10.5281/zenodo.4371296,200
10.5281/zenodo.4372334,200
10.5281/zenodo.4372876,200
10.5281/zenodo.4382343,200
10.5281/zenodo.4388378,200
10.5281/zenodo.439066,200
10.5281/zenodo.439080,200
10.5281/zenodo.439109,200
10.5281/zenodo.4394007,200
10.5281/zenodo.4405251,200
10.5281/zenodo.4415389,200
10.5281/zenodo.4416105,200
10.5281/zenodo.4429678,200
10.5281/zenodo.4433464,200
10.5281/zenodo.4433699,200
10.5281/zenodo.4433737,200
10.5281/zenodo.4433778,200
10.5281/zenodo.4433795,200
10.5281/zenodo.4436356,200
10.5281/zenodo.4439339,200
10.5281/zenodo.4439404,200
10.5281/zenodo.4445314,200
10.5281/zenodo.4445341,200
10.5281/zenodo.4445375,200
10.5281/zenodo.4450305,200
10.5281/zenodo.4453185,200
10.5281/zenodo.4453216,200
10.5281/zenodo.4456051,200
10.5281/zenodo.4456062,200
10.5281/zenodo.4456723,200
10.5281/zenodo.4471217,200
10.5281/zenodo.4475605,200
10.5281/zenodo.4485931,200
10.5281/zenodo.4494358,200
10.5281/zenodo.4497711,200
10.5281/zenodo.4498323,200
10.5281/zenodo.4501251,200
10.5281/zenodo.4516657,200
10.5281/zenodo.4518320,200
10.5281/zenodo.4521878,200
10.5281/zenodo.4522220,200
10.5281/zenodo.4531900,200
10.5281/zenodo.4532496,200
10.5281/zenodo.4543285,200
10.5281/zenodo.4551727,200
10.5281/zenodo.4552607,200
10.5281/zenodo.4554164,200
10.5281/zenodo.4557646,200
10.5281/zenodo.4561969,200
10.5281/zenodo.4567439,200
10.5281/zenodo.4567675,200
10.5281/zenodo.4568634,200
10.5281/zenodo.4569648,200
10.5281/zenodo.4572775,200
10.5281/zenodo.45855,200
10.5281/zenodo.4588389,200
10.5281/zenodo.4590184,200
10.5281/zenodo.4590738,200
10.5281/zenodo.4601450,200
10.5281/zenodo.4603685,200
10.5281/zenodo.4607770,200
10.5281/zenodo.4607786,200
10.5281/zenodo.4607799,200
10.5281/zenodo.4607833,200
10.5281/zenodo.4607995,200
10.5281/zenodo.4608014,200
10.5281/zenodo.4609339,200
10.5281/zenodo.4613099,200
10.5281/zenodo.4624798,200
10.5281/zenodo.4627963,200
10.5281/zenodo.4643554,200
10.5281/zenodo.4643616,200
10.5281/zenodo.4643632,200
10.5281/zenodo.4643634,200
10.5281/zenodo.4644379,200
10.5281/zenodo.4644392,200
10.5281/zenodo.4650182,200
10.5281/zenodo.4651415,200
10.5281/zenodo.4664514,200
10.5281/zenodo.4674308,200
10.5281/zenodo.4683932,200
10.5281/zenodo.4688660,200
10.5281/zenodo.4694562,200
10.5281/zenodo.4694695,200
10.5281/zenodo.4721910,200
10.5281/zenodo.4725429,200
10.5281/zenodo.4726030,200
10.5281/zenodo.4733726,200
10.5281/zenodo.4734054,200
10.5281/zenodo.4736394,200
10.5281/zenodo.4739127,200
10.5281/zenodo.4740691,200
10.5281/zenodo.4740788,200
10.5281/zenodo.4743374,200
10.5281/zenodo.4743746,200
10.5281/zenodo.4745000,200
10.5281/zenodo.4748416,200
10.5281/zenodo.4750560,200
10.5281/zenodo.47649,200
10.5281/zenodo.4767970,200
10.5281/zenodo.4771466,200
10.5281/zenodo.4771831,200
10.5281/zenodo.4783984,200
10.5281/zenodo.4812736,200
10.5281/zenodo.4870494,200
10.5281/zenodo.4912597,200
10.5281/zenodo.4915753,200
10.5281/zenodo.4915815,200
10.5281/zenodo.4922659,200
10.5281/zenodo.4923125,200
10.5281/zenodo.4958312,200
10.5281/zenodo.4973514,200
10.5281/zenodo.4974342,200
10.5281/zenodo.4983856,200
10.5281/zenodo.5011504,200
10.5281/zenodo.5013463,200
10.5281/zenodo.5014844,200
10.5281/zenodo.5017042,200
10.5281/zenodo.5017567,200
10.5281/zenodo.5025490,200
10.5281/zenodo.5034496,200
10.5281/zenodo.5035480,200
10.5281/zenodo.5052629,200
10.5281/zenodo.5060273,200
10.5281/zenodo.5069499,200
10.5281/zenodo.5082161,200
10.5281/zenodo.5082356,200
10.5281/zenodo.5094290,200
10.5281/zenodo.5105719,200
10.5281/zenodo.5119958,200
10.5281/zenodo.5126693,200
10.5281/zenodo.5136493,200
10.5281/zenodo.5137001,200
10.5281/zenodo.5139523,200
10.5281/zenodo.5142371,200
10.5281/zenodo.5153251,200
10.5281/zenodo.5164685,200
10.5281/zenodo.5167233,200
10.5281/zenodo.5172233,200
10.5281/zenodo.5173825,200
10.5281/zenodo.5180676,200
10.5281/zenodo.5205468,200
10.5281/zenodo.5215758,200
10.5281/zenodo.5235183,200
10.5281/zenodo.5248078,200
10.5281/zenodo.5256068,200
10.5281/zenodo.53152,200
10.5281/zenodo.5338587,200
10.5281/zenodo.5347495,200
10.5281/zenodo.5460097,200
10.5281/zenodo.5463912,200
10.5281/zenodo.546395,200
10.5281/zenodo.5483565,200
10.5281/zenodo.5483762,200
10.5281/zenodo.5497635,200
10.5281/zenodo.5503624,200
10.5281/zenodo.5503659,200
10.5281/zenodo.5504135,200
10.5281/zenodo.5513937,200
10.5281/zenodo.5517487,200
10.5281/zenodo.5518059,200
10.5281/zenodo.5519572,200
10.5281/zenodo.5526311,200
10.5281/zenodo.5529310,200
10.5281/zenodo.55304,200
10.5281/zenodo.5541337,200
10.5281/zenodo.5541490,200
10.5281/zenodo.5544548,200
10.5281/zenodo.5547862,200
10.5281/zenodo.5549971,200
10.5281/zenodo.5558905,200
10.5281/zenodo.5566618,200
10.5281/zenodo.5566853,200
10.5281/zenodo.5569275,200
10.5281/zenodo.5572683,200
10.5281/zenodo.5575298,200
10.5281/zenodo.5588393,200
10.5281/zenodo.5589802,200
10.5281/zenodo.5599301,200
10.5281/zenodo.5607141,200
10.5281/zenodo.5615357,200
10.5281/zenodo.5633340,200
10.5281/zenodo.5638079,200
10.5281/zenodo.5642828,200
10.5281/zenodo.5654958,200
10.5281/zenodo.5655253,200
10.5281/zenodo.5668387,200
10.5281/zenodo.5675427,200
10.5281/zenodo.5711706,200
10.5281/zenodo.5728242,200
10.5281/zenodo.5732459,200
10.5281/zenodo.5734143,200
10.5281/zenodo.5742718,200
10.5281/zenodo.5752288,200
10.5281/zenodo.5768049,200
10.5281/zenodo.5788186,200
10.5281/zenodo.5788427,200
10.5281/zenodo.5788444,200
10.5281/zenodo.5794609,200
10.5281/zenodo.579575,200
10.5281/zenodo.5801249,200
10.5281/zenodo.5805939,200
10.5281/zenodo.5817338,200
10.5281/zenodo.5818039,200
10.5281/zenodo.5822690,200
10.5281/zenodo.5827153,200
10.5281/zenodo.5827897,200
10.5281/zenodo.583306,200
10.5281/zenodo.5841472,200
10.5281/zenodo.5844990,200
10.5281/zenodo.5865217,200
10.5281/zenodo.5873977,200
10.5281/zenodo.5879676,200
10.5281/zenodo.5888302,200
10.5281/zenodo.5897653,200
10.5281/zenodo.5907271,200
10.5281/zenodo.5912081,200
10.5281/zenodo.5920971,200
10.5281/zenodo.5948334,200
10.5281/zenodo.5949422,200
10.5281/zenodo.5961018,200
10.5281/zenodo.5970349,200
10.5281/zenodo.5987415,200
10.5281/zenodo.5992621,200
10.5281/zenodo.5996864,200
10.5281/zenodo.601432,200
10.5281/zenodo.6019357,200
10.5281/zenodo.6020150,200
10.5281/zenodo.6020543,200
10.5281/zenodo.6021573,200
10.5281/zenodo.6021625,200
10.5281/zenodo.6021673,200
10.5281/zenodo.6033681,200
10.5281/zenodo.6033766,200
10.5281/zenodo.6035345,200
10.5281/zenodo.6036310,200
10.5281/zenodo.6037503,200
10.5281/zenodo.6056060,200
10.5281/zenodo.6079074,200
10.5281/zenodo.6089198,200
10.5281/zenodo.6094932,200
10.5281/zenodo.6095305,200
10.5281/zenodo.6122978,200
10.5281/zenodo.6127501,200
10.5281/zenodo.6127587,200
10.5281/zenodo.61308,200
10.5281/zenodo.6174092,200
10.5281/zenodo.6228358,200
10.5281/zenodo.6240668,200
10.5281/zenodo.6268399,200
10.5281/zenodo.6289588,200
10.5281/zenodo.6312518,429
10.5281/zenodo.6325572,429
10.5281/zenodo.6333817,429
10.5281/zenodo.6336683,429
10.5281/zenodo.6336707,429
10.5281/zenodo.6336722,429
10.5281/zenodo.6336839,429
10.5281/zenodo.6337128,429
10.5281/zenodo.6337968,429
10.5281/zenodo.6338412,429
10.5281/zenodo.6340137,429
10.5281/zenodo.6348000,429
10.5281/zenodo.6349211,429
10.5281/zenodo.6352641,429
10.5281/zenodo.6355618,429
10.5281/zenodo.6367104,429
10.5281/zenodo.6367105,429
10.5281/zenodo.6368003,429
10.5281/zenodo.6372789,429
10.5281/zenodo.6379267,429
10.5281/zenodo.6382216,429
10.5281/zenodo.6391098,429
10.5281/zenodo.6394501,429
10.5281/zenodo.6396923,200
10.5281/zenodo.6405158,200
10.5281/zenodo.6406911,200
10.5281/zenodo.6417386,200
10.5281/zenodo.6421142,200
10.5281/zenodo.6424241,200
10.5281/zenodo.6448372,200
10.5281/zenodo.6450186,200
10.5281/zenodo.6458062,200
10.5281/zenodo.6460262,200
10.5281/zenodo.6460346,200
10.5281/zenodo.6467402,200
10.5281/zenodo.6475798,200
10.5281/zenodo.6497069,200
10.5281/zenodo.6501580,200
10.5281/zenodo.6504798,200
10.5281/zenodo.6504816,200
10.5281/zenodo.6504989,200
10.5281/zenodo.6505455,200
10.5281/zenodo.6509982,200
10.5281/zenodo.6510036,200
10.5281/zenodo.6519524,200
10.5281/zenodo.6519525,200
10.5281/zenodo.6536306,200
10.5281/zenodo.6539765,200
10.5281/zenodo.6542089,200
10.5281/zenodo.6551768,200
10.5281/zenodo.6556577,200
10.5281/zenodo.6565587,200
10.5281/zenodo.6573117,200
10.5281/zenodo.6586927,200
10.5281/zenodo.6591419,200
10.5281/zenodo.6595549,200
10.5281/zenodo.6597295,200
10.5281/zenodo.6601957,200
10.5281/zenodo.6604159,200
10.5281/zenodo.6610819,200
10.5281/zenodo.6622877,200
10.5281/zenodo.6628770,200
10.5281/zenodo.6631859,200
10.5281/zenodo.6635685,200
10.5281/zenodo.6637599,200
10.5281/zenodo.6637796,200
10.5281/zenodo.6657091,200
10.5281/zenodo.666994,200
10.5281/zenodo.6670032,200
10.5281/zenodo.6670746,200
10.5281/zenodo.6677138,200
10.5281/zenodo.6695065,200
10.5281/zenodo.6760230,200
10.5281/zenodo.6790077,200
10.5281/zenodo.6790470,200
10.5281/zenodo.6798302,200
10.5281/zenodo.6798975,200
10.5281/zenodo.6807130,200
10.5281/zenodo.6810569,200
10.5281/zenodo.6814223,200
10.5281/zenodo.6814686,200
10.5281/zenodo.6814906,200
10.5281/zenodo.6818608,200
10.5281/zenodo.6821814,200
10.5281/zenodo.6840361,200
10.5281/zenodo.6868913,200
10.5281/zenodo.6874821,200
10.5281/zenodo.6913156,200
10.5281/zenodo.6925094,200
10.5281/zenodo.6941567,200
10.5281/zenodo.6964931,200
10.5281/zenodo.6983158,200
10.5281/zenodo.6985345,200
10.5281/zenodo.6994174,200
10.5281/zenodo.7002917,200
10.5281/zenodo.7006761,200
10.5281/zenodo.7012789,200
10.5281/zenodo.7013126,200
10.5281/zenodo.7013148,200
10.5281/zenodo.7016441,200
10.5281/zenodo.7020168,200
10.5281/zenodo.7027399,200
10.5281/zenodo.7027411,200
10.5281/zenodo.7027440,200
10.5281/zenodo.7027458,200
10.5281/zenodo.7028334,200
10.5281/zenodo.7028699,200
10.5281/zenodo.7028714,200
10.5281/zenodo.7040177,200
10.5281/zenodo.7041129,200
10.5281/zenodo.7053322,200
10.5281/zenodo.7070556,200
10.5281/zenodo.7076121,200
10.5281/zenodo.7078125,200
10.5281/zenodo.7078535,200
10.5281/zenodo.7082507,200
10.5281/zenodo.7092326,200
10.5281/zenodo.7092770,200
10.5281/zenodo.7094293,200
10.5281/zenodo.7096382,200
10.5281/zenodo.7096773,200
10.5281/zenodo.7109392,200
10.5281/zenodo.7114168,200
10.5281/zenodo.7116549,200
10.5281/zenodo.7116957,200
10.5281/zenodo.7117080,200
10.5281/zenodo.7133542,200
10.5281/zenodo.7182804,200
10.5281/zenodo.7185657,200
10.5281/zenodo.7186857,200
10.5281/zenodo.7188434,200
10.5281/zenodo.7193501,200
10.5281/zenodo.7193602,200
10.5281/zenodo.7193798,200
10.5281/zenodo.7193808,200
10.5281/zenodo.7193819,200
10.5281/zenodo.7194756,200
10.5281/zenodo.7197567,200
10.5281/zenodo.7214419,200
10.5281/zenodo.7218947,200
10.5281/zenodo.7233465,200
10.5281/zenodo.7233824,200
10.5281/zenodo.7235654,200
10.5281/zenodo.7236582,200
10.5281/zenodo.7241544,200
10.5281/zenodo.7243713,200
10.5281/zenodo.7252200,200
10.5281/zenodo.7271230,200
10.5281/zenodo.7271764,200
10.5281/zenodo.7273794,200
10.5281/zenodo.7275072,200
10.5281/zenodo.7275143,200
10.5281/zenodo.7275149,200
10.5281/zenodo.7275158,200
10.5281/zenodo.7275174,200
10.5281/zenodo.7284165,200
10.5281/zenodo.7289832,200
10.5281/zenodo.7290189,200
10.5281/zenodo.7297158,200
10.5281/zenodo.7303443,200
10.5281/zenodo.7303781,200
10.5281/zenodo.7304341,200
10.5281/zenodo.7307846,200
10.5281/zenodo.7326129,200
10.5281/zenodo.7326264,200
10.5281/zenodo.7329866,200
10.5281/zenodo.7332572,200
10.5281/zenodo.7333636,200
10.5281/zenodo.7334370,200
10.5281/zenodo.7338814,200
10.5281/zenodo.7348780,200
10.5281/zenodo.7352554,200
10.5281/zenodo.7360759,200
10.5281/zenodo.7368671,200
10.5281/zenodo.7375861,200
10.5281/zenodo.7377045,200
10.5281/zenodo.7378838,200
10.5281/zenodo.7380017,429
10.5281/zenodo.7382723,429
10.5281/zenodo.7389845,429
10.5281/zenodo.7390416,429
10.5281/zenodo.7390878,429
10.5281/zenodo.7393339,429
10.5281/zenodo.7393495,429
10.5281/zenodo.7410089,429
10.5281/zenodo.7410366,429
10.5281/zenodo.7411957,429
10.5281/zenodo.7415164,200
10.5281/zenodo.7423903,200
10.5281/zenodo.7428498,200
10.5281/zenodo.7431996,200
10.5281/zenodo.7433754,200
10.5281/zenodo.7434786,200
10.5281/zenodo.7439331,200
10.5281/zenodo.7463875,200
10.5281/zenodo.7467034,200
10.5281/zenodo.7473497,200
10.5281/zenodo.7477600,200
10.5281/zenodo.7495802,200
10.5281/zenodo.7502836,200
10.5281/zenodo.7505364,200
10.5281/zenodo.7505368,200
10.5281/zenodo.7508054,200
10.5281/zenodo.7515406,200
10.5281/zenodo.7515593,200
10.5281/zenodo.7517321,200
10.5281/zenodo.7517494,200
10.5281/zenodo.7525558,200
10.5281/zenodo.7534792,200
10.5281/zenodo.7534928,200
10.5281/zenodo.7554277,200
10.5281/zenodo.7556678,200
10.5281/zenodo.7556866,200
10.5281/zenodo.7565522,200
10.5281/zenodo.7568260,200
10.5281/zenodo.7574157,200
10.5281/zenodo.7579684,200
10.5281/zenodo.7580003,200
10.5281/zenodo.7580961,200
10.5281/zenodo.7582204,200
10.5281/zenodo.7584206,200
10.5281/zenodo.7585287,200
10.5281/zenodo.7594210,200
10.5281/zenodo.7594441,200
10.5281/zenodo.7594578,200
10.5281/zenodo.7594604,200
10.5281/zenodo.7599770,200
10.5281/zenodo.7607070,200
10.5281/zenodo.7607071,200
10.5281/zenodo.7607951,200
10.5281/zenodo.7610654,200
10.5281/zenodo.7612053,200
10.5281/zenodo.7613016,200
10.5281/zenodo.7635138,200
10.5281/zenodo.7646462,200
10.5281/zenodo.7650318,200
10.5281/zenodo.7650320,200
10.5281/zenodo.7650322,200
10.5281/zenodo.7653605,200
10.5281/zenodo.7654844,200
10.5281/zenodo.7657002,200
10.5281/zenodo.7657656,200
10.5281/zenodo.7659844,200
10.5281/zenodo.7659885,200
10.5281/zenodo.7659890,200
10.5281/zenodo.7664450,200
10.5281/zenodo.7665040,200
10.5281/zenodo.7673199,200
10.5281/zenodo.7674791,200
10.5281/zenodo.7680500,200
10.5281/zenodo.7683782,200
10.5281/zenodo.7684550,200
10.5281/zenodo.7690930,200
10.5281/zenodo.7695814,200
10.5281/zenodo.7697253,200
10.5281/zenodo.7699047,200
10.5281/zenodo.7700253,200
10.5281/zenodo.7701916,200
10.5281/zenodo.7704558,200
10.5281/zenodo.7708843,200
10.5281/zenodo.7728536,200
10.5281/zenodo.7743107,200
10.5281/zenodo.7747337,200
10.5281/zenodo.7751344,200
10.5281/zenodo.7752045,200
10.5281/zenodo.7764002,200
10.5281/zenodo.7775772,200
10.5281/zenodo.7784920,200
10.5281/zenodo.7786270,200
10.5281/zenodo.7791651,200
10.5281/zenodo.7794875,200
10.5281/zenodo.7797522,200
10.5281/zenodo.7799914,200
10.5281/zenodo.7801798,200
10.5281/zenodo.7802643,200
10.5281/zenodo.7802975,200
10.5281/zenodo.7803930,200
10.5281/zenodo.7804445,200
10.5281/zenodo.7806036,200
10.5281/zenodo.7806224,200
10.5281/zenodo.7808922,200
10.5281/zenodo.7809039,200
10.5281/zenodo.7828751,200
10.5281/zenodo.7831789,200
10.5281/zenodo.7837362,200
10.5281/zenodo.7845893,200
10.5281/zenodo.7849979,200
10.5281/zenodo.7850155,200
10.5281/zenodo.7852428,200
10.5281/zenodo.7852555,200
10.5281/zenodo.7858187,200
10.5281/zenodo.7858786,200
10.5281/zenodo.7861940,200
10.5281/zenodo.7863154,200
10.5281/zenodo.7863833,200
10.5281/zenodo.7863867,200
10.5281/zenodo.7863916,200
10.5281/zenodo.7863917,200
10.5281/zenodo.7863935,200
10.5281/zenodo.7863983,200
10.5281/zenodo.7864663,200
10.5281/zenodo.7866193,200
10.5281/zenodo.7872565,200
10.5281/zenodo.7875357,200
10.5281/zenodo.7876976,200
10.5281/zenodo.7877998,200
10.5281/zenodo.7889369,200
10.5281/zenodo.7889691,200
10.5281/zenodo.7889693,200
10.5281/zenodo.7889845,200
10.5281/zenodo.7894030,200
10.5281/zenodo.7896155,200
10.5281/zenodo.7900258,200
10.5281/zenodo.7906516,200
10.5281/zenodo.7908625,200
10.5281/zenodo.7908650,200
10.5281/zenodo.7913007,200
10.5281/zenodo.7919796,200
10.5281/zenodo.7923745,200
10.5281/zenodo.7924183,200
10.5281/zenodo.7928997,200
10.5281/zenodo.7930100,200
10.5281/zenodo.7934793,200
10.5281/zenodo.7946163,200
10.5281/zenodo.7956209,200
10.5281/zenodo.7958259,200
10.5281/zenodo.7963302,200
10.5281/zenodo.7965768,200
10.5281/zenodo.7970466,200
10.5281/zenodo.7970723,200
10.5281/zenodo.7970893,200
10.5281/zenodo.7973838,200
10.5281/zenodo.7973943,200
10.5281/zenodo.7974633,200
10.5281/zenodo.7974855,200
10.5281/zenodo.7977693,200
10.5281/zenodo.7989918,200
10.5281/zenodo.7990413,200
10.5281/zenodo.7998610,200
10.5281/zenodo.8009877,200
10.5281/zenodo.8013448,200
10.5281/zenodo.8014694,200
10.5281/zenodo.8014963,200
10.5281/zenodo.8028600,200
10.5281/zenodo.8031394,200
10.5281/zenodo.8033298,200
10.5281/zenodo.8033351,200
10.5281/zenodo.8035724,200
10.5281/zenodo.8038826,200
10.5281/zenodo.8040754,200
10.5281/zenodo.8041455,200
10.5281/zenodo.8042450,200
10.5281/zenodo.8046249,200
10.5281/zenodo.8047246,200
10.5281/zenodo.8059581,200
10.5281/zenodo.8060866,200
10.5281/zenodo.8063173,200
10.5281/zenodo.8066299,200
10.5281/zenodo.806864,200
10.5281/zenodo.8077314,200
10.5281/zenodo.8079580,200
10.5281/zenodo.8083652,200
10.5281/zenodo.8090619,200
10.5281/zenodo.8092672,200
10.5281/zenodo.8095888,200
10.5281/zenodo.8099089,200
10.5281/zenodo.8099843,200
10.5281/zenodo.8099869,200
10.5281/zenodo.8100231,200
10.5281/zenodo.8100290,200
10.5281/zenodo.8100328,200
10.5281/zenodo.8100338,200
10.5281/zenodo.8100654,200
10.5281/zenodo.8100906,429
10.5281/zenodo.8102404,429
10.5281/zenodo.8106656,429
10.5281/zenodo.8107284,429
10.5281/zenodo.8107762,429
10.5281/zenodo.8123272,429
10.5281/zenodo.8136017,429
10.5281/zenodo.8138862,200
10.5281/zenodo.8139328,200
10.5281/zenodo.8139369,200
10.5281/zenodo.8139886,200
10.5281/zenodo.8140894,200
10.5281/zenodo.8141614,200
10.5281/zenodo.814222,200
10.5281/zenodo.8150177,200
10.5281/zenodo.8152608,200
10.5281/zenodo.8158502,200
10.5281/zenodo.8159182,200
10.5281/zenodo.8161764,200
10.5281/zenodo.8163419,200
10.5281/zenodo.8170247,200
10.5281/zenodo.8170248,200
10.5281/zenodo.8171432,200
10.5281/zenodo.8172143,200
10.5281/zenodo.8172207,200
10.5281/zenodo.8180218,200
10.5281/zenodo.8182102,200
10.5281/zenodo.8182401,200
10.5281/zenodo.8186524,200
10.5281/zenodo.8186928,200
10.5281/zenodo.8189080,200
10.5281/zenodo.8189564,200
10.5281/zenodo.8199319,200
10.5281/zenodo.8199371,200
10.5281/zenodo.8199593,200
10.5281/zenodo.8206566,200
10.5281/zenodo.8207506,200
10.5281/zenodo.8219191,200
10.5281/zenodo.8220240,200
10.5281/zenodo.8221362,200
10.5281/zenodo.8228868,200
10.5281/zenodo.8231965,200
10.5281/zenodo.8233354,200
10.5281/zenodo.8239489,200
10.5281/zenodo.8241962,200
10.5281/zenodo.8241987,200
10.5281/zenodo.8242000,200
10.5281/zenodo.8245750,200
10.5281/zenodo.8246146,200
10.5281/zenodo.8246533,200
10.5281/zenodo.8247281,200
10.5281/zenodo.8247695,200
10.5281/zenodo.825017,200
10.5281/zenodo.825040,200
10.5281/zenodo.825048,200
10.5281/zenodo.825064,200
10.5281/zenodo.825116,200
10.5281/zenodo.825122,200
10.5281/zenodo.825185,200
10.5281/zenodo.825193,200
10.5281/zenodo.825383,200
10.5281/zenodo.825387,200
10.5281/zenodo.825389,200
10.5281/zenodo.8255969,200
10.5281/zenodo.826139,200
10.5281/zenodo.826288,200
10.5281/zenodo.8272552,200
10.5281/zenodo.8280088,200
10.5281/zenodo.8287792,200
10.5281/zenodo.8301043,200
10.5281/zenodo.8301796,200
10.5281/zenodo.8302143,200
10.5281/zenodo.8304799,200
10.5281/zenodo.8329373,200
10.5281/zenodo.8333128,200
10.5281/zenodo.8341366,200
10.5281/zenodo.834914,200
10.5281/zenodo.8354738,200
10.5281/zenodo.8355226,200
10.5281/zenodo.8358517,200
10.5281/zenodo.8362954,200
10.5281/zenodo.8362955,200
10.5281/zenodo.8364668,200
10.5281/zenodo.8369917,200
10.5281/zenodo.8370110,200
10.5281/zenodo.8370544,200
10.5281/zenodo.8375552,200
10.5281/zenodo.8376616,200
10.5281/zenodo.8378887,200
10.5281/zenodo.8381480,200
10.5281/zenodo.838219,200
10.5281/zenodo.838229,200
10.5281/zenodo.8383060,200
10.5281/zenodo.8387110,200
10.5281/zenodo.8393007,200
10.5281/zenodo.8396688,200
10.5281/zenodo.8398202,200
10.5281/zenodo.8398541,200
10.5281/zenodo.8406343,200
10.5281/zenodo.8408356,200
10.5281/zenodo.8413116,200
10.5281/zenodo.8414789,200
10.5281/zenodo.8421137,200
10.5281/zenodo.8421229,200
10.5281/zenodo.8423276,200
10.5281/zenodo.8431323,200
10.5281/zenodo.8431474,200
10.5281/zenodo.846428,200
10.5281/zenodo.850595,200
10.5281/zenodo.901697,200
10.5281/zenodo.901699,200
10.5281/zenodo.921754,200
10.5281/zenodo.921971,200
10.5281/zenodo.997844,200
10.5285/0023bd6e-4dd7-462c-aacf-f13083b054ab,200
10.5285/37a503da-d75c-4d72-8e8b-b11c2fdc7d92,200
10.5285/3b077711-f183-42f1-bac6-c892922c81f4,200
10.5285/4859dc19-e8e9-4148-8c50-cb2ab16dc696,200
10.5285/65abc40d-e256-414b-8b50-a5569556d1be,200
10.5285/6aeba247-52d1-4e84-949f-603742af40c1,200
10.5285/7af2f732-f8a5-4a87-bcc0-dae54323efd0,200
10.5285/86cd1a60-64f1-4087-a9f1-a3d8a9f8f535,200
10.5285/ca6752ed-3a22-4790-a86d-afadaedda082,200
10.5285/ca6c3507-6e77-42e7-806a-2e0d3b829402,200
10.5286/isis.e.rb2420234-1,200
10.5291/ill-data.1-01-127,200
10.5291/ill-data.1-02-260,200
10.5291/ill-data.1-02-334,200
10.5291/ill-data.3-01-572,200
10.5291/ill-data.3-07-358,200
10.5291/ill-data.3-17-10,200
10.5291/ill-data.4-01-1220,200
10.5291/ill-data.4-01-1385,200
10.5291/ill-data.4-01-1464,200
10.5291/ill-data.4-01-1564,200
10.5291/ill-data.4-01-1759,200
10.5291/ill-data.4-01-1795,200
10.5291/ill-data.4-01-1865,200
10.5291/ill-data.4-04-473,200
10.5291/ill-data.4-04-476,200
10.5291/ill-data.4-04-480,200
10.5291/ill-data.4-04-490,200
10.5291/ill-data.4-04-510,200
10.5291/ill-data.4-04-520,200
10.5291/ill-data.4-05-744,200
10.5291/ill-data.4-05-894,200
10.5291/ill-data.5-11-433,200
10.5291/ill-data.5-15-610,200
10.5291/ill-data.5-15-626,200
10.5291/ill-data.5-24-628,200
10.5291/ill-data.5-24-646,200
10.5291/ill-data.5-26-222,200
10.5291/ill-data.5-31-2304,200
10.5291/ill-data.5-31-2447,200
10.5291/ill-data.5-31-2510,200
10.5291/ill-data.5-31-2656,200
10.5291/ill-data.5-31-2738,200
10.5291/ill-data.5-31-2778,200
10.5291/ill-data.5-32-829,200
10.5291/ill-data.5-32-867,200
10.5291/ill-data.5-32-881,200
10.5291/ill-data.5-32-891,200
10.5291/ill-data.5-32-934,200
10.5291/ill-data.5-32-937,200
10.5291/ill-data.5-41-1207,200
10.5291/ill-data.5-41-1237,200
10.5291/ill-data.5-41-1252,200
10.5291/ill-data.5-41-1274,200
10.5291/ill-data.5-41-1288,200
10.5291/ill-data.5-41-727,200
10.5291/ill-data.5-41-743,200
10.5291/ill-data.5-41-772,200
10.5291/ill-data.5-41-807,200
10.5291/ill-data.5-41-828,200
10.5291/ill-data.5-41-834,200
10.5291/ill-data.5-41-859,200
10.5291/ill-data.5-41-877,200
10.5291/ill-data.5-41-886,200
10.5291/ill-data.5-41-950,200
10.5291/ill-data.5-41-977,200
10.5291/ill-data.5-41-987,200
10.5291/ill-data.5-42-449,200
10.5291/ill-data.5-42-578,200
10.5291/ill-data.5-51-516,200
10.5291/ill-data.5-51-524,200
10.5291/ill-data.5-61-48,200
10.5291/ill-data.6-06-463,200
10.5291/ill-data.6-07-64,200
10.5291/ill-data.7-01-375,200
10.5291/ill-data.7-01-400,200
10.5291/ill-data.7-01-442,200
10.5291/ill-data.7-01-453,200
10.5291/ill-data.7-02-144,200
10.5291/ill-data.7-02-154,200
10.5291/ill-data.8-02-1059,200
10.5291/ill-data.8-03-1033,200
10.5291/ill-data.8-04-687,200
10.5291/ill-data.8-05-424,200
10.5291/ill-data.9-10-1622,200
10.5291/ill-data.9-11-1931,200
10.5291/ill-data.9-12-607,200
10.5291/ill-data.9-12-732,200
10.5291/ill-data.9-13-825,200
10.5291/ill-data.9-13-902,200
10.5291/ill-data.crg-2483,200
10.5291/ill-data.crg-2849,200
10.5291/ill-data.crg-3031,200
10.5291/ill-data.crg-3066,200
10.5291/ill-data.crg-3133,200
10.5291/ill-data.cz-3,200
10.5291/ill-data.dir-155,200
10.5291/ill-data.dir-254,200
10.5291/ill-data.dir-297,200
10.5291/ill-data.dir-299,200
10.5291/ill-data.dir-300,200
10.5291/ill-data.dir-310,200
10.5291/ill-data.dir-321,200
10.5291/ill-data.dir-331,200
10.5291/ill-data.dir-345,200
10.5291/ill-data.dir-379,200
10.5291/ill-data.easy-1081,200
10.5291/ill-data.inter-268,200
10.5291/ill-data.inter-576,200
10.5291/ill-data.inter-577,200
10.5291/ill-data.test-2487,200
10.5291/ill-data.test-2517,200
10.5291/ill-data.test-2550,200
10.5291/ill-data.test-2788,200
10.5291/ill-data.test-2806,200
10.5291/ill-data.test-3084,200
10.5291/ill-data.test-3145,200
10.5291/ill-data.test-3146,200
10.5291/ill-data.test-3251,200
10.5291/ill-data.test-3347,200
10.5291/ill-data.test-3445,200
10.5447/ipk/2021/2,200
10.5447/ipk/2024/6,200
10.5521/forestplots.net/2018_1,200
10.5683/sp3/193lfx,200
10.5683/sp3/dwqywt,200
10.5683/sp3/tb8zck,200
10.57680/asep.0573247,200
10.57680/asep.0576511,200
10.57707/fmi-b2share.85841086f9db46b882d750eaa9e42515,200
10.57707/fmi-b2share.980bc5264c6848859a3ab542a88979f9,200
10.57745/0ifrjt,200
10.57745/2mopsm,200
10.57745/4ut1wb,200
10.57745/5xwyqy,200
10.57745/7ibod6,200
10.57745/8820ms,200
10.57745/9foha0,200
10.57745/9lh8wq,200
10.57745/anlth0,200
10.57745/aqhfaq,200
10.57745/au0jcv,200
10.57745/b13hor,200
10.57745/ciiznb,200
10.57745/ckbogf,200
10.57745/ckh3cq,200
10.57745/d0rqlh,200
10.57745/ed1auu,200
10.57745/ef6w4x,200
10.57745/faw7pp,200
10.57745/fqqpaz,200
10.57745/fwrskn,200
10.57745/gk1fra,200
10.57745/gwt2hj,200
10.57745/h5pwsx,200
10.57745/he9w6i,200
10.57745/hhnupo,200
10.57745/hon8nr,200
10.57745/hrbvnr,200
10.57745/irrmxh,200
10.57745/johhpk,200
10.57745/jpfgoo,200
10.57745/kefl9m,200
10.57745/kvkykp,200
10.57745/lgdtsl,200
10.57745/llhyum,200
10.57745/lnhhbx,200
10.57745/lnurpl,200
10.57745/lzkozb,200
10.57745/mva6mk,200
10.57745/n5eqqe,200
10.57745/ndar64,200
10.57745/nkraib,200
10.57745/npa7jh,200
10.57745/npafz5,200
10.57745/nq9tdu,200
10.57745/nz8vtx,200
10.57745/o6d56h,200
10.57745/ogys1h,200
10.57745/ovblls,200
10.57745/p6bdhz,200
10.57745/p7ulps,200
10.57745/prskg6,200
10.57745/px6rhn,200
10.57745/q0ix6t,200
10.57745/q5nbem,200
10.57745/qcphkx,200
10.57745/rbzhjm,200
10.57745/rl0hws,200
10.57745/rlt3ui,200
10.57745/rnhwne,200
10.57745/ronysg,200
10.57745/rsjryx,200
10.57745/seuhs3,200
10.57745/skbwt0,200
10.57745/skzopj,200
10.57745/sl7zcw,200
10.57745/spjtbk,200
10.57745/swas9c,200
10.57745/t4dnv5,200
10.57745/tfdzqh,200
10.57745/tfetuz,200
10.57745/txqhic,429
10.57745/udnzg1,429
10.57745/uhxj3m,429
10.57745/uj1pio,429
10.57745/ujtqh6,429
10.57745/uo54qa,429
10.57745/ur6ae1,429
10.57745/utouxx,429
10.57745/v8llkm,429
10.57745/vfbwte,429
10.57745/vipkdp,429
10.57745/vnefck,429
10.57745/vsnuld,429
10.57745/vtd13y,429
10.57745/vzsdqs,429
10.57745/wkam5e,429
10.57745/wsxl4i,429
10.57745/wyqxcu,429
10.57745/wyzfbs,429
10.57745/x2wepf,429
10.57745/x95wxs,429
10.57745/yclh0w,429
10.57745/yee6fs,429
10.57745/yjjcli,429
10.57745/ykw8oa,429
10.57745/yojkni,429
10.57745/yvrwar,429
10.57745/z1jgru,200
10.57745/z7qi6r,200
10.57745/zbaon3,200
10.57745/zitjgc,200
10.57745/zogw7v,200
10.57745/zzk9dy,200
10.57758/02ah-hp30,200
10.57758/085n-c520,200
10.57758/4w2j-q131,200
10.57758/74vs-n795,200
10.57758/gpea-sw39,200
10.57758/srp1-p767,200
10.57758/wya1-6c74,200
10.57760/sciencedb.01254,200
10.57760/sciencedb.01299,200
10.57760/sciencedb.01665,200
10.57760/sciencedb.01676,200
10.57760/sciencedb.01854,200
10.57760/sciencedb.07380,200
10.57760/sciencedb.07392,200
10.57760/sciencedb.07476,200
10.57760/sciencedb.11833,200
10.57760/sciencedb.13790,200
10.57760/sciencedb.15039,200
10.57760/sciencedb.15401,200
10.57760/sciencedb.15766,200
10.57760/sciencedb.17720,200
10.57760/sciencedb.18342,200
10.57760/sciencedb.18622,200
10.57760/sciencedb.26336,200
10.57760/sciencedb.27304,200
10.57760/sciencedb.27307,200
10.57760/sciencedb.28408,200
10.57760/sciencedb.28566,200
10.57760/sciencedb.ecodb.00170,200
10.57760/sciencedb.j00104.00075,200
10.57760/sciencedb.j00104.00084,200
10.57760/sciencedb.j00186.00709,200
10.57760/sciencedb.j00196.00011,200
10.57760/sciencedb.o00115.00023,200
10.57760/sciencedb.o00115.00071,200
10.57760/sciencedb.o00115.00073,200
10.57760/sciencedb.o00115.00083,200
10.57760/sciencedb.o00115.00088,200
10.57760/sciencedb.o00115.00097,200
10.57760/sciencedb.psych.00107,200
10.57760/sciencedb.psych.00141,200
10.57760/sciencedb.psych.00285,200
10.57760/sciencedb.psych.00366,200
10.57760/sciencedb.space.01631,200
10.57770/0vwdx3,200
10.57770/9laax7,200
10.57892/100-109,200
10.57903/uj/g6sruc,200
10.57903/uj/iy06g6,200
10.57903/uj/tchdxq,200
10.57903/uj/vc1i41,200
10.58032/agh/uffiun,200
10.58032/agh/wb3067,200
10.58032/agh/zqwfq9,200
10.58126/8c9w-eh29,200
10.5878/002426,200
10.5880/fidgeo.2020.045,200
10.5880/fidgeo.2021.024,200
10.5880/fidgeo.2022.016,200
10.5880/fidgeo.2025.044,200
10.5880/gfz.1.3.2021.003,200
10.5880/gfz.1.3.2022.004,200
10.5880/gfz.2.1.2024.002,200
10.5880/gfz.4.1.2019.001,200
10.5880/gfz.4.1.2019.006,200
10.5880/gfz.4.1.2019.008,200
10.5880/gfz.4.1.2019.009,200
10.5880/gfz.4.1.2022.001,200
10.5880/gfz.4.1.2022.002,200
10.5880/gfz.4.1.2022.003,200
10.5880/gfz.4.1.2023.004,200
10.5880/gfz.rdoq.2025.002,200
10.5880/icgem.2019.006,200
10.5880/intermagnet.1991..2019,200
10.5880/intermagnet.1991.2015,200
10.5880/intermagnet.1991.2016,200
10.5880/intermagnet.1991.2017,200
10.5880/intermagnet.1991.2018,200
10.5880/intermagnet.1991.2019,200
10.5880/intermagnet.1991.2020,200
10.5880/intermagnet.2013,200
10.5880/intermagnet.2014,200
10.5880/isg.2019.006,200
10.6019/s-biad1315,404
10.6019/s-biad1695,404
10.6019/s-biad1839,404
10.6019/s-biad2226,404
10.6019/s-bsst1400,404
10.6019/s-bsst1446,404
10.6019/s-bsst1817,404
10.6019/s-bsst1963,404
10.6019/s-bsst1976,404
10.60534/46qra-6bw98,200
10.6084/m9.figshare.11877615.v1,200
10.6084/m9.figshare.12852036.v3,200
10.6084/m9.figshare.12980840.v1,200
10.6084/m9.figshare.14222489.v1,200
10.6084/m9.figshare.14994546.v1,200
10.6084/m9.figshare.16815569.v2,200
10.6084/m9.figshare.16815572.v2,200
10.6084/m9.figshare.16815575.v2,200
10.6084/m9.figshare.16815578.v2,200
10.6084/m9.figshare.16815581.v2,200
10.6084/m9.figshare.16815587.v2,200
10.6084/m9.figshare.16850419.v2,200
10.6084/m9.figshare.16850419.v3,200
10.6084/m9.figshare.17104023.v2,200
10.6084/m9.figshare.17104029.v2,200
10.6084/m9.figshare.17104032.v2,200
10.6084/m9.figshare.17104035.v2,200
10.6084/m9.figshare.18251876.v2,200
10.6084/m9.figshare.19094172.v1,200
10.6084/m9.figshare.19242079.v1,200
10.6084/m9.figshare.19242085.v1,200
10.6084/m9.figshare.19242088.v1,200
10.6084/m9.figshare.19242094.v1,200
10.6084/m9.figshare.19242100.v1,200
10.6084/m9.figshare.19242106.v1,200
10.6084/m9.figshare.19254661.v1,200
10.6084/m9.figshare.19319594.v2,200
10.6084/m9.figshare.19373449.v1,200
10.6084/m9.figshare.19395772.v1,200
10.6084/m9.figshare.19395778.v1,200
10.6084/m9.figshare.19418664.v1,200
10.6084/m9.figshare.19470467.v1,200
10.6084/m9.figshare.19498090.v1,200
10.6084/m9.figshare.19518437.v1,200
10.6084/m9.figshare.19518443.v1,200
10.6084/m9.figshare.19578901.v2,200
10.6084/m9.figshare.19581894.v1,200
10.6084/m9.figshare.19586869.v1,200
10.6084/m9.figshare.19586875.v1,200
10.6084/m9.figshare.19586881.v1,200
10.6084/m9.figshare.19602445.v1,200
10.6084/m9.figshare.19602448.v1,200
10.6084/m9.figshare.19602451.v1,200
10.6084/m9.figshare.19602454.v1,200
10.6084/m9.figshare.19602457.v1,200
10.6084/m9.figshare.19602460.v1,200
10.6084/m9.figshare.19609518.v1,200
10.6084/m9.figshare.19615624.v1,200
10.6084/m9.figshare.19615633.v1,200
10.6084/m9.figshare.19670032.v1,200
10.6084/m9.figshare.19695582.v1,200
10.6084/m9.figshare.19793159.v1,200
10.6084/m9.figshare.19793162.v1,200
10.6084/m9.figshare.19793165.v1,200
10.6084/m9.figshare.19802635.v1,200
10.6084/m9.figshare.19807994.v1,200
10.6084/m9.figshare.19904512.v1,200
10.6084/m9.figshare.19915375.v1,200
10.6084/m9.figshare.20003371.v1,200
10.6084/m9.figshare.20018045.v1,200
10.6084/m9.figshare.20033139.v1,200
10.6084/m9.figshare.20035634.v1,200
10.6084/m9.figshare.20035637.v1,200
10.6084/m9.figshare.20035640.v1,200
10.6084/m9.figshare.20035643.v1,200
10.6084/m9.figshare.20035646.v1,200
10.6084/m9.figshare.20035649.v1,200
10.6084/m9.figshare.20101922.v2,200
10.6084/m9.figshare.20101922.v3,200
10.6084/m9.figshare.20101949.v7,200
10.6084/m9.figshare.20254659.v2,200
10.6084/m9.figshare.20282209.v1,200
10.6084/m9.figshare.20296333.v1,200
10.6084/m9.figshare.20341680.v1,200
10.6084/m9.figshare.20341683.v1,200
10.6084/m9.figshare.20341686.v1,200
10.6084/m9.figshare.20408473.v1,200
10.6084/m9.figshare.20484741.v1,200
10.6084/m9.figshare.20510598.v2,200
10.6084/m9.figshare.20510598.v3,200
10.6084/m9.figshare.20730595.v2,200
10.6084/m9.figshare.21009561.v1,200
10.6084/m9.figshare.21077594.v1,200
10.6084/m9.figshare.21117350.v1,200
10.6084/m9.figshare.21117362.v1,200
10.6084/m9.figshare.21175738.v1,200
10.6084/m9.figshare.21175744.v1,200
10.6084/m9.figshare.21175759.v1,200
10.6084/m9.figshare.21175765.v1,200
10.6084/m9.figshare.21175774.v1,200
10.6084/m9.figshare.22688636.v1,200
10.6084/m9.figshare.24131367.v2,200
10.6084/m9.figshare.6969497.v2,200
10.6084/m9.figshare.7937132.v2,200
10.6084/m9.figshare.c.2025452.v1,200
10.6084/m9.figshare.c.4262174.v2,200
10.6084/m9.figshare.c.4872576.v1,200
10.6084/m9.figshare.c.4896627.v1,200
10.6084/m9.figshare.c.4944297.v1,200
10.6084/m9.figshare.c.5003810.v1,200
10.6084/m9.figshare.c.5049298.v1,200
10.6084/m9.figshare.c.5051325.v1,200
10.6084/m9.figshare.c.5063837.v1,200
10.6084/m9.figshare.c.5098077.v1,200
10.6084/m9.figshare.c.5134157.v1,200
10.6084/m9.figshare.c.5174146.v1,200
10.6084/m9.figshare.c.5186276.v1,200
10.6084/m9.figshare.c.5186458.v1,200
10.6084/m9.figshare.c.5209532.v1,200
10.6084/m9.figshare.c.5227070.v1,200
10.6084/m9.figshare.c.5245979.v1,200
10.6084/m9.figshare.c.5261497.v1,200
10.6084/m9.figshare.c.5265220.v1,200
10.6084/m9.figshare.c.5274486.v1,200
10.6084/m9.figshare.c.5399421.v1,200
10.6084/m9.figshare.c.5403056.v1,200
10.6084/m9.figshare.c.5413891.v1,200
10.6084/m9.figshare.c.5449871.v1,200
10.6084/m9.figshare.c.5663528.v2,200
10.6084/m9.figshare.c.5730804.v2,200
10.6084/m9.figshare.c.5735534.v1,200
10.6084/m9.figshare.c.5778019.v1,200
10.6084/m9.figshare.c.5817498.v1,200
10.6084/m9.figshare.c.5837529.v2,200
10.6084/m9.figshare.c.5863993.v1,200
10.6084/m9.figshare.c.5868211.v1,200
10.6084/m9.figshare.c.5872943.v1,200
10.6084/m9.figshare.c.5900533.v1,200
10.6084/m9.figshare.c.5905161.v1,200
10.6084/m9.figshare.c.5908213.v1,200
10.6084/m9.figshare.c.5912044.v1,200
10.6084/m9.figshare.c.5914974.v1,200
10.6084/m9.figshare.c.5919311.v1,200
10.6084/m9.figshare.c.5919401.v1,200
10.6084/m9.figshare.c.5923208.v1,200
10.6084/m9.figshare.c.5927467.v1,200
10.6084/m9.figshare.c.5927529.v1,200
10.6084/m9.figshare.c.5928121.v1,200
10.6084/m9.figshare.c.5931041.v1,200
10.6084/m9.figshare.c.5937438.v1,200
10.6084/m9.figshare.c.5942931.v1,200
10.6084/m9.figshare.c.5944552.v1,200
10.6084/m9.figshare.c.5949334.v1,200
10.6084/m9.figshare.c.5951229.v1,200
10.6084/m9.figshare.c.5951844.v1,200
10.6084/m9.figshare.c.5953852.v1,200
10.6084/m9.figshare.c.5968594.v1,200
10.6084/m9.figshare.c.5976006.v1,200
10.6084/m9.figshare.c.5980339.v1,200
10.6084/m9.figshare.c.5992256.v1,200
10.6084/m9.figshare.c.5993888.v1,200
10.6084/m9.figshare.c.5995626.v1,200
10.6084/m9.figshare.c.5999649.v1,200
10.6084/m9.figshare.c.6001864.v1,200
10.6084/m9.figshare.c.6004052.v1,200
10.6084/m9.figshare.c.6004076.v1,200
10.6084/m9.figshare.c.6006114.v1,200
10.6084/m9.figshare.c.6006457.v1,200
10.6084/m9.figshare.c.6007721.v1,200
10.6084/m9.figshare.c.6018486.v1,200
10.6084/m9.figshare.c.6018502.v1,200
10.6084/m9.figshare.c.6023718.v1,200
10.6084/m9.figshare.c.6031756.v1,200
10.6084/m9.figshare.c.6033685.v1,200
10.6084/m9.figshare.c.6037203.v1,200
10.6084/m9.figshare.c.6037946.v1,200
10.6084/m9.figshare.c.6040098.v1,200
10.6084/m9.figshare.c.6050776.v1,200
10.6084/m9.figshare.c.6060395.v2,200
10.6084/m9.figshare.c.6068033.v1,200
10.6084/m9.figshare.c.6070258.v3,200
10.6084/m9.figshare.c.6072612.v1,200
10.6084/m9.figshare.c.6089047.v1,200
10.6084/m9.figshare.c.6092071.v1,200
10.6084/m9.figshare.c.6096199.v1,200
10.6084/m9.figshare.c.6103083.v1,200
10.6084/m9.figshare.c.6125545.v1,200
10.6084/m9.figshare.c.6129619.v1,200
10.6084/m9.figshare.c.6131667.v2,200
10.6084/m9.figshare.c.6133599.v1,200
10.6084/m9.figshare.c.6135277.v1,200
10.6084/m9.figshare.c.6135315.v1,200
10.6084/m9.figshare.c.6140440.v1,200
10.6084/m9.figshare.c.6145394.v1,200
10.6084/m9.figshare.c.6146679.v1,200
10.6084/m9.figshare.c.6157734.v1,200
10.6084/m9.figshare.c.6160350.v1,200
10.6084/m9.figshare.c.6161068.v1,200
10.6084/m9.figshare.c.6172346.v1,200
10.6084/m9.figshare.c.6172466.v1,200
10.6084/m9.figshare.c.6184902.v1,200
10.6084/m9.figshare.c.6191405.v1,200
10.6084/m9.figshare.c.6191444.v1,200
10.6084/m9.figshare.c.6191728.v1,200
10.6084/m9.figshare.c.6198305.v1,200
10.6084/m9.figshare.c.6198401.v1,200
10.6084/m9.figshare.c.6208981.v1,200
10.6084/m9.figshare.c.6210449.v1,200
10.6084/m9.figshare.c.6218354.v2,200
10.6084/m9.figshare.c.6222987.v1,200
10.6084/m9.figshare.c.6225449.v1,200
10.6084/m9.figshare.c.6235067.v1,200
10.6084/m9.figshare.c.6238866.v1,200
10.6084/m9.figshare.c.6256794.v1,200
10.6084/m9.figshare.c.6256842.v1,200
10.6084/m9.figshare.c.6261311.v1,200
10.6084/m9.figshare.c.6261502.v1,200
10.6084/m9.figshare.c.6267068.v1,200
10.6084/m9.figshare.c.6271279.v1,200
10.6084/m9.figshare.c.6272347.v1,200
10.6084/m9.figshare.c.6289177.v1,200
10.6084/m9.figshare.c.6299890.v1,200
10.6084/m9.figshare.c.6306286.v1,200
10.6084/m9.figshare.c.6317120.v1,200
10.6084/m9.figshare.c.6317439.v1,200
10.6084/m9.figshare.c.6319614.v1,200
10.6084/m9.figshare.c.6388824.v2,200
10.6084/m9.figshare.c.6575198.v1,200
10.6084/m9.figshare.c.6575912.v1,200
10.6084/m9.figshare.c.6576979.v1,200
10.6084/m9.figshare.c.6577006.v1,200
10.6084/m9.figshare.c.6577238.v1,200
10.6084/m9.figshare.c.6577337.v1,200
10.6084/m9.figshare.c.6579182.v1,200
10.6084/m9.figshare.c.6579350.v1,200
10.6084/m9.figshare.c.6580484.v1,200
10.6084/m9.figshare.c.6580580.v1,200
10.6084/m9.figshare.c.6581221.v1,200
10.6084/m9.figshare.c.6582254.v1,200
10.6084/m9.figshare.c.6582292.v1,200
10.6084/m9.figshare.c.6582892.v1,200
10.6084/m9.figshare.c.6582923.v1,200
10.6084/m9.figshare.c.6583015.v1,200
10.6084/m9.figshare.c.6583094.v1,200
10.6084/m9.figshare.c.6583742.v1,200
10.6084/m9.figshare.c.6585058.v1,200
10.6084/m9.figshare.c.6585379.v1,200
10.6084/m9.figshare.c.6585428.v1,200
10.6084/m9.figshare.c.6585476.v1,200
10.6084/m9.figshare.c.6585701.v1,200
10.6084/m9.figshare.c.6585787.v1,200
10.6084/m9.figshare.c.6586648.v1,200
10.6084/m9.figshare.c.6586691.v1,200
10.6084/m9.figshare.c.6586918.v1,200
10.6084/m9.figshare.c.6588182.v1,200
10.6084/m9.figshare.c.6588328.v1,200
10.6084/m9.figshare.c.6588418.v1,200
10.6084/m9.figshare.c.6588419.v1,200
10.6084/m9.figshare.c.6588620.v1,200
10.6084/m9.figshare.c.6590218.v1,200
10.6084/m9.figshare.c.6590365.v1,200
10.6084/m9.figshare.c.6591394.v1,200
10.6084/m9.figshare.c.6591583.v1,200
10.6084/m9.figshare.c.6592046.v1,200
10.6084/m9.figshare.c.6592459.v1,200
10.6084/m9.figshare.c.6593432.v1,200
10.6084/m9.figshare.c.6593519.v1,200
10.6084/m9.figshare.c.6593980.v1,200
10.6084/m9.figshare.c.6596083.v1,200
10.6084/m9.figshare.c.6596173.v1,200
10.6084/m9.figshare.c.6596378.v1,200
10.6084/m9.figshare.c.6596467.v1,200
10.6084/m9.figshare.c.6597013.v1,200
10.6084/m9.figshare.c.6597046.v1,200
10.6084/m9.figshare.c.6598329.v1,200
10.6084/m9.figshare.c.6604309.v1,200
10.6084/m9.figshare.c.6606155.v1,200
10.6084/m9.figshare.c.6607848.v1,200
10.6084/m9.figshare.c.6607919.v1,200
10.6084/m9.figshare.c.6612230.v1,200
10.6084/m9.figshare.c.6614957.v1,200
10.6084/m9.figshare.c.6615092.v1,200
10.6084/m9.figshare.c.6615102.v1,200
10.6084/m9.figshare.c.6616803.v1,200
10.6084/m9.figshare.c.6621385.v1,200
10.6084/m9.figshare.c.6626097.v1,200
10.6084/m9.figshare.c.6629419.v1,200
10.6084/m9.figshare.c.6631736.v1,200
10.6084/m9.figshare.c.6631817.v1,200
10.6084/m9.figshare.c.6638321.v1,200
10.6084/m9.figshare.c.6642822.v1,200
10.6084/m9.figshare.c.6645333.v1,200
10.6084/m9.figshare.c.6650182.v1,200
10.6084/m9.figshare.c.6661465.v1,200
10.6084/m9.figshare.c.6663397.v1,200
10.6084/m9.figshare.c.6669663.v1,200
10.6084/m9.figshare.c.6669738.v1,200
10.6084/m9.figshare.c.6673618.v1,200
10.6084/m9.figshare.c.6673724.v4,200
10.6084/m9.figshare.c.6673915.v1,200
10.6084/m9.figshare.c.6674073.v1,200
10.6084/m9.figshare.c.6683881.v1,200
10.6084/m9.figshare.c.6683890.v1,200
10.6084/m9.figshare.c.6685749.v1,200
10.6084/m9.figshare.c.6687873.v1,200
10.6084/m9.figshare.c.6688081.v1,200
10.6084/m9.figshare.c.6689974.v1,200
10.6084/m9.figshare.c.6690909.v1,429
10.6084/m9.figshare.c.6692662.v1,429
10.6084/m9.figshare.c.6692931.v1,429
10.6084/m9.figshare.c.6699194.v1,429
10.6084/m9.figshare.c.6699298.v1,429
10.6084/m9.figshare.c.6699355.v1,429
10.6084/m9.figshare.c.6705667.v1,429
10.6084/m9.figshare.c.6711811.v1,429
10.6084/m9.figshare.c.6711871.v1,429
10.6084/m9.figshare.c.6714654.v1,429
10.6084/m9.figshare.c.6718575.v1,200
10.6084/m9.figshare.c.6728458.v1,200
10.6084/m9.figshare.c.6728494.v1,200
10.6084/m9.figshare.c.6732748.v1,200
10.6084/m9.figshare.c.6735464.v1,200
10.6084/m9.figshare.c.6737433.v1,200
10.6084/m9.figshare.c.6743525.v1,200
10.6084/m9.figshare.c.6750903.v1,200
10.6084/m9.figshare.c.6752989.v1,200
10.6084/m9.figshare.c.6756018.v1,200
10.6084/m9.figshare.c.6765670.v1,200
10.6084/m9.figshare.c.6765736.v1,200
10.6084/m9.figshare.c.6768632.v1,200
10.6084/m9.figshare.c.6768681.v1,200
10.6084/m9.figshare.c.6770757.v1,200
10.6084/m9.figshare.c.6778873.v1,200
10.6084/m9.figshare.c.6780806.v1,200
10.6084/m9.figshare.c.6783058.v1,200
10.6084/m9.figshare.c.6785236.v1,200
10.6084/m9.figshare.c.6785308.v1,200
10.6084/m9.figshare.c.6787031.v1,200
10.6084/m9.figshare.c.6787408.v1,200
10.6084/m9.figshare.c.6787450.v1,200
10.6084/m9.figshare.c.6787807.v1,200
10.6084/m9.figshare.c.6792969.v1,200
10.6084/m9.figshare.c.6799406.v1,200
10.6084/m9.figshare.c.6802786.v1,200
10.6084/m9.figshare.c.6804718.v1,200
10.6084/m9.figshare.c.6806176.v1,200
10.6084/m9.figshare.c.6806308.v1,200
10.6084/m9.figshare.c.6808692.v1,200
10.6084/m9.figshare.c.6815738.v1,200
10.6084/m9.figshare.c.6822094.v1,200
10.6084/m9.figshare.c.6827197.v1,200
10.6084/m9.figshare.c.6830045.v1,200
10.6084/m9.figshare.c.6830133.v1,200
10.6084/m9.figshare.c.6832110.v1,200
10.6084/m9.figshare.c.6847082.v1,200
10.6084/m9.figshare.c.6847136.v1,200
10.6084/m9.figshare.c.6851848.v1,200
10.6084/m9.figshare.c.6853696.v1,200
10.6084/m9.figshare.c.6868266.v1,200
10.6084/m9.figshare.c.6868296.v1,200
10.6084/m9.figshare.c.6869925.v1,200
10.6084/m9.figshare.c.6869928.v1,200
10.6084/m9.figshare.c.6870567.v1,200
10.6084/m9.figshare.c.6870635.v1,200
10.6084/m9.figshare.c.6872952.v1,200
10.6084/m9.figshare.c.6872963.v1,200
10.6084/m9.figshare.c.6876795.v1,200
10.6084/m9.figshare.c.6889678.v1,200
10.6084/m9.figshare.c.6892116.v1,200
10.6084/m9.figshare.c.6896268.v1,200
10.6084/m9.figshare.c.6903195.v1,200
10.6084/m9.figshare.c.6910211.v1,200
10.6084/m9.figshare.c.6910286.v1,200
10.6084/m9.figshare.c.6914293.v1,200
10.6084/m9.figshare.c.6917208.v1,200
10.6084/m9.figshare.c.6917248.v1,200
10.6084/m9.figshare.c.6917421.v1,200
10.6084/m9.figshare.c.6923788.v1,200
10.6084/m9.figshare.c.6925570.v1,200
10.6084/m9.figshare.c.6926742.v1,200
10.6084/m9.figshare.c.6930944.v1,200
10.6084/m9.figshare.c.6932916.v1,200
10.6084/m9.figshare.c.6937165.v1,200
10.6084/m9.figshare.c.6937279.v1,200
10.6084/m9.figshare.c.6945619.v1,200
10.6084/m9.figshare.c.6948664.v1,200
10.6084/m9.figshare.c.6957969.v1,200
10.6084/m9.figshare.c.6958017.v1,200
10.6084/m9.figshare.c.6962539.v1,200
10.6084/m9.figshare.c.6965038.v1,200
10.6084/m9.figshare.c.6969294.v1,200
10.6084/m9.figshare.c.6982052.v1,200
10.6084/m9.figshare.c.6982167.v1,200
10.6084/m9.figshare.c.6982251.v1,200
10.6084/m9.figshare.c.6987600.v1,200
10.6084/m9.figshare.c.6989488.v1,200
10.6084/m9.figshare.c.6996025.v1,200
10.6084/m9.figshare.c.7004914.v1,200
10.6084/m9.figshare.c.7017686.v1,200
10.6084/m9.figshare.c.7024740.v1,200
10.6084/m9.figshare.c.7031119.v1,200
10.6084/m9.figshare.c.7038268.v1,200
10.6084/m9.figshare.c.7040196.v1,200
10.6084/m9.figshare.c.7040264.v1,200
10.6084/m9.figshare.c.7042365.v1,200
10.6084/m9.figshare.c.7042406.v1,200
10.6084/m9.figshare.c.7044316.v1,200
10.6084/m9.figshare.c.7044327.v1,200
10.6084/m9.figshare.c.7044367.v1,200
10.6084/m9.figshare.c.7045889.v1,200
10.6084/m9.figshare.c.7049021.v1,200
10.6084/m9.figshare.c.7049258.v1,200
10.6084/m9.figshare.c.7050793.v1,200
10.6084/m9.figshare.c.7050878.v1,200
10.6084/m9.figshare.c.7057817.v1,200
10.6084/m9.figshare.c.7057954.v1,200
10.6084/m9.figshare.c.7058489.v1,200
10.6084/m9.figshare.c.7062807.v1,200
10.6084/m9.figshare.c.7062853.v1,200
10.6084/m9.figshare.c.7075180.v1,200
10.6084/m9.figshare.c.7075282.v1,200
10.6084/m9.figshare.c.7077458.v1,200
10.6084/m9.figshare.c.7079010.v1,200
10.6084/m9.figshare.c.7079043.v1,200
10.6084/m9.figshare.c.7095033.v1,200
10.6084/m9.figshare.c.7095195.v1,200
10.6084/m9.figshare.c.7101881.v1,200
10.6084/m9.figshare.c.7111557.v1,200
10.6084/m9.figshare.c.7111734.v1,200
10.6084/m9.figshare.c.7120489.v1,200
10.6084/m9.figshare.c.7125138.v1,200
10.6084/m9.figshare.c.7127939.v1,200
10.6084/m9.figshare.c.7129691.v1,200
10.6084/m9.figshare.c.7146490.v1,200
10.6084/m9.figshare.c.7149681.v1,200
10.6084/m9.figshare.c.7151756.v1,200
10.6084/m9.figshare.c.7151981.v1,200
10.6084/m9.figshare.c.7153870.v1,200
10.6084/m9.figshare.c.7153992.v1,200
10.6084/m9.figshare.c.7158337.v1,200
10.6084/m9.figshare.c.7161562.v1,200
10.6084/m9.figshare.c.7163791.v1,200
10.6084/m9.figshare.c.7163838.v1,200
10.6084/m9.figshare.c.7173613.v1,200
10.6084/m9.figshare.c.7173677.v1,200
10.6084/m9.figshare.c.7173734.v1,200
10.6084/m9.figshare.c.7178144.v1,200
10.6084/m9.figshare.c.7179807.v1,200
10.6084/m9.figshare.c.7179893.v1,200
10.6084/m9.figshare.c.7185544.v1,200
10.6084/m9.figshare.c.7185629.v1,200
10.6084/m9.figshare.c.7190610.v1,200
10.6084/m9.figshare.c.7190658.v1,200
10.6084/m9.figshare.c.7196998.v1,200
10.6084/m9.figshare.c.7206670.v1,200
10.6084/m9.figshare.c.7206675.v1,200
10.6084/m9.figshare.c.7206714.v1,200
10.6084/m9.figshare.c.7215679.v1,200
10.6084/m9.figshare.c.7215790.v1,200
10.6084/m9.figshare.c.7217364.v1,200
10.6084/m9.figshare.c.7217385.v1,200
10.6084/m9.figshare.c.7220350.v1,200
10.6084/m9.figshare.c.7220407.v1,200
10.6084/m9.figshare.c.7221971.v1,200
10.6084/m9.figshare.c.7224481.v1,200
10.6084/m9.figshare.c.7226433.v1,200
10.6084/m9.figshare.c.7232058.v1,200
10.6084/m9.figshare.c.7232063.v1,200
10.6084/m9.figshare.c.7234354.v1,200
10.6084/m9.figshare.c.7236629.v1,200
10.6084/m9.figshare.c.7240885.v1,200
10.6084/m9.figshare.c.7240904.v1,200
10.6084/m9.figshare.c.7248867.v1,200
10.6084/m9.figshare.c.7252908.v1,200
10.6084/m9.figshare.c.7253522.v1,200
10.6084/m9.figshare.c.7259180.v1,200
10.6084/m9.figshare.c.7259273.v1,200
10.6084/m9.figshare.c.7264690.v1,200
10.6084/m9.figshare.c.7265238.v1,200
10.6084/m9.figshare.c.7265262.v1,200
10.6084/m9.figshare.c.7267394.v1,200
10.6084/m9.figshare.c.7275861.v1,200
10.6084/m9.figshare.c.7276979.v1,200
10.6084/m9.figshare.c.7278936.v1,200
10.6084/m9.figshare.c.7279053.v1,200
10.6084/m9.figshare.c.7281082.v1,200
10.6084/m9.figshare.c.7283321.v1,200
10.6084/m9.figshare.c.7283351.v1,200
10.6084/m9.figshare.c.7292241.v1,200
10.6084/m9.figshare.c.7295760.v1,200
10.6084/m9.figshare.c.7295790.v1,200
10.6084/m9.figshare.c.7297436.v1,200
10.6084/m9.figshare.c.7300284.v1,200
10.6084/m9.figshare.c.7300378.v1,200
10.6084/m9.figshare.c.7302260.v1,200
10.6084/m9.figshare.c.7307920.v1,200
10.6084/m9.figshare.c.7307956.v1,200
10.6084/m9.figshare.c.7315053.v1,200
10.6084/m9.figshare.c.7316543.v1,200
10.6084/m9.figshare.c.7316568.v1,200
10.6084/m9.figshare.c.7318301.v1,200
10.6084/m9.figshare.c.7321439.v1,200
10.6084/m9.figshare.c.7323223.v1,200
10.6084/m9.figshare.c.7323343.v1,200
10.6084/m9.figshare.c.7323376.v1,200
10.6084/m9.figshare.c.7354500.v1,200
10.6084/m9.figshare.c.7354518.v1,200
10.6084/m9.figshare.c.7358034.v1,200
10.6084/m9.figshare.c.7358677.v1,200
10.6084/m9.figshare.c.7358724.v1,200
10.6084/m9.figshare.c.7363159.v1,200
10.6084/m9.figshare.c.7372004.v1,200
10.6084/m9.figshare.c.7372060.v1,200
10.6084/m9.figshare.c.7372069.v1,200
10.6084/m9.figshare.c.7388916.v1,200
10.6084/m9.figshare.c.7392784.v1,200
10.6084/m9.figshare.c.7392838.v1,200
10.6084/m9.figshare.c.7396941.v1,200
10.6084/m9.figshare.c.7400719.v1,200
10.6084/m9.figshare.c.7409075.v1,200
10.6084/m9.figshare.c.7415533.v1,200
10.6084/m9.figshare.c.7417131.v1,200
10.6084/m9.figshare.c.7419957.v1,200
10.6084/m9.figshare.c.7434060.v1,200
10.6084/m9.figshare.c.7434447.v1,200
10.6084/m9.figshare.c.7436194.v1,200
10.6084/m9.figshare.c.7438124.v1,200
10.6084/m9.figshare.c.7440450.v1,200
10.6084/m9.figshare.c.7454204.v1,200
10.6084/m9.figshare.c.7470317.v1,200
10.6084/m9.figshare.c.7476183.v1,200
10.6084/m9.figshare.c.7476213.v1,200
10.6084/m9.figshare.c.7485527.v1,200
10.6084/m9.figshare.c.7491043.v1,200
10.6084/m9.figshare.c.7499121.v1,200
10.6084/m9.figshare.c.7503929.v1,200
10.6084/m9.figshare.c.7511475.v1,200
10.6084/m9.figshare.c.7512345.v1,200
10.6084/m9.figshare.c.7514541.v1,200
10.6084/m9.figshare.c.7521716.v1,200
10.6084/m9.figshare.c.7524591.v1,200
10.6084/m9.figshare.c.7526356.v1,200
10.6084/m9.figshare.c.7526422.v1,200
10.6084/m9.figshare.c.7526452.v1,200
10.6084/m9.figshare.c.7538892.v1,200
10.6084/m9.figshare.c.7540851.v1,200
10.6084/m9.figshare.c.7543884.v1,200
10.6084/m9.figshare.c.7563934.v1,200
10.6084/m9.figshare.c.7573461.v1,200
10.6084/m9.figshare.c.7591089.v1,200
10.6084/m9.figshare.c.7591224.v1,200
10.6084/m9.figshare.c.7591263.v1,200
10.6084/m9.figshare.c.7591303.v1,200
10.6084/m9.figshare.c.7591332.v1,200
10.6084/m9.figshare.c.7595338.v1,200
10.6084/m9.figshare.c.7595372.v1,200
10.6084/m9.figshare.c.7595498.v1,200
10.6084/m9.figshare.c.7599457.v1,200
10.6084/m9.figshare.c.7615430.v1,200
10.6084/m9.figshare.c.7615573.v1,200
10.6084/m9.figshare.c.7621606.v1,200
10.6084/m9.figshare.c.7622696.v1,200
10.6084/m9.figshare.c.7638804.v1,200
10.6084/m9.figshare.c.7640687.v1,200
10.6084/m9.figshare.c.7646057.v1,200
10.6084/m9.figshare.c.7647807.v1,200
10.6084/m9.figshare.c.7649648.v1,200
10.6084/m9.figshare.c.7658291.v1,200
10.6084/m9.figshare.c.7677522.v1,200
10.6084/m9.figshare.c.7683203.v1,200
10.6084/m9.figshare.c.7685815.v1,200
10.6084/m9.figshare.c.7690539.v1,200
10.6084/m9.figshare.c.7704094.v1,200
10.6084/m9.figshare.c.7704113.v1,200
10.6084/m9.figshare.c.7709857.v1,200
10.6084/m9.figshare.c.7714960.v1,200
10.6084/m9.figshare.c.7720839.v1,200
10.6084/m9.figshare.c.7725942.v1,200
10.6084/m9.figshare.c.7726012.v1,200
10.6084/m9.figshare.c.7728320.v1,200
10.6084/m9.figshare.c.7728374.v1,200
10.6084/m9.figshare.c.7728409.v1,200
10.6084/m9.figshare.c.7732283.v1,200
10.6084/m9.figshare.c.7737750.v1,200
10.6084/m9.figshare.c.7740082.v1,200
10.6084/m9.figshare.c.7743803.v1,200
10.6084/m9.figshare.c.7743869.v1,200
10.6084/m9.figshare.c.7751467.v1,200
10.6084/m9.figshare.c.7760601.v1,200
10.6084/m9.figshare.c.7762785.v1,200
10.6084/m9.figshare.c.7764683.v1,200
10.6084/m9.figshare.c.7764785.v1,200
10.6084/m9.figshare.c.7766437.v1,200
10.6084/m9.figshare.c.7767005.v1,200
10.6084/m9.figshare.c.7771556.v1,200
10.6084/m9.figshare.c.7773833.v1,200
10.6084/m9.figshare.c.7792117.v1,200
10.6084/m9.figshare.c.7798513.v1,200
10.6084/m9.figshare.c.7800448.v1,200
10.6084/m9.figshare.c.7801480.v1,200
10.6084/m9.figshare.c.7806951.v1,200
10.6084/m9.figshare.c.7807002.v1,200
10.6084/m9.figshare.c.7811324.v1,200
10.6084/m9.figshare.c.7811402.v1,200
10.6084/m9.figshare.c.7823284.v1,200
10.6084/m9.figshare.c.7823308.v1,200
10.6084/m9.figshare.c.7828330.v1,200
10.6084/m9.figshare.c.7840765.v1,200
10.6084/m9.figshare.c.7843038.v1,200
10.6084/m9.figshare.c.7844991.v1,200
10.6084/m9.figshare.c.7847355.v1,200
10.6084/m9.figshare.c.7847391.v1,200
10.6084/m9.figshare.c.7849927.v1,200
10.6084/m9.figshare.c.7853394.v1,200
10.6084/m9.figshare.c.7855819.v1,200
10.6084/m9.figshare.c.7864165.v1,200
10.6084/m9.figshare.c.7870957.v1,200
10.6084/m9.figshare.c.7875678.v1,200
10.6084/m9.figshare.c.7875701.v1,200
10.6084/m9.figshare.c.7880704.v1,200
10.6084/m9.figshare.c.7885117.v1,200
10.6084/m9.figshare.c.7886958.v1,200
10.6084/m9.figshare.c.7905949.v1,200
10.6084/m9.figshare.c.7906034.v1,200
10.6084/m9.figshare.c.7906162.v1,200
10.6084/m9.figshare.c.7906234.v1,200
10.6084/m9.figshare.c.7922322.v1,200
10.6084/m9.figshare.c.7924433.v1,429
10.6084/m9.figshare.c.7924484.v1,429
10.6084/m9.figshare.c.7940448.v1,429
10.6084/m9.figshare.c.7945172.v1,429
10.6084/m9.figshare.c.7945178.v1,429
10.6084/m9.figshare.c.7953063.v1,429
10.6084/m9.figshare.c.7963205.v1,429
10.6084/m9.figshare.c.7971655.v1,429
10.6084/m9.figshare.c.7971703.v1,429
10.6084/m9.figshare.c.7976865.v1,429
10.6084/m9.figshare.c.7985068.v1,429
10.6084/m9.figshare.c.7994586.v1,429
10.6084/m9.figshare.c.7996549.v1,429
10.6084/m9.figshare.c.7997290.v1,429
10.6084/m9.figshare.c.8009479.v1,429
10.6092/unibo/amsacta/5691,429
10.7802/1564,429
10.7804/cses.module2.2007-06-27,429
10.7804/cses.module2.2015-12-15,429
10.7804/cses.module3.2013-03-27,429
10.7804/cses.module3.2015-12-15,200
10.7804/cses.module4.2018-05-29,200
10.7804/cses.module5.2023-07-25,200
10.7804/cses.trendfile.2016-05-31,200
10.7910/dvn/1ckyuv,200
10.7910/dvn/1ekmtz,200
10.7910/dvn/1jgjqs,200
10.7910/dvn/24060,200
10.7910/dvn/3o48cu,200
10.7910/dvn/3o48cu/2402sj,200
10.7910/dvn/3o48cu/2ntzz2,200
10.7910/dvn/3o48cu/40v3qv,200
10.7910/dvn/3o48cu/4dok5g,200
10.7910/dvn/3o48cu/66johf,200
10.7910/dvn/3o48cu/8dvpr5,200
10.7910/dvn/3o48cu/9ikcnm,200
10.7910/dvn/3o48cu/9o1ipw,200
10.7910/dvn/3o48cu/a7ktyk,200
10.7910/dvn/3o48cu/anzbq8,200
10.7910/dvn/3o48cu/aosucu,200
10.7910/dvn/3o48cu/aqusdx,200
10.7910/dvn/3o48cu/atwwju,200
10.7910/dvn/3o48cu/axuezh,200
10.7910/dvn/3o48cu/bcmfzv,200
10.7910/dvn/3o48cu/bq5a8s,200
10.7910/dvn/3o48cu/canluu,200
10.7910/dvn/3o48cu/fhspfn,200
10.7910/dvn/3o48cu/fixatq,200
10.7910/dvn/3o48cu/fymfyd,200
10.7910/dvn/3o48cu/gq1byy,200
10.7910/dvn/3o48cu/ikcndb,200
10.7910/dvn/3o48cu/jaeifw,200
10.7910/dvn/3o48cu/jnszsn,200
10.7910/dvn/3o48cu/qpj9yj,200
10.7910/dvn/3o48cu/qxl1e3,200
10.7910/dvn/3o48cu/r8f8r6,200
10.7910/dvn/3o48cu/ufhhp9,200
10.7910/dvn/3o48cu/vcjk12,200
10.7910/dvn/3o48cu/vhophn,200
10.7910/dvn/3o48cu/ytdjlz,200
10.7910/dvn/3sdivl,200
10.7910/dvn/4loph6,200
10.7910/dvn/4rdia0,200
10.7910/dvn/4uoaz3,200
10.7910/dvn/5de1lc,200
10.7910/dvn/7fq0vu,200
10.7910/dvn/7uzogc,200
10.7910/dvn/8pdogj,200
10.7910/dvn/ablbeg,200
10.7910/dvn/agl1pn,200
10.7910/dvn/aq2p12,200
10.7910/dvn/argmz9,200
10.7910/dvn/argmz9/pkqgiv,200
10.7910/dvn/as34me,200
10.7910/dvn/bakget,200
10.7910/dvn/bh8re8,200
10.7910/dvn/bh8re8/bxoeq9,200
10.7910/dvn/bh8re8/c8dhcw,200
10.7910/dvn/bh8re8/fgiwid,200
10.7910/dvn/bh8re8/gjgg8h,200
10.7910/dvn/bh8re8/gvf7le,200
10.7910/dvn/bh8re8/o1xczp,200
10.7910/dvn/bh8re8/ojiz1n,200
10.7910/dvn/bhjaed,200
10.7910/dvn/bjueuo,200
10.7910/dvn/bjueuo/oe2jm5,200
10.7910/dvn/bjueuo/rguwah,200
10.7910/dvn/bjueuo/ri1wjn,200
10.7910/dvn/btpaiy,200
10.7910/dvn/cgtvi4,200
10.7910/dvn/cmk05f,200
10.7910/dvn/cmk05f/3hmbus,200
10.7910/dvn/cmk05f/zvb1ik,200
10.7910/dvn/cxq8v1,200
10.7910/dvn/djw9ay,200
10.7910/dvn/dmfbdf,200
10.7910/dvn/duc9df,200
10.7910/dvn/dz5iax,200
10.7910/dvn/e8pzbl,200
10.7910/dvn/ectw8i,200
10.7910/dvn/ed1jed,200
10.7910/dvn/ehcbdo,200
10.7910/dvn/etwvpg,200
10.7910/dvn/ezg2st,200
10.7910/dvn/f4xnuo,200
10.7910/dvn/fblbw9,200
10.7910/dvn/fd0rys,200
10.7910/dvn/fd0rys/fcwrdh,200
10.7910/dvn/fd0rys/oxacua,200
10.7910/dvn/fd0rys/tqnwm8,200
10.7910/dvn/ffhaqu,200
10.7910/dvn/fg5av5,200
10.7910/dvn/fgyjts,200
10.7910/dvn/fgyjts/13ajvz,200
10.7910/dvn/fgyjts/1uqysm,200
10.7910/dvn/fgyjts/1wfdte,200
10.7910/dvn/fgyjts/2bcwp8,200
10.7910/dvn/fgyjts/2fnekh,200
10.7910/dvn/fgyjts/2wclvr,200
10.7910/dvn/fgyjts/4zpl3a,200
10.7910/dvn/fgyjts/5pvu4e,200
10.7910/dvn/fgyjts/7ggyhr,200
10.7910/dvn/fgyjts/7mo45k,200
10.7910/dvn/fgyjts/8p41hn,200
10.7910/dvn/fgyjts/afkybb,200
10.7910/dvn/fgyjts/b2oeyq,200
10.7910/dvn/fgyjts/bejjkd,200
10.7910/dvn/fgyjts/bievv6,200
10.7910/dvn/fgyjts/bnamt1,200
10.7910/dvn/fgyjts/bs81d8,200
10.7910/dvn/fgyjts/cfnadl,200
10.7910/dvn/fgyjts/coqozn,200
10.7910/dvn/fgyjts/cy8ace,200
10.7910/dvn/fgyjts/djqgja,200
10.7910/dvn/fgyjts/dodx3n,200
10.7910/dvn/fgyjts/dqrhlb,200
10.7910/dvn/fgyjts/efewrg,200
10.7910/dvn/fgyjts/fcnfnk,200
10.7910/dvn/fgyjts/fdpcho,200
10.7910/dvn/fgyjts/fiykij,200
10.7910/dvn/fgyjts/frfrgm,200
10.7910/dvn/fgyjts/fz7apo,200
10.7910/dvn/fgyjts/g2ie2i,200
10.7910/dvn/fgyjts/gebv6a,200
10.7910/dvn/fgyjts/ghh9ur,200
10.7910/dvn/fgyjts/gidvnc,200
10.7910/dvn/fgyjts/gqlzdn,200
10.7910/dvn/fgyjts/hlzrdw,200
10.7910/dvn/fgyjts/i8c1os,200
10.7910/dvn/fgyjts/iam6bo,200
10.7910/dvn/fgyjts/ilwym6,200
10.7910/dvn/fgyjts/isjiat,200
10.7910/dvn/fgyjts/j0mf3k,200
10.7910/dvn/fgyjts/j5al99,200
10.7910/dvn/fgyjts/jnffvj,200
10.7910/dvn/fgyjts/l458uc,200
10.7910/dvn/fgyjts/l7pxtj,200
10.7910/dvn/fgyjts/ldwjs4,200
10.7910/dvn/fgyjts/lez8sf,200
10.7910/dvn/fgyjts/lggn0d,200
10.7910/dvn/fgyjts/lhqpta,200
10.7910/dvn/fgyjts/lqowun,200
10.7910/dvn/fgyjts/lujh3q,200
10.7910/dvn/fgyjts/mejh0e,200
10.7910/dvn/fgyjts/mmt7fr,200
10.7910/dvn/fgyjts/nc37cy,200
10.7910/dvn/fgyjts/nno2rf,200
10.7910/dvn/fgyjts/oeoit1,200
10.7910/dvn/fgyjts/oexwvq,200
10.7910/dvn/fgyjts/oo7tts,200
10.7910/dvn/fgyjts/ooaeps,200
10.7910/dvn/fgyjts/ovdw01,200
10.7910/dvn/fgyjts/plrrs6,200
10.7910/dvn/fgyjts/ps0du1,429
10.7910/dvn/fgyjts/pxn2xh,429
10.7910/dvn/fgyjts/q2rxha,429
10.7910/dvn/fgyjts/q6q3js,429
10.7910/dvn/fgyjts/qgwtgi,429
10.7910/dvn/fgyjts/qgzicg,429
10.7910/dvn/fgyjts/qkyf3z,429
10.7910/dvn/fgyjts/qlzvnl,200
10.7910/dvn/fgyjts/qqwami,200
10.7910/dvn/fgyjts/qvc6f5,200
10.7910/dvn/fgyjts/qxixoh,200
10.7910/dvn/fgyjts/qyf3a6,200
10.7910/dvn/fgyjts/rccqqn,200
10.7910/dvn/fgyjts/rvkekm,200
10.7910/dvn/fgyjts/st4fbh,200
10.7910/dvn/fgyjts/sxix6g,200
10.7910/dvn/fgyjts/t1dexp,200
10.7910/dvn/fgyjts/t8vhvp,200
10.7910/dvn/fgyjts/tehaud,200
10.7910/dvn/fgyjts/traok1,200
10.7910/dvn/fgyjts/ua8rcz,200
10.7910/dvn/fgyjts/vedajz,200
10.7910/dvn/fgyjts/vkepeg,200
10.7910/dvn/fgyjts/vkeyyc,200
10.7910/dvn/fgyjts/wawg6y,200
10.7910/dvn/fgyjts/wlz0nj,200
10.7910/dvn/fgyjts/wvnz9t,200
10.7910/dvn/fgyjts/x45wwu,200
10.7910/dvn/fgyjts/xokyqm,200
10.7910/dvn/fgyjts/xs43mi,200
10.7910/dvn/fgyjts/xt1ica,200
10.7910/dvn/fgyjts/xy1ewa,200
10.7910/dvn/fgyjts/y8xjxd,200
10.7910/dvn/fgyjts/ycxsvy,200
10.7910/dvn/fgyjts/yd5blz,200
10.7910/dvn/fgyjts/ytzpss,200
10.7910/dvn/fgyjts/yut2jw,200
10.7910/dvn/fgyjts/yvkbgs,200
10.7910/dvn/fgyjts/yy86xk,200
10.7910/dvn/fgyjts/zhwj8v,200
10.7910/dvn/flf86b,200
10.7910/dvn/foquzf,200
10.7910/dvn/fvpdfb,200
10.7910/dvn/g651wb,200
10.7910/dvn/g9rrln,200
10.7910/dvn/g9rrln/yl8wwa,200
10.7910/dvn/gcpm1d,200
10.7910/dvn/gkbzxc,200
10.7910/dvn/gsor6b,200
10.7910/dvn/gsxaww,200
10.7910/dvn/gthibr,200
10.7910/dvn/gyhp2q,200
10.7910/dvn/gyhp2q/e8kl8t,200
10.7910/dvn/gyhp2q/tfs7c8,200
10.7910/dvn/gyhp2q/xzbz5r,200
10.7910/dvn/hcqmpx,200
10.7910/dvn/hiimrk,200
10.7910/dvn/hiimrk/cgir3c,200
10.7910/dvn/hiimrk/enmc9q,200
10.7910/dvn/hiimrk/nmnx1a,200
10.7910/dvn/hvosmn,200
10.7910/dvn/i4intt,200
10.7910/dvn/i7bzgu,200
10.7910/dvn/idzimm,200
10.7910/dvn/ieohn4,200
10.7910/dvn/ieohn4/iz6r49,200
10.7910/dvn/ieohn4/jpkx0e,200
10.7910/dvn/ieohn4/odiy5h,200
10.7910/dvn/ikm7jh,200
10.7910/dvn/iqipsi,200
10.7910/dvn/iqipsi/2nu6o8,200
10.7910/dvn/iqipsi/drzzj3,200
10.7910/dvn/iqipsi/nb7jzy,200
10.7910/dvn/iqipsi/rolkrj,200
10.7910/dvn/jeygdh,200
10.7910/dvn/jkktkm,200
10.7910/dvn/jsrn7h,200
10.7910/dvn/jsrn7h/5lfe0p,200
10.7910/dvn/jsrn7h/dimike,200
10.7910/dvn/jsrn7h/zcy3zu,200
10.7910/dvn/jv3som,200
10.7910/dvn/k7ypaf,200
10.7910/dvn/k7ypaf/4ikdtb,200
10.7910/dvn/k7ypaf/5ls1ne,200
10.7910/dvn/k7ypaf/67wxxd,200
10.7910/dvn/k7ypaf/8by6fn,200
10.7910/dvn/k7ypaf/8d5yau,200
10.7910/dvn/k7ypaf/8wnfod,200
10.7910/dvn/k7ypaf/afarak,200
10.7910/dvn/k7ypaf/anap7q,200
10.7910/dvn/k7ypaf/d974th,200
10.7910/dvn/k7ypaf/dauk82,200
10.7910/dvn/k7ypaf/e6hsgh,200
10.7910/dvn/k7ypaf/ebzlm5,200
10.7910/dvn/k7ypaf/evgs0a,200
10.7910/dvn/k7ypaf/feqmm5,200
10.7910/dvn/k7ypaf/fn0hha,200
10.7910/dvn/k7ypaf/gl0cs2,200
10.7910/dvn/k7ypaf/jinwr8,200
10.7910/dvn/k7ypaf/jwixn2,200
10.7910/dvn/k7ypaf/kj94tp,200
10.7910/dvn/k7ypaf/kqg3u0,200
10.7910/dvn/k7ypaf/kre0ga,200
10.7910/dvn/k7ypaf/lyt59c,200
10.7910/dvn/k7ypaf/mj6ec9,200
10.7910/dvn/k7ypaf/nswulq,200
10.7910/dvn/k7ypaf/pgncwr,200
10.7910/dvn/k7ypaf/pivbk0,200
10.7910/dvn/k7ypaf/q9uecb,200
10.7910/dvn/k7ypaf/qcwlok,200
10.7910/dvn/k7ypaf/rbmkrl,200
10.7910/dvn/k7ypaf/s3xmvn,200
10.7910/dvn/k7ypaf/sobmfi,200
10.7910/dvn/k7ypaf/swvqfo,200
10.7910/dvn/k7ypaf/u4lwiu,200
10.7910/dvn/k7ypaf/u4u3p7,200
10.7910/dvn/k7ypaf/ual4oi,200
10.7910/dvn/k7ypaf/ubfs4t,200
10.7910/dvn/k7ypaf/wdd8yj,200
10.7910/dvn/k7ypaf/wefeqe,200
10.7910/dvn/k7ypaf/x0d6zk,200
10.7910/dvn/k7ypaf/ybympg,200
10.7910/dvn/k7ypaf/ycxgey,200
10.7910/dvn/k7ypaf/yw5i3a,200
10.7910/dvn/k7ypaf/zlwwjl,200
10.7910/dvn/ka0cev,200
10.7910/dvn/krlzwl,200
10.7910/dvn/krurzn,200
10.7910/dvn/krurzn/htn9kw,200
10.7910/dvn/kykjzz,200
10.7910/dvn/kyvpkz,200
10.7910/dvn/kyvpkz/23tvjg,200
10.7910/dvn/kyvpkz/apjqln,200
10.7910/dvn/kyvpkz/lyqhqr,200
10.7910/dvn/l28uaq,200
10.7910/dvn/l3mxz0,200
10.7910/dvn/l3mxz0/r9ko9n,200
10.7910/dvn/l3mxz0/ys9j5f,200
10.7910/dvn/l6yzv9,200
10.7910/dvn/lhlbua,200
10.7910/dvn/lhyqfm,200
10.7910/dvn/llrlqb,200
10.7910/dvn/lnm0d9,200
10.7910/dvn/lnm0d9/0noiae,200
10.7910/dvn/lnm0d9/cj0870,200
10.7910/dvn/lpf2bk,200
10.7910/dvn/ltixey,200
10.7910/dvn/lxjsnz,200
10.7910/dvn/m3kymj,200
10.7910/dvn/m68uli,200
10.7910/dvn/m68uli/7fljgw,200
10.7910/dvn/m68uli/imezyi,200
10.7910/dvn/m68uli/oclg2p,200
10.7910/dvn/m68uli/ud4bsh,200
10.7910/dvn/mdgosm,200
10.7910/dvn/mdgosm/359qgo,200
10.7910/dvn/mdgosm/6rqwps,200
10.7910/dvn/mdgosm/7qpmjs,200
10.7910/dvn/mdgosm/ailppb,200
10.7910/dvn/mdgosm/apdyx1,200
10.7910/dvn/mdgosm/cdikh1,200
10.7910/dvn/mdgosm/dn407n,200
10.7910/dvn/mdgosm/ecqrnb,200
10.7910/dvn/mdgosm/fztvf4,200
10.7910/dvn/mdgosm/hhzqlp,200
10.7910/dvn/mdgosm/iqndpy,200
10.7910/dvn/mdgosm/kwgetv,200
10.7910/dvn/mdgosm/kyocft,200
10.7910/dvn/mdgosm/ozgura,200
10.7910/dvn/mdgosm/qcydwx,200
10.7910/dvn/mdgosm/qgiv7r,200
10.7910/dvn/mdgosm/tmll08,200
10.7910/dvn/mdgosm/trs8fv,200
10.7910/dvn/mdgosm/uekj8n,200
10.7910/dvn/mdgosm/vfscks,200
10.7910/dvn/mdgosm/vgvvxx,200
10.7910/dvn/mdgosm/ww0n9b,200
10.7910/dvn/mdgosm/ynysfw,200
10.7910/dvn/mdgosm/z8mcgu,200
10.7910/dvn/mdgosm/zfuazg,200
10.7910/dvn/mjmc69,200
10.7910/dvn/mmyuju,200
10.7910/dvn/movzkf,200
10.7910/dvn/n2gx9w,200
10.7910/dvn/n2pmnu,200
10.7910/dvn/ncyorv,200
10.7910/dvn/nhg54v,200
10.7910/dvn/ns9hv4,200
10.7910/dvn/o7abth,200
10.7910/dvn/oag09i,200
10.7910/dvn/okctno,200
10.7910/dvn/p29ppo,200
10.7910/dvn/pdhmhf,200
10.7910/dvn/pezhrm,200
10.7910/dvn/ppxcum,200
10.7910/dvn/ps7d0s,200
10.7910/dvn/py8lbs,200
10.7910/dvn/pyifpf,200
10.7910/dvn/pyifpf/x6g1bm,200
10.7910/dvn/q2tulk,200
10.7910/dvn/q91w2o,200
10.7910/dvn/qgnmrh,200
10.7910/dvn/qnfhdo,200
10.7910/dvn/qnfhdo/p7adix,200
10.7910/dvn/qraudj,200
10.7910/dvn/qrwquo,200
10.7910/dvn/r7iuzv,200
10.7910/dvn/rh0t6r,200
10.7910/dvn/s0jyqm,200
10.7910/dvn/s2ef8r,200
10.7910/dvn/spdqzr,200
10.7910/dvn/sxbq08,200
10.7910/dvn/sxzb6g,200
10.7910/dvn/tgkq5v,200
10.7910/dvn/tjv9rr,200
10.7910/dvn/tmz1fc,200
10.7910/dvn/uexbfa,200
10.7910/dvn/usfttp,429
10.7910/dvn/usfttp/1xyadr,429
10.7910/dvn/usfttp/rrqave,429
10.7910/dvn/usfttp/xhy1aq,429
10.7910/dvn/uui9x2,429
10.7910/dvn/uznivn,429
10.7910/dvn/vbjs0s,429
10.7910/dvn/vbwuvg,429
10.7910/dvn/vcunmo,429
10.7910/dvn/vcunmo/0g4ag0,429
10.7910/dvn/vcunmo/0uutvs,200
10.7910/dvn/vcunmo/1gjzfl,200
10.7910/dvn/vcunmo/1iq8mo,200
10.7910/dvn/vcunmo/1zbdaw,200
10.7910/dvn/vcunmo/28c09j,200
10.7910/dvn/vcunmo/2jvjka,200
10.7910/dvn/vcunmo/441g77,200
10.7910/dvn/vcunmo/4geehb,200
10.7910/dvn/vcunmo/57kvng,200
10.7910/dvn/vcunmo/6qdzeg,200
10.7910/dvn/vcunmo/71pvdb,200
10.7910/dvn/vcunmo/9fy9qw,200
10.7910/dvn/vcunmo/aiculd,200
10.7910/dvn/vcunmo/akfrxs,200
10.7910/dvn/vcunmo/amyemo,200
10.7910/dvn/vcunmo/az97s7,200
10.7910/dvn/vcunmo/b4jd9e,200
10.7910/dvn/vcunmo/bhxaqa,200
10.7910/dvn/vcunmo/brvhzv,200
10.7910/dvn/vcunmo/bvslo5,200
10.7910/dvn/vcunmo/byzast,200
10.7910/dvn/vcunmo/cccvgt,200
10.7910/dvn/vcunmo/ch9xyi,200
10.7910/dvn/vcunmo/comct3,200
10.7910/dvn/vcunmo/cuk4qo,200
10.7910/dvn/vcunmo/cxq8iy,200
10.7910/dvn/vcunmo/czsg65,200
10.7910/dvn/vcunmo/d1sghb,200
10.7910/dvn/vcunmo/d45cbu,200
10.7910/dvn/vcunmo/ddhjcu,200
10.7910/dvn/vcunmo/eao0fy,200
10.7910/dvn/vcunmo/egxm96,200
10.7910/dvn/vcunmo/eybmtj,200
10.7910/dvn/vcunmo/fcjvvg,200
10.7910/dvn/vcunmo/fl8vmd,200
10.7910/dvn/vcunmo/fvdw6t,200
10.7910/dvn/vcunmo/fzjuys,200
10.7910/dvn/vcunmo/ggdkzx,200
10.7910/dvn/vcunmo/gh6i3b,200
10.7910/dvn/vcunmo/gy65ye,200
10.7910/dvn/vcunmo/hedjug,200
10.7910/dvn/vcunmo/hfa67k,200
10.7910/dvn/vcunmo/hfiroh,200
10.7910/dvn/vcunmo/hlp7zx,200
10.7910/dvn/vcunmo/hxndvh,200
10.7910/dvn/vcunmo/i8okum,200
10.7910/dvn/vcunmo/iwxyzt,200
10.7910/dvn/vcunmo/ixtxzr,200
10.7910/dvn/vcunmo/j32hla,200
10.7910/dvn/vcunmo/k1fow7,200
10.7910/dvn/vcunmo/kbtkmo,200
10.7910/dvn/vcunmo/laapws,200
10.7910/dvn/vcunmo/lgw8q9,200
10.7910/dvn/vcunmo/lhnqt5,200
10.7910/dvn/vcunmo/lrz55y,200
10.7910/dvn/vcunmo/lxvgfn,200
10.7910/dvn/vcunmo/mec32q,200
10.7910/dvn/vcunmo/mgeoc6,200
10.7910/dvn/vcunmo/mnaaag,200
10.7910/dvn/vcunmo/mzw4vy,200
10.7910/dvn/vcunmo/ncv44l,200
10.7910/dvn/vcunmo/ndx9w3,200
10.7910/dvn/vcunmo/nhajah,200
10.7910/dvn/vcunmo/nve4a1,200
10.7910/dvn/vcunmo/o9dww5,200
10.7910/dvn/vcunmo/ofrd8e,200
10.7910/dvn/vcunmo/oiakpo,200
10.7910/dvn/vcunmo/oifp40,200
10.7910/dvn/vcunmo/ojfieq,200
10.7910/dvn/vcunmo/oo8lpc,200
10.7910/dvn/vcunmo/owtcdo,200
10.7910/dvn/vcunmo/p9lwqk,200
10.7910/dvn/vcunmo/pdkant,200
10.7910/dvn/vcunmo/pikmfe,200
10.7910/dvn/vcunmo/puurfp,200
10.7910/dvn/vcunmo/pvaswt,200
10.7910/dvn/vcunmo/qlijw7,200
10.7910/dvn/vcunmo/qta4eb,200
10.7910/dvn/vcunmo/r3epys,200
10.7910/dvn/vcunmo/ra4r9l,200
10.7910/dvn/vcunmo/rbqukp,200
10.7910/dvn/vcunmo/rmiy4m,200
10.7910/dvn/vcunmo/rnzp7l,200
10.7910/dvn/vcunmo/rpq5w6,200
10.7910/dvn/vcunmo/s8zwjp,200
10.7910/dvn/vcunmo/sdo23l,200
10.7910/dvn/vcunmo/sdvss5,200
10.7910/dvn/vcunmo/shihtm,200
10.7910/dvn/vcunmo/skdapj,200
10.7910/dvn/vcunmo/snjhyz,200
10.7910/dvn/vcunmo/tfv3af,200
10.7910/dvn/vcunmo/tjs8eh,200
10.7910/dvn/vcunmo/ttccuy,200
10.7910/dvn/vcunmo/uo3yae,200
10.7910/dvn/vcunmo/v05ko8,200
10.7910/dvn/vcunmo/v4qgtp,200
10.7910/dvn/vcunmo/vbvgpf,200
10.7910/dvn/vcunmo/vgfqmi,200
10.7910/dvn/vcunmo/vhzurz,200
10.7910/dvn/vcunmo/vqi22p,200
10.7910/dvn/vcunmo/w0kyqs,200
10.7910/dvn/vcunmo/wukxjb,200
10.7910/dvn/vcunmo/wulh2k,200
10.7910/dvn/vcunmo/wzwfnp,200
10.7910/dvn/vcunmo/x14ci6,200
10.7910/dvn/vcunmo/xef9kv,200
10.7910/dvn/vcunmo/xgqv7o,200
10.7910/dvn/vcunmo/xkeddk,200
10.7910/dvn/vcunmo/xlywl7,200
10.7910/dvn/vcunmo/yoay5l,200
10.7910/dvn/vcunmo/ytwhsu,200
10.7910/dvn/vcunmo/z3jwdb,200
10.7910/dvn/vcunmo/z4kjod,200
10.7910/dvn/vcunmo/z5i6im,200
10.7910/dvn/vcunmo/zagvxo,200
10.7910/dvn/vcunmo/zjnuwv,200
10.7910/dvn/vcunmo/zlhgb4,200
10.7910/dvn/vfpn5i,200
10.7910/dvn/vfv3mi,200
10.7910/dvn/vjniie,200
10.7910/dvn/vkzkaz,200
10.7910/dvn/vp3ryy,200
10.7910/dvn/vuyb2n,200
10.7910/dvn/w07omi,200
10.7910/dvn/wmrrhh,200
10.7910/dvn/wqifzp,200
10.7910/dvn/wrrtdc,200
10.7910/dvn/wyykvq,200
10.7910/dvn/wyykvq/5tvay8,200
10.7910/dvn/wyykvq/c0irf3,200
10.7910/dvn/wyykvq/hulthg,200
10.7910/dvn/wyykvq/igxzt9,200
10.7910/dvn/wyykvq/shwykw,200
10.7910/dvn/xcmtia,200
10.7910/dvn/xcmtia/2hswxw,200
10.7910/dvn/xcmtia/7xkmm6,200
10.7910/dvn/xcmtia/9frxfb,200
10.7910/dvn/xcmtia/akj7qq,200
10.7910/dvn/xcmtia/bduqsj,200
10.7910/dvn/xcmtia/cpr9b0,200
10.7910/dvn/xcmtia/em6q48,200
10.7910/dvn/xcmtia/fsqooi,200
10.7910/dvn/xcmtia/gytcop,200
10.7910/dvn/xcmtia/hdbuum,200
10.7910/dvn/xcmtia/j1jtzm,200
10.7910/dvn/xcmtia/jrubih,200
10.7910/dvn/xcmtia/ltaseu,200
10.7910/dvn/xcmtia/nnhkbp,200
10.7910/dvn/xcmtia/np4txc,200
10.7910/dvn/xcmtia/nraerr,200
10.7910/dvn/xcmtia/or02xx,200
10.7910/dvn/xcmtia/qnccs8,200
10.7910/dvn/xcmtia/sdhn7f,200
10.7910/dvn/xcmtia/sje9aj,200
10.7910/dvn/xcmtia/wjaywn,200
10.7910/dvn/xcmtia/xvyjxz,200
10.7910/dvn/xcmtia/xxhawy,200
10.7910/dvn/xd8ool,200
10.7910/dvn/xd8ool/7zyal9,200
10.7910/dvn/xd8ool/av6glc,200
10.7910/dvn/xd8ool/bd81pj,200
10.7910/dvn/xd8ool/jquqco,200
10.7910/dvn/xd8ool/k0cezy,200
10.7910/dvn/xd8ool/nn2ofh,200
10.7910/dvn/xd8ool/nwl1xx,200
10.7910/dvn/xd8ool/qfzwij,200
10.7910/dvn/xd8ool/ttdvc8,200
10.7910/dvn/xd8ool/u1rizx,200
10.7910/dvn/xd8ool/unpsfp,200
10.7910/dvn/xd8ool/w6siqs,200
10.7910/dvn/xd8ool/yeqlpm,200
10.7910/dvn/xd8ool/z8usin,200
10.7910/dvn/xd8ool/zq9dil,200
10.7910/dvn/xjn7pn,200
10.7910/dvn/xnmfru,200
10.7910/dvn/xnmfru/2xcaqy,200
10.7910/dvn/xnmfru/3ve4gx,200
10.7910/dvn/xnmfru/6rwy2g,200
10.7910/dvn/xnmfru/94ij5k,200
10.7910/dvn/xnmfru/9pw0qi,200
10.7910/dvn/xnmfru/a6u7oh,200
10.7910/dvn/xnmfru/afufwu,200
10.7910/dvn/xnmfru/bjlf9j,200
10.7910/dvn/xnmfru/cqcl5u,200
10.7910/dvn/xnmfru/cy9w6c,200
10.7910/dvn/xnmfru/djrhl8,200
10.7910/dvn/xnmfru/ejdwww,200
10.7910/dvn/xnmfru/ewxj6y,200
10.7910/dvn/xnmfru/eyxpon,200
10.7910/dvn/xnmfru/ezzlnd,200
10.7910/dvn/xnmfru/ffqmkt,200
10.7910/dvn/xnmfru/fvii1t,200
10.7910/dvn/xnmfru/fyuj5g,200
10.7910/dvn/xnmfru/gqs9dr,200
10.7910/dvn/xnmfru/gupeli,200
10.7910/dvn/xnmfru/he0mjf,200
10.7910/dvn/xnmfru/hjw8hv,200
10.7910/dvn/xnmfru/jcxqdx,200
10.7910/dvn/xnmfru/kjkjdh,200
10.7910/dvn/xnmfru/lpfn2d,200
10.7910/dvn/xnmfru/moqq7d,200
10.7910/dvn/xnmfru/oklt2h,200
10.7910/dvn/xnmfru/qstibd,200
10.7910/dvn/xnmfru/rl8fiz,200
10.7910/dvn/xnmfru/smm81y,200
10.7910/dvn/xnmfru/t9flkt,200
10.7910/dvn/xnmfru/tqc2z9,200
10.7910/dvn/xnmfru/tyfby8,200
10.7910/dvn/xnmfru/vbe8lq,200
10.7910/dvn/xnmfru/wauwzu,200
10.7910/dvn/xnmfru/wdhrnm,200
10.7910/dvn/xnmfru/wgdhg6,200
10.7910/dvn/xnmfru/xhdcay,200
10.7910/dvn/xnmfru/xhz8nq,200
10.7910/dvn/xnmfru/y1loma,200
10.7910/dvn/xnmfru/zokmh0,200
10.7910/dvn/xovu2f,200
10.7910/dvn/xuj1ob,200
10.7910/dvn/ygbgig,200
10.7910/dvn/yltzw7,200
10.7910/dvn/z3r9la,200
10.7910/dvn/z6ue8d,200
10.7910/dvn/z6ue8d/af3bnz,200
10.7910/dvn/z6ue8d/hbx0ki,200
10.7910/dvn/z6ue8d/hvs9hl,200
10.7910/dvn/z6ue8d/l26kct,200
10.7910/dvn/z6ue8d/opcceq,200
10.7910/dvn/z6ue8d/ywa7wv,200
10.7910/dvn/zcds7z,200
10.7910/dvn/zfjcet,200
10.7910/dvn/zfzi3i,200
10.7910/dvn/zgvsaw,200
10.7910/dvn/zjmb1v,200
10.7910/dvn/zt3en6,200
10.7910/dvn/ztb3iy,200
10.7910/dvn/zx6idc,200
10.7910/dvn/zyg95j,200
10.7914/2cat-tq59,200
10.7914/sn/7e_2013,200
