doi_norm;inst_full_oa;institution_ror;affiliation_name;oa_full_norm;dc_aff_norm;auto_match;manual_match
10.12751/g-node.74jj3f;Charles University;https://ror.org/024d6js02;Department of Neurology, 2nd Faculty of Medicine, Charles University in Prague and Motol University Hospital, Prague, Czech Republic;charlesuniversity;departmentof neurology, 2nd faculty of medicine, charles university in prague and motol university hospital, prague, czech republic;;match?
10.12751/g-node.74jj3f;University Hospital in Motol;https://ror.org/0125yxn03;Department of Neurology, 2nd Faculty of Medicine, Charles University in Prague and Motol University Hospital, Prague, Czech Republic;universityhospital in motol;departmentof neurology, 2nd faculty of medicine, charles university in prague and motol university hospital, prague, czech republic;;match?
10.14278/rodare.1330;Brno University of Technology;https://ror.org/03613d656;Central European Institute of Technology, Brno University of Technology, Purkyňova 656/123, 612 00 Brno, Czech Republic, Institute of Physical Engineering, Faculty of Mechanical Engineering, Brno University of Technology, Brno University of Technology, Purkyňova 123, 612 00, Brno, Czech Republic;brnouniversity of technology;centraleuropean institute of technology, brno university of technology, purkynova 656/123, 612 00 brno, czech republic, institute of physical engineering, faculty of mechanical engineering, brno university of technology, brno university of technology, purkynova 123, 612 00, brno, czech republic;;match?
10.14278/rodare.1330;Brno University of Technology;https://ror.org/03613d656;Central European Institute of Technology, Brno University of Technology, Purkyňova 656/123, 612 00 Brno, Czech Republic, Institute of Physical Engineering, Faculty of Mechanical Engineering, Brno University of Technology, Brno University of Technology, Purkyňova 123, 612 00, Brno, Czech Republic;brnouniversity of technology;centraleuropean institute of technology, brno university of technology, purkynova 656/123, 612 00 brno, czech republic, institute of physical engineering, faculty of mechanical engineering, brno university of technology, brno university of technology, purkynova 123, 612 00, brno, czech republic;;match?
10.14278/rodare.1330;Central European Institute of Technology;https://ror.org/01p7k1986;Central European Institute of Technology, Brno University of Technology, Purkyňova 656/123, 612 00 Brno, Czech Republic, Institute of Physical Engineering, Faculty of Mechanical Engineering, Brno University of Technology, Brno University of Technology, Purkyňova 123, 612 00, Brno, Czech Republic;centraleuropean institute of technology;centraleuropean institute of technology, brno university of technology, purkynova 656/123, 612 00 brno, czech republic, institute of physical engineering, faculty of mechanical engineering, brno university of technology, brno university of technology, purkynova 123, 612 00, brno, czech republic;auto_substring;
10.14278/rodare.1330;Central European Institute of Technology;https://ror.org/01p7k1986;Central European Institute of Technology, Brno University of Technology, Purkyňova 656/123, 612 00 Brno, Czech Republic, Institute of Physical Engineering, Faculty of Mechanical Engineering, Brno University of Technology, Brno University of Technology, Purkyňova 123, 612 00, Brno, Czech Republic;centraleuropean institute of technology;centraleuropean institute of technology, brno university of technology, purkynova 656/123, 612 00 brno, czech republic, institute of physical engineering, faculty of mechanical engineering, brno university of technology, brno university of technology, purkynova 123, 612 00, brno, czech republic;auto_substring;
10.14278/rodare.1330;Charles University;https://ror.org/024d6js02;dDepartment of Condensed Matter Physics, Faculty of Mathematics and Physics, Charles University Ke Karlovu 5, 121 16 Prague 2, Czech Republic, Faculty of Science, Masaryk University, Kotlářská 2, 61137 Brno, Czech Republic;charlesuniversity;ddepartmentof condensed matter physics, faculty of mathematics and physics, charles university ke karlovu 5, 121 16 prague 2, czech republic, faculty of science, masaryk university, kotlarska 2, 61137 brno, czech republic;;match
10.14278/rodare.1330;Masaryk University;https://ror.org/02j46qs45;dDepartment of Condensed Matter Physics, Faculty of Mathematics and Physics, Charles University Ke Karlovu 5, 121 16 Prague 2, Czech Republic, Faculty of Science, Masaryk University, Kotlářská 2, 61137 Brno, Czech Republic;masarykuniversity;ddepartmentof condensed matter physics, faculty of mathematics and physics, charles university ke karlovu 5, 121 16 prague 2, czech republic, faculty of science, masaryk university, kotlarska 2, 61137 brno, czech republic;;match?
10.18419/darus-4117;Czech Technical University in Prague;https://ror.org/03kqpb082;Czech Technical University in Prague;czechtechnical university in prague;czechtechnical university in prague;auto_substring;
10.18419/darus-4117;Czech University of Life Sciences Prague;https://ror.org/0415vcw02;Czech Technical University in Prague;czechuniversity of life sciences prague;czechtechnical university in prague;;match
10.18419/darus-4117/1;Czech Technical University in Prague;https://ror.org/03kqpb082;Czech Technical University in Prague;czechtechnical university in prague;czechtechnical university in prague;auto_substring;
10.18419/darus-4117/1;Czech University of Life Sciences Prague;https://ror.org/0415vcw02;Czech Technical University in Prague;czechuniversity of life sciences prague;czechtechnical university in prague;;match
10.18419/darus-4117/10;Czech Technical University in Prague;https://ror.org/03kqpb082;Czech Technical University in Prague;czechtechnical university in prague;czechtechnical university in prague;auto_substring;
10.18419/darus-4117/10;Czech University of Life Sciences Prague;https://ror.org/0415vcw02;Czech Technical University in Prague;czechuniversity of life sciences prague;czechtechnical university in prague;;match
10.18419/darus-4117/11;Czech Technical University in Prague;https://ror.org/03kqpb082;Czech Technical University in Prague;czechtechnical university in prague;czechtechnical university in prague;auto_substring;
10.18419/darus-4117/11;Czech University of Life Sciences Prague;https://ror.org/0415vcw02;Czech Technical University in Prague;czechuniversity of life sciences prague;czechtechnical university in prague;;match
10.18419/darus-4117/12;Czech Technical University in Prague;https://ror.org/03kqpb082;Czech Technical University in Prague;czechtechnical university in prague;czechtechnical university in prague;auto_substring;
10.18419/darus-4117/12;Czech University of Life Sciences Prague;https://ror.org/0415vcw02;Czech Technical University in Prague;czechuniversity of life sciences prague;czechtechnical university in prague;;match
10.18419/darus-4117/13;Czech Technical University in Prague;https://ror.org/03kqpb082;Czech Technical University in Prague;czechtechnical university in prague;czechtechnical university in prague;auto_substring;
10.18419/darus-4117/13;Czech University of Life Sciences Prague;https://ror.org/0415vcw02;Czech Technical University in Prague;czechuniversity of life sciences prague;czechtechnical university in prague;;match
10.18419/darus-4117/14;Czech Technical University in Prague;https://ror.org/03kqpb082;Czech Technical University in Prague;czechtechnical university in prague;czechtechnical university in prague;auto_substring;
10.18419/darus-4117/14;Czech University of Life Sciences Prague;https://ror.org/0415vcw02;Czech Technical University in Prague;czechuniversity of life sciences prague;czechtechnical university in prague;;match
10.18419/darus-4117/15;Czech Technical University in Prague;https://ror.org/03kqpb082;Czech Technical University in Prague;czechtechnical university in prague;czechtechnical university in prague;auto_substring;
10.18419/darus-4117/15;Czech University of Life Sciences Prague;https://ror.org/0415vcw02;Czech Technical University in Prague;czechuniversity of life sciences prague;czechtechnical university in prague;;match
10.18419/darus-4117/16;Czech Technical University in Prague;https://ror.org/03kqpb082;Czech Technical University in Prague;czechtechnical university in prague;czechtechnical university in prague;auto_substring;
10.18419/darus-4117/16;Czech University of Life Sciences Prague;https://ror.org/0415vcw02;Czech Technical University in Prague;czechuniversity of life sciences prague;czechtechnical university in prague;;match
10.18419/darus-4117/2;Czech Technical University in Prague;https://ror.org/03kqpb082;Czech Technical University in Prague;czechtechnical university in prague;czechtechnical university in prague;auto_substring;
10.18419/darus-4117/2;Czech University of Life Sciences Prague;https://ror.org/0415vcw02;Czech Technical University in Prague;czechuniversity of life sciences prague;czechtechnical university in prague;;match
10.18419/darus-4117/3;Czech Technical University in Prague;https://ror.org/03kqpb082;Czech Technical University in Prague;czechtechnical university in prague;czechtechnical university in prague;auto_substring;
10.18419/darus-4117/3;Czech University of Life Sciences Prague;https://ror.org/0415vcw02;Czech Technical University in Prague;czechuniversity of life sciences prague;czechtechnical university in prague;;match
10.18419/darus-4117/4;Czech Technical University in Prague;https://ror.org/03kqpb082;Czech Technical University in Prague;czechtechnical university in prague;czechtechnical university in prague;auto_substring;
10.18419/darus-4117/4;Czech University of Life Sciences Prague;https://ror.org/0415vcw02;Czech Technical University in Prague;czechuniversity of life sciences prague;czechtechnical university in prague;;match
10.18419/darus-4117/5;Czech Technical University in Prague;https://ror.org/03kqpb082;Czech Technical University in Prague;czechtechnical university in prague;czechtechnical university in prague;auto_substring;
10.18419/darus-4117/5;Czech University of Life Sciences Prague;https://ror.org/0415vcw02;Czech Technical University in Prague;czechuniversity of life sciences prague;czechtechnical university in prague;;match
10.18419/darus-4117/6;Czech Technical University in Prague;https://ror.org/03kqpb082;Czech Technical University in Prague;czechtechnical university in prague;czechtechnical university in prague;auto_substring;
10.18419/darus-4117/6;Czech University of Life Sciences Prague;https://ror.org/0415vcw02;Czech Technical University in Prague;czechuniversity of life sciences prague;czechtechnical university in prague;;match
10.18419/darus-4117/7;Czech Technical University in Prague;https://ror.org/03kqpb082;Czech Technical University in Prague;czechtechnical university in prague;czechtechnical university in prague;auto_substring;
10.18419/darus-4117/7;Czech University of Life Sciences Prague;https://ror.org/0415vcw02;Czech Technical University in Prague;czechuniversity of life sciences prague;czechtechnical university in prague;;match
10.18419/darus-4117/8;Czech Technical University in Prague;https://ror.org/03kqpb082;Czech Technical University in Prague;czechtechnical university in prague;czechtechnical university in prague;auto_substring;
10.18419/darus-4117/8;Czech University of Life Sciences Prague;https://ror.org/0415vcw02;Czech Technical University in Prague;czechuniversity of life sciences prague;czechtechnical university in prague;;match
10.18419/darus-4117/9;Czech Technical University in Prague;https://ror.org/03kqpb082;Czech Technical University in Prague;czechtechnical university in prague;czechtechnical university in prague;auto_substring;
10.18419/darus-4117/9;Czech University of Life Sciences Prague;https://ror.org/0415vcw02;Czech Technical University in Prague;czechuniversity of life sciences prague;czechtechnical university in prague;;match
10.21227/13px-av58;Charles University;https://ror.org/024d6js02;Charles University in Prague, 1st Faculty of Medicine and Motol University Hospital, Prague, Czech Republic;charlesuniversity;charlesuniversity in prague, 1st faculty of medicine and motol university hospital, prague, czech republic;auto_substring;
10.21227/13px-av58;University Hospital in Motol;https://ror.org/0125yxn03;Charles University in Prague, 1st Faculty of Medicine and Motol University Hospital, Prague, Czech Republic;universityhospital in motol;charlesuniversity in prague, 1st faculty of medicine and motol university hospital, prague, czech republic;;match?
10.24435/materialscloud:36-d3;Palacký University, Olomouc;https://ror.org/04qxnmv42;Regional Centre of Advanced Technologies and Materials, Palacký University Olomouc, CZ-771 46 Olomouc, Czech Republic;palackyuniversity, olomouc;regionalcentre of advanced technologies and materials, palacky university olomouc, cz-771 46 olomouc, czech republic;;match
10.24435/materialscloud:36-d3;Regional Centre of Advanced Technologies and Materials;https://ror.org/02mt5f456;Regional Centre of Advanced Technologies and Materials, Palacký University Olomouc, CZ-771 46 Olomouc, Czech Republic;regionalcentre of advanced technologies and materials;regionalcentre of advanced technologies and materials, palacky university olomouc, cz-771 46 olomouc, czech republic;auto_substring;
10.25345/c5jm23t3w;Biology Centre;https://ror.org/05pq4yn02;"Czech Academy of Sciences, Biology Centre, Institute of Plant Molecular Biology, Branisovska 1760, 370 05 Ceske Budejovice, Czech Republic; Institute of Chemistry, Faculty of Science, University of South Bohemia, Branisovska 1760, 370 05 Ceske Budejovice, Czech Republic";biologycentre;"czechacademy of sciences, biology centre, institute of plant molecular biology, branisovska 1760, 370 05 ceske budejovice, czech republic; institute of chemistry, faculty of science, university of south bohemia, branisovska 1760, 370 05 ceske budejovice, czech republic";;match
10.25345/c5jm23t3w;Czech Academy of Sciences;https://ror.org/053avzc18;"Czech Academy of Sciences, Biology Centre, Institute of Plant Molecular Biology, Branisovska 1760, 370 05 Ceske Budejovice, Czech Republic; Institute of Chemistry, Faculty of Science, University of South Bohemia, Branisovska 1760, 370 05 Ceske Budejovice, Czech Republic";czechacademy of sciences;"czechacademy of sciences, biology centre, institute of plant molecular biology, branisovska 1760, 370 05 ceske budejovice, czech republic; institute of chemistry, faculty of science, university of south bohemia, branisovska 1760, 370 05 ceske budejovice, czech republic";auto_substring;
10.25345/c5jm23t3w;University of South Bohemia in České Budějovice;https://ror.org/033n3pw66;"Czech Academy of Sciences, Biology Centre, Institute of Plant Molecular Biology, Branisovska 1760, 370 05 Ceske Budejovice, Czech Republic; Institute of Chemistry, Faculty of Science, University of South Bohemia, Branisovska 1760, 370 05 Ceske Budejovice, Czech Republic";universityof south bohemia in ceske budejovice;"czechacademy of sciences, biology centre, institute of plant molecular biology, branisovska 1760, 370 05 ceske budejovice, czech republic; institute of chemistry, faculty of science, university of south bohemia, branisovska 1760, 370 05 ceske budejovice, czech republic";;match
10.25345/c5x05xp4v;Institute of Microbiology;https://ror.org/02p1jz666;"Institute of Microbiology of the Czech Academy of Sciences, Centre Algatech, Trebon, 379 01; Faculty of Science, University of South Bohemia, Ceske Budejovice, 370 05";instituteof microbiology;"instituteof microbiology of the czech academy of sciences, centre algatech, trebon, 379 01; faculty of science, university of south bohemia, ceske budejovice, 370 05";auto_substring;
10.25345/c5x05xp4v;University of South Bohemia in České Budějovice;https://ror.org/033n3pw66;"Institute of Microbiology of the Czech Academy of Sciences, Centre Algatech, Trebon, 379 01; Faculty of Science, University of South Bohemia, Ceske Budejovice, 370 05";universityof south bohemia in ceske budejovice;"instituteof microbiology of the czech academy of sciences, centre algatech, trebon, 379 01; faculty of science, university of south bohemia, ceske budejovice, 370 05";;match
10.5061/dryad.8pk0p2npt;Institute of Botany;https://ror.org/03qqnc658;"University of South Bohemia in České Budějovice; Institute of Botany of the Czech Academy of Sciences";instituteof botany;"universityof south bohemia in ceske budejovice; institute of botany of the czech academy of sciences";;match
10.5061/dryad.8pk0p2npt;University of South Bohemia in České Budějovice;https://ror.org/033n3pw66;"University of South Bohemia in České Budějovice; Institute of Botany of the Czech Academy of Sciences";universityof south bohemia in ceske budejovice;"universityof south bohemia in ceske budejovice; institute of botany of the czech academy of sciences";auto_substring;
10.5061/dryad.pg4f4qrqn;Global Change Research Centre;https://ror.org/01v5hek98;Palacký University Olomouc, Global Change Research Institute of the Czech Academy of Sciences;globalchange research centre;palackyuniversity olomouc, global change research institute of the czech academy of sciences;;match?
10.5061/dryad.pg4f4qrqn;Palacký University, Olomouc;https://ror.org/04qxnmv42;Palacký University Olomouc, Global Change Research Institute of the Czech Academy of Sciences;palackyuniversity, olomouc;palackyuniversity olomouc, global change research institute of the czech academy of sciences;;match
10.5281/zenodo.10002180;Masaryk University;https://ror.org/02j46qs45;Department of Radiology and Nuclear Medicine, University Hospital Brno and Masaryk University, Brno, Czechia;masarykuniversity;departmentof radiology and nuclear medicine, university hospital brno and masaryk university, brno, czechia;;match
10.5281/zenodo.10002180;Masaryk University;https://ror.org/02j46qs45;Department of Radiology and Nuclear Medicine, University Hospital Brno and Masaryk University, Brno, Czechia;masarykuniversity;departmentof radiology and nuclear medicine, university hospital brno and masaryk university, brno, czechia;;match
10.5281/zenodo.10002180;University Hospital Brno;https://ror.org/00qq1fp34;Department of Radiology and Nuclear Medicine, University Hospital Brno and Masaryk University, Brno, Czechia;universityhospital brno;departmentof radiology and nuclear medicine, university hospital brno and masaryk university, brno, czechia;;match?
10.5281/zenodo.10002180;University Hospital Brno;https://ror.org/00qq1fp34;Department of Radiology and Nuclear Medicine, University Hospital Brno and Masaryk University, Brno, Czechia;universityhospital brno;departmentof radiology and nuclear medicine, university hospital brno and masaryk university, brno, czechia;;match?
10.5281/zenodo.10155250;Charles University;https://ror.org/024d6js02;1 Department of Gynecology, Obstetrics and Neonatology, First Faculty of Medicine, Charles University and General University Hospital in Prague, Czech Republic;charlesuniversity;1department of gynecology, obstetrics and neonatology, first faculty of medicine, charles university and general university hospital in prague, czech republic;;match?
10.5281/zenodo.10155250;General University Hospital in Prague;https://ror.org/04yg23125;1 Department of Gynecology, Obstetrics and Neonatology, First Faculty of Medicine, Charles University and General University Hospital in Prague, Czech Republic;generaluniversity hospital in prague;1department of gynecology, obstetrics and neonatology, first faculty of medicine, charles university and general university hospital in prague, czech republic;;match?
10.5281/zenodo.10276473;Masaryk University;https://ror.org/02j46qs45;Department of Paediatric Oncology, University Hospital Brno, Masaryk University, Brno, Czech Republic;masarykuniversity;departmentof paediatric oncology, university hospital brno, masaryk university, brno, czech republic;;match
10.5281/zenodo.10276473;University Hospital Brno;https://ror.org/00qq1fp34;Department of Paediatric Oncology, University Hospital Brno, Masaryk University, Brno, Czech Republic;universityhospital brno;departmentof paediatric oncology, university hospital brno, masaryk university, brno, czech republic;;match?
10.5281/zenodo.10276473;St. Anne´s University Hospital;https://ror.org/049bjee35;International Clinical Research Center, St. Anne's University Hospital Brno, Brno, Czech Republic;stanne´s university hospital;internationalclinical research center, st. anne's university hospital brno, brno, czech republic;;match
10.5281/zenodo.10276473;University Hospital Brno;https://ror.org/00qq1fp34;International Clinical Research Center, St. Anne's University Hospital Brno, Brno, Czech Republic;universityhospital brno;internationalclinical research center, st. anne's university hospital brno, brno, czech republic;;match?
10.5281/zenodo.10794134;Brno University of Technology;https://ror.org/03613d656;Central European Institute of Technology, Brno University of Technology, Purkyňova 656/123, 61200 Brno, Czech Republic;brnouniversity of technology;centraleuropean institute of technology, brno university of technology, purkynova 656/123, 61200 brno, czech republic;;match?
10.5281/zenodo.10794134;Brno University of Technology;https://ror.org/03613d656;Central European Institute of Technology, Brno University of Technology, Purkyňova 656/123, 61200 Brno, Czech Republic;brnouniversity of technology;centraleuropean institute of technology, brno university of technology, purkynova 656/123, 61200 brno, czech republic;;match?
10.5281/zenodo.10794134;Brno University of Technology;https://ror.org/03613d656;Central European Institute of Technology, Brno University of Technology, Purkyňova 656/123, 61200 Brno, Czech Republic;brnouniversity of technology;centraleuropean institute of technology, brno university of technology, purkynova 656/123, 61200 brno, czech republic;;match?
10.5281/zenodo.10794134;Brno University of Technology;https://ror.org/03613d656;Central European Institute of Technology, Brno University of Technology, Purkyňova 656/123, 61200 Brno, Czech Republic;brnouniversity of technology;centraleuropean institute of technology, brno university of technology, purkynova 656/123, 61200 brno, czech republic;;match?
10.5281/zenodo.10794134;Brno University of Technology;https://ror.org/03613d656;Central European Institute of Technology, Brno University of Technology, Purkyňova 656/123, 61200 Brno, Czech Republic;brnouniversity of technology;centraleuropean institute of technology, brno university of technology, purkynova 656/123, 61200 brno, czech republic;;match?
10.5281/zenodo.10794134;Central European Institute of Technology;https://ror.org/01p7k1986;Central European Institute of Technology, Brno University of Technology, Purkyňova 656/123, 61200 Brno, Czech Republic;centraleuropean institute of technology;centraleuropean institute of technology, brno university of technology, purkynova 656/123, 61200 brno, czech republic;auto_substring;
10.5281/zenodo.10794134;Central European Institute of Technology;https://ror.org/01p7k1986;Central European Institute of Technology, Brno University of Technology, Purkyňova 656/123, 61200 Brno, Czech Republic;centraleuropean institute of technology;centraleuropean institute of technology, brno university of technology, purkynova 656/123, 61200 brno, czech republic;auto_substring;
10.5281/zenodo.10794134;Central European Institute of Technology;https://ror.org/01p7k1986;Central European Institute of Technology, Brno University of Technology, Purkyňova 656/123, 61200 Brno, Czech Republic;centraleuropean institute of technology;centraleuropean institute of technology, brno university of technology, purkynova 656/123, 61200 brno, czech republic;auto_substring;
10.5281/zenodo.10794134;Central European Institute of Technology;https://ror.org/01p7k1986;Central European Institute of Technology, Brno University of Technology, Purkyňova 656/123, 61200 Brno, Czech Republic;centraleuropean institute of technology;centraleuropean institute of technology, brno university of technology, purkynova 656/123, 61200 brno, czech republic;auto_substring;
10.5281/zenodo.10794134;Central European Institute of Technology;https://ror.org/01p7k1986;Central European Institute of Technology, Brno University of Technology, Purkyňova 656/123, 61200 Brno, Czech Republic;centraleuropean institute of technology;centraleuropean institute of technology, brno university of technology, purkynova 656/123, 61200 brno, czech republic;auto_substring;
10.5281/zenodo.10794134;Institute of Scientific Instruments;https://ror.org/027taah18;Central European Institute of Technology, Brno University of Technology, Purkyňova 656/123, 61200 Brno, Czech Republic;instituteof scientific instruments;centraleuropean institute of technology, brno university of technology, purkynova 656/123, 61200 brno, czech republic;;match
10.5281/zenodo.10794134;Institute of Scientific Instruments;https://ror.org/027taah18;Central European Institute of Technology, Brno University of Technology, Purkyňova 656/123, 61200 Brno, Czech Republic;instituteof scientific instruments;centraleuropean institute of technology, brno university of technology, purkynova 656/123, 61200 brno, czech republic;;match
10.5281/zenodo.10794134;Institute of Scientific Instruments;https://ror.org/027taah18;Central European Institute of Technology, Brno University of Technology, Purkyňova 656/123, 61200 Brno, Czech Republic;instituteof scientific instruments;centraleuropean institute of technology, brno university of technology, purkynova 656/123, 61200 brno, czech republic;;match
10.5281/zenodo.10794134;Institute of Scientific Instruments;https://ror.org/027taah18;Central European Institute of Technology, Brno University of Technology, Purkyňova 656/123, 61200 Brno, Czech Republic;instituteof scientific instruments;centraleuropean institute of technology, brno university of technology, purkynova 656/123, 61200 brno, czech republic;;match
10.5281/zenodo.10794134;Institute of Scientific Instruments;https://ror.org/027taah18;Central European Institute of Technology, Brno University of Technology, Purkyňova 656/123, 61200 Brno, Czech Republic;instituteof scientific instruments;centraleuropean institute of technology, brno university of technology, purkynova 656/123, 61200 brno, czech republic;;match
10.5281/zenodo.10794134;Masaryk University;https://ror.org/02j46qs45;Department of Pediatric Otorhinolaryngology, University Hospital Brno and Faculty of Medicine, Masaryk University Brno, Brno, Czech Republic;masarykuniversity;departmentof pediatric otorhinolaryngology, university hospital brno and faculty of medicine, masaryk university brno, brno, czech republic;;match?
10.5281/zenodo.10794134;University Hospital Brno;https://ror.org/00qq1fp34;Department of Pediatric Otorhinolaryngology, University Hospital Brno and Faculty of Medicine, Masaryk University Brno, Brno, Czech Republic;universityhospital brno;departmentof pediatric otorhinolaryngology, university hospital brno and faculty of medicine, masaryk university brno, brno, czech republic;;match?
10.5281/zenodo.10949371;University Hospital Hradec Králové;https://ror.org/04wckhb82;Biomedical Research Center, University Hospital Hradec Kralove;universityhospital hradec kralove;biomedicalresearch center, university hospital hradec kralove;;match
10.5281/zenodo.10949371;University Hospital Hradec Králové;https://ror.org/04wckhb82;Biomedical Research Center, University Hospital Hradec Kralove;universityhospital hradec kralove;biomedicalresearch center, university hospital hradec kralove;;match
10.5281/zenodo.10949371;University Hospital Hradec Králové;https://ror.org/04wckhb82;Biomedical Research Center, University Hospital Hradec Kralove;universityhospital hradec kralove;biomedicalresearch center, university hospital hradec kralove;;match
10.5281/zenodo.10949371;University Hospital Hradec Králové;https://ror.org/04wckhb82;Biomedical Research Center, University Hospital Hradec Kralove;universityhospital hradec kralove;biomedicalresearch center, university hospital hradec kralove;;match
10.5281/zenodo.10949371;University Hospital Hradec Králové;https://ror.org/04wckhb82;Biomedical Research Center, University Hospital Hradec Kralove;universityhospital hradec kralove;biomedicalresearch center, university hospital hradec kralove;;match
10.5281/zenodo.10949371;University Hospital Hradec Králové;https://ror.org/04wckhb82;Biomedical Research Center, University Hospital Hradec Kralove;universityhospital hradec kralove;biomedicalresearch center, university hospital hradec kralove;;match
10.5281/zenodo.10949371;University Hospital Hradec Králové;https://ror.org/04wckhb82;Biomedical Research Center, University Hospital Hradec Kralove;universityhospital hradec kralove;biomedicalresearch center, university hospital hradec kralove;;match
10.5281/zenodo.10949371;University Hospital Hradec Králové;https://ror.org/04wckhb82;Biomedical Research Center, University Hospital Hradec Kralove;universityhospital hradec kralove;biomedicalresearch center, university hospital hradec kralove;;match
10.5281/zenodo.10949371;University Hospital Hradec Králové;https://ror.org/04wckhb82;Biomedical Research Center, University Hospital Hradec Kralove;universityhospital hradec kralove;biomedicalresearch center, university hospital hradec kralove;;match
10.5281/zenodo.10949371;University of Hradec Králové;https://ror.org/05k238v14;Biomedical Research Center, University Hospital Hradec Kralove;universityof hradec kralove;biomedicalresearch center, university hospital hradec kralove;;match
10.5281/zenodo.10949371;University of Hradec Králové;https://ror.org/05k238v14;Biomedical Research Center, University Hospital Hradec Kralove;universityof hradec kralove;biomedicalresearch center, university hospital hradec kralove;;match
10.5281/zenodo.10949371;University of Hradec Králové;https://ror.org/05k238v14;Biomedical Research Center, University Hospital Hradec Kralove;universityof hradec kralove;biomedicalresearch center, university hospital hradec kralove;;match
10.5281/zenodo.10949371;University of Hradec Králové;https://ror.org/05k238v14;Biomedical Research Center, University Hospital Hradec Kralove;universityof hradec kralove;biomedicalresearch center, university hospital hradec kralove;;match
10.5281/zenodo.10949371;University of Hradec Králové;https://ror.org/05k238v14;Biomedical Research Center, University Hospital Hradec Kralove;universityof hradec kralove;biomedicalresearch center, university hospital hradec kralove;;match
10.5281/zenodo.10949371;University of Hradec Králové;https://ror.org/05k238v14;Biomedical Research Center, University Hospital Hradec Kralove;universityof hradec kralove;biomedicalresearch center, university hospital hradec kralove;;match
10.5281/zenodo.10949371;University of Hradec Králové;https://ror.org/05k238v14;Biomedical Research Center, University Hospital Hradec Kralove;universityof hradec kralove;biomedicalresearch center, university hospital hradec kralove;;match
10.5281/zenodo.10949371;University of Hradec Králové;https://ror.org/05k238v14;Biomedical Research Center, University Hospital Hradec Kralove;universityof hradec kralove;biomedicalresearch center, university hospital hradec kralove;;match
10.5281/zenodo.10949371;University of Hradec Králové;https://ror.org/05k238v14;Biomedical Research Center, University Hospital Hradec Kralove;universityof hradec kralove;biomedicalresearch center, university hospital hradec kralove;;match
10.5281/zenodo.10949371;Charles University;https://ror.org/024d6js02;Faculty of Pharmacy in Hradec Kralove, Charles University;charlesuniversity;facultyof pharmacy in hradec kralove, charles university;;match
10.5281/zenodo.10949371;University of Hradec Králové;https://ror.org/05k238v14;Faculty of Pharmacy in Hradec Kralove, Charles University;universityof hradec kralove;facultyof pharmacy in hradec kralove, charles university;;match
10.5281/zenodo.11077988;Charles University;https://ror.org/024d6js02;Department of Ecology, Charles University, Prague, Czech Republic & Department of Zoology, Palacky University, Olomouc, Czech Republic;charlesuniversity;departmentof ecology, charles university, prague, czech republic & department of zoology, palacky university, olomouc, czech republic;;match?
10.5281/zenodo.11077988;Charles University;https://ror.org/024d6js02;Department of Ecology, Charles University, Prague, Czech Republic & Department of Zoology, Palacky University, Olomouc, Czech Republic;charlesuniversity;departmentof ecology, charles university, prague, czech republic & department of zoology, palacky university, olomouc, czech republic;;match?
10.5281/zenodo.11077988;Palacký University, Olomouc;https://ror.org/04qxnmv42;Department of Ecology, Charles University, Prague, Czech Republic & Department of Zoology, Palacky University, Olomouc, Czech Republic;palackyuniversity, olomouc;departmentof ecology, charles university, prague, czech republic & department of zoology, palacky university, olomouc, czech republic;;match
10.5281/zenodo.11077988;Palacký University, Olomouc;https://ror.org/04qxnmv42;Department of Ecology, Charles University, Prague, Czech Republic & Department of Zoology, Palacky University, Olomouc, Czech Republic;palackyuniversity, olomouc;departmentof ecology, charles university, prague, czech republic & department of zoology, palacky university, olomouc, czech republic;;match
10.5281/zenodo.11162289;South Bohemia research center of aquaculture and biodiversity of hydrocenoses;https://ror.org/050jqn596;University of South Bohemia in České Budějovice, Faculty of Fisheries and Protection of Waters, South Bohemian Research Center of Aquaculture and Biodiversity of Hydrocenoses (CENAKVA), Zátiší 728/II, CZ-389 25 Vodňany, Czech Republic,;southbohemia research center of aquaculture and biodiversity of hydrocenoses;universityof south bohemia in ceske budejovice, faculty of fisheries and protection of waters, south bohemian research center of aquaculture and biodiversity of hydrocenoses (cenakva), zatisi 728/ii, cz-389 25 vodnany, czech republic,;auto_substring;
10.5281/zenodo.11162289;University of South Bohemia in České Budějovice;https://ror.org/033n3pw66;University of South Bohemia in České Budějovice, Faculty of Fisheries and Protection of Waters, South Bohemian Research Center of Aquaculture and Biodiversity of Hydrocenoses (CENAKVA), Zátiší 728/II, CZ-389 25 Vodňany, Czech Republic,;universityof south bohemia in ceske budejovice;universityof south bohemia in ceske budejovice, faculty of fisheries and protection of waters, south bohemian research center of aquaculture and biodiversity of hydrocenoses (cenakva), zatisi 728/ii, cz-389 25 vodnany, czech republic,;auto_substring;
10.5281/zenodo.11518844;Centre for Nanomaterials and Biotechnology;https://ror.org/0545qzj69;Centre for Nanomaterials and Biotechnology, Faculty of Science, J. E. Purkyně University;centrefor nanomaterials and biotechnology;centrefor nanomaterials and biotechnology, faculty of science, j. e. purkyne university;auto_substring;
10.5281/zenodo.11518844;Centre for Nanomaterials and Biotechnology;https://ror.org/0545qzj69;Centre for Nanomaterials and Biotechnology, Faculty of Science, J. E. Purkyně University;centrefor nanomaterials and biotechnology;centrefor nanomaterials and biotechnology, faculty of science, j. e. purkyne university;auto_substring;
10.5281/zenodo.11518844;Jan Evangelista Purkyně University in Ústí nad Labem;https://ror.org/04vjwcp92;Centre for Nanomaterials and Biotechnology, Faculty of Science, J. E. Purkyně University;janevangelista purkyne university in usti nad labem;centrefor nanomaterials and biotechnology, faculty of science, j. e. purkyne university;;match
10.5281/zenodo.11518844;Jan Evangelista Purkyně University in Ústí nad Labem;https://ror.org/04vjwcp92;Centre for Nanomaterials and Biotechnology, Faculty of Science, J. E. Purkyně University;janevangelista purkyne university in usti nad labem;centrefor nanomaterials and biotechnology, faculty of science, j. e. purkyne university;;match
10.5281/zenodo.12209469;Central European Institute of Technology;https://ror.org/01p7k1986;Department of Neurology, Faculty of Medicine and Centre for Neuroscience at CEITEC Masaryk University, Brno, Czech Republic;centraleuropean institute of technology;departmentof neurology, faculty of medicine and centre for neuroscience at ceitec masaryk university, brno, czech republic;auto_substring;
10.5281/zenodo.12209469;Masaryk University;https://ror.org/02j46qs45;Department of Neurology, Faculty of Medicine and Centre for Neuroscience at CEITEC Masaryk University, Brno, Czech Republic;masarykuniversity;departmentof neurology, faculty of medicine and centre for neuroscience at ceitec masaryk university, brno, czech republic;;match
10.5281/zenodo.13220569;Charles University;https://ror.org/024d6js02;First Department of Medicine-Department of Hematology, Charles University General Hospital in Prague, Czech Republic;charlesuniversity;firstdepartment of medicine-department of hematology, charles university general hospital in prague, czech republic;;match
10.5281/zenodo.13220569;Charles University;https://ror.org/024d6js02;First Department of Medicine-Department of Hematology, Charles University General Hospital in Prague, Czech Republic;charlesuniversity;firstdepartment of medicine-department of hematology, charles university general hospital in prague, czech republic;;match
10.5281/zenodo.13220569;Charles University;https://ror.org/024d6js02;First Department of Medicine-Department of Hematology, Charles University General Hospital in Prague, Czech Republic;charlesuniversity;firstdepartment of medicine-department of hematology, charles university general hospital in prague, czech republic;;match
10.5281/zenodo.13220569;General University Hospital in Prague;https://ror.org/04yg23125;First Department of Medicine-Department of Hematology, Charles University General Hospital in Prague, Czech Republic;generaluniversity hospital in prague;firstdepartment of medicine-department of hematology, charles university general hospital in prague, czech republic;;match?
10.5281/zenodo.13220569;General University Hospital in Prague;https://ror.org/04yg23125;First Department of Medicine-Department of Hematology, Charles University General Hospital in Prague, Czech Republic;generaluniversity hospital in prague;firstdepartment of medicine-department of hematology, charles university general hospital in prague, czech republic;;match?
10.5281/zenodo.13220569;General University Hospital in Prague;https://ror.org/04yg23125;First Department of Medicine-Department of Hematology, Charles University General Hospital in Prague, Czech Republic;generaluniversity hospital in prague;firstdepartment of medicine-department of hematology, charles university general hospital in prague, czech republic;;match?
10.5281/zenodo.13366408;Charles University;https://ror.org/024d6js02;Department of Ecology, Charles University, Prague, Czech Republic & Department of Zoology, Palacky University, Olomouc, Czech Republic;charlesuniversity;departmentof ecology, charles university, prague, czech republic & department of zoology, palacky university, olomouc, czech republic;;match?
10.5281/zenodo.13366408;Charles University;https://ror.org/024d6js02;Department of Ecology, Charles University, Prague, Czech Republic & Department of Zoology, Palacky University, Olomouc, Czech Republic;charlesuniversity;departmentof ecology, charles university, prague, czech republic & department of zoology, palacky university, olomouc, czech republic;;match?
10.5281/zenodo.13366408;Palacký University, Olomouc;https://ror.org/04qxnmv42;Department of Ecology, Charles University, Prague, Czech Republic & Department of Zoology, Palacky University, Olomouc, Czech Republic;palackyuniversity, olomouc;departmentof ecology, charles university, prague, czech republic & department of zoology, palacky university, olomouc, czech republic;;match
10.5281/zenodo.13366408;Palacký University, Olomouc;https://ror.org/04qxnmv42;Department of Ecology, Charles University, Prague, Czech Republic & Department of Zoology, Palacky University, Olomouc, Czech Republic;palackyuniversity, olomouc;departmentof ecology, charles university, prague, czech republic & department of zoology, palacky university, olomouc, czech republic;;match
10.5281/zenodo.13884524;Brno University of Technology;https://ror.org/03613d656;Central European Institute of Technology, Brno University of Technology;brnouniversity of technology;centraleuropean institute of technology, brno university of technology;;match?
10.5281/zenodo.13884524;Brno University of Technology;https://ror.org/03613d656;Central European Institute of Technology, Brno University of Technology;brnouniversity of technology;centraleuropean institute of technology, brno university of technology;;match?
10.5281/zenodo.13884524;Brno University of Technology;https://ror.org/03613d656;Central European Institute of Technology, Brno University of Technology;brnouniversity of technology;centraleuropean institute of technology, brno university of technology;;match?
10.5281/zenodo.13884524;Brno University of Technology;https://ror.org/03613d656;Central European Institute of Technology, Brno University of Technology;brnouniversity of technology;centraleuropean institute of technology, brno university of technology;;match?
10.5281/zenodo.13884524;Brno University of Technology;https://ror.org/03613d656;Central European Institute of Technology, Brno University of Technology;brnouniversity of technology;centraleuropean institute of technology, brno university of technology;;match?
10.5281/zenodo.13884524;Central European Institute of Technology;https://ror.org/01p7k1986;Central European Institute of Technology, Brno University of Technology;centraleuropean institute of technology;centraleuropean institute of technology, brno university of technology;auto_substring;
10.5281/zenodo.13884524;Central European Institute of Technology;https://ror.org/01p7k1986;Central European Institute of Technology, Brno University of Technology;centraleuropean institute of technology;centraleuropean institute of technology, brno university of technology;auto_substring;
10.5281/zenodo.13884524;Central European Institute of Technology;https://ror.org/01p7k1986;Central European Institute of Technology, Brno University of Technology;centraleuropean institute of technology;centraleuropean institute of technology, brno university of technology;auto_substring;
10.5281/zenodo.13884524;Central European Institute of Technology;https://ror.org/01p7k1986;Central European Institute of Technology, Brno University of Technology;centraleuropean institute of technology;centraleuropean institute of technology, brno university of technology;auto_substring;
10.5281/zenodo.13884524;Central European Institute of Technology;https://ror.org/01p7k1986;Central European Institute of Technology, Brno University of Technology;centraleuropean institute of technology;centraleuropean institute of technology, brno university of technology;auto_substring;
10.5281/zenodo.13897315;Brno University of Technology;https://ror.org/03613d656;Czech Academy of Sciences, Institute of Physics of Materials, v. v. i., and  Brno University of Technology, Faculty of Civil Engineering;brnouniversity of technology;czechacademy of sciences, institute of physics of materials, v. v. i., and  brno university of technology, faculty of civil engineering;;match
10.5281/zenodo.13897315;Czech Academy of Sciences;https://ror.org/053avzc18;Czech Academy of Sciences, Institute of Physics of Materials, v. v. i., and  Brno University of Technology, Faculty of Civil Engineering;czechacademy of sciences;czechacademy of sciences, institute of physics of materials, v. v. i., and  brno university of technology, faculty of civil engineering;auto_substring;
10.5281/zenodo.13897315;Brno University of Technology;https://ror.org/03613d656;Czech Academy of Sciences, Institute of Physics of Materials, v. v. i., and Brno University of Technology, Faculty of Civil Engineering;brnouniversity of technology;czechacademy of sciences, institute of physics of materials, v. v. i., and brno university of technology, faculty of civil engineering;;match
10.5281/zenodo.13897315;Czech Academy of Sciences;https://ror.org/053avzc18;Czech Academy of Sciences, Institute of Physics of Materials, v. v. i., and Brno University of Technology, Faculty of Civil Engineering;czechacademy of sciences;czechacademy of sciences, institute of physics of materials, v. v. i., and brno university of technology, faculty of civil engineering;auto_substring;
10.5281/zenodo.13899026;Brno University of Technology;https://ror.org/03613d656;Central European Institute of Technology, Brno University of Technology, Purkyňova 656/123, 61200 Brno, Czech Republic;brnouniversity of technology;centraleuropean institute of technology, brno university of technology, purkynova 656/123, 61200 brno, czech republic;;match?
10.5281/zenodo.13899026;Brno University of Technology;https://ror.org/03613d656;Central European Institute of Technology, Brno University of Technology, Purkyňova 656/123, 61200 Brno, Czech Republic;brnouniversity of technology;centraleuropean institute of technology, brno university of technology, purkynova 656/123, 61200 brno, czech republic;;match?
10.5281/zenodo.13899026;Brno University of Technology;https://ror.org/03613d656;Central European Institute of Technology, Brno University of Technology, Purkyňova 656/123, 61200 Brno, Czech Republic;brnouniversity of technology;centraleuropean institute of technology, brno university of technology, purkynova 656/123, 61200 brno, czech republic;;match?
10.5281/zenodo.13899026;Brno University of Technology;https://ror.org/03613d656;Central European Institute of Technology, Brno University of Technology, Purkyňova 656/123, 61200 Brno, Czech Republic;brnouniversity of technology;centraleuropean institute of technology, brno university of technology, purkynova 656/123, 61200 brno, czech republic;;match?
10.5281/zenodo.13899026;Brno University of Technology;https://ror.org/03613d656;Central European Institute of Technology, Brno University of Technology, Purkyňova 656/123, 61200 Brno, Czech Republic;brnouniversity of technology;centraleuropean institute of technology, brno university of technology, purkynova 656/123, 61200 brno, czech republic;;match?
10.5281/zenodo.13899026;Central European Institute of Technology;https://ror.org/01p7k1986;Central European Institute of Technology, Brno University of Technology, Purkyňova 656/123, 61200 Brno, Czech Republic;centraleuropean institute of technology;centraleuropean institute of technology, brno university of technology, purkynova 656/123, 61200 brno, czech republic;auto_substring;
10.5281/zenodo.13899026;Central European Institute of Technology;https://ror.org/01p7k1986;Central European Institute of Technology, Brno University of Technology, Purkyňova 656/123, 61200 Brno, Czech Republic;centraleuropean institute of technology;centraleuropean institute of technology, brno university of technology, purkynova 656/123, 61200 brno, czech republic;auto_substring;
10.5281/zenodo.13899026;Central European Institute of Technology;https://ror.org/01p7k1986;Central European Institute of Technology, Brno University of Technology, Purkyňova 656/123, 61200 Brno, Czech Republic;centraleuropean institute of technology;centraleuropean institute of technology, brno university of technology, purkynova 656/123, 61200 brno, czech republic;auto_substring;
10.5281/zenodo.13899026;Central European Institute of Technology;https://ror.org/01p7k1986;Central European Institute of Technology, Brno University of Technology, Purkyňova 656/123, 61200 Brno, Czech Republic;centraleuropean institute of technology;centraleuropean institute of technology, brno university of technology, purkynova 656/123, 61200 brno, czech republic;auto_substring;
10.5281/zenodo.13899026;Central European Institute of Technology;https://ror.org/01p7k1986;Central European Institute of Technology, Brno University of Technology, Purkyňova 656/123, 61200 Brno, Czech Republic;centraleuropean institute of technology;centraleuropean institute of technology, brno university of technology, purkynova 656/123, 61200 brno, czech republic;auto_substring;
10.5281/zenodo.13918063;Palacký University, Olomouc;https://ror.org/04qxnmv42;Czech Advanced Technology and Research Institute, Regional Centre of Advanced Technologies and Materials, Palacký University Olomouc, Šlechtitelů 27, 783 71 Olomouc, Czech Republic;palackyuniversity, olomouc;czechadvanced technology and research institute, regional centre of advanced technologies and materials, palacky university olomouc, slechtitelu 27, 783 71 olomouc, czech republic;;match?
10.5281/zenodo.13918063;Palacký University, Olomouc;https://ror.org/04qxnmv42;Czech Advanced Technology and Research Institute, Regional Centre of Advanced Technologies and Materials, Palacký University Olomouc, Šlechtitelů 27, 783 71 Olomouc, Czech Republic;palackyuniversity, olomouc;czechadvanced technology and research institute, regional centre of advanced technologies and materials, palacky university olomouc, slechtitelu 27, 783 71 olomouc, czech republic;;match?
10.5281/zenodo.13918063;Palacký University, Olomouc;https://ror.org/04qxnmv42;Czech Advanced Technology and Research Institute, Regional Centre of Advanced Technologies and Materials, Palacký University Olomouc, Šlechtitelů 27, 783 71 Olomouc, Czech Republic;palackyuniversity, olomouc;czechadvanced technology and research institute, regional centre of advanced technologies and materials, palacky university olomouc, slechtitelu 27, 783 71 olomouc, czech republic;;match?
10.5281/zenodo.13918063;Palacký University, Olomouc;https://ror.org/04qxnmv42;Czech Advanced Technology and Research Institute, Regional Centre of Advanced Technologies and Materials, Palacký University Olomouc, Šlechtitelů 27, 783 71 Olomouc, Czech Republic;palackyuniversity, olomouc;czechadvanced technology and research institute, regional centre of advanced technologies and materials, palacky university olomouc, slechtitelu 27, 783 71 olomouc, czech republic;;match?
10.5281/zenodo.13918063;Palacký University, Olomouc;https://ror.org/04qxnmv42;Czech Advanced Technology and Research Institute, Regional Centre of Advanced Technologies and Materials, Palacký University Olomouc, Šlechtitelů 27, 783 71 Olomouc, Czech Republic;palackyuniversity, olomouc;czechadvanced technology and research institute, regional centre of advanced technologies and materials, palacky university olomouc, slechtitelu 27, 783 71 olomouc, czech republic;;match?
10.5281/zenodo.13918063;Regional Centre of Advanced Technologies and Materials;https://ror.org/02mt5f456;Czech Advanced Technology and Research Institute, Regional Centre of Advanced Technologies and Materials, Palacký University Olomouc, Šlechtitelů 27, 783 71 Olomouc, Czech Republic;regionalcentre of advanced technologies and materials;czechadvanced technology and research institute, regional centre of advanced technologies and materials, palacky university olomouc, slechtitelu 27, 783 71 olomouc, czech republic;;match?
10.5281/zenodo.13918063;Regional Centre of Advanced Technologies and Materials;https://ror.org/02mt5f456;Czech Advanced Technology and Research Institute, Regional Centre of Advanced Technologies and Materials, Palacký University Olomouc, Šlechtitelů 27, 783 71 Olomouc, Czech Republic;regionalcentre of advanced technologies and materials;czechadvanced technology and research institute, regional centre of advanced technologies and materials, palacky university olomouc, slechtitelu 27, 783 71 olomouc, czech republic;;match?
10.5281/zenodo.13918063;Regional Centre of Advanced Technologies and Materials;https://ror.org/02mt5f456;Czech Advanced Technology and Research Institute, Regional Centre of Advanced Technologies and Materials, Palacký University Olomouc, Šlechtitelů 27, 783 71 Olomouc, Czech Republic;regionalcentre of advanced technologies and materials;czechadvanced technology and research institute, regional centre of advanced technologies and materials, palacky university olomouc, slechtitelu 27, 783 71 olomouc, czech republic;;match?
10.5281/zenodo.13918063;Regional Centre of Advanced Technologies and Materials;https://ror.org/02mt5f456;Czech Advanced Technology and Research Institute, Regional Centre of Advanced Technologies and Materials, Palacký University Olomouc, Šlechtitelů 27, 783 71 Olomouc, Czech Republic;regionalcentre of advanced technologies and materials;czechadvanced technology and research institute, regional centre of advanced technologies and materials, palacky university olomouc, slechtitelu 27, 783 71 olomouc, czech republic;;match?
10.5281/zenodo.13918063;Regional Centre of Advanced Technologies and Materials;https://ror.org/02mt5f456;Czech Advanced Technology and Research Institute, Regional Centre of Advanced Technologies and Materials, Palacký University Olomouc, Šlechtitelů 27, 783 71 Olomouc, Czech Republic;regionalcentre of advanced technologies and materials;czechadvanced technology and research institute, regional centre of advanced technologies and materials, palacky university olomouc, slechtitelu 27, 783 71 olomouc, czech republic;;match?
10.5281/zenodo.13919556;Brno University of Technology;https://ror.org/03613d656;Czech Academy of Sciences, Institute of Physics of Materials, v. v. i. and  Brno University of Technology, Faculty of Civil Engineering;brnouniversity of technology;czechacademy of sciences, institute of physics of materials, v. v. i. and  brno university of technology, faculty of civil engineering;;match
10.5281/zenodo.13919556;Czech Academy of Sciences;https://ror.org/053avzc18;Czech Academy of Sciences, Institute of Physics of Materials, v. v. i. and  Brno University of Technology, Faculty of Civil Engineering;czechacademy of sciences;czechacademy of sciences, institute of physics of materials, v. v. i. and  brno university of technology, faculty of civil engineering;auto_substring;
10.5281/zenodo.13919556;Brno University of Technology;https://ror.org/03613d656;Czech Academy of Sciences, Institute of Physics of Materials, v. v. i., and Brno University of Technology, Faculty of Civil Engineering;brnouniversity of technology;czechacademy of sciences, institute of physics of materials, v. v. i., and brno university of technology, faculty of civil engineering;;match
10.5281/zenodo.13919556;Czech Academy of Sciences;https://ror.org/053avzc18;Czech Academy of Sciences, Institute of Physics of Materials, v. v. i., and Brno University of Technology, Faculty of Civil Engineering;czechacademy of sciences;czechacademy of sciences, institute of physics of materials, v. v. i., and brno university of technology, faculty of civil engineering;auto_substring;
10.5281/zenodo.13919556;Brno University of Technology;https://ror.org/03613d656;Czech Academy of Sciences, Institute of Physics of Materials, v. v. i., and Czech Republic, and Brno University of Technology, Faculty of Civil Engineering,;brnouniversity of technology;czechacademy of sciences, institute of physics of materials, v. v. i., and czech republic, and brno university of technology, faculty of civil engineering,;;match
10.5281/zenodo.13919556;Czech Academy of Sciences;https://ror.org/053avzc18;Czech Academy of Sciences, Institute of Physics of Materials, v. v. i., and Czech Republic, and Brno University of Technology, Faculty of Civil Engineering,;czechacademy of sciences;czechacademy of sciences, institute of physics of materials, v. v. i., and czech republic, and brno university of technology, faculty of civil engineering,;auto_substring;
10.5281/zenodo.14025746;Charles University;https://ror.org/024d6js02;First Department of Medicine - Hematology, University General Hospital Prague and First Faculty of Medicine, Charles University, Prague, Czech Republic;charlesuniversity;firstdepartment of medicine - hematology, university general hospital prague and first faculty of medicine, charles university, prague, czech republic;;match
10.5281/zenodo.14025746;Charles University;https://ror.org/024d6js02;First Department of Medicine - Hematology, University General Hospital Prague and First Faculty of Medicine, Charles University, Prague, Czech Republic;charlesuniversity;firstdepartment of medicine - hematology, university general hospital prague and first faculty of medicine, charles university, prague, czech republic;;match
10.5281/zenodo.14025746;Charles University;https://ror.org/024d6js02;First Department of Medicine - Hematology, University General Hospital Prague and First Faculty of Medicine, Charles University, Prague, Czech Republic;charlesuniversity;firstdepartment of medicine - hematology, university general hospital prague and first faculty of medicine, charles university, prague, czech republic;;match
10.5281/zenodo.14025746;General University Hospital in Prague;https://ror.org/04yg23125;First Department of Medicine - Hematology, University General Hospital Prague and First Faculty of Medicine, Charles University, Prague, Czech Republic;generaluniversity hospital in prague;firstdepartment of medicine - hematology, university general hospital prague and first faculty of medicine, charles university, prague, czech republic;;match?
10.5281/zenodo.14025746;General University Hospital in Prague;https://ror.org/04yg23125;First Department of Medicine - Hematology, University General Hospital Prague and First Faculty of Medicine, Charles University, Prague, Czech Republic;generaluniversity hospital in prague;firstdepartment of medicine - hematology, university general hospital prague and first faculty of medicine, charles university, prague, czech republic;;match?
10.5281/zenodo.14025746;General University Hospital in Prague;https://ror.org/04yg23125;First Department of Medicine - Hematology, University General Hospital Prague and First Faculty of Medicine, Charles University, Prague, Czech Republic;generaluniversity hospital in prague;firstdepartment of medicine - hematology, university general hospital prague and first faculty of medicine, charles university, prague, czech republic;;match?
10.5281/zenodo.14266762;Charles University;https://ror.org/024d6js02;Second Faculty of Medicine, Charles University and Motol University Hospital;charlesuniversity;secondfaculty of medicine, charles university and motol university hospital;;match
10.5281/zenodo.14266762;University Hospital in Motol;https://ror.org/0125yxn03;Second Faculty of Medicine, Charles University and Motol University Hospital;universityhospital in motol;secondfaculty of medicine, charles university and motol university hospital;;match?
10.5281/zenodo.14295543;Masaryk University;https://ror.org/02j46qs45;Department of Anaesthesiology and Intensive Care, St. Anne's University Hospital and Faculty of Medicine, Masaryk University, Brno, Czech Republic.;masarykuniversity;departmentof anaesthesiology and intensive care, st. anne's university hospital and faculty of medicine, masaryk university, brno, czech republic.;;match
10.5281/zenodo.14295543;Masaryk University;https://ror.org/02j46qs45;Department of Anaesthesiology and Intensive Care, St. Anne's University Hospital and Faculty of Medicine, Masaryk University, Brno, Czech Republic.;masarykuniversity;departmentof anaesthesiology and intensive care, st. anne's university hospital and faculty of medicine, masaryk university, brno, czech republic.;;match
10.5281/zenodo.14295543;Masaryk University;https://ror.org/02j46qs45;Department of Anaesthesiology and Intensive Care, St. Anne's University Hospital and Faculty of Medicine, Masaryk University, Brno, Czech Republic.;masarykuniversity;departmentof anaesthesiology and intensive care, st. anne's university hospital and faculty of medicine, masaryk university, brno, czech republic.;;match
10.5281/zenodo.14295543;Masaryk University;https://ror.org/02j46qs45;Department of Anaesthesiology and Intensive Care, St. Anne's University Hospital and Faculty of Medicine, Masaryk University, Brno, Czech Republic.;masarykuniversity;departmentof anaesthesiology and intensive care, st. anne's university hospital and faculty of medicine, masaryk university, brno, czech republic.;;match
10.5281/zenodo.14295543;St. Anne´s University Hospital;https://ror.org/049bjee35;Department of Anaesthesiology and Intensive Care, St. Anne's University Hospital and Faculty of Medicine, Masaryk University, Brno, Czech Republic.;stanne´s university hospital;departmentof anaesthesiology and intensive care, st. anne's university hospital and faculty of medicine, masaryk university, brno, czech republic.;;match?
10.5281/zenodo.14295543;St. Anne´s University Hospital;https://ror.org/049bjee35;Department of Anaesthesiology and Intensive Care, St. Anne's University Hospital and Faculty of Medicine, Masaryk University, Brno, Czech Republic.;stanne´s university hospital;departmentof anaesthesiology and intensive care, st. anne's university hospital and faculty of medicine, masaryk university, brno, czech republic.;;match?
10.5281/zenodo.14295543;St. Anne´s University Hospital;https://ror.org/049bjee35;Department of Anaesthesiology and Intensive Care, St. Anne's University Hospital and Faculty of Medicine, Masaryk University, Brno, Czech Republic.;stanne´s university hospital;departmentof anaesthesiology and intensive care, st. anne's university hospital and faculty of medicine, masaryk university, brno, czech republic.;;match?
10.5281/zenodo.14295543;St. Anne´s University Hospital;https://ror.org/049bjee35;Department of Anaesthesiology and Intensive Care, St. Anne's University Hospital and Faculty of Medicine, Masaryk University, Brno, Czech Republic.;stanne´s university hospital;departmentof anaesthesiology and intensive care, st. anne's university hospital and faculty of medicine, masaryk university, brno, czech republic.;;match?
10.5281/zenodo.14295543;Masaryk University;https://ror.org/02j46qs45;First Department of Orthopaedic Surgery, St. Anne's University Hospital and Faculty of Medicine, Masaryk University, Brno, Czech Republic.;masarykuniversity;firstdepartment of orthopaedic surgery, st. anne's university hospital and faculty of medicine, masaryk university, brno, czech republic.;;match?
10.5281/zenodo.14295543;St. Anne´s University Hospital;https://ror.org/049bjee35;First Department of Orthopaedic Surgery, St. Anne's University Hospital and Faculty of Medicine, Masaryk University, Brno, Czech Republic.;stanne´s university hospital;firstdepartment of orthopaedic surgery, st. anne's university hospital and faculty of medicine, masaryk university, brno, czech republic.;;match?
10.5281/zenodo.14295543;Charles University;https://ror.org/024d6js02;Institute of Clinical Immunology and Allergology, First Faculty of Medicine, Charles University and General University Hospital in Prague, Prague, Czech Republic.;charlesuniversity;instituteof clinical immunology and allergology, first faculty of medicine, charles university and general university hospital in prague, prague, czech republic.;;match
10.5281/zenodo.14295543;General University Hospital in Prague;https://ror.org/04yg23125;Institute of Clinical Immunology and Allergology, First Faculty of Medicine, Charles University and General University Hospital in Prague, Prague, Czech Republic.;generaluniversity hospital in prague;instituteof clinical immunology and allergology, first faculty of medicine, charles university and general university hospital in prague, prague, czech republic.;;match?
10.5281/zenodo.14295543;Masaryk University;https://ror.org/02j46qs45;Institute of Clinical Immunology and Allergology, First Faculty of Medicine, Charles University and General University Hospital in Prague, Prague, Czech Republic.;masarykuniversity;instituteof clinical immunology and allergology, first faculty of medicine, charles university and general university hospital in prague, prague, czech republic.;auto_substring;
10.5281/zenodo.14295543;Masaryk University;https://ror.org/02j46qs45;Institute of Clinical Immunology and Allergology, St. Anne's University Hospital and Faculty of Medicine, Masaryk University, Brno, Czech Republic.;masarykuniversity;instituteof clinical immunology and allergology, st. anne's university hospital and faculty of medicine, masaryk university, brno, czech republic.;auto_substring;
10.5281/zenodo.14295543;Masaryk University;https://ror.org/02j46qs45;Institute of Clinical Immunology and Allergology, St. Anne's University Hospital and Faculty of Medicine, Masaryk University, Brno, Czech Republic.;masarykuniversity;instituteof clinical immunology and allergology, st. anne's university hospital and faculty of medicine, masaryk university, brno, czech republic.;auto_substring;
10.5281/zenodo.14295543;St. Anne´s University Hospital;https://ror.org/049bjee35;Institute of Clinical Immunology and Allergology, St. Anne's University Hospital and Faculty of Medicine, Masaryk University, Brno, Czech Republic.;stanne´s university hospital;instituteof clinical immunology and allergology, st. anne's university hospital and faculty of medicine, masaryk university, brno, czech republic.;;match?
10.5281/zenodo.14295543;St. Anne´s University Hospital;https://ror.org/049bjee35;Institute of Clinical Immunology and Allergology, St. Anne's University Hospital and Faculty of Medicine, Masaryk University, Brno, Czech Republic.;stanne´s university hospital;instituteof clinical immunology and allergology, st. anne's university hospital and faculty of medicine, masaryk university, brno, czech republic.;;match?
10.5281/zenodo.14439034;Centre for Nanomaterials and Biotechnology;https://ror.org/0545qzj69;Centre for Nanomaterials and Biotechnology, Faculty of Science, J. E. Purkyně University, Pasteurova 15, 40096, Ústí nad Labem, Czech Republic;centrefor nanomaterials and biotechnology;centrefor nanomaterials and biotechnology, faculty of science, j. e. purkyne university, pasteurova 15, 40096, usti nad labem, czech republic;auto_substring;
10.5281/zenodo.14439034;Centre for Nanomaterials and Biotechnology;https://ror.org/0545qzj69;Centre for Nanomaterials and Biotechnology, Faculty of Science, J. E. Purkyně University, Pasteurova 15, 40096, Ústí nad Labem, Czech Republic;centrefor nanomaterials and biotechnology;centrefor nanomaterials and biotechnology, faculty of science, j. e. purkyne university, pasteurova 15, 40096, usti nad labem, czech republic;auto_substring;
10.5281/zenodo.14439034;Centre for Nanomaterials and Biotechnology;https://ror.org/0545qzj69;Centre for Nanomaterials and Biotechnology, Faculty of Science, J. E. Purkyně University, Pasteurova 15, 40096, Ústí nad Labem, Czech Republic;centrefor nanomaterials and biotechnology;centrefor nanomaterials and biotechnology, faculty of science, j. e. purkyne university, pasteurova 15, 40096, usti nad labem, czech republic;auto_substring;
10.5281/zenodo.14439034;Centre for Nanomaterials and Biotechnology;https://ror.org/0545qzj69;Centre for Nanomaterials and Biotechnology, Faculty of Science, J. E. Purkyně University, Pasteurova 15, 40096, Ústí nad Labem, Czech Republic;centrefor nanomaterials and biotechnology;centrefor nanomaterials and biotechnology, faculty of science, j. e. purkyne university, pasteurova 15, 40096, usti nad labem, czech republic;auto_substring;
10.5281/zenodo.14439034;Jan Evangelista Purkyně University in Ústí nad Labem;https://ror.org/04vjwcp92;Centre for Nanomaterials and Biotechnology, Faculty of Science, J. E. Purkyně University, Pasteurova 15, 40096, Ústí nad Labem, Czech Republic;janevangelista purkyne university in usti nad labem;centrefor nanomaterials and biotechnology, faculty of science, j. e. purkyne university, pasteurova 15, 40096, usti nad labem, czech republic;;match
10.5281/zenodo.14439034;Jan Evangelista Purkyně University in Ústí nad Labem;https://ror.org/04vjwcp92;Centre for Nanomaterials and Biotechnology, Faculty of Science, J. E. Purkyně University, Pasteurova 15, 40096, Ústí nad Labem, Czech Republic;janevangelista purkyne university in usti nad labem;centrefor nanomaterials and biotechnology, faculty of science, j. e. purkyne university, pasteurova 15, 40096, usti nad labem, czech republic;;match
10.5281/zenodo.14439034;Jan Evangelista Purkyně University in Ústí nad Labem;https://ror.org/04vjwcp92;Centre for Nanomaterials and Biotechnology, Faculty of Science, J. E. Purkyně University, Pasteurova 15, 40096, Ústí nad Labem, Czech Republic;janevangelista purkyne university in usti nad labem;centrefor nanomaterials and biotechnology, faculty of science, j. e. purkyne university, pasteurova 15, 40096, usti nad labem, czech republic;;match
10.5281/zenodo.14439034;Jan Evangelista Purkyně University in Ústí nad Labem;https://ror.org/04vjwcp92;Centre for Nanomaterials and Biotechnology, Faculty of Science, J. E. Purkyně University, Pasteurova 15, 40096, Ústí nad Labem, Czech Republic;janevangelista purkyne university in usti nad labem;centrefor nanomaterials and biotechnology, faculty of science, j. e. purkyne university, pasteurova 15, 40096, usti nad labem, czech republic;;match
10.5281/zenodo.14442314;Centre for Nanomaterials and Biotechnology;https://ror.org/0545qzj69;Centre for Nanomaterials and Biotechnology, Faculty of Science, University of Jan Evangelista Purkyně, Pasteurova 15, 400 96, Ústí nad Labem, Czech Republic;centrefor nanomaterials and biotechnology;centrefor nanomaterials and biotechnology, faculty of science, university of jan evangelista purkyne, pasteurova 15, 400 96, usti nad labem, czech republic;auto_substring;
10.5281/zenodo.14442314;Centre for Nanomaterials and Biotechnology;https://ror.org/0545qzj69;Centre for Nanomaterials and Biotechnology, Faculty of Science, University of Jan Evangelista Purkyně, Pasteurova 15, 400 96, Ústí nad Labem, Czech Republic;centrefor nanomaterials and biotechnology;centrefor nanomaterials and biotechnology, faculty of science, university of jan evangelista purkyne, pasteurova 15, 400 96, usti nad labem, czech republic;auto_substring;
10.5281/zenodo.14442314;Centre for Nanomaterials and Biotechnology;https://ror.org/0545qzj69;Centre for Nanomaterials and Biotechnology, Faculty of Science, University of Jan Evangelista Purkyně, Pasteurova 15, 400 96, Ústí nad Labem, Czech Republic;centrefor nanomaterials and biotechnology;centrefor nanomaterials and biotechnology, faculty of science, university of jan evangelista purkyne, pasteurova 15, 400 96, usti nad labem, czech republic;auto_substring;
10.5281/zenodo.14442314;Jan Evangelista Purkyně University in Ústí nad Labem;https://ror.org/04vjwcp92;Centre for Nanomaterials and Biotechnology, Faculty of Science, University of Jan Evangelista Purkyně, Pasteurova 15, 400 96, Ústí nad Labem, Czech Republic;janevangelista purkyne university in usti nad labem;centrefor nanomaterials and biotechnology, faculty of science, university of jan evangelista purkyne, pasteurova 15, 400 96, usti nad labem, czech republic;;match
10.5281/zenodo.14442314;Jan Evangelista Purkyně University in Ústí nad Labem;https://ror.org/04vjwcp92;Centre for Nanomaterials and Biotechnology, Faculty of Science, University of Jan Evangelista Purkyně, Pasteurova 15, 400 96, Ústí nad Labem, Czech Republic;janevangelista purkyne university in usti nad labem;centrefor nanomaterials and biotechnology, faculty of science, university of jan evangelista purkyne, pasteurova 15, 400 96, usti nad labem, czech republic;;match
10.5281/zenodo.14442314;Jan Evangelista Purkyně University in Ústí nad Labem;https://ror.org/04vjwcp92;Centre for Nanomaterials and Biotechnology, Faculty of Science, University of Jan Evangelista Purkyně, Pasteurova 15, 400 96, Ústí nad Labem, Czech Republic;janevangelista purkyne university in usti nad labem;centrefor nanomaterials and biotechnology, faculty of science, university of jan evangelista purkyne, pasteurova 15, 400 96, usti nad labem, czech republic;;match
10.5281/zenodo.14507427;Central European Institute of Technology;https://ror.org/01p7k1986;Central European Institute of Technology – Masaryk University;centraleuropean institute of technology;centraleuropean institute of technology – masaryk university;auto_substring;
10.5281/zenodo.14507427;Central European Institute of Technology;https://ror.org/01p7k1986;Central European Institute of Technology – Masaryk University;centraleuropean institute of technology;centraleuropean institute of technology – masaryk university;auto_substring;
10.5281/zenodo.14507427;Central European Institute of Technology;https://ror.org/01p7k1986;Central European Institute of Technology – Masaryk University;centraleuropean institute of technology;centraleuropean institute of technology – masaryk university;auto_substring;
10.5281/zenodo.14507427;Central European Institute of Technology;https://ror.org/01p7k1986;Central European Institute of Technology – Masaryk University;centraleuropean institute of technology;centraleuropean institute of technology – masaryk university;auto_substring;
10.5281/zenodo.14507427;Central European Institute of Technology – Masaryk University;https://ror.org/009nz6031;Central European Institute of Technology – Masaryk University;centraleuropean institute of technology – masaryk university;centraleuropean institute of technology – masaryk university;auto_substring;
10.5281/zenodo.14507427;Central European Institute of Technology – Masaryk University;https://ror.org/009nz6031;Central European Institute of Technology – Masaryk University;centraleuropean institute of technology – masaryk university;centraleuropean institute of technology – masaryk university;auto_substring;
10.5281/zenodo.14507427;Central European Institute of Technology – Masaryk University;https://ror.org/009nz6031;Central European Institute of Technology – Masaryk University;centraleuropean institute of technology – masaryk university;centraleuropean institute of technology – masaryk university;auto_substring;
10.5281/zenodo.14507427;Central European Institute of Technology – Masaryk University;https://ror.org/009nz6031;Central European Institute of Technology – Masaryk University;centraleuropean institute of technology – masaryk university;centraleuropean institute of technology – masaryk university;auto_substring;
10.5281/zenodo.14507427;Masaryk University;https://ror.org/02j46qs45;Central European Institute of Technology – Masaryk University;masarykuniversity;centraleuropean institute of technology – masaryk university;;match?
10.5281/zenodo.14507427;Masaryk University;https://ror.org/02j46qs45;Central European Institute of Technology – Masaryk University;masarykuniversity;centraleuropean institute of technology – masaryk university;;match?
10.5281/zenodo.14507427;Masaryk University;https://ror.org/02j46qs45;Central European Institute of Technology – Masaryk University;masarykuniversity;centraleuropean institute of technology – masaryk university;;match?
10.5281/zenodo.14507427;Masaryk University;https://ror.org/02j46qs45;Central European Institute of Technology – Masaryk University;masarykuniversity;centraleuropean institute of technology – masaryk university;;match?
10.5281/zenodo.14514467;Palacký University, Olomouc;https://ror.org/04qxnmv42;Czech Advanced Technology and Research Institute, Regional Centre of Advanced Technologies and Materials, Palacký University Olomouc, Šlechtitelů 27, 783 71 Olomouc, Czech Republic;palackyuniversity, olomouc;czechadvanced technology and research institute, regional centre of advanced technologies and materials, palacky university olomouc, slechtitelu 27, 783 71 olomouc, czech republic;;match?
10.5281/zenodo.14514467;Palacký University, Olomouc;https://ror.org/04qxnmv42;Czech Advanced Technology and Research Institute, Regional Centre of Advanced Technologies and Materials, Palacký University Olomouc, Šlechtitelů 27, 783 71 Olomouc, Czech Republic;palackyuniversity, olomouc;czechadvanced technology and research institute, regional centre of advanced technologies and materials, palacky university olomouc, slechtitelu 27, 783 71 olomouc, czech republic;;match?
10.5281/zenodo.14514467;Palacký University, Olomouc;https://ror.org/04qxnmv42;Czech Advanced Technology and Research Institute, Regional Centre of Advanced Technologies and Materials, Palacký University Olomouc, Šlechtitelů 27, 783 71 Olomouc, Czech Republic;palackyuniversity, olomouc;czechadvanced technology and research institute, regional centre of advanced technologies and materials, palacky university olomouc, slechtitelu 27, 783 71 olomouc, czech republic;;match?
10.5281/zenodo.14514467;Regional Centre of Advanced Technologies and Materials;https://ror.org/02mt5f456;Czech Advanced Technology and Research Institute, Regional Centre of Advanced Technologies and Materials, Palacký University Olomouc, Šlechtitelů 27, 783 71 Olomouc, Czech Republic;regionalcentre of advanced technologies and materials;czechadvanced technology and research institute, regional centre of advanced technologies and materials, palacky university olomouc, slechtitelu 27, 783 71 olomouc, czech republic;;match?
10.5281/zenodo.14514467;Regional Centre of Advanced Technologies and Materials;https://ror.org/02mt5f456;Czech Advanced Technology and Research Institute, Regional Centre of Advanced Technologies and Materials, Palacký University Olomouc, Šlechtitelů 27, 783 71 Olomouc, Czech Republic;regionalcentre of advanced technologies and materials;czechadvanced technology and research institute, regional centre of advanced technologies and materials, palacky university olomouc, slechtitelu 27, 783 71 olomouc, czech republic;;match?
10.5281/zenodo.14514467;Regional Centre of Advanced Technologies and Materials;https://ror.org/02mt5f456;Czech Advanced Technology and Research Institute, Regional Centre of Advanced Technologies and Materials, Palacký University Olomouc, Šlechtitelů 27, 783 71 Olomouc, Czech Republic;regionalcentre of advanced technologies and materials;czechadvanced technology and research institute, regional centre of advanced technologies and materials, palacky university olomouc, slechtitelu 27, 783 71 olomouc, czech republic;;match?
10.5281/zenodo.14638896;Charles University;https://ror.org/024d6js02;Charles University, First Faculty of Medicine, General University Hospital in Prague;charlesuniversity;charlesuniversity, first faculty of medicine, general university hospital in prague;auto_substring;
10.5281/zenodo.14638896;General University Hospital in Prague;https://ror.org/04yg23125;Charles University, First Faculty of Medicine, General University Hospital in Prague;generaluniversity hospital in prague;charlesuniversity, first faculty of medicine, general university hospital in prague;;match?
10.5281/zenodo.14698377;Charles University;https://ror.org/024d6js02;Imaging Methods Core Facility, Charles University, Faculty of Science, BIOCEV, Vestec 252 50, Czech Republic;charlesuniversity;imagingmethods core facility, charles university, faculty of science, biocev, vestec 252 50, czech republic;;match
10.5281/zenodo.14698377;Institute of Microbiology;https://ror.org/02p1jz666;Imaging Methods Core Facility, Charles University, Faculty of Science, BIOCEV, Vestec 252 50, Czech Republic;instituteof microbiology;imagingmethods core facility, charles university, faculty of science, biocev, vestec 252 50, czech republic;auto_substring;
10.5281/zenodo.14800594;Palacký University, Olomouc;https://ror.org/04qxnmv42;Czech Advanced Technology and Research Institute, Regional Centre of Advanced Technologies and Materials, Palacký University Olomouc, Šlechtitelů 27, 783 71 Olomouc, Czech Republic;palackyuniversity, olomouc;czechadvanced technology and research institute, regional centre of advanced technologies and materials, palacky university olomouc, slechtitelu 27, 783 71 olomouc, czech republic;;match?
10.5281/zenodo.14800594;Palacký University, Olomouc;https://ror.org/04qxnmv42;Czech Advanced Technology and Research Institute, Regional Centre of Advanced Technologies and Materials, Palacký University Olomouc, Šlechtitelů 27, 783 71 Olomouc, Czech Republic;palackyuniversity, olomouc;czechadvanced technology and research institute, regional centre of advanced technologies and materials, palacky university olomouc, slechtitelu 27, 783 71 olomouc, czech republic;;match?
10.5281/zenodo.14800594;Palacký University, Olomouc;https://ror.org/04qxnmv42;Czech Advanced Technology and Research Institute, Regional Centre of Advanced Technologies and Materials, Palacký University Olomouc, Šlechtitelů 27, 783 71 Olomouc, Czech Republic;palackyuniversity, olomouc;czechadvanced technology and research institute, regional centre of advanced technologies and materials, palacky university olomouc, slechtitelu 27, 783 71 olomouc, czech republic;;match?
10.5281/zenodo.14800594;Palacký University, Olomouc;https://ror.org/04qxnmv42;Czech Advanced Technology and Research Institute, Regional Centre of Advanced Technologies and Materials, Palacký University Olomouc, Šlechtitelů 27, 783 71 Olomouc, Czech Republic;palackyuniversity, olomouc;czechadvanced technology and research institute, regional centre of advanced technologies and materials, palacky university olomouc, slechtitelu 27, 783 71 olomouc, czech republic;;match?
10.5281/zenodo.14800594;Palacký University, Olomouc;https://ror.org/04qxnmv42;Czech Advanced Technology and Research Institute, Regional Centre of Advanced Technologies and Materials, Palacký University Olomouc, Šlechtitelů 27, 783 71 Olomouc, Czech Republic;palackyuniversity, olomouc;czechadvanced technology and research institute, regional centre of advanced technologies and materials, palacky university olomouc, slechtitelu 27, 783 71 olomouc, czech republic;;match?
10.5281/zenodo.14800594;Regional Centre of Advanced Technologies and Materials;https://ror.org/02mt5f456;Czech Advanced Technology and Research Institute, Regional Centre of Advanced Technologies and Materials, Palacký University Olomouc, Šlechtitelů 27, 783 71 Olomouc, Czech Republic;regionalcentre of advanced technologies and materials;czechadvanced technology and research institute, regional centre of advanced technologies and materials, palacky university olomouc, slechtitelu 27, 783 71 olomouc, czech republic;;match?
10.5281/zenodo.14800594;Regional Centre of Advanced Technologies and Materials;https://ror.org/02mt5f456;Czech Advanced Technology and Research Institute, Regional Centre of Advanced Technologies and Materials, Palacký University Olomouc, Šlechtitelů 27, 783 71 Olomouc, Czech Republic;regionalcentre of advanced technologies and materials;czechadvanced technology and research institute, regional centre of advanced technologies and materials, palacky university olomouc, slechtitelu 27, 783 71 olomouc, czech republic;;match?
10.5281/zenodo.14800594;Regional Centre of Advanced Technologies and Materials;https://ror.org/02mt5f456;Czech Advanced Technology and Research Institute, Regional Centre of Advanced Technologies and Materials, Palacký University Olomouc, Šlechtitelů 27, 783 71 Olomouc, Czech Republic;regionalcentre of advanced technologies and materials;czechadvanced technology and research institute, regional centre of advanced technologies and materials, palacky university olomouc, slechtitelu 27, 783 71 olomouc, czech republic;;match?
10.5281/zenodo.14800594;Regional Centre of Advanced Technologies and Materials;https://ror.org/02mt5f456;Czech Advanced Technology and Research Institute, Regional Centre of Advanced Technologies and Materials, Palacký University Olomouc, Šlechtitelů 27, 783 71 Olomouc, Czech Republic;regionalcentre of advanced technologies and materials;czechadvanced technology and research institute, regional centre of advanced technologies and materials, palacky university olomouc, slechtitelu 27, 783 71 olomouc, czech republic;;match?
10.5281/zenodo.14800594;Regional Centre of Advanced Technologies and Materials;https://ror.org/02mt5f456;Czech Advanced Technology and Research Institute, Regional Centre of Advanced Technologies and Materials, Palacký University Olomouc, Šlechtitelů 27, 783 71 Olomouc, Czech Republic;regionalcentre of advanced technologies and materials;czechadvanced technology and research institute, regional centre of advanced technologies and materials, palacky university olomouc, slechtitelu 27, 783 71 olomouc, czech republic;;match?
10.5281/zenodo.14882040;Brno University of Technology;https://ror.org/03613d656;Central European Institute of Technology, Brno University of Technology, Purkyňova 123, 612 00 Brno, Czech Republic;brnouniversity of technology;centraleuropean institute of technology, brno university of technology, purkynova 123, 612 00 brno, czech republic;;match?
10.5281/zenodo.14882040;Central European Institute of Technology;https://ror.org/01p7k1986;Central European Institute of Technology, Brno University of Technology, Purkyňova 123, 612 00 Brno, Czech Republic;centraleuropean institute of technology;centraleuropean institute of technology, brno university of technology, purkynova 123, 612 00 brno, czech republic;auto_substring;
10.5281/zenodo.15069069;Institute of Clinical and Experimental Medicine;https://ror.org/036zr1b90;Department of Hepatogastroenterology, Institute for Clinical and Experimental Medicine, Prague, Czech Republic;instituteof clinical and experimental medicine;departmentof hepatogastroenterology, institute for clinical and experimental medicine, prague, czech republic;;match
10.5281/zenodo.15069069;Institute of Experimental Medicine;https://ror.org/03hjekm25;Department of Hepatogastroenterology, Institute for Clinical and Experimental Medicine, Prague, Czech Republic;instituteof experimental medicine;departmentof hepatogastroenterology, institute for clinical and experimental medicine, prague, czech republic;;match?
10.5281/zenodo.15069069;Institute of Clinical and Experimental Medicine;https://ror.org/036zr1b90;Department of Molecular Biology of Cancer, Institute of Experimental Medicine of the Czech Academy of Sciences, Prague, Czech Republic;instituteof clinical and experimental medicine;departmentof molecular biology of cancer, institute of experimental medicine of the czech academy of sciences, prague, czech republic;;match?
10.5281/zenodo.15069069;Institute of Experimental Medicine;https://ror.org/03hjekm25;Department of Molecular Biology of Cancer, Institute of Experimental Medicine of the Czech Academy of Sciences, Prague, Czech Republic;instituteof experimental medicine;departmentof molecular biology of cancer, institute of experimental medicine of the czech academy of sciences, prague, czech republic;;match
10.5281/zenodo.15082082;Czech Geological Survey;https://ror.org/02xz6bf62;Czech Geological Survey;czechgeological survey;czechgeological survey;auto_substring;
10.5281/zenodo.15082082;Institute of Geology;https://ror.org/04wh80b80;Czech Geological Survey;instituteof geology;czechgeological survey;;match?
10.5281/zenodo.15082082;Czech Geological Survey;https://ror.org/02xz6bf62;Czech Geological Survey, Klárov 3, 118 21, Prague 1, Czech Republic;czechgeological survey;czechgeological survey, klarov 3, 118 21, prague 1, czech republic;auto_substring;
10.5281/zenodo.15082082;Institute of Geology;https://ror.org/04wh80b80;Czech Geological Survey, Klárov 3, 118 21, Prague 1, Czech Republic;instituteof geology;czechgeological survey, klarov 3, 118 21, prague 1, czech republic;;match?
10.5281/zenodo.15095308;Institute for Structural Policy;https://ror.org/03fvtf211;Evangelista Purkyně University in Ústí nad Labem, IREAS, Institute for Structural Polic;institutefor structural policy;evangelistapurkyne university in usti nad labem, ireas, institute for structural polic;auto_substring;
10.5281/zenodo.15095308;Institute for Structural Policy;https://ror.org/03fvtf211;Evangelista Purkyně University in Ústí nad Labem, IREAS, Institute for Structural Polic;institutefor structural policy;evangelistapurkyne university in usti nad labem, ireas, institute for structural polic;auto_substring;
10.5281/zenodo.15095308;Jan Evangelista Purkyně University in Ústí nad Labem;https://ror.org/04vjwcp92;Evangelista Purkyně University in Ústí nad Labem, IREAS, Institute for Structural Polic;janevangelista purkyne university in usti nad labem;evangelistapurkyne university in usti nad labem, ireas, institute for structural polic;;match
10.5281/zenodo.15095308;Jan Evangelista Purkyně University in Ústí nad Labem;https://ror.org/04vjwcp92;Evangelista Purkyně University in Ústí nad Labem, IREAS, Institute for Structural Polic;janevangelista purkyne university in usti nad labem;evangelistapurkyne university in usti nad labem, ireas, institute for structural polic;;match
10.5281/zenodo.15095308;Institute for Structural Policy;https://ror.org/03fvtf211;Evangelista Purkyně University in Ústí nad Labem, IREAS, Institute for Structural Policy;institutefor structural policy;evangelistapurkyne university in usti nad labem, ireas, institute for structural policy;auto_substring;
10.5281/zenodo.15095308;Institute for Structural Policy;https://ror.org/03fvtf211;Evangelista Purkyně University in Ústí nad Labem, IREAS, Institute for Structural Policy;institutefor structural policy;evangelistapurkyne university in usti nad labem, ireas, institute for structural policy;auto_substring;
10.5281/zenodo.15095308;Jan Evangelista Purkyně University in Ústí nad Labem;https://ror.org/04vjwcp92;Evangelista Purkyně University in Ústí nad Labem, IREAS, Institute for Structural Policy;janevangelista purkyne university in usti nad labem;evangelistapurkyne university in usti nad labem, ireas, institute for structural policy;;match
10.5281/zenodo.15095308;Jan Evangelista Purkyně University in Ústí nad Labem;https://ror.org/04vjwcp92;Evangelista Purkyně University in Ústí nad Labem, IREAS, Institute for Structural Policy;janevangelista purkyne university in usti nad labem;evangelistapurkyne university in usti nad labem, ireas, institute for structural policy;;match
10.5281/zenodo.15143831;Charles University;https://ror.org/024d6js02;Department of Biochemistry, Faculty of Science, Charles University, Hlavova 2030, Prague 2, 128 40, Czech Republic & Tomas Bata University in Zlín, Faculty of Technology, Department of Physics and Materials Engineering, N´am. T. G. Masaryka 5555, 760 01, Zlín, Czech Republic & Tomas Bata University in Zlín, Faculty of Technology, Department of Physics and Materials Engineering, N´am. T. G. Masaryka 5555, 760 01, Zlín, Czech Republic;charlesuniversity;departmentof biochemistry, faculty of science, charles university, hlavova 2030, prague 2, 128 40, czech republic & tomas bata university in zlin, faculty of technology, department of physics and materials engineering, n´am. t. g. masaryka 5555, 760 01, zlin, czech republic & tomas bata university in zlin, faculty of technology, department of physics and materials engineering, n´am. t. g. masaryka 5555, 760 01, zlin, czech republic;;match
10.5281/zenodo.15143831;Tomas Bata University in Zlín;https://ror.org/04nayfw11;Department of Biochemistry, Faculty of Science, Charles University, Hlavova 2030, Prague 2, 128 40, Czech Republic & Tomas Bata University in Zlín, Faculty of Technology, Department of Physics and Materials Engineering, N´am. T. G. Masaryka 5555, 760 01, Zlín, Czech Republic & Tomas Bata University in Zlín, Faculty of Technology, Department of Physics and Materials Engineering, N´am. T. G. Masaryka 5555, 760 01, Zlín, Czech Republic;tomasbata university in zlin;departmentof biochemistry, faculty of science, charles university, hlavova 2030, prague 2, 128 40, czech republic & tomas bata university in zlin, faculty of technology, department of physics and materials engineering, n´am. t. g. masaryka 5555, 760 01, zlin, czech republic & tomas bata university in zlin, faculty of technology, department of physics and materials engineering, n´am. t. g. masaryka 5555, 760 01, zlin, czech republic;;match?
10.5281/zenodo.15143835;Charles University;https://ror.org/024d6js02;Department of Biochemistry, Faculty of Science, Charles University, Hlavova 2030, Prague 2, 128 40, Czech Republic & Tomas Bata University in Zlín, Faculty of Technology, Department of Physics and Materials Engineering, N´am. T. G. Masaryka 5555, 760 01, Zlín, Czech Republic & Tomas Bata University in Zlín, Faculty of Technology, Department of Physics and Materials Engineering, N´am. T. G. Masaryka 5555, 760 01, Zlín, Czech Republic;charlesuniversity;departmentof biochemistry, faculty of science, charles university, hlavova 2030, prague 2, 128 40, czech republic & tomas bata university in zlin, faculty of technology, department of physics and materials engineering, n´am. t. g. masaryka 5555, 760 01, zlin, czech republic & tomas bata university in zlin, faculty of technology, department of physics and materials engineering, n´am. t. g. masaryka 5555, 760 01, zlin, czech republic;;match
10.5281/zenodo.15143835;Tomas Bata University in Zlín;https://ror.org/04nayfw11;Department of Biochemistry, Faculty of Science, Charles University, Hlavova 2030, Prague 2, 128 40, Czech Republic & Tomas Bata University in Zlín, Faculty of Technology, Department of Physics and Materials Engineering, N´am. T. G. Masaryka 5555, 760 01, Zlín, Czech Republic & Tomas Bata University in Zlín, Faculty of Technology, Department of Physics and Materials Engineering, N´am. T. G. Masaryka 5555, 760 01, Zlín, Czech Republic;tomasbata university in zlin;departmentof biochemistry, faculty of science, charles university, hlavova 2030, prague 2, 128 40, czech republic & tomas bata university in zlin, faculty of technology, department of physics and materials engineering, n´am. t. g. masaryka 5555, 760 01, zlin, czech republic & tomas bata university in zlin, faculty of technology, department of physics and materials engineering, n´am. t. g. masaryka 5555, 760 01, zlin, czech republic;;match?
10.5281/zenodo.15143837;Charles University;https://ror.org/024d6js02;Department of Biochemistry, Faculty of Science, Charles University, Hlavova 2030, Prague 2, 128 40, Czech Republic & Tomas Bata University in Zlín, Faculty of Technology, Department of Physics and Materials Engineering, N´am. T. G. Masaryka 5555, 760 01, Zlín, Czech Republic & Tomas Bata University in Zlín, Faculty of Technology, Department of Physics and Materials Engineering, N´am. T. G. Masaryka 5555, 760 01, Zlín, Czech Republic;charlesuniversity;departmentof biochemistry, faculty of science, charles university, hlavova 2030, prague 2, 128 40, czech republic & tomas bata university in zlin, faculty of technology, department of physics and materials engineering, n´am. t. g. masaryka 5555, 760 01, zlin, czech republic & tomas bata university in zlin, faculty of technology, department of physics and materials engineering, n´am. t. g. masaryka 5555, 760 01, zlin, czech republic;;match
10.5281/zenodo.15143837;Tomas Bata University in Zlín;https://ror.org/04nayfw11;Department of Biochemistry, Faculty of Science, Charles University, Hlavova 2030, Prague 2, 128 40, Czech Republic & Tomas Bata University in Zlín, Faculty of Technology, Department of Physics and Materials Engineering, N´am. T. G. Masaryka 5555, 760 01, Zlín, Czech Republic & Tomas Bata University in Zlín, Faculty of Technology, Department of Physics and Materials Engineering, N´am. T. G. Masaryka 5555, 760 01, Zlín, Czech Republic;tomasbata university in zlin;departmentof biochemistry, faculty of science, charles university, hlavova 2030, prague 2, 128 40, czech republic & tomas bata university in zlin, faculty of technology, department of physics and materials engineering, n´am. t. g. masaryka 5555, 760 01, zlin, czech republic & tomas bata university in zlin, faculty of technology, department of physics and materials engineering, n´am. t. g. masaryka 5555, 760 01, zlin, czech republic;;match?
10.5281/zenodo.15143839;Charles University;https://ror.org/024d6js02;Department of Biochemistry, Faculty of Science, Charles University, Hlavova 2030, Prague 2, 128 40, Czech Republic & Tomas Bata University in Zlín, Faculty of Technology, Department of Physics and Materials Engineering, N´am. T. G. Masaryka 5555, 760 01, Zlín, Czech Republic & Tomas Bata University in Zlín, Faculty of Technology, Department of Physics and Materials Engineering, N´am. T. G. Masaryka 5555, 760 01, Zlín, Czech Republic;charlesuniversity;departmentof biochemistry, faculty of science, charles university, hlavova 2030, prague 2, 128 40, czech republic & tomas bata university in zlin, faculty of technology, department of physics and materials engineering, n´am. t. g. masaryka 5555, 760 01, zlin, czech republic & tomas bata university in zlin, faculty of technology, department of physics and materials engineering, n´am. t. g. masaryka 5555, 760 01, zlin, czech republic;;match
10.5281/zenodo.15143839;Tomas Bata University in Zlín;https://ror.org/04nayfw11;Department of Biochemistry, Faculty of Science, Charles University, Hlavova 2030, Prague 2, 128 40, Czech Republic & Tomas Bata University in Zlín, Faculty of Technology, Department of Physics and Materials Engineering, N´am. T. G. Masaryka 5555, 760 01, Zlín, Czech Republic & Tomas Bata University in Zlín, Faculty of Technology, Department of Physics and Materials Engineering, N´am. T. G. Masaryka 5555, 760 01, Zlín, Czech Republic;tomasbata university in zlin;departmentof biochemistry, faculty of science, charles university, hlavova 2030, prague 2, 128 40, czech republic & tomas bata university in zlin, faculty of technology, department of physics and materials engineering, n´am. t. g. masaryka 5555, 760 01, zlin, czech republic & tomas bata university in zlin, faculty of technology, department of physics and materials engineering, n´am. t. g. masaryka 5555, 760 01, zlin, czech republic;;match?
10.5281/zenodo.15155416;South Bohemia research center of aquaculture and biodiversity of hydrocenoses;https://ror.org/050jqn596;"Faculty of Fisheries and Protection of Waters, South Bohemian Research Center of Aquaculture and Biodiversity of Hydrocenoses, University of South Bohemia in České Budějovice, Zátiší 728 / II, Vodňany 389 25, Czech Republic. & akouba @ frov. jcu. cz; https: // orcid. org / 0000 - 0001 - 8118 - 8612";southbohemia research center of aquaculture and biodiversity of hydrocenoses;"facultyof fisheries and protection of waters, south bohemian research center of aquaculture and biodiversity of hydrocenoses, university of south bohemia in ceske budejovice, zatisi 728 / ii, vodnany 389 25, czech republic. & akouba @ frov. jcu. cz; https: // orcid. org / 0000 - 0001 - 8118 - 8612";;match
10.5281/zenodo.15155416;University of South Bohemia in České Budějovice;https://ror.org/033n3pw66;"Faculty of Fisheries and Protection of Waters, South Bohemian Research Center of Aquaculture and Biodiversity of Hydrocenoses, University of South Bohemia in České Budějovice, Zátiší 728 / II, Vodňany 389 25, Czech Republic. & akouba @ frov. jcu. cz; https: // orcid. org / 0000 - 0001 - 8118 - 8612";universityof south bohemia in ceske budejovice;"facultyof fisheries and protection of waters, south bohemian research center of aquaculture and biodiversity of hydrocenoses, university of south bohemia in ceske budejovice, zatisi 728 / ii, vodnany 389 25, czech republic. & akouba @ frov. jcu. cz; https: // orcid. org / 0000 - 0001 - 8118 - 8612";auto_substring;
10.5281/zenodo.15155416;South Bohemia research center of aquaculture and biodiversity of hydrocenoses;https://ror.org/050jqn596;"Faculty of Fisheries and Protection of Waters, South Bohemian Research Center of Aquaculture and Biodiversity of Hydrocenoses, University of South Bohemia in České Budějovice, Zátiší 728 / II, Vodňany 389 25, Czech Republic. & blaha @ frov. jcu. cz; https: // orcid. org / 0000 - 0003 - 3597 - 6604";southbohemia research center of aquaculture and biodiversity of hydrocenoses;"facultyof fisheries and protection of waters, south bohemian research center of aquaculture and biodiversity of hydrocenoses, university of south bohemia in ceske budejovice, zatisi 728 / ii, vodnany 389 25, czech republic. & blaha @ frov. jcu. cz; https: // orcid. org / 0000 - 0003 - 3597 - 6604";;match
10.5281/zenodo.15155416;University of South Bohemia in České Budějovice;https://ror.org/033n3pw66;"Faculty of Fisheries and Protection of Waters, South Bohemian Research Center of Aquaculture and Biodiversity of Hydrocenoses, University of South Bohemia in České Budějovice, Zátiší 728 / II, Vodňany 389 25, Czech Republic. & blaha @ frov. jcu. cz; https: // orcid. org / 0000 - 0003 - 3597 - 6604";universityof south bohemia in ceske budejovice;"facultyof fisheries and protection of waters, south bohemian research center of aquaculture and biodiversity of hydrocenoses, university of south bohemia in ceske budejovice, zatisi 728 / ii, vodnany 389 25, czech republic. & blaha @ frov. jcu. cz; https: // orcid. org / 0000 - 0003 - 3597 - 6604";auto_substring;
10.5281/zenodo.15155418;South Bohemia research center of aquaculture and biodiversity of hydrocenoses;https://ror.org/050jqn596;"Faculty of Fisheries and Protection of Waters, South Bohemian Research Center of Aquaculture and Biodiversity of Hydrocenoses, University of South Bohemia in České Budějovice, Zátiší 728 / II, Vodňany 389 25, Czech Republic. & akouba @ frov. jcu. cz; https: // orcid. org / 0000 - 0001 - 8118 - 8612";southbohemia research center of aquaculture and biodiversity of hydrocenoses;"facultyof fisheries and protection of waters, south bohemian research center of aquaculture and biodiversity of hydrocenoses, university of south bohemia in ceske budejovice, zatisi 728 / ii, vodnany 389 25, czech republic. & akouba @ frov. jcu. cz; https: // orcid. org / 0000 - 0001 - 8118 - 8612";;match
10.5281/zenodo.15155418;University of South Bohemia in České Budějovice;https://ror.org/033n3pw66;"Faculty of Fisheries and Protection of Waters, South Bohemian Research Center of Aquaculture and Biodiversity of Hydrocenoses, University of South Bohemia in České Budějovice, Zátiší 728 / II, Vodňany 389 25, Czech Republic. & akouba @ frov. jcu. cz; https: // orcid. org / 0000 - 0001 - 8118 - 8612";universityof south bohemia in ceske budejovice;"facultyof fisheries and protection of waters, south bohemian research center of aquaculture and biodiversity of hydrocenoses, university of south bohemia in ceske budejovice, zatisi 728 / ii, vodnany 389 25, czech republic. & akouba @ frov. jcu. cz; https: // orcid. org / 0000 - 0001 - 8118 - 8612";auto_substring;
10.5281/zenodo.15155418;South Bohemia research center of aquaculture and biodiversity of hydrocenoses;https://ror.org/050jqn596;"Faculty of Fisheries and Protection of Waters, South Bohemian Research Center of Aquaculture and Biodiversity of Hydrocenoses, University of South Bohemia in České Budějovice, Zátiší 728 / II, Vodňany 389 25, Czech Republic. & blaha @ frov. jcu. cz; https: // orcid. org / 0000 - 0003 - 3597 - 6604";southbohemia research center of aquaculture and biodiversity of hydrocenoses;"facultyof fisheries and protection of waters, south bohemian research center of aquaculture and biodiversity of hydrocenoses, university of south bohemia in ceske budejovice, zatisi 728 / ii, vodnany 389 25, czech republic. & blaha @ frov. jcu. cz; https: // orcid. org / 0000 - 0003 - 3597 - 6604";;match
10.5281/zenodo.15155418;University of South Bohemia in České Budějovice;https://ror.org/033n3pw66;"Faculty of Fisheries and Protection of Waters, South Bohemian Research Center of Aquaculture and Biodiversity of Hydrocenoses, University of South Bohemia in České Budějovice, Zátiší 728 / II, Vodňany 389 25, Czech Republic. & blaha @ frov. jcu. cz; https: // orcid. org / 0000 - 0003 - 3597 - 6604";universityof south bohemia in ceske budejovice;"facultyof fisheries and protection of waters, south bohemian research center of aquaculture and biodiversity of hydrocenoses, university of south bohemia in ceske budejovice, zatisi 728 / ii, vodnany 389 25, czech republic. & blaha @ frov. jcu. cz; https: // orcid. org / 0000 - 0003 - 3597 - 6604";auto_substring;
10.5281/zenodo.15156696;Institute of Vertebrate Biology;https://ror.org/05bcgdd94;Institute of Vertebrate Biology, Czech Academy of Sciences, Květná 8, 60365 Brno, Czech Republic & Department of Botany and Zoology, Faculty of Science, Masaryk University, Brno, Czech Republic;instituteof vertebrate biology;instituteof vertebrate biology, czech academy of sciences, kvetna 8, 60365 brno, czech republic & department of botany and zoology, faculty of science, masaryk university, brno, czech republic;auto_substring;
10.5281/zenodo.15156696;Masaryk University;https://ror.org/02j46qs45;Institute of Vertebrate Biology, Czech Academy of Sciences, Květná 8, 60365 Brno, Czech Republic & Department of Botany and Zoology, Faculty of Science, Masaryk University, Brno, Czech Republic;masarykuniversity;instituteof vertebrate biology, czech academy of sciences, kvetna 8, 60365 brno, czech republic & department of botany and zoology, faculty of science, masaryk university, brno, czech republic;;match
10.5281/zenodo.15156696;Institute of Vertebrate Biology;https://ror.org/05bcgdd94;Institute of Vertebrate Biology, Czech Academy of Sciences, Květná 8, 60365 Brno, Czech Republic & Department of Botany and Zoology, Faculty of Science, Masaryk University, Brno, Czech Republic & Department of Ecology and Vertebrate Zoology, Faculty of Biology and Environmental Protection, University of Lodz, Lodz, Poland;instituteof vertebrate biology;instituteof vertebrate biology, czech academy of sciences, kvetna 8, 60365 brno, czech republic & department of botany and zoology, faculty of science, masaryk university, brno, czech republic & department of ecology and vertebrate zoology, faculty of biology and environmental protection, university of lodz, lodz, poland;auto_substring;
10.5281/zenodo.15156696;Masaryk University;https://ror.org/02j46qs45;Institute of Vertebrate Biology, Czech Academy of Sciences, Květná 8, 60365 Brno, Czech Republic & Department of Botany and Zoology, Faculty of Science, Masaryk University, Brno, Czech Republic & Department of Ecology and Vertebrate Zoology, Faculty of Biology and Environmental Protection, University of Lodz, Lodz, Poland;masarykuniversity;instituteof vertebrate biology, czech academy of sciences, kvetna 8, 60365 brno, czech republic & department of botany and zoology, faculty of science, masaryk university, brno, czech republic & department of ecology and vertebrate zoology, faculty of biology and environmental protection, university of lodz, lodz, poland;;match
10.5281/zenodo.15156698;Institute of Vertebrate Biology;https://ror.org/05bcgdd94;Institute of Vertebrate Biology, Czech Academy of Sciences, Květná 8, 60365 Brno, Czech Republic & Department of Botany and Zoology, Faculty of Science, Masaryk University, Brno, Czech Republic;instituteof vertebrate biology;instituteof vertebrate biology, czech academy of sciences, kvetna 8, 60365 brno, czech republic & department of botany and zoology, faculty of science, masaryk university, brno, czech republic;auto_substring;
10.5281/zenodo.15156698;Masaryk University;https://ror.org/02j46qs45;Institute of Vertebrate Biology, Czech Academy of Sciences, Květná 8, 60365 Brno, Czech Republic & Department of Botany and Zoology, Faculty of Science, Masaryk University, Brno, Czech Republic;masarykuniversity;instituteof vertebrate biology, czech academy of sciences, kvetna 8, 60365 brno, czech republic & department of botany and zoology, faculty of science, masaryk university, brno, czech republic;;match
10.5281/zenodo.15156698;Institute of Vertebrate Biology;https://ror.org/05bcgdd94;Institute of Vertebrate Biology, Czech Academy of Sciences, Květná 8, 60365 Brno, Czech Republic & Department of Botany and Zoology, Faculty of Science, Masaryk University, Brno, Czech Republic & Department of Ecology and Vertebrate Zoology, Faculty of Biology and Environmental Protection, University of Lodz, Lodz, Poland;instituteof vertebrate biology;instituteof vertebrate biology, czech academy of sciences, kvetna 8, 60365 brno, czech republic & department of botany and zoology, faculty of science, masaryk university, brno, czech republic & department of ecology and vertebrate zoology, faculty of biology and environmental protection, university of lodz, lodz, poland;auto_substring;
10.5281/zenodo.15156698;Masaryk University;https://ror.org/02j46qs45;Institute of Vertebrate Biology, Czech Academy of Sciences, Květná 8, 60365 Brno, Czech Republic & Department of Botany and Zoology, Faculty of Science, Masaryk University, Brno, Czech Republic & Department of Ecology and Vertebrate Zoology, Faculty of Biology and Environmental Protection, University of Lodz, Lodz, Poland;masarykuniversity;instituteof vertebrate biology, czech academy of sciences, kvetna 8, 60365 brno, czech republic & department of botany and zoology, faculty of science, masaryk university, brno, czech republic & department of ecology and vertebrate zoology, faculty of biology and environmental protection, university of lodz, lodz, poland;;match
10.5281/zenodo.15156700;Institute of Vertebrate Biology;https://ror.org/05bcgdd94;Institute of Vertebrate Biology, Czech Academy of Sciences, Květná 8, 60365 Brno, Czech Republic & Department of Botany and Zoology, Faculty of Science, Masaryk University, Brno, Czech Republic;instituteof vertebrate biology;instituteof vertebrate biology, czech academy of sciences, kvetna 8, 60365 brno, czech republic & department of botany and zoology, faculty of science, masaryk university, brno, czech republic;auto_substring;
10.5281/zenodo.15156700;Masaryk University;https://ror.org/02j46qs45;Institute of Vertebrate Biology, Czech Academy of Sciences, Květná 8, 60365 Brno, Czech Republic & Department of Botany and Zoology, Faculty of Science, Masaryk University, Brno, Czech Republic;masarykuniversity;instituteof vertebrate biology, czech academy of sciences, kvetna 8, 60365 brno, czech republic & department of botany and zoology, faculty of science, masaryk university, brno, czech republic;;match
10.5281/zenodo.15156700;Institute of Vertebrate Biology;https://ror.org/05bcgdd94;Institute of Vertebrate Biology, Czech Academy of Sciences, Květná 8, 60365 Brno, Czech Republic & Department of Botany and Zoology, Faculty of Science, Masaryk University, Brno, Czech Republic & Department of Ecology and Vertebrate Zoology, Faculty of Biology and Environmental Protection, University of Lodz, Lodz, Poland;instituteof vertebrate biology;instituteof vertebrate biology, czech academy of sciences, kvetna 8, 60365 brno, czech republic & department of botany and zoology, faculty of science, masaryk university, brno, czech republic & department of ecology and vertebrate zoology, faculty of biology and environmental protection, university of lodz, lodz, poland;auto_substring;
10.5281/zenodo.15156700;Masaryk University;https://ror.org/02j46qs45;Institute of Vertebrate Biology, Czech Academy of Sciences, Květná 8, 60365 Brno, Czech Republic & Department of Botany and Zoology, Faculty of Science, Masaryk University, Brno, Czech Republic & Department of Ecology and Vertebrate Zoology, Faculty of Biology and Environmental Protection, University of Lodz, Lodz, Poland;masarykuniversity;instituteof vertebrate biology, czech academy of sciences, kvetna 8, 60365 brno, czech republic & department of botany and zoology, faculty of science, masaryk university, brno, czech republic & department of ecology and vertebrate zoology, faculty of biology and environmental protection, university of lodz, lodz, poland;;match
10.5281/zenodo.15159825;Czech University of Life Sciences Prague;https://ror.org/0415vcw02;Department of Zoology and Fisheries, Faculty of Agrobiology, Food and Natural Resources, Czech University of Life Sciences Prague, Kamýcká 129, Prague-Suchdol 165 00, Czech Republic. & Department of Preschool & Primary Education, Faculty of Education, Jan Evangelista Purkyně University in Ústí nad Labem, Pasteurova 1, 400 96 Ústí nad Labem, Czech Republic.;czechuniversity of life sciences prague;departmentof zoology and fisheries, faculty of agrobiology, food and natural resources, czech university of life sciences prague, kamycka 129, prague-suchdol 165 00, czech republic. & department of preschool & primary education, faculty of education, jan evangelista purkyne university in usti nad labem, pasteurova 1, 400 96 usti nad labem, czech republic.;;match
10.5281/zenodo.15159825;Jan Evangelista Purkyně University in Ústí nad Labem;https://ror.org/04vjwcp92;Department of Zoology and Fisheries, Faculty of Agrobiology, Food and Natural Resources, Czech University of Life Sciences Prague, Kamýcká 129, Prague-Suchdol 165 00, Czech Republic. & Department of Preschool & Primary Education, Faculty of Education, Jan Evangelista Purkyně University in Ústí nad Labem, Pasteurova 1, 400 96 Ústí nad Labem, Czech Republic.;janevangelista purkyne university in usti nad labem;departmentof zoology and fisheries, faculty of agrobiology, food and natural resources, czech university of life sciences prague, kamycka 129, prague-suchdol 165 00, czech republic. & department of preschool & primary education, faculty of education, jan evangelista purkyne university in usti nad labem, pasteurova 1, 400 96 usti nad labem, czech republic.;;match
10.5281/zenodo.15159825;South Bohemia research center of aquaculture and biodiversity of hydrocenoses;https://ror.org/050jqn596;Faculty of Fisheries and Protection of Waters, South Bohemian Research Center of Aquaculture and Biodiversity of Hydrocenoses, University of South Bohemia in České Budějovice, Zátiší 728 / II, Vodňany 389 25, Czech Republic.;southbohemia research center of aquaculture and biodiversity of hydrocenoses;facultyof fisheries and protection of waters, south bohemian research center of aquaculture and biodiversity of hydrocenoses, university of south bohemia in ceske budejovice, zatisi 728 / ii, vodnany 389 25, czech republic.;;match
10.5281/zenodo.15159825;South Bohemia research center of aquaculture and biodiversity of hydrocenoses;https://ror.org/050jqn596;Faculty of Fisheries and Protection of Waters, South Bohemian Research Center of Aquaculture and Biodiversity of Hydrocenoses, University of South Bohemia in České Budějovice, Zátiší 728 / II, Vodňany 389 25, Czech Republic.;southbohemia research center of aquaculture and biodiversity of hydrocenoses;facultyof fisheries and protection of waters, south bohemian research center of aquaculture and biodiversity of hydrocenoses, university of south bohemia in ceske budejovice, zatisi 728 / ii, vodnany 389 25, czech republic.;;match
10.5281/zenodo.15159825;University of South Bohemia in České Budějovice;https://ror.org/033n3pw66;Faculty of Fisheries and Protection of Waters, South Bohemian Research Center of Aquaculture and Biodiversity of Hydrocenoses, University of South Bohemia in České Budějovice, Zátiší 728 / II, Vodňany 389 25, Czech Republic.;universityof south bohemia in ceske budejovice;facultyof fisheries and protection of waters, south bohemian research center of aquaculture and biodiversity of hydrocenoses, university of south bohemia in ceske budejovice, zatisi 728 / ii, vodnany 389 25, czech republic.;;match
10.5281/zenodo.15159825;University of South Bohemia in České Budějovice;https://ror.org/033n3pw66;Faculty of Fisheries and Protection of Waters, South Bohemian Research Center of Aquaculture and Biodiversity of Hydrocenoses, University of South Bohemia in České Budějovice, Zátiší 728 / II, Vodňany 389 25, Czech Republic.;universityof south bohemia in ceske budejovice;facultyof fisheries and protection of waters, south bohemian research center of aquaculture and biodiversity of hydrocenoses, university of south bohemia in ceske budejovice, zatisi 728 / ii, vodnany 389 25, czech republic.;;match
10.5281/zenodo.15159827;Czech University of Life Sciences Prague;https://ror.org/0415vcw02;Department of Zoology and Fisheries, Faculty of Agrobiology, Food and Natural Resources, Czech University of Life Sciences Prague, Kamýcká 129, Prague-Suchdol 165 00, Czech Republic. & Department of Preschool & Primary Education, Faculty of Education, Jan Evangelista Purkyně University in Ústí nad Labem, Pasteurova 1, 400 96 Ústí nad Labem, Czech Republic.;czechuniversity of life sciences prague;departmentof zoology and fisheries, faculty of agrobiology, food and natural resources, czech university of life sciences prague, kamycka 129, prague-suchdol 165 00, czech republic. & department of preschool & primary education, faculty of education, jan evangelista purkyne university in usti nad labem, pasteurova 1, 400 96 usti nad labem, czech republic.;;match
10.5281/zenodo.15159827;Jan Evangelista Purkyně University in Ústí nad Labem;https://ror.org/04vjwcp92;Department of Zoology and Fisheries, Faculty of Agrobiology, Food and Natural Resources, Czech University of Life Sciences Prague, Kamýcká 129, Prague-Suchdol 165 00, Czech Republic. & Department of Preschool & Primary Education, Faculty of Education, Jan Evangelista Purkyně University in Ústí nad Labem, Pasteurova 1, 400 96 Ústí nad Labem, Czech Republic.;janevangelista purkyne university in usti nad labem;departmentof zoology and fisheries, faculty of agrobiology, food and natural resources, czech university of life sciences prague, kamycka 129, prague-suchdol 165 00, czech republic. & department of preschool & primary education, faculty of education, jan evangelista purkyne university in usti nad labem, pasteurova 1, 400 96 usti nad labem, czech republic.;;match
10.5281/zenodo.15159827;South Bohemia research center of aquaculture and biodiversity of hydrocenoses;https://ror.org/050jqn596;Faculty of Fisheries and Protection of Waters, South Bohemian Research Center of Aquaculture and Biodiversity of Hydrocenoses, University of South Bohemia in České Budějovice, Zátiší 728 / II, Vodňany 389 25, Czech Republic.;southbohemia research center of aquaculture and biodiversity of hydrocenoses;facultyof fisheries and protection of waters, south bohemian research center of aquaculture and biodiversity of hydrocenoses, university of south bohemia in ceske budejovice, zatisi 728 / ii, vodnany 389 25, czech republic.;;match
10.5281/zenodo.15159827;South Bohemia research center of aquaculture and biodiversity of hydrocenoses;https://ror.org/050jqn596;Faculty of Fisheries and Protection of Waters, South Bohemian Research Center of Aquaculture and Biodiversity of Hydrocenoses, University of South Bohemia in České Budějovice, Zátiší 728 / II, Vodňany 389 25, Czech Republic.;southbohemia research center of aquaculture and biodiversity of hydrocenoses;facultyof fisheries and protection of waters, south bohemian research center of aquaculture and biodiversity of hydrocenoses, university of south bohemia in ceske budejovice, zatisi 728 / ii, vodnany 389 25, czech republic.;;match
10.5281/zenodo.15159827;University of South Bohemia in České Budějovice;https://ror.org/033n3pw66;Faculty of Fisheries and Protection of Waters, South Bohemian Research Center of Aquaculture and Biodiversity of Hydrocenoses, University of South Bohemia in České Budějovice, Zátiší 728 / II, Vodňany 389 25, Czech Republic.;universityof south bohemia in ceske budejovice;facultyof fisheries and protection of waters, south bohemian research center of aquaculture and biodiversity of hydrocenoses, university of south bohemia in ceske budejovice, zatisi 728 / ii, vodnany 389 25, czech republic.;;match
10.5281/zenodo.15159827;University of South Bohemia in České Budějovice;https://ror.org/033n3pw66;Faculty of Fisheries and Protection of Waters, South Bohemian Research Center of Aquaculture and Biodiversity of Hydrocenoses, University of South Bohemia in České Budějovice, Zátiší 728 / II, Vodňany 389 25, Czech Republic.;universityof south bohemia in ceske budejovice;facultyof fisheries and protection of waters, south bohemian research center of aquaculture and biodiversity of hydrocenoses, university of south bohemia in ceske budejovice, zatisi 728 / ii, vodnany 389 25, czech republic.;;match
10.5281/zenodo.15160573;Institute of Vertebrate Biology;https://ror.org/05bcgdd94;Institute of Vertebrate Biology of the Czech Academy of Sciences, Brno, Czech Republic & Department of Botany and Zoology, Faculty of Science, Masaryk University, Brno, Czech Republic;instituteof vertebrate biology;instituteof vertebrate biology of the czech academy of sciences, brno, czech republic & department of botany and zoology, faculty of science, masaryk university, brno, czech republic;auto_substring;
10.5281/zenodo.15160573;Masaryk University;https://ror.org/02j46qs45;Institute of Vertebrate Biology of the Czech Academy of Sciences, Brno, Czech Republic & Department of Botany and Zoology, Faculty of Science, Masaryk University, Brno, Czech Republic;masarykuniversity;instituteof vertebrate biology of the czech academy of sciences, brno, czech republic & department of botany and zoology, faculty of science, masaryk university, brno, czech republic;;match
10.5281/zenodo.15310588;Institute of Botany;https://ror.org/03qqnc658;Institute of Botany of the Czech Academy of Science, Průhonice, Czech Republic | & Faculty of Science, University of South Bohemia, České Budějovice, Czech Republic |;instituteof botany;instituteof botany of the czech academy of science, pruhonice, czech republic | & faculty of science, university of south bohemia, ceske budejovice, czech republic |;auto_substring;
10.5281/zenodo.15310588;University of South Bohemia in České Budějovice;https://ror.org/033n3pw66;Institute of Botany of the Czech Academy of Science, Průhonice, Czech Republic | & Faculty of Science, University of South Bohemia, České Budějovice, Czech Republic |;universityof south bohemia in ceske budejovice;instituteof botany of the czech academy of science, pruhonice, czech republic | & faculty of science, university of south bohemia, ceske budejovice, czech republic |;;match
10.5281/zenodo.15310590;Institute of Botany;https://ror.org/03qqnc658;Institute of Botany of the Czech Academy of Science, Průhonice, Czech Republic | & Faculty of Science, University of South Bohemia, České Budějovice, Czech Republic |;instituteof botany;instituteof botany of the czech academy of science, pruhonice, czech republic | & faculty of science, university of south bohemia, ceske budejovice, czech republic |;auto_substring;
10.5281/zenodo.15310590;University of South Bohemia in České Budějovice;https://ror.org/033n3pw66;Institute of Botany of the Czech Academy of Science, Průhonice, Czech Republic | & Faculty of Science, University of South Bohemia, České Budějovice, Czech Republic |;universityof south bohemia in ceske budejovice;instituteof botany of the czech academy of science, pruhonice, czech republic | & faculty of science, university of south bohemia, ceske budejovice, czech republic |;;match
10.5281/zenodo.15310592;Institute of Botany;https://ror.org/03qqnc658;Institute of Botany of the Czech Academy of Science, Průhonice, Czech Republic | & Faculty of Science, University of South Bohemia, České Budějovice, Czech Republic |;instituteof botany;instituteof botany of the czech academy of science, pruhonice, czech republic | & faculty of science, university of south bohemia, ceske budejovice, czech republic |;auto_substring;
10.5281/zenodo.15310592;University of South Bohemia in České Budějovice;https://ror.org/033n3pw66;Institute of Botany of the Czech Academy of Science, Průhonice, Czech Republic | & Faculty of Science, University of South Bohemia, České Budějovice, Czech Republic |;universityof south bohemia in ceske budejovice;instituteof botany of the czech academy of science, pruhonice, czech republic | & faculty of science, university of south bohemia, ceske budejovice, czech republic |;;match
10.5281/zenodo.15609255;Charles University;https://ror.org/024d6js02;First Department of Medicine-Department of Hematology, Charles University General Hospital in Prague, Czech Republic;charlesuniversity;firstdepartment of medicine-department of hematology, charles university general hospital in prague, czech republic;;match
10.5281/zenodo.15609255;Charles University;https://ror.org/024d6js02;First Department of Medicine-Department of Hematology, Charles University General Hospital in Prague, Czech Republic;charlesuniversity;firstdepartment of medicine-department of hematology, charles university general hospital in prague, czech republic;;match
10.5281/zenodo.15609255;Charles University;https://ror.org/024d6js02;First Department of Medicine-Department of Hematology, Charles University General Hospital in Prague, Czech Republic;charlesuniversity;firstdepartment of medicine-department of hematology, charles university general hospital in prague, czech republic;;match
10.5281/zenodo.15609255;Charles University;https://ror.org/024d6js02;First Department of Medicine-Department of Hematology, Charles University General Hospital in Prague, Czech Republic;charlesuniversity;firstdepartment of medicine-department of hematology, charles university general hospital in prague, czech republic;;match
10.5281/zenodo.15609255;Charles University;https://ror.org/024d6js02;First Department of Medicine-Department of Hematology, Charles University General Hospital in Prague, Czech Republic;charlesuniversity;firstdepartment of medicine-department of hematology, charles university general hospital in prague, czech republic;;match
10.5281/zenodo.15609255;Charles University;https://ror.org/024d6js02;First Department of Medicine-Department of Hematology, Charles University General Hospital in Prague, Czech Republic;charlesuniversity;firstdepartment of medicine-department of hematology, charles university general hospital in prague, czech republic;;match
10.5281/zenodo.15609255;General University Hospital in Prague;https://ror.org/04yg23125;First Department of Medicine-Department of Hematology, Charles University General Hospital in Prague, Czech Republic;generaluniversity hospital in prague;firstdepartment of medicine-department of hematology, charles university general hospital in prague, czech republic;;match?
10.5281/zenodo.15609255;General University Hospital in Prague;https://ror.org/04yg23125;First Department of Medicine-Department of Hematology, Charles University General Hospital in Prague, Czech Republic;generaluniversity hospital in prague;firstdepartment of medicine-department of hematology, charles university general hospital in prague, czech republic;;match?
10.5281/zenodo.15609255;General University Hospital in Prague;https://ror.org/04yg23125;First Department of Medicine-Department of Hematology, Charles University General Hospital in Prague, Czech Republic;generaluniversity hospital in prague;firstdepartment of medicine-department of hematology, charles university general hospital in prague, czech republic;;match?
10.5281/zenodo.15609255;General University Hospital in Prague;https://ror.org/04yg23125;First Department of Medicine-Department of Hematology, Charles University General Hospital in Prague, Czech Republic;generaluniversity hospital in prague;firstdepartment of medicine-department of hematology, charles university general hospital in prague, czech republic;;match?
10.5281/zenodo.15609255;General University Hospital in Prague;https://ror.org/04yg23125;First Department of Medicine-Department of Hematology, Charles University General Hospital in Prague, Czech Republic;generaluniversity hospital in prague;firstdepartment of medicine-department of hematology, charles university general hospital in prague, czech republic;;match?
10.5281/zenodo.15609255;General University Hospital in Prague;https://ror.org/04yg23125;First Department of Medicine-Department of Hematology, Charles University General Hospital in Prague, Czech Republic;generaluniversity hospital in prague;firstdepartment of medicine-department of hematology, charles university general hospital in prague, czech republic;;match?
10.5281/zenodo.15739421;Central European Institute of Technology;https://ror.org/01p7k1986;Central European Institute of Technology (CEITEC), Masaryk University, Brno, Czech Republic;centraleuropean institute of technology;centraleuropean institute of technology (ceitec), masaryk university, brno, czech republic;auto_substring;
10.5281/zenodo.15739421;Central European Institute of Technology;https://ror.org/01p7k1986;Central European Institute of Technology (CEITEC), Masaryk University, Brno, Czech Republic;centraleuropean institute of technology;centraleuropean institute of technology (ceitec), masaryk university, brno, czech republic;auto_substring;
10.5281/zenodo.15739421;Central European Institute of Technology;https://ror.org/01p7k1986;Central European Institute of Technology (CEITEC), Masaryk University, Brno, Czech Republic;centraleuropean institute of technology;centraleuropean institute of technology (ceitec), masaryk university, brno, czech republic;auto_substring;
10.5281/zenodo.15739421;Central European Institute of Technology;https://ror.org/01p7k1986;Central European Institute of Technology (CEITEC), Masaryk University, Brno, Czech Republic;centraleuropean institute of technology;centraleuropean institute of technology (ceitec), masaryk university, brno, czech republic;auto_substring;
10.5281/zenodo.15739421;Central European Institute of Technology;https://ror.org/01p7k1986;Central European Institute of Technology (CEITEC), Masaryk University, Brno, Czech Republic;centraleuropean institute of technology;centraleuropean institute of technology (ceitec), masaryk university, brno, czech republic;auto_substring;
10.5281/zenodo.15739421;Central European Institute of Technology;https://ror.org/01p7k1986;Central European Institute of Technology (CEITEC), Masaryk University, Brno, Czech Republic;centraleuropean institute of technology;centraleuropean institute of technology (ceitec), masaryk university, brno, czech republic;auto_substring;
10.5281/zenodo.15739421;Central European Institute of Technology;https://ror.org/01p7k1986;Central European Institute of Technology (CEITEC), Masaryk University, Brno, Czech Republic;centraleuropean institute of technology;centraleuropean institute of technology (ceitec), masaryk university, brno, czech republic;auto_substring;
10.5281/zenodo.15739421;Masaryk University;https://ror.org/02j46qs45;Central European Institute of Technology (CEITEC), Masaryk University, Brno, Czech Republic;masarykuniversity;centraleuropean institute of technology (ceitec), masaryk university, brno, czech republic;;match?
10.5281/zenodo.15739421;Masaryk University;https://ror.org/02j46qs45;Central European Institute of Technology (CEITEC), Masaryk University, Brno, Czech Republic;masarykuniversity;centraleuropean institute of technology (ceitec), masaryk university, brno, czech republic;;match?
10.5281/zenodo.15739421;Masaryk University;https://ror.org/02j46qs45;Central European Institute of Technology (CEITEC), Masaryk University, Brno, Czech Republic;masarykuniversity;centraleuropean institute of technology (ceitec), masaryk university, brno, czech republic;;match?
10.5281/zenodo.15739421;Masaryk University;https://ror.org/02j46qs45;Central European Institute of Technology (CEITEC), Masaryk University, Brno, Czech Republic;masarykuniversity;centraleuropean institute of technology (ceitec), masaryk university, brno, czech republic;;match?
10.5281/zenodo.15739421;Masaryk University;https://ror.org/02j46qs45;Central European Institute of Technology (CEITEC), Masaryk University, Brno, Czech Republic;masarykuniversity;centraleuropean institute of technology (ceitec), masaryk university, brno, czech republic;;match?
10.5281/zenodo.15739421;Masaryk University;https://ror.org/02j46qs45;Central European Institute of Technology (CEITEC), Masaryk University, Brno, Czech Republic;masarykuniversity;centraleuropean institute of technology (ceitec), masaryk university, brno, czech republic;;match?
10.5281/zenodo.15739421;Masaryk University;https://ror.org/02j46qs45;Central European Institute of Technology (CEITEC), Masaryk University, Brno, Czech Republic;masarykuniversity;centraleuropean institute of technology (ceitec), masaryk university, brno, czech republic;;match?
10.5281/zenodo.15739421;Masaryk University;https://ror.org/02j46qs45;Department of Internal Medicine - Hematology and Oncology, University Hospital Brno and Faculty of Medicine, Masaryk University, Brno, Czech Republic;masarykuniversity;departmentof internal medicine - hematology and oncology, university hospital brno and faculty of medicine, masaryk university, brno, czech republic;;match?
10.5281/zenodo.15739421;Masaryk University;https://ror.org/02j46qs45;Department of Internal Medicine - Hematology and Oncology, University Hospital Brno and Faculty of Medicine, Masaryk University, Brno, Czech Republic;masarykuniversity;departmentof internal medicine - hematology and oncology, university hospital brno and faculty of medicine, masaryk university, brno, czech republic;;match?
10.5281/zenodo.15739421;Masaryk University;https://ror.org/02j46qs45;Department of Internal Medicine - Hematology and Oncology, University Hospital Brno and Faculty of Medicine, Masaryk University, Brno, Czech Republic;masarykuniversity;departmentof internal medicine - hematology and oncology, university hospital brno and faculty of medicine, masaryk university, brno, czech republic;;match?
10.5281/zenodo.15739421;Masaryk University;https://ror.org/02j46qs45;Department of Internal Medicine - Hematology and Oncology, University Hospital Brno and Faculty of Medicine, Masaryk University, Brno, Czech Republic;masarykuniversity;departmentof internal medicine - hematology and oncology, university hospital brno and faculty of medicine, masaryk university, brno, czech republic;;match?
10.5281/zenodo.15739421;Masaryk University;https://ror.org/02j46qs45;Department of Internal Medicine - Hematology and Oncology, University Hospital Brno and Faculty of Medicine, Masaryk University, Brno, Czech Republic;masarykuniversity;departmentof internal medicine - hematology and oncology, university hospital brno and faculty of medicine, masaryk university, brno, czech republic;;match?
10.5281/zenodo.15739421;Masaryk University;https://ror.org/02j46qs45;Department of Internal Medicine - Hematology and Oncology, University Hospital Brno and Faculty of Medicine, Masaryk University, Brno, Czech Republic;masarykuniversity;departmentof internal medicine - hematology and oncology, university hospital brno and faculty of medicine, masaryk university, brno, czech republic;;match?
10.5281/zenodo.15739421;Masaryk University;https://ror.org/02j46qs45;Department of Internal Medicine - Hematology and Oncology, University Hospital Brno and Faculty of Medicine, Masaryk University, Brno, Czech Republic;masarykuniversity;departmentof internal medicine - hematology and oncology, university hospital brno and faculty of medicine, masaryk university, brno, czech republic;;match?
10.5281/zenodo.15739421;Masaryk University;https://ror.org/02j46qs45;Department of Internal Medicine - Hematology and Oncology, University Hospital Brno and Faculty of Medicine, Masaryk University, Brno, Czech Republic;masarykuniversity;departmentof internal medicine - hematology and oncology, university hospital brno and faculty of medicine, masaryk university, brno, czech republic;;match?
10.5281/zenodo.15739421;Masaryk University;https://ror.org/02j46qs45;Department of Internal Medicine - Hematology and Oncology, University Hospital Brno and Faculty of Medicine, Masaryk University, Brno, Czech Republic;masarykuniversity;departmentof internal medicine - hematology and oncology, university hospital brno and faculty of medicine, masaryk university, brno, czech republic;;match?
10.5281/zenodo.15739421;Masaryk University;https://ror.org/02j46qs45;Department of Internal Medicine - Hematology and Oncology, University Hospital Brno and Faculty of Medicine, Masaryk University, Brno, Czech Republic;masarykuniversity;departmentof internal medicine - hematology and oncology, university hospital brno and faculty of medicine, masaryk university, brno, czech republic;;match?
10.5281/zenodo.15739421;University Hospital Brno;https://ror.org/00qq1fp34;Department of Internal Medicine - Hematology and Oncology, University Hospital Brno and Faculty of Medicine, Masaryk University, Brno, Czech Republic;universityhospital brno;departmentof internal medicine - hematology and oncology, university hospital brno and faculty of medicine, masaryk university, brno, czech republic;;match?
10.5281/zenodo.15739421;University Hospital Brno;https://ror.org/00qq1fp34;Department of Internal Medicine - Hematology and Oncology, University Hospital Brno and Faculty of Medicine, Masaryk University, Brno, Czech Republic;universityhospital brno;departmentof internal medicine - hematology and oncology, university hospital brno and faculty of medicine, masaryk university, brno, czech republic;;match?
10.5281/zenodo.15739421;University Hospital Brno;https://ror.org/00qq1fp34;Department of Internal Medicine - Hematology and Oncology, University Hospital Brno and Faculty of Medicine, Masaryk University, Brno, Czech Republic;universityhospital brno;departmentof internal medicine - hematology and oncology, university hospital brno and faculty of medicine, masaryk university, brno, czech republic;;match?
10.5281/zenodo.15739421;University Hospital Brno;https://ror.org/00qq1fp34;Department of Internal Medicine - Hematology and Oncology, University Hospital Brno and Faculty of Medicine, Masaryk University, Brno, Czech Republic;universityhospital brno;departmentof internal medicine - hematology and oncology, university hospital brno and faculty of medicine, masaryk university, brno, czech republic;;match?
10.5281/zenodo.15739421;University Hospital Brno;https://ror.org/00qq1fp34;Department of Internal Medicine - Hematology and Oncology, University Hospital Brno and Faculty of Medicine, Masaryk University, Brno, Czech Republic;universityhospital brno;departmentof internal medicine - hematology and oncology, university hospital brno and faculty of medicine, masaryk university, brno, czech republic;;match?
10.5281/zenodo.15739421;University Hospital Brno;https://ror.org/00qq1fp34;Department of Internal Medicine - Hematology and Oncology, University Hospital Brno and Faculty of Medicine, Masaryk University, Brno, Czech Republic;universityhospital brno;departmentof internal medicine - hematology and oncology, university hospital brno and faculty of medicine, masaryk university, brno, czech republic;;match?
10.5281/zenodo.15739421;University Hospital Brno;https://ror.org/00qq1fp34;Department of Internal Medicine - Hematology and Oncology, University Hospital Brno and Faculty of Medicine, Masaryk University, Brno, Czech Republic;universityhospital brno;departmentof internal medicine - hematology and oncology, university hospital brno and faculty of medicine, masaryk university, brno, czech republic;;match?
10.5281/zenodo.15739421;University Hospital Brno;https://ror.org/00qq1fp34;Department of Internal Medicine - Hematology and Oncology, University Hospital Brno and Faculty of Medicine, Masaryk University, Brno, Czech Republic;universityhospital brno;departmentof internal medicine - hematology and oncology, university hospital brno and faculty of medicine, masaryk university, brno, czech republic;;match?
10.5281/zenodo.15739421;University Hospital Brno;https://ror.org/00qq1fp34;Department of Internal Medicine - Hematology and Oncology, University Hospital Brno and Faculty of Medicine, Masaryk University, Brno, Czech Republic;universityhospital brno;departmentof internal medicine - hematology and oncology, university hospital brno and faculty of medicine, masaryk university, brno, czech republic;;match?
10.5281/zenodo.15739421;University Hospital Brno;https://ror.org/00qq1fp34;Department of Internal Medicine - Hematology and Oncology, University Hospital Brno and Faculty of Medicine, Masaryk University, Brno, Czech Republic;universityhospital brno;departmentof internal medicine - hematology and oncology, university hospital brno and faculty of medicine, masaryk university, brno, czech republic;;match?
10.5281/zenodo.15826760;Centre for Nanomaterials and Biotechnology;https://ror.org/0545qzj69;Centre for Nanomaterials and Biotechnology, Faculty of Science, University of Jan Evangelista Purkyně, Pasteurova 3632/15, Ústí nad Labem, 400 96, Czech Republic;centrefor nanomaterials and biotechnology;centrefor nanomaterials and biotechnology, faculty of science, university of jan evangelista purkyne, pasteurova 3632/15, usti nad labem, 400 96, czech republic;auto_substring;
10.5281/zenodo.15826760;Centre for Nanomaterials and Biotechnology;https://ror.org/0545qzj69;Centre for Nanomaterials and Biotechnology, Faculty of Science, University of Jan Evangelista Purkyně, Pasteurova 3632/15, Ústí nad Labem, 400 96, Czech Republic;centrefor nanomaterials and biotechnology;centrefor nanomaterials and biotechnology, faculty of science, university of jan evangelista purkyne, pasteurova 3632/15, usti nad labem, 400 96, czech republic;auto_substring;
10.5281/zenodo.15826760;Centre for Nanomaterials and Biotechnology;https://ror.org/0545qzj69;Centre for Nanomaterials and Biotechnology, Faculty of Science, University of Jan Evangelista Purkyně, Pasteurova 3632/15, Ústí nad Labem, 400 96, Czech Republic;centrefor nanomaterials and biotechnology;centrefor nanomaterials and biotechnology, faculty of science, university of jan evangelista purkyne, pasteurova 3632/15, usti nad labem, 400 96, czech republic;auto_substring;
10.5281/zenodo.15826760;Jan Evangelista Purkyně University in Ústí nad Labem;https://ror.org/04vjwcp92;Centre for Nanomaterials and Biotechnology, Faculty of Science, University of Jan Evangelista Purkyně, Pasteurova 3632/15, Ústí nad Labem, 400 96, Czech Republic;janevangelista purkyne university in usti nad labem;centrefor nanomaterials and biotechnology, faculty of science, university of jan evangelista purkyne, pasteurova 3632/15, usti nad labem, 400 96, czech republic;;match
10.5281/zenodo.15826760;Jan Evangelista Purkyně University in Ústí nad Labem;https://ror.org/04vjwcp92;Centre for Nanomaterials and Biotechnology, Faculty of Science, University of Jan Evangelista Purkyně, Pasteurova 3632/15, Ústí nad Labem, 400 96, Czech Republic;janevangelista purkyne university in usti nad labem;centrefor nanomaterials and biotechnology, faculty of science, university of jan evangelista purkyne, pasteurova 3632/15, usti nad labem, 400 96, czech republic;;match
10.5281/zenodo.15826760;Jan Evangelista Purkyně University in Ústí nad Labem;https://ror.org/04vjwcp92;Centre for Nanomaterials and Biotechnology, Faculty of Science, University of Jan Evangelista Purkyně, Pasteurova 3632/15, Ústí nad Labem, 400 96, Czech Republic;janevangelista purkyne university in usti nad labem;centrefor nanomaterials and biotechnology, faculty of science, university of jan evangelista purkyne, pasteurova 3632/15, usti nad labem, 400 96, czech republic;;match
10.5281/zenodo.16778665;Charles University;https://ror.org/024d6js02;Department of Neurology, Second Faculty of Medicine, Charles University and Motol University Hospital;charlesuniversity;departmentof neurology, second faculty of medicine, charles university and motol university hospital;;match
10.5281/zenodo.16778665;Charles University;https://ror.org/024d6js02;Department of Neurology, Second Faculty of Medicine, Charles University and Motol University Hospital;charlesuniversity;departmentof neurology, second faculty of medicine, charles university and motol university hospital;;match
10.5281/zenodo.16778665;University Hospital in Motol;https://ror.org/0125yxn03;Department of Neurology, Second Faculty of Medicine, Charles University and Motol University Hospital;universityhospital in motol;departmentof neurology, second faculty of medicine, charles university and motol university hospital;;match?
10.5281/zenodo.16778665;University Hospital in Motol;https://ror.org/0125yxn03;Department of Neurology, Second Faculty of Medicine, Charles University and Motol University Hospital;universityhospital in motol;departmentof neurology, second faculty of medicine, charles university and motol university hospital;;match?
10.5281/zenodo.16942982;Charles University;https://ror.org/024d6js02;CLIP - Childhood Leukaemia Investigation Prague, Department of Pediatric Haematology and Oncology, Second Faculty of Medicine, Charles University and University Hospital Motol, Prague, Czech Republic;charlesuniversity;clipchildhood leukaemia investigation prague, department of pediatric haematology and oncology, second faculty of medicine, charles university and university hospital motol, prague, czech republic;;match
10.5281/zenodo.16942982;University Hospital in Motol;https://ror.org/0125yxn03;CLIP - Childhood Leukaemia Investigation Prague, Department of Pediatric Haematology and Oncology, Second Faculty of Medicine, Charles University and University Hospital Motol, Prague, Czech Republic;universityhospital in motol;clipchildhood leukaemia investigation prague, department of pediatric haematology and oncology, second faculty of medicine, charles university and university hospital motol, prague, czech republic;;match?
10.5281/zenodo.16942982;Charles University;https://ror.org/024d6js02;First Department of Medicine-Department of Hematology, Charles University General Hospital in Prague, Czech Republic;charlesuniversity;firstdepartment of medicine-department of hematology, charles university general hospital in prague, czech republic;;match
10.5281/zenodo.16942982;Charles University;https://ror.org/024d6js02;First Department of Medicine-Department of Hematology, Charles University General Hospital in Prague, Czech Republic;charlesuniversity;firstdepartment of medicine-department of hematology, charles university general hospital in prague, czech republic;;match
10.5281/zenodo.16942982;Charles University;https://ror.org/024d6js02;First Department of Medicine-Department of Hematology, Charles University General Hospital in Prague, Czech Republic;charlesuniversity;firstdepartment of medicine-department of hematology, charles university general hospital in prague, czech republic;;match
10.5281/zenodo.16942982;Charles University;https://ror.org/024d6js02;First Department of Medicine-Department of Hematology, Charles University General Hospital in Prague, Czech Republic;charlesuniversity;firstdepartment of medicine-department of hematology, charles university general hospital in prague, czech republic;;match
10.5281/zenodo.16942982;General University Hospital in Prague;https://ror.org/04yg23125;First Department of Medicine-Department of Hematology, Charles University General Hospital in Prague, Czech Republic;generaluniversity hospital in prague;firstdepartment of medicine-department of hematology, charles university general hospital in prague, czech republic;;match?
10.5281/zenodo.16942982;General University Hospital in Prague;https://ror.org/04yg23125;First Department of Medicine-Department of Hematology, Charles University General Hospital in Prague, Czech Republic;generaluniversity hospital in prague;firstdepartment of medicine-department of hematology, charles university general hospital in prague, czech republic;;match?
10.5281/zenodo.16942982;General University Hospital in Prague;https://ror.org/04yg23125;First Department of Medicine-Department of Hematology, Charles University General Hospital in Prague, Czech Republic;generaluniversity hospital in prague;firstdepartment of medicine-department of hematology, charles university general hospital in prague, czech republic;;match?
10.5281/zenodo.16942982;General University Hospital in Prague;https://ror.org/04yg23125;First Department of Medicine-Department of Hematology, Charles University General Hospital in Prague, Czech Republic;generaluniversity hospital in prague;firstdepartment of medicine-department of hematology, charles university general hospital in prague, czech republic;;match?
10.5281/zenodo.17091337;Centre for Nanomaterials and Biotechnology;https://ror.org/0545qzj69;Centre for Nanomaterials and Biotechnology, Faculty of Science, J. E. Purkyně University in Ústí nad Labem, 400 96 Ústí nad Labem, Czech Republic;centrefor nanomaterials and biotechnology;centrefor nanomaterials and biotechnology, faculty of science, j. e. purkyne university in usti nad labem, 400 96 usti nad labem, czech republic;auto_substring;
10.5281/zenodo.17091337;Jan Evangelista Purkyně University in Ústí nad Labem;https://ror.org/04vjwcp92;Centre for Nanomaterials and Biotechnology, Faculty of Science, J. E. Purkyně University in Ústí nad Labem, 400 96 Ústí nad Labem, Czech Republic;janevangelista purkyne university in usti nad labem;centrefor nanomaterials and biotechnology, faculty of science, j. e. purkyne university in usti nad labem, 400 96 usti nad labem, czech republic;;match
10.5281/zenodo.4433699;Charles University;https://ror.org/024d6js02;Faculty of Information Technology, Czech Technical University in Prague + Faculty of Mathematics and Physics, Charles University;charlesuniversity;facultyof information technology, czech technical university in prague + faculty of mathematics and physics, charles university;;match
10.5281/zenodo.4433699;Czech Technical University in Prague;https://ror.org/03kqpb082;Faculty of Information Technology, Czech Technical University in Prague + Faculty of Mathematics and Physics, Charles University;czechtechnical university in prague;facultyof information technology, czech technical university in prague + faculty of mathematics and physics, charles university;;match
10.5281/zenodo.4433737;Charles University;https://ror.org/024d6js02;Faculty of Information Technology, Czech Technical University in Prague + Faculty of Mathematics and Physics, Charles University;charlesuniversity;facultyof information technology, czech technical university in prague + faculty of mathematics and physics, charles university;;match
10.5281/zenodo.4433737;Czech Technical University in Prague;https://ror.org/03kqpb082;Faculty of Information Technology, Czech Technical University in Prague + Faculty of Mathematics and Physics, Charles University;czechtechnical university in prague;facultyof information technology, czech technical university in prague + faculty of mathematics and physics, charles university;;match
10.5281/zenodo.4433778;Charles University;https://ror.org/024d6js02;Faculty of Information Technology, Czech Technical University in Prague + Faculty of Mathematics and Physics, Charles University;charlesuniversity;facultyof information technology, czech technical university in prague + faculty of mathematics and physics, charles university;;match
10.5281/zenodo.4433778;Czech Technical University in Prague;https://ror.org/03kqpb082;Faculty of Information Technology, Czech Technical University in Prague + Faculty of Mathematics and Physics, Charles University;czechtechnical university in prague;facultyof information technology, czech technical university in prague + faculty of mathematics and physics, charles university;;match
10.5281/zenodo.4433795;Charles University;https://ror.org/024d6js02;Faculty of Information Technology, Czech Technical University in Prague + Faculty of Mathematics and Physics, Charles University;charlesuniversity;facultyof information technology, czech technical university in prague + faculty of mathematics and physics, charles university;;match
10.5281/zenodo.4433795;Czech Technical University in Prague;https://ror.org/03kqpb082;Faculty of Information Technology, Czech Technical University in Prague + Faculty of Mathematics and Physics, Charles University;czechtechnical university in prague;facultyof information technology, czech technical university in prague + faculty of mathematics and physics, charles university;;match
10.5281/zenodo.4498323;Technical University of Ostrava;https://ror.org/05x8mcb75;Department of Biology and Ecology, Faculty of Science, University of Ostrava, Czechia;technicaluniversity of ostrava;departmentof biology and ecology, faculty of science, university of ostrava, czechia;;match
10.5281/zenodo.4498323;Technical University of Ostrava;https://ror.org/05x8mcb75;Department of Biology and Ecology, Faculty of Science, University of Ostrava, Czechia;technicaluniversity of ostrava;departmentof biology and ecology, faculty of science, university of ostrava, czechia;;match
10.5281/zenodo.4498323;University of Ostrava;https://ror.org/00pyqav47;Department of Biology and Ecology, Faculty of Science, University of Ostrava, Czechia;universityof ostrava;departmentof biology and ecology, faculty of science, university of ostrava, czechia;;match
10.5281/zenodo.4498323;University of Ostrava;https://ror.org/00pyqav47;Department of Biology and Ecology, Faculty of Science, University of Ostrava, Czechia;universityof ostrava;departmentof biology and ecology, faculty of science, university of ostrava, czechia;;match
10.5281/zenodo.4498323;Technical University of Ostrava;https://ror.org/05x8mcb75;Faculty of Electrical Engineering and Computer Science, VSB - Technical University of Ostrava, Czechia;technicaluniversity of ostrava;facultyof electrical engineering and computer science, vsb - technical university of ostrava, czechia;;match
10.5281/zenodo.4498323;University of Ostrava;https://ror.org/00pyqav47;Faculty of Electrical Engineering and Computer Science, VSB - Technical University of Ostrava, Czechia;universityof ostrava;facultyof electrical engineering and computer science, vsb - technical university of ostrava, czechia;;match
10.5281/zenodo.4498323;Technical University of Ostrava;https://ror.org/05x8mcb75;Institute for Research and Applications of Fuzzy Modeling, Centre of Excellence IT4Innovations, University of Ostrava, Czechia;technicaluniversity of ostrava;institutefor research and applications of fuzzy modeling, centre of excellence it4innovations, university of ostrava, czechia;;match?
10.5281/zenodo.4498323;Technical University of Ostrava;https://ror.org/05x8mcb75;Institute for Research and Applications of Fuzzy Modeling, Centre of Excellence IT4Innovations, University of Ostrava, Czechia;technicaluniversity of ostrava;institutefor research and applications of fuzzy modeling, centre of excellence it4innovations, university of ostrava, czechia;;match?
10.5281/zenodo.4498323;University of Ostrava;https://ror.org/00pyqav47;Institute for Research and Applications of Fuzzy Modeling, Centre of Excellence IT4Innovations, University of Ostrava, Czechia;universityof ostrava;institutefor research and applications of fuzzy modeling, centre of excellence it4innovations, university of ostrava, czechia;;match?
10.5281/zenodo.4498323;University of Ostrava;https://ror.org/00pyqav47;Institute for Research and Applications of Fuzzy Modeling, Centre of Excellence IT4Innovations, University of Ostrava, Czechia;universityof ostrava;institutefor research and applications of fuzzy modeling, centre of excellence it4innovations, university of ostrava, czechia;;match?
10.5281/zenodo.4516657;Central European Institute of Technology;https://ror.org/01p7k1986;CEITEC MU;centraleuropean institute of technology;ceitecmu;auto_substring;
10.5281/zenodo.4516657;Central European Institute of Technology;https://ror.org/01p7k1986;CEITEC MU;centraleuropean institute of technology;ceitecmu;auto_substring;
10.5281/zenodo.4516657;Central European Institute of Technology;https://ror.org/01p7k1986;CEITEC MU;centraleuropean institute of technology;ceitecmu;auto_substring;
10.5281/zenodo.4516657;Central European Institute of Technology – Masaryk University;https://ror.org/009nz6031;CEITEC MU;centraleuropean institute of technology – masaryk university;ceitecmu;auto_substring;
10.5281/zenodo.4516657;Central European Institute of Technology – Masaryk University;https://ror.org/009nz6031;CEITEC MU;centraleuropean institute of technology – masaryk university;ceitecmu;auto_substring;
10.5281/zenodo.4516657;Central European Institute of Technology – Masaryk University;https://ror.org/009nz6031;CEITEC MU;centraleuropean institute of technology – masaryk university;ceitecmu;auto_substring;
10.5281/zenodo.4516657;Masaryk University;https://ror.org/02j46qs45;CEITEC MU;masarykuniversity;ceitecmu;auto_substring;
10.5281/zenodo.4516657;Masaryk University;https://ror.org/02j46qs45;CEITEC MU;masarykuniversity;ceitecmu;auto_substring;
10.5281/zenodo.4516657;Masaryk University;https://ror.org/02j46qs45;CEITEC MU;masarykuniversity;ceitecmu;auto_substring;
10.5281/zenodo.4518320;Brno University of Technology;https://ror.org/03613d656;Central European Institute of Technology – Brno University of Technology (CEITEC BUT) Purkyňova 123, 612 00 Brno, Czech Republic;brnouniversity of technology;centraleuropean institute of technology – brno university of technology (ceitec but) purkynova 123, 612 00 brno, czech republic;;match?
10.5281/zenodo.4518320;Central European Institute of Technology;https://ror.org/01p7k1986;Central European Institute of Technology – Brno University of Technology (CEITEC BUT) Purkyňova 123, 612 00 Brno, Czech Republic;centraleuropean institute of technology;centraleuropean institute of technology – brno university of technology (ceitec but) purkynova 123, 612 00 brno, czech republic;auto_substring;
10.5281/zenodo.4552607;Masaryk University;https://ror.org/02j46qs45;"Department of Biology, Faculty of Medicine, Masaryk University, Brno, Czech Republic; International Clinical Research Center, St. Anne's University Hospital, Brno, Czech Republic;";masarykuniversity;"departmentof biology, faculty of medicine, masaryk university, brno, czech republic; international clinical research center, st. anne's university hospital, brno, czech republic;";;match?
10.5281/zenodo.4552607;Masaryk University;https://ror.org/02j46qs45;"Department of Biology, Faculty of Medicine, Masaryk University, Brno, Czech Republic; International Clinical Research Center, St. Anne's University Hospital, Brno, Czech Republic;";masarykuniversity;"departmentof biology, faculty of medicine, masaryk university, brno, czech republic; international clinical research center, st. anne's university hospital, brno, czech republic;";;match?
10.5281/zenodo.4552607;Masaryk University;https://ror.org/02j46qs45;"Department of Biology, Faculty of Medicine, Masaryk University, Brno, Czech Republic; International Clinical Research Center, St. Anne's University Hospital, Brno, Czech Republic;";masarykuniversity;"departmentof biology, faculty of medicine, masaryk university, brno, czech republic; international clinical research center, st. anne's university hospital, brno, czech republic;";;match?
10.5281/zenodo.4552607;St. Anne´s University Hospital;https://ror.org/049bjee35;"Department of Biology, Faculty of Medicine, Masaryk University, Brno, Czech Republic; International Clinical Research Center, St. Anne's University Hospital, Brno, Czech Republic;";stanne´s university hospital;"departmentof biology, faculty of medicine, masaryk university, brno, czech republic; international clinical research center, st. anne's university hospital, brno, czech republic;";;match?
10.5281/zenodo.4552607;St. Anne´s University Hospital;https://ror.org/049bjee35;"Department of Biology, Faculty of Medicine, Masaryk University, Brno, Czech Republic; International Clinical Research Center, St. Anne's University Hospital, Brno, Czech Republic;";stanne´s university hospital;"departmentof biology, faculty of medicine, masaryk university, brno, czech republic; international clinical research center, st. anne's university hospital, brno, czech republic;";;match?
10.5281/zenodo.4552607;St. Anne´s University Hospital;https://ror.org/049bjee35;"Department of Biology, Faculty of Medicine, Masaryk University, Brno, Czech Republic; International Clinical Research Center, St. Anne's University Hospital, Brno, Czech Republic;";stanne´s university hospital;"departmentof biology, faculty of medicine, masaryk university, brno, czech republic; international clinical research center, st. anne's university hospital, brno, czech republic;";;match?
10.5281/zenodo.4552607;University Hospital Brno;https://ror.org/00qq1fp34;"Department of Biology, Faculty of Medicine, Masaryk University, Brno, Czech Republic; International Clinical Research Center, St. Anne's University Hospital, Brno, Czech Republic;";universityhospital brno;"departmentof biology, faculty of medicine, masaryk university, brno, czech republic; international clinical research center, st. anne's university hospital, brno, czech republic;";;match?
10.5281/zenodo.4552607;University Hospital Brno;https://ror.org/00qq1fp34;"Department of Biology, Faculty of Medicine, Masaryk University, Brno, Czech Republic; International Clinical Research Center, St. Anne's University Hospital, Brno, Czech Republic;";universityhospital brno;"departmentof biology, faculty of medicine, masaryk university, brno, czech republic; international clinical research center, st. anne's university hospital, brno, czech republic;";;match?
10.5281/zenodo.4552607;University Hospital Brno;https://ror.org/00qq1fp34;"Department of Biology, Faculty of Medicine, Masaryk University, Brno, Czech Republic; International Clinical Research Center, St. Anne's University Hospital, Brno, Czech Republic;";universityhospital brno;"departmentof biology, faculty of medicine, masaryk university, brno, czech republic; international clinical research center, st. anne's university hospital, brno, czech republic;";;match?
10.5281/zenodo.4552607;Masaryk University;https://ror.org/02j46qs45;"Department of Biology, Faculty of Medicine, Masaryk University, Brno, Czech Republic; International Clinical Research Center, St. Anne's University Hospital, Brno, Czech Republic; First Department of Internal Medicine – Cardioangiology, Faculty of Medicine, Masaryk University and St. Anne's University Hospital, Brno, Czech Republic";masarykuniversity;"departmentof biology, faculty of medicine, masaryk university, brno, czech republic; international clinical research center, st. anne's university hospital, brno, czech republic; first department of internal medicine – cardioangiology, faculty of medicine, masaryk university and st. anne's university hospital, brno, czech republic";;match?
10.5281/zenodo.4552607;St. Anne´s University Hospital;https://ror.org/049bjee35;"Department of Biology, Faculty of Medicine, Masaryk University, Brno, Czech Republic; International Clinical Research Center, St. Anne's University Hospital, Brno, Czech Republic; First Department of Internal Medicine – Cardioangiology, Faculty of Medicine, Masaryk University and St. Anne's University Hospital, Brno, Czech Republic";stanne´s university hospital;"departmentof biology, faculty of medicine, masaryk university, brno, czech republic; international clinical research center, st. anne's university hospital, brno, czech republic; first department of internal medicine – cardioangiology, faculty of medicine, masaryk university and st. anne's university hospital, brno, czech republic";;match?
10.5281/zenodo.4552607;University Hospital Brno;https://ror.org/00qq1fp34;"Department of Biology, Faculty of Medicine, Masaryk University, Brno, Czech Republic; International Clinical Research Center, St. Anne's University Hospital, Brno, Czech Republic; First Department of Internal Medicine – Cardioangiology, Faculty of Medicine, Masaryk University and St. Anne's University Hospital, Brno, Czech Republic";universityhospital brno;"departmentof biology, faculty of medicine, masaryk university, brno, czech republic; international clinical research center, st. anne's university hospital, brno, czech republic; first department of internal medicine – cardioangiology, faculty of medicine, masaryk university and st. anne's university hospital, brno, czech republic";;match?
10.5281/zenodo.4552607;Masaryk University;https://ror.org/02j46qs45;Department of Respiratory Diseases, Faculty of Medicine, Masaryk University, University Hospital Brno, Czech Republic;masarykuniversity;departmentof respiratory diseases, faculty of medicine, masaryk university, university hospital brno, czech republic;;match?
10.5281/zenodo.4552607;University Hospital Brno;https://ror.org/00qq1fp34;Department of Respiratory Diseases, Faculty of Medicine, Masaryk University, University Hospital Brno, Czech Republic;universityhospital brno;departmentof respiratory diseases, faculty of medicine, masaryk university, university hospital brno, czech republic;;match
10.5281/zenodo.4552607;Masaryk University;https://ror.org/02j46qs45;"Department of Respiratory Diseases, Faculty of Medicine, Masaryk University, University Hospital Brno, Czech Republic; Faculty of Medicine, Masaryk University, Brno, Czech Republic;";masarykuniversity;"departmentof respiratory diseases, faculty of medicine, masaryk university, university hospital brno, czech republic; faculty of medicine, masaryk university, brno, czech republic;";;match?
10.5281/zenodo.4552607;University Hospital Brno;https://ror.org/00qq1fp34;"Department of Respiratory Diseases, Faculty of Medicine, Masaryk University, University Hospital Brno, Czech Republic; Faculty of Medicine, Masaryk University, Brno, Czech Republic;";universityhospital brno;"departmentof respiratory diseases, faculty of medicine, masaryk university, university hospital brno, czech republic; faculty of medicine, masaryk university, brno, czech republic;";;match?
10.5281/zenodo.4552607;Masaryk University;https://ror.org/02j46qs45;"Faculty of Medicine, Masaryk University, Brno, Czech Republic; International Clinical Research Center, St. Anne's University Hospital, Brno, Czech Republic; First Department of Internal Medicine – Cardioangiology, Faculty of Medicine, Masaryk University, St. Anne's University Hospital, Brno, Czech Republic";masarykuniversity;"facultyof medicine, masaryk university, brno, czech republic; international clinical research center, st. anne's university hospital, brno, czech republic; first department of internal medicine – cardioangiology, faculty of medicine, masaryk university, st. anne's university hospital, brno, czech republic";;match?
10.5281/zenodo.4552607;St. Anne´s University Hospital;https://ror.org/049bjee35;"Faculty of Medicine, Masaryk University, Brno, Czech Republic; International Clinical Research Center, St. Anne's University Hospital, Brno, Czech Republic; First Department of Internal Medicine – Cardioangiology, Faculty of Medicine, Masaryk University, St. Anne's University Hospital, Brno, Czech Republic";stanne´s university hospital;"facultyof medicine, masaryk university, brno, czech republic; international clinical research center, st. anne's university hospital, brno, czech republic; first department of internal medicine – cardioangiology, faculty of medicine, masaryk university, st. anne's university hospital, brno, czech republic";;match?
10.5281/zenodo.4552607;University Hospital Brno;https://ror.org/00qq1fp34;"Faculty of Medicine, Masaryk University, Brno, Czech Republic; International Clinical Research Center, St. Anne's University Hospital, Brno, Czech Republic; First Department of Internal Medicine – Cardioangiology, Faculty of Medicine, Masaryk University, St. Anne's University Hospital, Brno, Czech Republic";universityhospital brno;"facultyof medicine, masaryk university, brno, czech republic; international clinical research center, st. anne's university hospital, brno, czech republic; first department of internal medicine – cardioangiology, faculty of medicine, masaryk university, st. anne's university hospital, brno, czech republic";;match?
10.5281/zenodo.4554164;Biology Centre;https://ror.org/05pq4yn02;Biology Centre of the Czech Academy of Sciences, University of Bergen, University of South Bohemia in České Budějovice;biologycentre;biologycentre of the czech academy of sciences, university of bergen, university of south bohemia in ceske budejovice;auto_substring;
10.5281/zenodo.4554164;University of South Bohemia in České Budějovice;https://ror.org/033n3pw66;Biology Centre of the Czech Academy of Sciences, University of Bergen, University of South Bohemia in České Budějovice;universityof south bohemia in ceske budejovice;biologycentre of the czech academy of sciences, university of bergen, university of south bohemia in ceske budejovice;;match
10.5281/zenodo.4554164;Biology Centre;https://ror.org/05pq4yn02;Biology Centre of the Czech Academy of Sciences, University of South Bohemia in České Budějovice;biologycentre;biologycentre of the czech academy of sciences, university of south bohemia in ceske budejovice;auto_substring;
10.5281/zenodo.4554164;University of South Bohemia in České Budějovice;https://ror.org/033n3pw66;Biology Centre of the Czech Academy of Sciences, University of South Bohemia in České Budějovice;universityof south bohemia in ceske budejovice;biologycentre of the czech academy of sciences, university of south bohemia in ceske budejovice;;match
10.5281/zenodo.4771466;Charles University;https://ror.org/024d6js02;Department of Biology and Medical Genetics, 2nd Faculty of Medicine, Charles University and Motol University Hospital, Prague, Czech Republic;charlesuniversity;departmentof biology and medical genetics, 2nd faculty of medicine, charles university and motol university hospital, prague, czech republic;;match
10.5281/zenodo.4771466;Charles University;https://ror.org/024d6js02;Department of Biology and Medical Genetics, 2nd Faculty of Medicine, Charles University and Motol University Hospital, Prague, Czech Republic;charlesuniversity;departmentof biology and medical genetics, 2nd faculty of medicine, charles university and motol university hospital, prague, czech republic;;match
10.5281/zenodo.4771466;University Hospital in Motol;https://ror.org/0125yxn03;Department of Biology and Medical Genetics, 2nd Faculty of Medicine, Charles University and Motol University Hospital, Prague, Czech Republic;universityhospital in motol;departmentof biology and medical genetics, 2nd faculty of medicine, charles university and motol university hospital, prague, czech republic;;match?
10.5281/zenodo.4771466;University Hospital in Motol;https://ror.org/0125yxn03;Department of Biology and Medical Genetics, 2nd Faculty of Medicine, Charles University and Motol University Hospital, Prague, Czech Republic;universityhospital in motol;departmentof biology and medical genetics, 2nd faculty of medicine, charles university and motol university hospital, prague, czech republic;;match?
10.5281/zenodo.4771466;Charles University;https://ror.org/024d6js02;Department of Medical Microbiology, 2nd Faculty of Medicine, Charles University and Motol University Hospital, Prague, Czech Republic;charlesuniversity;departmentof medical microbiology, 2nd faculty of medicine, charles university and motol university hospital, prague, czech republic;;match
10.5281/zenodo.4771466;Charles University;https://ror.org/024d6js02;Department of Medical Microbiology, 2nd Faculty of Medicine, Charles University and Motol University Hospital, Prague, Czech Republic;charlesuniversity;departmentof medical microbiology, 2nd faculty of medicine, charles university and motol university hospital, prague, czech republic;;match
10.5281/zenodo.4771466;University Hospital in Motol;https://ror.org/0125yxn03;Department of Medical Microbiology, 2nd Faculty of Medicine, Charles University and Motol University Hospital, Prague, Czech Republic;universityhospital in motol;departmentof medical microbiology, 2nd faculty of medicine, charles university and motol university hospital, prague, czech republic;;match?
10.5281/zenodo.4771466;University Hospital in Motol;https://ror.org/0125yxn03;Department of Medical Microbiology, 2nd Faculty of Medicine, Charles University and Motol University Hospital, Prague, Czech Republic;universityhospital in motol;departmentof medical microbiology, 2nd faculty of medicine, charles university and motol university hospital, prague, czech republic;;match?
10.5281/zenodo.4771466;Charles University;https://ror.org/024d6js02;Department of Paediatrics, 2nd Faculty of Medicine, Charles University and Motol University Hospital, Prague, Czech Republic;charlesuniversity;departmentof paediatrics, 2nd faculty of medicine, charles university and motol university hospital, prague, czech republic;;match
10.5281/zenodo.4771466;Charles University;https://ror.org/024d6js02;Department of Paediatrics, 2nd Faculty of Medicine, Charles University and Motol University Hospital, Prague, Czech Republic;charlesuniversity;departmentof paediatrics, 2nd faculty of medicine, charles university and motol university hospital, prague, czech republic;;match
10.5281/zenodo.4771466;University Hospital in Motol;https://ror.org/0125yxn03;Department of Paediatrics, 2nd Faculty of Medicine, Charles University and Motol University Hospital, Prague, Czech Republic;universityhospital in motol;departmentof paediatrics, 2nd faculty of medicine, charles university and motol university hospital, prague, czech republic;;match?
10.5281/zenodo.4771466;University Hospital in Motol;https://ror.org/0125yxn03;Department of Paediatrics, 2nd Faculty of Medicine, Charles University and Motol University Hospital, Prague, Czech Republic;universityhospital in motol;departmentof paediatrics, 2nd faculty of medicine, charles university and motol university hospital, prague, czech republic;;match?
10.5281/zenodo.4771466;Charles University;https://ror.org/024d6js02;"Department of Paediatrics, 2nd Faculty of Medicine, Charles University and Motol University Hospital, Prague, Czech Republic; Department of Medical Microbiology, 2nd Faculty of Medicine, Charles University and Motol University Hospital, Prague, Czech Republic";charlesuniversity;"departmentof paediatrics, 2nd faculty of medicine, charles university and motol university hospital, prague, czech republic; department of medical microbiology, 2nd faculty of medicine, charles university and motol university hospital, prague, czech republic";;match
10.5281/zenodo.4771466;University Hospital in Motol;https://ror.org/0125yxn03;"Department of Paediatrics, 2nd Faculty of Medicine, Charles University and Motol University Hospital, Prague, Czech Republic; Department of Medical Microbiology, 2nd Faculty of Medicine, Charles University and Motol University Hospital, Prague, Czech Republic";universityhospital in motol;"departmentof paediatrics, 2nd faculty of medicine, charles university and motol university hospital, prague, czech republic; department of medical microbiology, 2nd faculty of medicine, charles university and motol university hospital, prague, czech republic";;match?
10.5281/zenodo.4771466;Charles University;https://ror.org/024d6js02;Department of Pulmonology, 2nd Faculty of Medicine, Charles University and Motol University Hospital, Prague, Czech Republic;charlesuniversity;departmentof pulmonology, 2nd faculty of medicine, charles university and motol university hospital, prague, czech republic;;match
10.5281/zenodo.4771466;University Hospital in Motol;https://ror.org/0125yxn03;Department of Pulmonology, 2nd Faculty of Medicine, Charles University and Motol University Hospital, Prague, Czech Republic;universityhospital in motol;departmentof pulmonology, 2nd faculty of medicine, charles university and motol university hospital, prague, czech republic;;match?
10.5281/zenodo.4974342;Biology Centre;https://ror.org/05pq4yn02;"Institute of Entomology, Biology Centre, Czech Academy of Sciences, Branisovska 31, CZ-37005 Ceske Budejovice, Czech Republic; Department of Ecology, Faculty of Science, Charles University, Vinicna 7, CZ-12844 Prague, Czech Republic";biologycentre;"instituteof entomology, biology centre, czech academy of sciences, branisovska 31, cz-37005 ceske budejovice, czech republic; department of ecology, faculty of science, charles university, vinicna 7, cz-12844 prague, czech republic";;match?
10.5281/zenodo.4974342;Charles University;https://ror.org/024d6js02;"Institute of Entomology, Biology Centre, Czech Academy of Sciences, Branisovska 31, CZ-37005 Ceske Budejovice, Czech Republic; Department of Ecology, Faculty of Science, Charles University, Vinicna 7, CZ-12844 Prague, Czech Republic";charlesuniversity;"instituteof entomology, biology centre, czech academy of sciences, branisovska 31, cz-37005 ceske budejovice, czech republic; department of ecology, faculty of science, charles university, vinicna 7, cz-12844 prague, czech republic";;match
10.5281/zenodo.4974342;Biology Centre;https://ror.org/05pq4yn02;"Institute of Entomology, Biology Centre, Czech Academy of Sciences, Branisovska 31, CZ-37005 Ceske Budejovice, Czech Republic; Department of Ecosystem Biology, Faculty of Science, University of South Bohemia, Branisovska 1760, CZ-37005 Ceske Budejovice, Czech Republic";biologycentre;"instituteof entomology, biology centre, czech academy of sciences, branisovska 31, cz-37005 ceske budejovice, czech republic; department of ecosystem biology, faculty of science, university of south bohemia, branisovska 1760, cz-37005 ceske budejovice, czech republic";;match?
10.5281/zenodo.4974342;University of South Bohemia in České Budějovice;https://ror.org/033n3pw66;"Institute of Entomology, Biology Centre, Czech Academy of Sciences, Branisovska 31, CZ-37005 Ceske Budejovice, Czech Republic; Department of Ecosystem Biology, Faculty of Science, University of South Bohemia, Branisovska 1760, CZ-37005 Ceske Budejovice, Czech Republic";universityof south bohemia in ceske budejovice;"instituteof entomology, biology centre, czech academy of sciences, branisovska 31, cz-37005 ceske budejovice, czech republic; department of ecosystem biology, faculty of science, university of south bohemia, branisovska 1760, cz-37005 ceske budejovice, czech republic";;match
10.5281/zenodo.4974342;Biology Centre;https://ror.org/05pq4yn02;"Institute of Entomology, Biology Centre, Czech Academy of Sciences, Branisovska 31, CZ-37005 Ceske Budejovice, Czech Republic; Department of Pathological Physiology, Faculty of Medicine in Pilsen, Charles University, Alej Svobody 1655/76, CZ-32300 Pilsen, Czech Republic";biologycentre;"instituteof entomology, biology centre, czech academy of sciences, branisovska 31, cz-37005 ceske budejovice, czech republic; department of pathological physiology, faculty of medicine in pilsen, charles university, alej svobody 1655/76, cz-32300 pilsen, czech republic";;match?
10.5281/zenodo.4974342;Charles University;https://ror.org/024d6js02;"Institute of Entomology, Biology Centre, Czech Academy of Sciences, Branisovska 31, CZ-37005 Ceske Budejovice, Czech Republic; Department of Pathological Physiology, Faculty of Medicine in Pilsen, Charles University, Alej Svobody 1655/76, CZ-32300 Pilsen, Czech Republic";charlesuniversity;"instituteof entomology, biology centre, czech academy of sciences, branisovska 31, cz-37005 ceske budejovice, czech republic; department of pathological physiology, faculty of medicine in pilsen, charles university, alej svobody 1655/76, cz-32300 pilsen, czech republic";;match
10.5281/zenodo.5017042;Brno University of Technology;https://ror.org/03613d656;Central European Institute of Technology (CEITEC), Brno University of Technology, Brno, Czech Republic;brnouniversity of technology;centraleuropean institute of technology (ceitec), brno university of technology, brno, czech republic;;match?
10.5281/zenodo.5017042;Central European Institute of Technology;https://ror.org/01p7k1986;Central European Institute of Technology (CEITEC), Brno University of Technology, Brno, Czech Republic;centraleuropean institute of technology;centraleuropean institute of technology (ceitec), brno university of technology, brno, czech republic;auto_substring;
10.5281/zenodo.5142371;Central European Institute of Technology;https://ror.org/01p7k1986;Central European Institute of Technology, Masaryk University;centraleuropean institute of technology;centraleuropean institute of technology, masaryk university;auto_substring;
10.5281/zenodo.5142371;Central European Institute of Technology – Masaryk University;https://ror.org/009nz6031;Central European Institute of Technology, Masaryk University;centraleuropean institute of technology – masaryk university;centraleuropean institute of technology, masaryk university;;match?
10.5281/zenodo.5142371;Masaryk University;https://ror.org/02j46qs45;Central European Institute of Technology, Masaryk University;masarykuniversity;centraleuropean institute of technology, masaryk university;;match?
10.5281/zenodo.5172233;Palacký University, Olomouc;https://ror.org/04qxnmv42;1Regional Centre of Advanced Technologies and Materials, Czech Advanced Technology and Research Institute (CATRIN), Palacký University Olomouc, 78371 Olomouc, Czech Republic;palackyuniversity, olomouc;1regionalcentre of advanced technologies and materials, czech advanced technology and research institute (catrin), palacky university olomouc, 78371 olomouc, czech republic;;match?
10.5281/zenodo.5172233;Palacký University, Olomouc;https://ror.org/04qxnmv42;1Regional Centre of Advanced Technologies and Materials, Czech Advanced Technology and Research Institute (CATRIN), Palacký University Olomouc, 78371 Olomouc, Czech Republic;palackyuniversity, olomouc;1regionalcentre of advanced technologies and materials, czech advanced technology and research institute (catrin), palacky university olomouc, 78371 olomouc, czech republic;;match?
10.5281/zenodo.5172233;Regional Centre of Advanced Technologies and Materials;https://ror.org/02mt5f456;1Regional Centre of Advanced Technologies and Materials, Czech Advanced Technology and Research Institute (CATRIN), Palacký University Olomouc, 78371 Olomouc, Czech Republic;regionalcentre of advanced technologies and materials;1regionalcentre of advanced technologies and materials, czech advanced technology and research institute (catrin), palacky university olomouc, 78371 olomouc, czech republic;auto_substring;
10.5281/zenodo.5172233;Regional Centre of Advanced Technologies and Materials;https://ror.org/02mt5f456;1Regional Centre of Advanced Technologies and Materials, Czech Advanced Technology and Research Institute (CATRIN), Palacký University Olomouc, 78371 Olomouc, Czech Republic;regionalcentre of advanced technologies and materials;1regionalcentre of advanced technologies and materials, czech advanced technology and research institute (catrin), palacky university olomouc, 78371 olomouc, czech republic;auto_substring;
10.5281/zenodo.5172233;Palacký University, Olomouc;https://ror.org/04qxnmv42;1Regional Centre of Advanced Technologies and Materials, Czech Advanced Technology and Research Institute (CATRIN), Palacký University Olomouc, 78371 Olomouc, Czech Republic.;palackyuniversity, olomouc;1regionalcentre of advanced technologies and materials, czech advanced technology and research institute (catrin), palacky university olomouc, 78371 olomouc, czech republic.;;match?
10.5281/zenodo.5172233;Regional Centre of Advanced Technologies and Materials;https://ror.org/02mt5f456;1Regional Centre of Advanced Technologies and Materials, Czech Advanced Technology and Research Institute (CATRIN), Palacký University Olomouc, 78371 Olomouc, Czech Republic.;regionalcentre of advanced technologies and materials;1regionalcentre of advanced technologies and materials, czech advanced technology and research institute (catrin), palacky university olomouc, 78371 olomouc, czech republic.;auto_substring;
10.5281/zenodo.5460097;National Library of Technology;https://ror.org/028txef36;"National Library of Technology, Technická 6/2710, 160 80 Prague 6, Czech Republic; University of Chemistry and Technology in Prague, Technická 5, 166 28 Praha 6, Czech Republic; eva.hnatkova@techlib.cz";nationallibrary of technology;"nationallibrary of technology, technicka 6/2710, 160 80 prague 6, czech republic; university of chemistry and technology in prague, technicka 5, 166 28 praha 6, czech republic; eva.hnatkova@techlib.cz";auto_substring;
10.5281/zenodo.5460097;University of Chemistry and Technology;https://ror.org/05ggn0a85;"National Library of Technology, Technická 6/2710, 160 80 Prague 6, Czech Republic; University of Chemistry and Technology in Prague, Technická 5, 166 28 Praha 6, Czech Republic; eva.hnatkova@techlib.cz";universityof chemistry and technology;"nationallibrary of technology, technicka 6/2710, 160 80 prague 6, czech republic; university of chemistry and technology in prague, technicka 5, 166 28 praha 6, czech republic; eva.hnatkova@techlib.cz";;match
10.5281/zenodo.5517487;Masaryk University;https://ror.org/02j46qs45;"Department of Biology, Faculty of Medicine, Masaryk University, Brno, Czech Republic; International Clinical Research Center, St. Anne's University Hospital, Brno, Czech Republic;";masarykuniversity;"departmentof biology, faculty of medicine, masaryk university, brno, czech republic; international clinical research center, st. anne's university hospital, brno, czech republic;";;match?
10.5281/zenodo.5517487;Masaryk University;https://ror.org/02j46qs45;"Department of Biology, Faculty of Medicine, Masaryk University, Brno, Czech Republic; International Clinical Research Center, St. Anne's University Hospital, Brno, Czech Republic;";masarykuniversity;"departmentof biology, faculty of medicine, masaryk university, brno, czech republic; international clinical research center, st. anne's university hospital, brno, czech republic;";;match?
10.5281/zenodo.5517487;Masaryk University;https://ror.org/02j46qs45;"Department of Biology, Faculty of Medicine, Masaryk University, Brno, Czech Republic; International Clinical Research Center, St. Anne's University Hospital, Brno, Czech Republic;";masarykuniversity;"departmentof biology, faculty of medicine, masaryk university, brno, czech republic; international clinical research center, st. anne's university hospital, brno, czech republic;";;match?
10.5281/zenodo.5517487;St. Anne´s University Hospital;https://ror.org/049bjee35;"Department of Biology, Faculty of Medicine, Masaryk University, Brno, Czech Republic; International Clinical Research Center, St. Anne's University Hospital, Brno, Czech Republic;";stanne´s university hospital;"departmentof biology, faculty of medicine, masaryk university, brno, czech republic; international clinical research center, st. anne's university hospital, brno, czech republic;";;match?
10.5281/zenodo.5517487;St. Anne´s University Hospital;https://ror.org/049bjee35;"Department of Biology, Faculty of Medicine, Masaryk University, Brno, Czech Republic; International Clinical Research Center, St. Anne's University Hospital, Brno, Czech Republic;";stanne´s university hospital;"departmentof biology, faculty of medicine, masaryk university, brno, czech republic; international clinical research center, st. anne's university hospital, brno, czech republic;";;match?
10.5281/zenodo.5517487;St. Anne´s University Hospital;https://ror.org/049bjee35;"Department of Biology, Faculty of Medicine, Masaryk University, Brno, Czech Republic; International Clinical Research Center, St. Anne's University Hospital, Brno, Czech Republic;";stanne´s university hospital;"departmentof biology, faculty of medicine, masaryk university, brno, czech republic; international clinical research center, st. anne's university hospital, brno, czech republic;";;match?
10.5281/zenodo.5517487;University Hospital Brno;https://ror.org/00qq1fp34;"Department of Biology, Faculty of Medicine, Masaryk University, Brno, Czech Republic; International Clinical Research Center, St. Anne's University Hospital, Brno, Czech Republic;";universityhospital brno;"departmentof biology, faculty of medicine, masaryk university, brno, czech republic; international clinical research center, st. anne's university hospital, brno, czech republic;";;match?
10.5281/zenodo.5517487;University Hospital Brno;https://ror.org/00qq1fp34;"Department of Biology, Faculty of Medicine, Masaryk University, Brno, Czech Republic; International Clinical Research Center, St. Anne's University Hospital, Brno, Czech Republic;";universityhospital brno;"departmentof biology, faculty of medicine, masaryk university, brno, czech republic; international clinical research center, st. anne's university hospital, brno, czech republic;";;match?
10.5281/zenodo.5517487;University Hospital Brno;https://ror.org/00qq1fp34;"Department of Biology, Faculty of Medicine, Masaryk University, Brno, Czech Republic; International Clinical Research Center, St. Anne's University Hospital, Brno, Czech Republic;";universityhospital brno;"departmentof biology, faculty of medicine, masaryk university, brno, czech republic; international clinical research center, st. anne's university hospital, brno, czech republic;";;match?
10.5281/zenodo.5517487;Masaryk University;https://ror.org/02j46qs45;"Department of Biology, Faculty of Medicine, Masaryk University, Brno, Czech Republic; International Clinical Research Center, St. Anne's University Hospital, Brno, Czech Republic; First Department of Internal Medicine – Cardioangiology, Faculty of Medicine, Masaryk University and St. Anne's University Hospital, Brno, Czech Republic";masarykuniversity;"departmentof biology, faculty of medicine, masaryk university, brno, czech republic; international clinical research center, st. anne's university hospital, brno, czech republic; first department of internal medicine – cardioangiology, faculty of medicine, masaryk university and st. anne's university hospital, brno, czech republic";;match?
10.5281/zenodo.5517487;St. Anne´s University Hospital;https://ror.org/049bjee35;"Department of Biology, Faculty of Medicine, Masaryk University, Brno, Czech Republic; International Clinical Research Center, St. Anne's University Hospital, Brno, Czech Republic; First Department of Internal Medicine – Cardioangiology, Faculty of Medicine, Masaryk University and St. Anne's University Hospital, Brno, Czech Republic";stanne´s university hospital;"departmentof biology, faculty of medicine, masaryk university, brno, czech republic; international clinical research center, st. anne's university hospital, brno, czech republic; first department of internal medicine – cardioangiology, faculty of medicine, masaryk university and st. anne's university hospital, brno, czech republic";;match?
10.5281/zenodo.5517487;University Hospital Brno;https://ror.org/00qq1fp34;"Department of Biology, Faculty of Medicine, Masaryk University, Brno, Czech Republic; International Clinical Research Center, St. Anne's University Hospital, Brno, Czech Republic; First Department of Internal Medicine – Cardioangiology, Faculty of Medicine, Masaryk University and St. Anne's University Hospital, Brno, Czech Republic";universityhospital brno;"departmentof biology, faculty of medicine, masaryk university, brno, czech republic; international clinical research center, st. anne's university hospital, brno, czech republic; first department of internal medicine – cardioangiology, faculty of medicine, masaryk university and st. anne's university hospital, brno, czech republic";;match?
10.5281/zenodo.5517487;Masaryk University;https://ror.org/02j46qs45;Department of Respiratory Diseases, Faculty of Medicine, Masaryk University, University Hospital Brno, Czech Republic;masarykuniversity;departmentof respiratory diseases, faculty of medicine, masaryk university, university hospital brno, czech republic;;match?
10.5281/zenodo.5517487;University Hospital Brno;https://ror.org/00qq1fp34;Department of Respiratory Diseases, Faculty of Medicine, Masaryk University, University Hospital Brno, Czech Republic;universityhospital brno;departmentof respiratory diseases, faculty of medicine, masaryk university, university hospital brno, czech republic;;match?
10.5281/zenodo.5517487;Masaryk University;https://ror.org/02j46qs45;"Department of Respiratory Diseases, Faculty of Medicine, Masaryk University, University Hospital Brno, Czech Republic; Faculty of Medicine, Masaryk University, Brno, Czech Republic;";masarykuniversity;"departmentof respiratory diseases, faculty of medicine, masaryk university, university hospital brno, czech republic; faculty of medicine, masaryk university, brno, czech republic;";;match?
10.5281/zenodo.5517487;University Hospital Brno;https://ror.org/00qq1fp34;"Department of Respiratory Diseases, Faculty of Medicine, Masaryk University, University Hospital Brno, Czech Republic; Faculty of Medicine, Masaryk University, Brno, Czech Republic;";universityhospital brno;"departmentof respiratory diseases, faculty of medicine, masaryk university, university hospital brno, czech republic; faculty of medicine, masaryk university, brno, czech republic;";;match?
10.5281/zenodo.5517487;Masaryk University;https://ror.org/02j46qs45;"Faculty of Medicine, Masaryk University, Brno, Czech Republic; International Clinical Research Center, St. Anne's University Hospital, Brno, Czech Republic; First Department of Internal Medicine – Cardioangiology, Faculty of Medicine, Masaryk University, St. Anne's University Hospital, Brno, Czech Republic";masarykuniversity;"facultyof medicine, masaryk university, brno, czech republic; international clinical research center, st. anne's university hospital, brno, czech republic; first department of internal medicine – cardioangiology, faculty of medicine, masaryk university, st. anne's university hospital, brno, czech republic";;match?
10.5281/zenodo.5517487;St. Anne´s University Hospital;https://ror.org/049bjee35;"Faculty of Medicine, Masaryk University, Brno, Czech Republic; International Clinical Research Center, St. Anne's University Hospital, Brno, Czech Republic; First Department of Internal Medicine – Cardioangiology, Faculty of Medicine, Masaryk University, St. Anne's University Hospital, Brno, Czech Republic";stanne´s university hospital;"facultyof medicine, masaryk university, brno, czech republic; international clinical research center, st. anne's university hospital, brno, czech republic; first department of internal medicine – cardioangiology, faculty of medicine, masaryk university, st. anne's university hospital, brno, czech republic";;match?
10.5281/zenodo.5517487;University Hospital Brno;https://ror.org/00qq1fp34;"Faculty of Medicine, Masaryk University, Brno, Czech Republic; International Clinical Research Center, St. Anne's University Hospital, Brno, Czech Republic; First Department of Internal Medicine – Cardioangiology, Faculty of Medicine, Masaryk University, St. Anne's University Hospital, Brno, Czech Republic";universityhospital brno;"facultyof medicine, masaryk university, brno, czech republic; international clinical research center, st. anne's university hospital, brno, czech republic; first department of internal medicine – cardioangiology, faculty of medicine, masaryk university, st. anne's university hospital, brno, czech republic";;match?
10.5281/zenodo.5711706;Czech Academy of Sciences;https://ror.org/053avzc18;Czech Academy of Sciences;czechacademy of sciences;czechacademy of sciences;auto_substring;
10.5281/zenodo.5711706;Czech Academy of Sciences;https://ror.org/053avzc18;Czech Academy of Sciences;czechacademy of sciences;czechacademy of sciences;auto_substring;
10.5281/zenodo.5711706;Czech Academy of Sciences;https://ror.org/053avzc18;Czech Academy of Sciences;czechacademy of sciences;czechacademy of sciences;auto_substring;
10.5281/zenodo.5711706;Czech University of Life Sciences Prague;https://ror.org/0415vcw02;Czech Academy of Sciences;czechuniversity of life sciences prague;czechacademy of sciences;;match
10.5281/zenodo.5711706;Czech University of Life Sciences Prague;https://ror.org/0415vcw02;Czech Academy of Sciences;czechuniversity of life sciences prague;czechacademy of sciences;;match
10.5281/zenodo.5711706;Czech University of Life Sciences Prague;https://ror.org/0415vcw02;Czech Academy of Sciences;czechuniversity of life sciences prague;czechacademy of sciences;;match
10.5281/zenodo.5711706;Forestry and Game Management Research Institute;https://ror.org/034cj1z12;Forestry and Game Management Research Institute;forestryand game management research institute;forestryand game management research institute;auto_substring;
10.5281/zenodo.5711706;Institute of Forest Ecosystem Research;https://ror.org/02251ba66;Forestry and Game Management Research Institute;instituteof forest ecosystem research;forestryand game management research institute;;match?
10.5281/zenodo.5742718;Czech University of Life Sciences Prague;https://ror.org/0415vcw02;Czech University of Life Sciences Prague, Department of food science;czechuniversity of life sciences prague;czechuniversity of life sciences prague, department of food science;auto_substring;
10.5281/zenodo.5742718;Czech University of Life Sciences Prague;https://ror.org/0415vcw02;Czech University of Life Sciences Prague, Department of food science;czechuniversity of life sciences prague;czechuniversity of life sciences prague, department of food science;auto_substring;
10.5281/zenodo.5742718;Czech University of Life Sciences Prague;https://ror.org/0415vcw02;Czech University of Life Sciences Prague, Department of food science;czechuniversity of life sciences prague;czechuniversity of life sciences prague, department of food science;auto_substring;
10.5281/zenodo.5742718;Czech University of Life Sciences Prague;https://ror.org/0415vcw02;Czech University of Life Sciences Prague, Department of food science;czechuniversity of life sciences prague;czechuniversity of life sciences prague, department of food science;auto_substring;
10.5281/zenodo.5742718;Výzkumný Ústav Mlékárenský;https://ror.org/02mvzme44;Czech University of Life Sciences Prague, Department of food science;vyzkumnyustav mlekarensky;czechuniversity of life sciences prague, department of food science;;match
10.5281/zenodo.5948334;Charles University;https://ror.org/024d6js02;Department of Dentistry, Charles University, Faculty of Medicine in Hradec Králové, and University Hospital Hradec Králové;charlesuniversity;departmentof dentistry, charles university, faculty of medicine in hradec kralove, and university hospital hradec kralove;;match
10.5281/zenodo.5948334;University Hospital Hradec Králové;https://ror.org/04wckhb82;Department of Dentistry, Charles University, Faculty of Medicine in Hradec Králové, and University Hospital Hradec Králové;universityhospital hradec kralove;departmentof dentistry, charles university, faculty of medicine in hradec kralove, and university hospital hradec kralove;;match
10.5281/zenodo.6035345;Charles University;https://ror.org/024d6js02;First Department of Medicine- Hematology, University General Hospital Prague and First Faculty of Medicine, Charles University, Prague, Czech Republic;charlesuniversity;firstdepartment of medicine- hematology, university general hospital prague and first faculty of medicine, charles university, prague, czech republic;;match
10.5281/zenodo.6035345;General University Hospital in Prague;https://ror.org/04yg23125;First Department of Medicine- Hematology, University General Hospital Prague and First Faculty of Medicine, Charles University, Prague, Czech Republic;generaluniversity hospital in prague;firstdepartment of medicine- hematology, university general hospital prague and first faculty of medicine, charles university, prague, czech republic;;match?
10.5281/zenodo.6035345;Charles University;https://ror.org/024d6js02;"Institute of Pathological Physiology, First Faculty of Medicine, Charles University, Prague, Czech Republic; First Department of Medicine- Hematology, University General Hospital Prague and First Faculty of Medicine, Charles University, Prague, Czech Republic";charlesuniversity;"instituteof pathological physiology, first faculty of medicine, charles university, prague, czech republic; first department of medicine- hematology, university general hospital prague and first faculty of medicine, charles university, prague, czech republic";;match
10.5281/zenodo.6035345;Charles University;https://ror.org/024d6js02;"Institute of Pathological Physiology, First Faculty of Medicine, Charles University, Prague, Czech Republic; First Department of Medicine- Hematology, University General Hospital Prague and First Faculty of Medicine, Charles University, Prague, Czech Republic";charlesuniversity;"instituteof pathological physiology, first faculty of medicine, charles university, prague, czech republic; first department of medicine- hematology, university general hospital prague and first faculty of medicine, charles university, prague, czech republic";;match
10.5281/zenodo.6035345;Charles University;https://ror.org/024d6js02;"Institute of Pathological Physiology, First Faculty of Medicine, Charles University, Prague, Czech Republic; First Department of Medicine- Hematology, University General Hospital Prague and First Faculty of Medicine, Charles University, Prague, Czech Republic";charlesuniversity;"instituteof pathological physiology, first faculty of medicine, charles university, prague, czech republic; first department of medicine- hematology, university general hospital prague and first faculty of medicine, charles university, prague, czech republic";;match
10.5281/zenodo.6035345;Charles University;https://ror.org/024d6js02;"Institute of Pathological Physiology, First Faculty of Medicine, Charles University, Prague, Czech Republic; First Department of Medicine- Hematology, University General Hospital Prague and First Faculty of Medicine, Charles University, Prague, Czech Republic";charlesuniversity;"instituteof pathological physiology, first faculty of medicine, charles university, prague, czech republic; first department of medicine- hematology, university general hospital prague and first faculty of medicine, charles university, prague, czech republic";;match
10.5281/zenodo.6035345;Charles University;https://ror.org/024d6js02;"Institute of Pathological Physiology, First Faculty of Medicine, Charles University, Prague, Czech Republic; First Department of Medicine- Hematology, University General Hospital Prague and First Faculty of Medicine, Charles University, Prague, Czech Republic";charlesuniversity;"instituteof pathological physiology, first faculty of medicine, charles university, prague, czech republic; first department of medicine- hematology, university general hospital prague and first faculty of medicine, charles university, prague, czech republic";;match
10.5281/zenodo.6035345;General University Hospital in Prague;https://ror.org/04yg23125;"Institute of Pathological Physiology, First Faculty of Medicine, Charles University, Prague, Czech Republic; First Department of Medicine- Hematology, University General Hospital Prague and First Faculty of Medicine, Charles University, Prague, Czech Republic";generaluniversity hospital in prague;"instituteof pathological physiology, first faculty of medicine, charles university, prague, czech republic; first department of medicine- hematology, university general hospital prague and first faculty of medicine, charles university, prague, czech republic";;match?
10.5281/zenodo.6035345;General University Hospital in Prague;https://ror.org/04yg23125;"Institute of Pathological Physiology, First Faculty of Medicine, Charles University, Prague, Czech Republic; First Department of Medicine- Hematology, University General Hospital Prague and First Faculty of Medicine, Charles University, Prague, Czech Republic";generaluniversity hospital in prague;"instituteof pathological physiology, first faculty of medicine, charles university, prague, czech republic; first department of medicine- hematology, university general hospital prague and first faculty of medicine, charles university, prague, czech republic";;match?
10.5281/zenodo.6035345;General University Hospital in Prague;https://ror.org/04yg23125;"Institute of Pathological Physiology, First Faculty of Medicine, Charles University, Prague, Czech Republic; First Department of Medicine- Hematology, University General Hospital Prague and First Faculty of Medicine, Charles University, Prague, Czech Republic";generaluniversity hospital in prague;"instituteof pathological physiology, first faculty of medicine, charles university, prague, czech republic; first department of medicine- hematology, university general hospital prague and first faculty of medicine, charles university, prague, czech republic";;match?
10.5281/zenodo.6035345;General University Hospital in Prague;https://ror.org/04yg23125;"Institute of Pathological Physiology, First Faculty of Medicine, Charles University, Prague, Czech Republic; First Department of Medicine- Hematology, University General Hospital Prague and First Faculty of Medicine, Charles University, Prague, Czech Republic";generaluniversity hospital in prague;"instituteof pathological physiology, first faculty of medicine, charles university, prague, czech republic; first department of medicine- hematology, university general hospital prague and first faculty of medicine, charles university, prague, czech republic";;match?
10.5281/zenodo.6035345;General University Hospital in Prague;https://ror.org/04yg23125;"Institute of Pathological Physiology, First Faculty of Medicine, Charles University, Prague, Czech Republic; First Department of Medicine- Hematology, University General Hospital Prague and First Faculty of Medicine, Charles University, Prague, Czech Republic";generaluniversity hospital in prague;"instituteof pathological physiology, first faculty of medicine, charles university, prague, czech republic; first department of medicine- hematology, university general hospital prague and first faculty of medicine, charles university, prague, czech republic";;match?
10.5281/zenodo.6035345;Charles University;https://ror.org/024d6js02;Institute of Pathology, University General Hospital Prague and First Faculty of Medicine, Charles University, Prague, Czech Republic;charlesuniversity;instituteof pathology, university general hospital prague and first faculty of medicine, charles university, prague, czech republic;;match
10.5281/zenodo.6035345;Charles University;https://ror.org/024d6js02;Institute of Pathology, University General Hospital Prague and First Faculty of Medicine, Charles University, Prague, Czech Republic;charlesuniversity;instituteof pathology, university general hospital prague and first faculty of medicine, charles university, prague, czech republic;;match
10.5281/zenodo.6035345;General University Hospital in Prague;https://ror.org/04yg23125;Institute of Pathology, University General Hospital Prague and First Faculty of Medicine, Charles University, Prague, Czech Republic;generaluniversity hospital in prague;instituteof pathology, university general hospital prague and first faculty of medicine, charles university, prague, czech republic;;match?
10.5281/zenodo.6035345;General University Hospital in Prague;https://ror.org/04yg23125;Institute of Pathology, University General Hospital Prague and First Faculty of Medicine, Charles University, Prague, Czech Republic;generaluniversity hospital in prague;instituteof pathology, university general hospital prague and first faculty of medicine, charles university, prague, czech republic;;match?
10.5281/zenodo.6174092;Biology Centre;https://ror.org/05pq4yn02;Institute of Entomology, Biology Centre of the Czech Academy of Sciences and Faculty of Science, University of South Bohemia;biologycentre;instituteof entomology, biology centre of the czech academy of sciences and faculty of science, university of south bohemia;;match?
10.5281/zenodo.6174092;University of South Bohemia in České Budějovice;https://ror.org/033n3pw66;Institute of Entomology, Biology Centre of the Czech Academy of Sciences and Faculty of Science, University of South Bohemia;universityof south bohemia in ceske budejovice;instituteof entomology, biology centre of the czech academy of sciences and faculty of science, university of south bohemia;;match
10.5281/zenodo.6417386;Masaryk University;https://ror.org/02j46qs45;Department of Botany and Zoology, Faculty of Science, Masaryk University, Kotlářská 2, CZ-611 37 Brno, Czech Republic, Department of Plant Biology, Faculty of AgriSciences, Mendel University in Brno, Zemědělská 1, CZ-613 00 Brno, Czech Republic;masarykuniversity;departmentof botany and zoology, faculty of science, masaryk university, kotlarska 2, cz-611 37 brno, czech republic, department of plant biology, faculty of agrisciences, mendel university in brno, zemedelska 1, cz-613 00 brno, czech republic;;match?
10.5281/zenodo.6417386;Mendel University Brno;https://ror.org/058aeep47;Department of Botany and Zoology, Faculty of Science, Masaryk University, Kotlářská 2, CZ-611 37 Brno, Czech Republic, Department of Plant Biology, Faculty of AgriSciences, Mendel University in Brno, Zemědělská 1, CZ-613 00 Brno, Czech Republic;mendeluniversity brno;departmentof botany and zoology, faculty of science, masaryk university, kotlarska 2, cz-611 37 brno, czech republic, department of plant biology, faculty of agrisciences, mendel university in brno, zemedelska 1, cz-613 00 brno, czech republic;;match
10.5281/zenodo.6505455;Central European Institute of Technology;https://ror.org/01p7k1986;CEITEC Masaryk University;centraleuropean institute of technology;ceitecmasaryk university;auto_substring;
10.5281/zenodo.6505455;Central European Institute of Technology;https://ror.org/01p7k1986;CEITEC Masaryk University;centraleuropean institute of technology;ceitecmasaryk university;auto_substring;
10.5281/zenodo.6505455;Central European Institute of Technology – Masaryk University;https://ror.org/009nz6031;CEITEC Masaryk University;centraleuropean institute of technology – masaryk university;ceitecmasaryk university;;match?
10.5281/zenodo.6505455;Central European Institute of Technology – Masaryk University;https://ror.org/009nz6031;CEITEC Masaryk University;centraleuropean institute of technology – masaryk university;ceitecmasaryk university;;match?
10.5281/zenodo.6505455;Masaryk University;https://ror.org/02j46qs45;CEITEC Masaryk University;masarykuniversity;ceitecmasaryk university;;match?
10.5281/zenodo.6505455;Masaryk University;https://ror.org/02j46qs45;CEITEC Masaryk University;masarykuniversity;ceitecmasaryk university;;match?
10.5281/zenodo.6622877;Charles University;https://ror.org/024d6js02;Charles University & Palacky University;charlesuniversity;charlesuniversity & palacky university;auto_substring;
10.5281/zenodo.6622877;Palacký University, Olomouc;https://ror.org/04qxnmv42;Charles University & Palacky University;palackyuniversity, olomouc;charlesuniversity & palacky university;;match
10.5281/zenodo.6622877;Charles University;https://ror.org/024d6js02;Palacky University & Charles University;charlesuniversity;palackyuniversity & charles university;;match
10.5281/zenodo.6622877;Palacký University, Olomouc;https://ror.org/04qxnmv42;Palacky University & Charles University;palackyuniversity, olomouc;palackyuniversity & charles university;;match
10.5281/zenodo.6657091;South Bohemia research center of aquaculture and biodiversity of hydrocenoses;https://ror.org/050jqn596;4Univesity of South Bohemia, Faculty of Fisheries and Protection of Waters, South Bohemian Research Center of Aquaculture and Biodiversity of Hydrocenoses, Czechia;southbohemia research center of aquaculture and biodiversity of hydrocenoses;4univesityof south bohemia, faculty of fisheries and protection of waters, south bohemian research center of aquaculture and biodiversity of hydrocenoses, czechia;;match
10.5281/zenodo.6657091;University of South Bohemia in České Budějovice;https://ror.org/033n3pw66;4Univesity of South Bohemia, Faculty of Fisheries and Protection of Waters, South Bohemian Research Center of Aquaculture and Biodiversity of Hydrocenoses, Czechia;universityof south bohemia in ceske budejovice;4univesityof south bohemia, faculty of fisheries and protection of waters, south bohemian research center of aquaculture and biodiversity of hydrocenoses, czechia;;match
10.5281/zenodo.6818608;Brno University of Technology;https://ror.org/03613d656;Central European Institute of Technology, Brno University of Technology, Technická 3058/10, Brno 616 00, Czech Republic;brnouniversity of technology;centraleuropean institute of technology, brno university of technology, technicka 3058/10, brno 616 00, czech republic;;match?
10.5281/zenodo.6818608;Central European Institute of Technology;https://ror.org/01p7k1986;Central European Institute of Technology, Brno University of Technology, Technická 3058/10, Brno 616 00, Czech Republic;centraleuropean institute of technology;centraleuropean institute of technology, brno university of technology, technicka 3058/10, brno 616 00, czech republic;auto_substring;
10.5281/zenodo.6874821;Charles University;https://ror.org/024d6js02;Department of Otorhinolaryngology and Head and Neck Surgery, 1st Faculty of Medicine, Charles University, University Hospital Motol, 150 06 Prague, Czech Republic;charlesuniversity;departmentof otorhinolaryngology and head and neck surgery, 1st faculty of medicine, charles university, university hospital motol, 150 06 prague, czech republic;;match
10.5281/zenodo.6874821;University Hospital in Motol;https://ror.org/0125yxn03;Department of Otorhinolaryngology and Head and Neck Surgery, 1st Faculty of Medicine, Charles University, University Hospital Motol, 150 06 Prague, Czech Republic;universityhospital in motol;departmentof otorhinolaryngology and head and neck surgery, 1st faculty of medicine, charles university, university hospital motol, 150 06 prague, czech republic;;match?
10.5281/zenodo.7006761;Charles University;https://ror.org/024d6js02;CERGE-EI, a joint workplace of Charles University and the Economics Institute of the Czech Academy of Sciences;charlesuniversity;cergeei, a joint workplace of charles university and the economics institute of the czech academy of sciences;;match
10.5281/zenodo.7006761;Economics Institute;https://ror.org/01y3ft232;CERGE-EI, a joint workplace of Charles University and the Economics Institute of the Czech Academy of Sciences;economicsinstitute;cergeei, a joint workplace of charles university and the economics institute of the czech academy of sciences;auto_substring;
10.5281/zenodo.7006761;Charles University;https://ror.org/024d6js02;CERGE-EI, a joint workplace of Charles University and the Economics Institute of the Czech Academy of Sciences, and Institute of Economic Studies, Faculty of Social Sciences, Charles University;charlesuniversity;cergeei, a joint workplace of charles university and the economics institute of the czech academy of sciences, and institute of economic studies, faculty of social sciences, charles university;;match
10.5281/zenodo.7006761;Economics Institute;https://ror.org/01y3ft232;CERGE-EI, a joint workplace of Charles University and the Economics Institute of the Czech Academy of Sciences, and Institute of Economic Studies, Faculty of Social Sciences, Charles University;economicsinstitute;cergeei, a joint workplace of charles university and the economics institute of the czech academy of sciences, and institute of economic studies, faculty of social sciences, charles university;auto_substring;
10.5281/zenodo.7028714;Brno University of Technology;https://ror.org/03613d656;"Center for Advanced Functional Nanorobots, Department of Inorganic Chemistry, Faculty of Chemical Technology, University of Chemistry and Technology Prague, Prague 16628, Czech Republic; Future Energy and Innovation Laboratory, Central European Institute of Technology, Brno University of Technology, Brno 61200, Czech Republic; 3D Printing & Innovation Hub, Department of Food Technology, Mendel University in Brno, Brno 61300, Czech Republic; Department of Medical Research, China Medical University Hospital, China Medical University, Taichung 40402, Taiwan";brnouniversity of technology;"centerfor advanced functional nanorobots, department of inorganic chemistry, faculty of chemical technology, university of chemistry and technology prague, prague 16628, czech republic; future energy and innovation laboratory, central european institute of technology, brno university of technology, brno 61200, czech republic; 3d printing & innovation hub, department of food technology, mendel university in brno, brno 61300, czech republic; department of medical research, china medical university hospital, china medical university, taichung 40402, taiwan";;match?
10.5281/zenodo.7028714;University of Chemistry and Technology;https://ror.org/05ggn0a85;"Center for Advanced Functional Nanorobots, Department of Inorganic Chemistry, Faculty of Chemical Technology, University of Chemistry and Technology Prague, Prague 16628, Czech Republic; Future Energy and Innovation Laboratory, Central European Institute of Technology, Brno University of Technology, Brno 61200, Czech Republic; 3D Printing & Innovation Hub, Department of Food Technology, Mendel University in Brno, Brno 61300, Czech Republic; Department of Medical Research, China Medical University Hospital, China Medical University, Taichung 40402, Taiwan";universityof chemistry and technology;"centerfor advanced functional nanorobots, department of inorganic chemistry, faculty of chemical technology, university of chemistry and technology prague, prague 16628, czech republic; future energy and innovation laboratory, central european institute of technology, brno university of technology, brno 61200, czech republic; 3d printing & innovation hub, department of food technology, mendel university in brno, brno 61300, czech republic; department of medical research, china medical university hospital, china medical university, taichung 40402, taiwan";;match
10.5281/zenodo.7233824;Institute of Botany;https://ror.org/03qqnc658;Academy of Science, Institute of Botany, Czech Botanical Society, Czech Society for Ecology, Masaryk University, Faculty of Science;instituteof botany;academyof science, institute of botany, czech botanical society, czech society for ecology, masaryk university, faculty of science;;match?
10.5281/zenodo.7233824;Masaryk University;https://ror.org/02j46qs45;Academy of Science, Institute of Botany, Czech Botanical Society, Czech Society for Ecology, Masaryk University, Faculty of Science;masarykuniversity;academyof science, institute of botany, czech botanical society, czech society for ecology, masaryk university, faculty of science;;match?
10.5281/zenodo.7233824;Charles University;https://ror.org/024d6js02;Academy of Sciences of the Czech Republic, Charles University, Masarykova Univerzita Přírodovědecká Fakulta;charlesuniversity;academyof sciences of the czech republic, charles university, masarykova univerzita prirodovedecka fakulta;;match
10.5281/zenodo.7233824;Masaryk University;https://ror.org/02j46qs45;Academy of Sciences of the Czech Republic, Charles University, Masarykova Univerzita Přírodovědecká Fakulta;masarykuniversity;academyof sciences of the czech republic, charles university, masarykova univerzita prirodovedecka fakulta;;match?
10.5281/zenodo.7233824;Institute of Botany;https://ror.org/03qqnc658;Institute of Botany, Czech Academy of Sciences, Masaryk University;instituteof botany;instituteof botany, czech academy of sciences, masaryk university;auto_substring;
10.5281/zenodo.7233824;Masaryk University;https://ror.org/02j46qs45;Institute of Botany, Czech Academy of Sciences, Masaryk University;masarykuniversity;instituteof botany, czech academy of sciences, masaryk university;;match?
10.5281/zenodo.7241544;Masaryk University;https://ror.org/02j46qs45;Loschmidt Laboratories, Department of Experimental Biology and RECETOX, Faculty of Science, Masaryk University, Kamenice 5, 625 00 Brno, Czech Republic, International Clinical Research Center, St. Anne's University Hospital Brno, Pekarska 53, 656 91 Brno, Czech Republic;masarykuniversity;loschmidtlaboratories, department of experimental biology and recetox, faculty of science, masaryk university, kamenice 5, 625 00 brno, czech republic, international clinical research center, st. anne's university hospital brno, pekarska 53, 656 91 brno, czech republic;;match?
10.5281/zenodo.7241544;Masaryk University;https://ror.org/02j46qs45;Loschmidt Laboratories, Department of Experimental Biology and RECETOX, Faculty of Science, Masaryk University, Kamenice 5, 625 00 Brno, Czech Republic, International Clinical Research Center, St. Anne's University Hospital Brno, Pekarska 53, 656 91 Brno, Czech Republic;masarykuniversity;loschmidtlaboratories, department of experimental biology and recetox, faculty of science, masaryk university, kamenice 5, 625 00 brno, czech republic, international clinical research center, st. anne's university hospital brno, pekarska 53, 656 91 brno, czech republic;;match?
10.5281/zenodo.7241544;Masaryk University;https://ror.org/02j46qs45;Loschmidt Laboratories, Department of Experimental Biology and RECETOX, Faculty of Science, Masaryk University, Kamenice 5, 625 00 Brno, Czech Republic, International Clinical Research Center, St. Anne's University Hospital Brno, Pekarska 53, 656 91 Brno, Czech Republic;masarykuniversity;loschmidtlaboratories, department of experimental biology and recetox, faculty of science, masaryk university, kamenice 5, 625 00 brno, czech republic, international clinical research center, st. anne's university hospital brno, pekarska 53, 656 91 brno, czech republic;;match?
10.5281/zenodo.7241544;Masaryk University;https://ror.org/02j46qs45;Loschmidt Laboratories, Department of Experimental Biology and RECETOX, Faculty of Science, Masaryk University, Kamenice 5, 625 00 Brno, Czech Republic, International Clinical Research Center, St. Anne's University Hospital Brno, Pekarska 53, 656 91 Brno, Czech Republic;masarykuniversity;loschmidtlaboratories, department of experimental biology and recetox, faculty of science, masaryk university, kamenice 5, 625 00 brno, czech republic, international clinical research center, st. anne's university hospital brno, pekarska 53, 656 91 brno, czech republic;;match?
10.5281/zenodo.7241544;Masaryk University;https://ror.org/02j46qs45;Loschmidt Laboratories, Department of Experimental Biology and RECETOX, Faculty of Science, Masaryk University, Kamenice 5, 625 00 Brno, Czech Republic, International Clinical Research Center, St. Anne's University Hospital Brno, Pekarska 53, 656 91 Brno, Czech Republic;masarykuniversity;loschmidtlaboratories, department of experimental biology and recetox, faculty of science, masaryk university, kamenice 5, 625 00 brno, czech republic, international clinical research center, st. anne's university hospital brno, pekarska 53, 656 91 brno, czech republic;;match?
10.5281/zenodo.7241544;Masaryk University;https://ror.org/02j46qs45;Loschmidt Laboratories, Department of Experimental Biology and RECETOX, Faculty of Science, Masaryk University, Kamenice 5, 625 00 Brno, Czech Republic, International Clinical Research Center, St. Anne's University Hospital Brno, Pekarska 53, 656 91 Brno, Czech Republic;masarykuniversity;loschmidtlaboratories, department of experimental biology and recetox, faculty of science, masaryk university, kamenice 5, 625 00 brno, czech republic, international clinical research center, st. anne's university hospital brno, pekarska 53, 656 91 brno, czech republic;;match?
10.5281/zenodo.7241544;St. Anne´s University Hospital;https://ror.org/049bjee35;Loschmidt Laboratories, Department of Experimental Biology and RECETOX, Faculty of Science, Masaryk University, Kamenice 5, 625 00 Brno, Czech Republic, International Clinical Research Center, St. Anne's University Hospital Brno, Pekarska 53, 656 91 Brno, Czech Republic;stanne´s university hospital;loschmidtlaboratories, department of experimental biology and recetox, faculty of science, masaryk university, kamenice 5, 625 00 brno, czech republic, international clinical research center, st. anne's university hospital brno, pekarska 53, 656 91 brno, czech republic;;match?
10.5281/zenodo.7241544;St. Anne´s University Hospital;https://ror.org/049bjee35;Loschmidt Laboratories, Department of Experimental Biology and RECETOX, Faculty of Science, Masaryk University, Kamenice 5, 625 00 Brno, Czech Republic, International Clinical Research Center, St. Anne's University Hospital Brno, Pekarska 53, 656 91 Brno, Czech Republic;stanne´s university hospital;loschmidtlaboratories, department of experimental biology and recetox, faculty of science, masaryk university, kamenice 5, 625 00 brno, czech republic, international clinical research center, st. anne's university hospital brno, pekarska 53, 656 91 brno, czech republic;;match?
10.5281/zenodo.7241544;St. Anne´s University Hospital;https://ror.org/049bjee35;Loschmidt Laboratories, Department of Experimental Biology and RECETOX, Faculty of Science, Masaryk University, Kamenice 5, 625 00 Brno, Czech Republic, International Clinical Research Center, St. Anne's University Hospital Brno, Pekarska 53, 656 91 Brno, Czech Republic;stanne´s university hospital;loschmidtlaboratories, department of experimental biology and recetox, faculty of science, masaryk university, kamenice 5, 625 00 brno, czech republic, international clinical research center, st. anne's university hospital brno, pekarska 53, 656 91 brno, czech republic;;match?
10.5281/zenodo.7241544;St. Anne´s University Hospital;https://ror.org/049bjee35;Loschmidt Laboratories, Department of Experimental Biology and RECETOX, Faculty of Science, Masaryk University, Kamenice 5, 625 00 Brno, Czech Republic, International Clinical Research Center, St. Anne's University Hospital Brno, Pekarska 53, 656 91 Brno, Czech Republic;stanne´s university hospital;loschmidtlaboratories, department of experimental biology and recetox, faculty of science, masaryk university, kamenice 5, 625 00 brno, czech republic, international clinical research center, st. anne's university hospital brno, pekarska 53, 656 91 brno, czech republic;;match?
10.5281/zenodo.7241544;St. Anne´s University Hospital;https://ror.org/049bjee35;Loschmidt Laboratories, Department of Experimental Biology and RECETOX, Faculty of Science, Masaryk University, Kamenice 5, 625 00 Brno, Czech Republic, International Clinical Research Center, St. Anne's University Hospital Brno, Pekarska 53, 656 91 Brno, Czech Republic;stanne´s university hospital;loschmidtlaboratories, department of experimental biology and recetox, faculty of science, masaryk university, kamenice 5, 625 00 brno, czech republic, international clinical research center, st. anne's university hospital brno, pekarska 53, 656 91 brno, czech republic;;match?
10.5281/zenodo.7241544;St. Anne´s University Hospital;https://ror.org/049bjee35;Loschmidt Laboratories, Department of Experimental Biology and RECETOX, Faculty of Science, Masaryk University, Kamenice 5, 625 00 Brno, Czech Republic, International Clinical Research Center, St. Anne's University Hospital Brno, Pekarska 53, 656 91 Brno, Czech Republic;stanne´s university hospital;loschmidtlaboratories, department of experimental biology and recetox, faculty of science, masaryk university, kamenice 5, 625 00 brno, czech republic, international clinical research center, st. anne's university hospital brno, pekarska 53, 656 91 brno, czech republic;;match?
10.5281/zenodo.7241544;Masaryk University;https://ror.org/02j46qs45;Loschmidt Laboratories, Department of Experimental Biology and RECETOX, Faculty of Science, Masaryk University, Kamenice 5, 625 00 Brno, Czech Republic, International Clinical Research Center, St. Anne's University Hospital Brno, Pekarska 53, 656 91 Brno, Czech Republic, Enantis, INBIT, Kamenice 771/34, 625 00 Brno, Czech Republic;masarykuniversity;loschmidtlaboratories, department of experimental biology and recetox, faculty of science, masaryk university, kamenice 5, 625 00 brno, czech republic, international clinical research center, st. anne's university hospital brno, pekarska 53, 656 91 brno, czech republic, enantis, inbit, kamenice 771/34, 625 00 brno, czech republic;;match?
10.5281/zenodo.7241544;St. Anne´s University Hospital;https://ror.org/049bjee35;Loschmidt Laboratories, Department of Experimental Biology and RECETOX, Faculty of Science, Masaryk University, Kamenice 5, 625 00 Brno, Czech Republic, International Clinical Research Center, St. Anne's University Hospital Brno, Pekarska 53, 656 91 Brno, Czech Republic, Enantis, INBIT, Kamenice 771/34, 625 00 Brno, Czech Republic;stanne´s university hospital;loschmidtlaboratories, department of experimental biology and recetox, faculty of science, masaryk university, kamenice 5, 625 00 brno, czech republic, international clinical research center, st. anne's university hospital brno, pekarska 53, 656 91 brno, czech republic, enantis, inbit, kamenice 771/34, 625 00 brno, czech republic;;match?
10.5281/zenodo.7271764;Brno University of Technology;https://ror.org/03613d656;Central European Institute of Technology, Brno University of Technology, Technická 3058/10, Brno 616 00, Czech Republic;brnouniversity of technology;centraleuropean institute of technology, brno university of technology, technicka 3058/10, brno 616 00, czech republic;;match?
10.5281/zenodo.7271764;Central European Institute of Technology;https://ror.org/01p7k1986;Central European Institute of Technology, Brno University of Technology, Technická 3058/10, Brno 616 00, Czech Republic;centraleuropean institute of technology;centraleuropean institute of technology, brno university of technology, technicka 3058/10, brno 616 00, czech republic;auto_substring;
10.5281/zenodo.7273794;Biology Centre;https://ror.org/05pq4yn02;"Biology Centre of the Czech Academy of Sciences, Institute of Entomology, Ceske Budejovice, Czech; Faculty of Science, University of South Bohemia, Ceske Budejovice, Czech";biologycentre;"biologycentre of the czech academy of sciences, institute of entomology, ceske budejovice, czech; faculty of science, university of south bohemia, ceske budejovice, czech";auto_substring;
10.5281/zenodo.7273794;Biology Centre;https://ror.org/05pq4yn02;"Biology Centre of the Czech Academy of Sciences, Institute of Entomology, Ceske Budejovice, Czech; Faculty of Science, University of South Bohemia, Ceske Budejovice, Czech";biologycentre;"biologycentre of the czech academy of sciences, institute of entomology, ceske budejovice, czech; faculty of science, university of south bohemia, ceske budejovice, czech";auto_substring;
10.5281/zenodo.7273794;University of South Bohemia in České Budějovice;https://ror.org/033n3pw66;"Biology Centre of the Czech Academy of Sciences, Institute of Entomology, Ceske Budejovice, Czech; Faculty of Science, University of South Bohemia, Ceske Budejovice, Czech";universityof south bohemia in ceske budejovice;"biologycentre of the czech academy of sciences, institute of entomology, ceske budejovice, czech; faculty of science, university of south bohemia, ceske budejovice, czech";;match
10.5281/zenodo.7273794;University of South Bohemia in České Budějovice;https://ror.org/033n3pw66;"Biology Centre of the Czech Academy of Sciences, Institute of Entomology, Ceske Budejovice, Czech; Faculty of Science, University of South Bohemia, Ceske Budejovice, Czech";universityof south bohemia in ceske budejovice;"biologycentre of the czech academy of sciences, institute of entomology, ceske budejovice, czech; faculty of science, university of south bohemia, ceske budejovice, czech";;match
10.5281/zenodo.7360759;Palacký University, Olomouc;https://ror.org/04qxnmv42;Regional Centre of Advanced Technologies and Materials, Faculty of Science, Palacký University in Olomouc, Šlechtitelů 27, CZ-771 46 Olomouc, Czech Republic;palackyuniversity, olomouc;regionalcentre of advanced technologies and materials, faculty of science, palacky university in olomouc, slechtitelu 27, cz-771 46 olomouc, czech republic;;match?
10.5281/zenodo.7360759;Regional Centre of Advanced Technologies and Materials;https://ror.org/02mt5f456;Regional Centre of Advanced Technologies and Materials, Faculty of Science, Palacký University in Olomouc, Šlechtitelů 27, CZ-771 46 Olomouc, Czech Republic;regionalcentre of advanced technologies and materials;regionalcentre of advanced technologies and materials, faculty of science, palacky university in olomouc, slechtitelu 27, cz-771 46 olomouc, czech republic;auto_substring;
10.5281/zenodo.7439331;Biology Centre;https://ror.org/05pq4yn02;Institute of Entomology, Biology Centre of the Czech Academy of Sciences and Faculty of Science, University of South Bohemia;biologycentre;instituteof entomology, biology centre of the czech academy of sciences and faculty of science, university of south bohemia;;match?
10.5281/zenodo.7439331;University of South Bohemia in České Budějovice;https://ror.org/033n3pw66;Institute of Entomology, Biology Centre of the Czech Academy of Sciences and Faculty of Science, University of South Bohemia;universityof south bohemia in ceske budejovice;instituteof entomology, biology centre of the czech academy of sciences and faculty of science, university of south bohemia;;match
10.5281/zenodo.7467034;Masaryk Institute and Archive;https://ror.org/03nvfe914;University of South Bohemia in České Budějovice, Faculty of Arts;masarykinstitute and archive;universityof south bohemia in ceske budejovice, faculty of arts;auto_substring;
10.5281/zenodo.7467034;University of South Bohemia in České Budějovice;https://ror.org/033n3pw66;University of South Bohemia in České Budějovice, Faculty of Arts;universityof south bohemia in ceske budejovice;universityof south bohemia in ceske budejovice, faculty of arts;auto_substring;
10.5281/zenodo.7473497;Charles University;https://ror.org/024d6js02;Center for Oncocytogenetics, Institute of Medical Biochemistry and Laboratory Diagnostics, Charles University and General University Hospital, Prague, Czech Republic;charlesuniversity;centerfor oncocytogenetics, institute of medical biochemistry and laboratory diagnostics, charles university and general university hospital, prague, czech republic;;match
10.5281/zenodo.7473497;General University Hospital in Prague;https://ror.org/04yg23125;Center for Oncocytogenetics, Institute of Medical Biochemistry and Laboratory Diagnostics, Charles University and General University Hospital, Prague, Czech Republic;generaluniversity hospital in prague;centerfor oncocytogenetics, institute of medical biochemistry and laboratory diagnostics, charles university and general university hospital, prague, czech republic;;match?
10.5281/zenodo.7473497;Charles University;https://ror.org/024d6js02;Childhood Leukaemia Investigation Prague, Department of Pediatric Haematology and Oncology, Second Faculty of Medicine, Charles University and University Hospital Motol, Prague;charlesuniversity;childhoodleukaemia investigation prague, department of pediatric haematology and oncology, second faculty of medicine, charles university and university hospital motol, prague;;match
10.5281/zenodo.7473497;Charles University;https://ror.org/024d6js02;Childhood Leukaemia Investigation Prague, Department of Pediatric Haematology and Oncology, Second Faculty of Medicine, Charles University and University Hospital Motol, Prague;charlesuniversity;childhoodleukaemia investigation prague, department of pediatric haematology and oncology, second faculty of medicine, charles university and university hospital motol, prague;;match
10.5281/zenodo.7473497;University Hospital in Motol;https://ror.org/0125yxn03;Childhood Leukaemia Investigation Prague, Department of Pediatric Haematology and Oncology, Second Faculty of Medicine, Charles University and University Hospital Motol, Prague;universityhospital in motol;childhoodleukaemia investigation prague, department of pediatric haematology and oncology, second faculty of medicine, charles university and university hospital motol, prague;;match?
10.5281/zenodo.7473497;University Hospital in Motol;https://ror.org/0125yxn03;Childhood Leukaemia Investigation Prague, Department of Pediatric Haematology and Oncology, Second Faculty of Medicine, Charles University and University Hospital Motol, Prague;universityhospital in motol;childhoodleukaemia investigation prague, department of pediatric haematology and oncology, second faculty of medicine, charles university and university hospital motol, prague;;match?
10.5281/zenodo.7473497;Charles University;https://ror.org/024d6js02;First Department of Medicine- Hematology, University General Hospital Prague and First Faculty of Medicine, Charles University, Prague, Czech Republic;charlesuniversity;firstdepartment of medicine- hematology, university general hospital prague and first faculty of medicine, charles university, prague, czech republic;;match
10.5281/zenodo.7473497;Charles University;https://ror.org/024d6js02;First Department of Medicine- Hematology, University General Hospital Prague and First Faculty of Medicine, Charles University, Prague, Czech Republic;charlesuniversity;firstdepartment of medicine- hematology, university general hospital prague and first faculty of medicine, charles university, prague, czech republic;;match
10.5281/zenodo.7473497;Charles University;https://ror.org/024d6js02;First Department of Medicine- Hematology, University General Hospital Prague and First Faculty of Medicine, Charles University, Prague, Czech Republic;charlesuniversity;firstdepartment of medicine- hematology, university general hospital prague and first faculty of medicine, charles university, prague, czech republic;;match
10.5281/zenodo.7473497;General University Hospital in Prague;https://ror.org/04yg23125;First Department of Medicine- Hematology, University General Hospital Prague and First Faculty of Medicine, Charles University, Prague, Czech Republic;generaluniversity hospital in prague;firstdepartment of medicine- hematology, university general hospital prague and first faculty of medicine, charles university, prague, czech republic;;match?
10.5281/zenodo.7473497;General University Hospital in Prague;https://ror.org/04yg23125;First Department of Medicine- Hematology, University General Hospital Prague and First Faculty of Medicine, Charles University, Prague, Czech Republic;generaluniversity hospital in prague;firstdepartment of medicine- hematology, university general hospital prague and first faculty of medicine, charles university, prague, czech republic;;match?
10.5281/zenodo.7473497;General University Hospital in Prague;https://ror.org/04yg23125;First Department of Medicine- Hematology, University General Hospital Prague and First Faculty of Medicine, Charles University, Prague, Czech Republic;generaluniversity hospital in prague;firstdepartment of medicine- hematology, university general hospital prague and first faculty of medicine, charles university, prague, czech republic;;match?
10.5281/zenodo.7473497;Charles University;https://ror.org/024d6js02;"Institute of Pathological Physiology, First Faculty of Medicine, Charles University, Prague, Czech Republic; First Department of Medicine- Hematology, University General Hospital Prague and First Faculty of Medicine, Charles University, Prague, Czech Republic";charlesuniversity;"instituteof pathological physiology, first faculty of medicine, charles university, prague, czech republic; first department of medicine- hematology, university general hospital prague and first faculty of medicine, charles university, prague, czech republic";;match
10.5281/zenodo.7473497;Charles University;https://ror.org/024d6js02;"Institute of Pathological Physiology, First Faculty of Medicine, Charles University, Prague, Czech Republic; First Department of Medicine- Hematology, University General Hospital Prague and First Faculty of Medicine, Charles University, Prague, Czech Republic";charlesuniversity;"instituteof pathological physiology, first faculty of medicine, charles university, prague, czech republic; first department of medicine- hematology, university general hospital prague and first faculty of medicine, charles university, prague, czech republic";;match
10.5281/zenodo.7473497;Charles University;https://ror.org/024d6js02;"Institute of Pathological Physiology, First Faculty of Medicine, Charles University, Prague, Czech Republic; First Department of Medicine- Hematology, University General Hospital Prague and First Faculty of Medicine, Charles University, Prague, Czech Republic";charlesuniversity;"instituteof pathological physiology, first faculty of medicine, charles university, prague, czech republic; first department of medicine- hematology, university general hospital prague and first faculty of medicine, charles university, prague, czech republic";;match
10.5281/zenodo.7473497;Charles University;https://ror.org/024d6js02;"Institute of Pathological Physiology, First Faculty of Medicine, Charles University, Prague, Czech Republic; First Department of Medicine- Hematology, University General Hospital Prague and First Faculty of Medicine, Charles University, Prague, Czech Republic";charlesuniversity;"instituteof pathological physiology, first faculty of medicine, charles university, prague, czech republic; first department of medicine- hematology, university general hospital prague and first faculty of medicine, charles university, prague, czech republic";;match
10.5281/zenodo.7473497;General University Hospital in Prague;https://ror.org/04yg23125;"Institute of Pathological Physiology, First Faculty of Medicine, Charles University, Prague, Czech Republic; First Department of Medicine- Hematology, University General Hospital Prague and First Faculty of Medicine, Charles University, Prague, Czech Republic";generaluniversity hospital in prague;"instituteof pathological physiology, first faculty of medicine, charles university, prague, czech republic; first department of medicine- hematology, university general hospital prague and first faculty of medicine, charles university, prague, czech republic";;match?
10.5281/zenodo.7473497;General University Hospital in Prague;https://ror.org/04yg23125;"Institute of Pathological Physiology, First Faculty of Medicine, Charles University, Prague, Czech Republic; First Department of Medicine- Hematology, University General Hospital Prague and First Faculty of Medicine, Charles University, Prague, Czech Republic";generaluniversity hospital in prague;"instituteof pathological physiology, first faculty of medicine, charles university, prague, czech republic; first department of medicine- hematology, university general hospital prague and first faculty of medicine, charles university, prague, czech republic";;match?
10.5281/zenodo.7473497;General University Hospital in Prague;https://ror.org/04yg23125;"Institute of Pathological Physiology, First Faculty of Medicine, Charles University, Prague, Czech Republic; First Department of Medicine- Hematology, University General Hospital Prague and First Faculty of Medicine, Charles University, Prague, Czech Republic";generaluniversity hospital in prague;"instituteof pathological physiology, first faculty of medicine, charles university, prague, czech republic; first department of medicine- hematology, university general hospital prague and first faculty of medicine, charles university, prague, czech republic";;match?
10.5281/zenodo.7473497;General University Hospital in Prague;https://ror.org/04yg23125;"Institute of Pathological Physiology, First Faculty of Medicine, Charles University, Prague, Czech Republic; First Department of Medicine- Hematology, University General Hospital Prague and First Faculty of Medicine, Charles University, Prague, Czech Republic";generaluniversity hospital in prague;"instituteof pathological physiology, first faculty of medicine, charles university, prague, czech republic; first department of medicine- hematology, university general hospital prague and first faculty of medicine, charles university, prague, czech republic";;match?
10.5281/zenodo.7809039;Charles University;https://ror.org/024d6js02;Institute for the Care of Mother and Child, Third Faculty of Medicine, Charles University;charlesuniversity;institutefor the care of mother and child, third faculty of medicine, charles university;;match
10.5281/zenodo.7809039;Charles University;https://ror.org/024d6js02;Institute for the Care of Mother and Child, Third Faculty of Medicine, Charles University;charlesuniversity;institutefor the care of mother and child, third faculty of medicine, charles university;;match
10.5281/zenodo.7809039;Ústav pro péči o matku a dítě;https://ror.org/03zd7qx32;Institute for the Care of Mother and Child, Third Faculty of Medicine, Charles University;ustavpro peci o matku a dite;institutefor the care of mother and child, third faculty of medicine, charles university;;match
10.5281/zenodo.7809039;Ústav pro péči o matku a dítě;https://ror.org/03zd7qx32;Institute for the Care of Mother and Child, Third Faculty of Medicine, Charles University;ustavpro peci o matku a dite;institutefor the care of mother and child, third faculty of medicine, charles university;;match
10.5281/zenodo.7831789;Charles University;https://ror.org/024d6js02;Center for Oncocytogenetics, Institute of Medical Biochemistry and Laboratory Diagnostics, Charles University and General University Hospital, Prague, Czech Republic;charlesuniversity;centerfor oncocytogenetics, institute of medical biochemistry and laboratory diagnostics, charles university and general university hospital, prague, czech republic;;match
10.5281/zenodo.7831789;General University Hospital in Prague;https://ror.org/04yg23125;Center for Oncocytogenetics, Institute of Medical Biochemistry and Laboratory Diagnostics, Charles University and General University Hospital, Prague, Czech Republic;generaluniversity hospital in prague;centerfor oncocytogenetics, institute of medical biochemistry and laboratory diagnostics, charles university and general university hospital, prague, czech republic;;match?
10.5281/zenodo.7831789;Charles University;https://ror.org/024d6js02;Childhood Leukaemia Investigation Prague, Department of Pediatric Haematology and Oncology, Second Faculty of Medicine, Charles University and University Hospital Motol, Prague;charlesuniversity;childhoodleukaemia investigation prague, department of pediatric haematology and oncology, second faculty of medicine, charles university and university hospital motol, prague;;match
10.5281/zenodo.7831789;Charles University;https://ror.org/024d6js02;Childhood Leukaemia Investigation Prague, Department of Pediatric Haematology and Oncology, Second Faculty of Medicine, Charles University and University Hospital Motol, Prague;charlesuniversity;childhoodleukaemia investigation prague, department of pediatric haematology and oncology, second faculty of medicine, charles university and university hospital motol, prague;;match
10.5281/zenodo.7831789;University Hospital in Motol;https://ror.org/0125yxn03;Childhood Leukaemia Investigation Prague, Department of Pediatric Haematology and Oncology, Second Faculty of Medicine, Charles University and University Hospital Motol, Prague;universityhospital in motol;childhoodleukaemia investigation prague, department of pediatric haematology and oncology, second faculty of medicine, charles university and university hospital motol, prague;;match?
10.5281/zenodo.7831789;University Hospital in Motol;https://ror.org/0125yxn03;Childhood Leukaemia Investigation Prague, Department of Pediatric Haematology and Oncology, Second Faculty of Medicine, Charles University and University Hospital Motol, Prague;universityhospital in motol;childhoodleukaemia investigation prague, department of pediatric haematology and oncology, second faculty of medicine, charles university and university hospital motol, prague;;match?
10.5281/zenodo.7831789;Charles University;https://ror.org/024d6js02;First Department of Medicine- Hematology, University General Hospital Prague and First Faculty of Medicine, Charles University, Prague, Czech Republic;charlesuniversity;firstdepartment of medicine- hematology, university general hospital prague and first faculty of medicine, charles university, prague, czech republic;;match
10.5281/zenodo.7831789;Charles University;https://ror.org/024d6js02;First Department of Medicine- Hematology, University General Hospital Prague and First Faculty of Medicine, Charles University, Prague, Czech Republic;charlesuniversity;firstdepartment of medicine- hematology, university general hospital prague and first faculty of medicine, charles university, prague, czech republic;;match
10.5281/zenodo.7831789;Charles University;https://ror.org/024d6js02;First Department of Medicine- Hematology, University General Hospital Prague and First Faculty of Medicine, Charles University, Prague, Czech Republic;charlesuniversity;firstdepartment of medicine- hematology, university general hospital prague and first faculty of medicine, charles university, prague, czech republic;;match
10.5281/zenodo.7831789;General University Hospital in Prague;https://ror.org/04yg23125;First Department of Medicine- Hematology, University General Hospital Prague and First Faculty of Medicine, Charles University, Prague, Czech Republic;generaluniversity hospital in prague;firstdepartment of medicine- hematology, university general hospital prague and first faculty of medicine, charles university, prague, czech republic;;match?
10.5281/zenodo.7831789;General University Hospital in Prague;https://ror.org/04yg23125;First Department of Medicine- Hematology, University General Hospital Prague and First Faculty of Medicine, Charles University, Prague, Czech Republic;generaluniversity hospital in prague;firstdepartment of medicine- hematology, university general hospital prague and first faculty of medicine, charles university, prague, czech republic;;match?
10.5281/zenodo.7831789;General University Hospital in Prague;https://ror.org/04yg23125;First Department of Medicine- Hematology, University General Hospital Prague and First Faculty of Medicine, Charles University, Prague, Czech Republic;generaluniversity hospital in prague;firstdepartment of medicine- hematology, university general hospital prague and first faculty of medicine, charles university, prague, czech republic;;match?
10.5281/zenodo.7831789;Charles University;https://ror.org/024d6js02;"Institute of Pathological Physiology, First Faculty of Medicine, Charles University, Prague, Czech Republic; First Department of Medicine- Hematology, University General Hospital Prague and First Faculty of Medicine, Charles University, Prague, Czech Republic";charlesuniversity;"instituteof pathological physiology, first faculty of medicine, charles university, prague, czech republic; first department of medicine- hematology, university general hospital prague and first faculty of medicine, charles university, prague, czech republic";;match
10.5281/zenodo.7831789;Charles University;https://ror.org/024d6js02;"Institute of Pathological Physiology, First Faculty of Medicine, Charles University, Prague, Czech Republic; First Department of Medicine- Hematology, University General Hospital Prague and First Faculty of Medicine, Charles University, Prague, Czech Republic";charlesuniversity;"instituteof pathological physiology, first faculty of medicine, charles university, prague, czech republic; first department of medicine- hematology, university general hospital prague and first faculty of medicine, charles university, prague, czech republic";;match
10.5281/zenodo.7831789;Charles University;https://ror.org/024d6js02;"Institute of Pathological Physiology, First Faculty of Medicine, Charles University, Prague, Czech Republic; First Department of Medicine- Hematology, University General Hospital Prague and First Faculty of Medicine, Charles University, Prague, Czech Republic";charlesuniversity;"instituteof pathological physiology, first faculty of medicine, charles university, prague, czech republic; first department of medicine- hematology, university general hospital prague and first faculty of medicine, charles university, prague, czech republic";;match
10.5281/zenodo.7831789;Charles University;https://ror.org/024d6js02;"Institute of Pathological Physiology, First Faculty of Medicine, Charles University, Prague, Czech Republic; First Department of Medicine- Hematology, University General Hospital Prague and First Faculty of Medicine, Charles University, Prague, Czech Republic";charlesuniversity;"instituteof pathological physiology, first faculty of medicine, charles university, prague, czech republic; first department of medicine- hematology, university general hospital prague and first faculty of medicine, charles university, prague, czech republic";;match
10.5281/zenodo.7831789;General University Hospital in Prague;https://ror.org/04yg23125;"Institute of Pathological Physiology, First Faculty of Medicine, Charles University, Prague, Czech Republic; First Department of Medicine- Hematology, University General Hospital Prague and First Faculty of Medicine, Charles University, Prague, Czech Republic";generaluniversity hospital in prague;"instituteof pathological physiology, first faculty of medicine, charles university, prague, czech republic; first department of medicine- hematology, university general hospital prague and first faculty of medicine, charles university, prague, czech republic";;match?
10.5281/zenodo.7831789;General University Hospital in Prague;https://ror.org/04yg23125;"Institute of Pathological Physiology, First Faculty of Medicine, Charles University, Prague, Czech Republic; First Department of Medicine- Hematology, University General Hospital Prague and First Faculty of Medicine, Charles University, Prague, Czech Republic";generaluniversity hospital in prague;"instituteof pathological physiology, first faculty of medicine, charles university, prague, czech republic; first department of medicine- hematology, university general hospital prague and first faculty of medicine, charles university, prague, czech republic";;match?
10.5281/zenodo.7831789;General University Hospital in Prague;https://ror.org/04yg23125;"Institute of Pathological Physiology, First Faculty of Medicine, Charles University, Prague, Czech Republic; First Department of Medicine- Hematology, University General Hospital Prague and First Faculty of Medicine, Charles University, Prague, Czech Republic";generaluniversity hospital in prague;"instituteof pathological physiology, first faculty of medicine, charles university, prague, czech republic; first department of medicine- hematology, university general hospital prague and first faculty of medicine, charles university, prague, czech republic";;match?
10.5281/zenodo.7831789;General University Hospital in Prague;https://ror.org/04yg23125;"Institute of Pathological Physiology, First Faculty of Medicine, Charles University, Prague, Czech Republic; First Department of Medicine- Hematology, University General Hospital Prague and First Faculty of Medicine, Charles University, Prague, Czech Republic";generaluniversity hospital in prague;"instituteof pathological physiology, first faculty of medicine, charles university, prague, czech republic; first department of medicine- hematology, university general hospital prague and first faculty of medicine, charles university, prague, czech republic";;match?
10.5281/zenodo.7831789;Charles University;https://ror.org/024d6js02;Institute of Pathology, First Faculty of Medicine, Charles University and General University Hospital in Prague, Prague, Czech Republic;charlesuniversity;instituteof pathology, first faculty of medicine, charles university and general university hospital in prague, prague, czech republic;;match
10.5281/zenodo.7831789;Charles University;https://ror.org/024d6js02;Institute of Pathology, First Faculty of Medicine, Charles University and General University Hospital in Prague, Prague, Czech Republic;charlesuniversity;instituteof pathology, first faculty of medicine, charles university and general university hospital in prague, prague, czech republic;;match
10.5281/zenodo.7831789;General University Hospital in Prague;https://ror.org/04yg23125;Institute of Pathology, First Faculty of Medicine, Charles University and General University Hospital in Prague, Prague, Czech Republic;generaluniversity hospital in prague;instituteof pathology, first faculty of medicine, charles university and general university hospital in prague, prague, czech republic;;match?
10.5281/zenodo.7831789;General University Hospital in Prague;https://ror.org/04yg23125;Institute of Pathology, First Faculty of Medicine, Charles University and General University Hospital in Prague, Prague, Czech Republic;generaluniversity hospital in prague;instituteof pathology, first faculty of medicine, charles university and general university hospital in prague, prague, czech republic;;match?
10.5281/zenodo.7850155;Masaryk University;https://ror.org/02j46qs45;Clinic of Stomatology, Institution shared with St. Anne´s University Hospital, Faculty of Medicine, Masaryk Universi;masarykuniversity;clinicof stomatology, institution shared with st. anne´s university hospital, faculty of medicine, masaryk universi;;match?
10.5281/zenodo.7850155;St. Anne´s University Hospital;https://ror.org/049bjee35;Clinic of Stomatology, Institution shared with St. Anne´s University Hospital, Faculty of Medicine, Masaryk Universi;stanne´s university hospital;clinicof stomatology, institution shared with st. anne´s university hospital, faculty of medicine, masaryk universi;;match?
10.5281/zenodo.7850155;Masaryk University;https://ror.org/02j46qs45;Clinic of Stomatology, Institution shared with St. Anne´s University Hospital, Faculty of Medicine, Masaryk University;masarykuniversity;clinicof stomatology, institution shared with st. anne´s university hospital, faculty of medicine, masaryk university;;match?
10.5281/zenodo.7850155;Masaryk University;https://ror.org/02j46qs45;Clinic of Stomatology, Institution shared with St. Anne´s University Hospital, Faculty of Medicine, Masaryk University;masarykuniversity;clinicof stomatology, institution shared with st. anne´s university hospital, faculty of medicine, masaryk university;;match?
10.5281/zenodo.7850155;Masaryk University;https://ror.org/02j46qs45;Clinic of Stomatology, Institution shared with St. Anne´s University Hospital, Faculty of Medicine, Masaryk University;masarykuniversity;clinicof stomatology, institution shared with st. anne´s university hospital, faculty of medicine, masaryk university;;match?
10.5281/zenodo.7850155;St. Anne´s University Hospital;https://ror.org/049bjee35;Clinic of Stomatology, Institution shared with St. Anne´s University Hospital, Faculty of Medicine, Masaryk University;stanne´s university hospital;clinicof stomatology, institution shared with st. anne´s university hospital, faculty of medicine, masaryk university;;match?
10.5281/zenodo.7850155;St. Anne´s University Hospital;https://ror.org/049bjee35;Clinic of Stomatology, Institution shared with St. Anne´s University Hospital, Faculty of Medicine, Masaryk University;stanne´s university hospital;clinicof stomatology, institution shared with st. anne´s university hospital, faculty of medicine, masaryk university;;match?
10.5281/zenodo.7850155;St. Anne´s University Hospital;https://ror.org/049bjee35;Clinic of Stomatology, Institution shared with St. Anne´s University Hospital, Faculty of Medicine, Masaryk University;stanne´s university hospital;clinicof stomatology, institution shared with st. anne´s university hospital, faculty of medicine, masaryk university;;match?
10.5281/zenodo.7863833;Brno University of Technology;https://ror.org/03613d656;Central European Institute of Technology, Brno University of Technology, 612 00 Brno, Czech Republic;brnouniversity of technology;centraleuropean institute of technology, brno university of technology, 612 00 brno, czech republic;;match?
10.5281/zenodo.7863833;Central European Institute of Technology;https://ror.org/01p7k1986;Central European Institute of Technology, Brno University of Technology, 612 00 Brno, Czech Republic;centraleuropean institute of technology;centraleuropean institute of technology, brno university of technology, 612 00 brno, czech republic;auto_substring;
10.5281/zenodo.8013448;Czech Academy of Sciences;https://ror.org/053avzc18;Czech Academy of Sciences, Institute of Botany, Czech Republic, and Department of Botany, Faculty of Science, University of South Bohemia, České Budějovice, Czech Republic;czechacademy of sciences;czechacademy of sciences, institute of botany, czech republic, and department of botany, faculty of science, university of south bohemia, ceske budejovice, czech republic;auto_substring;
10.5281/zenodo.8013448;University of South Bohemia in České Budějovice;https://ror.org/033n3pw66;Czech Academy of Sciences, Institute of Botany, Czech Republic, and Department of Botany, Faculty of Science, University of South Bohemia, České Budějovice, Czech Republic;universityof south bohemia in ceske budejovice;czechacademy of sciences, institute of botany, czech republic, and department of botany, faculty of science, university of south bohemia, ceske budejovice, czech republic;;match
10.5281/zenodo.8170247;Palacký University, Olomouc;https://ror.org/04qxnmv42;Regional Centre of Advanced Technologies and Materials, Czech Advanced Technology and Research Institute (CATRIN), Palacký University Olomouc: Olomouc, CZ;palackyuniversity, olomouc;regionalcentre of advanced technologies and materials, czech advanced technology and research institute (catrin), palacky university olomouc: olomouc, cz;;match?
10.5281/zenodo.8170247;Palacký University, Olomouc;https://ror.org/04qxnmv42;Regional Centre of Advanced Technologies and Materials, Czech Advanced Technology and Research Institute (CATRIN), Palacký University Olomouc: Olomouc, CZ;palackyuniversity, olomouc;regionalcentre of advanced technologies and materials, czech advanced technology and research institute (catrin), palacky university olomouc: olomouc, cz;;match?
10.5281/zenodo.8170247;Palacký University, Olomouc;https://ror.org/04qxnmv42;Regional Centre of Advanced Technologies and Materials, Czech Advanced Technology and Research Institute (CATRIN), Palacký University Olomouc: Olomouc, CZ;palackyuniversity, olomouc;regionalcentre of advanced technologies and materials, czech advanced technology and research institute (catrin), palacky university olomouc: olomouc, cz;;match?
10.5281/zenodo.8170247;Regional Centre of Advanced Technologies and Materials;https://ror.org/02mt5f456;Regional Centre of Advanced Technologies and Materials, Czech Advanced Technology and Research Institute (CATRIN), Palacký University Olomouc: Olomouc, CZ;regionalcentre of advanced technologies and materials;regionalcentre of advanced technologies and materials, czech advanced technology and research institute (catrin), palacky university olomouc: olomouc, cz;auto_substring;
10.5281/zenodo.8170247;Regional Centre of Advanced Technologies and Materials;https://ror.org/02mt5f456;Regional Centre of Advanced Technologies and Materials, Czech Advanced Technology and Research Institute (CATRIN), Palacký University Olomouc: Olomouc, CZ;regionalcentre of advanced technologies and materials;regionalcentre of advanced technologies and materials, czech advanced technology and research institute (catrin), palacky university olomouc: olomouc, cz;auto_substring;
10.5281/zenodo.8170247;Regional Centre of Advanced Technologies and Materials;https://ror.org/02mt5f456;Regional Centre of Advanced Technologies and Materials, Czech Advanced Technology and Research Institute (CATRIN), Palacký University Olomouc: Olomouc, CZ;regionalcentre of advanced technologies and materials;regionalcentre of advanced technologies and materials, czech advanced technology and research institute (catrin), palacky university olomouc: olomouc, cz;auto_substring;
10.5281/zenodo.8170247;Palacký University, Olomouc;https://ror.org/04qxnmv42;"Regional Centre of Advanced Technologies and Materials, Czech Advanced Technology and Research Institute (CATRIN), Palacký University Olomouc: Olomouc, CZ; IT4Innovations, VŠB – Technical University of Ostrava, CZ";palackyuniversity, olomouc;"regionalcentre of advanced technologies and materials, czech advanced technology and research institute (catrin), palacky university olomouc: olomouc, cz; it4innovations, vsb – technical university of ostrava, cz";;match?
10.5281/zenodo.8170247;Regional Centre of Advanced Technologies and Materials;https://ror.org/02mt5f456;"Regional Centre of Advanced Technologies and Materials, Czech Advanced Technology and Research Institute (CATRIN), Palacký University Olomouc: Olomouc, CZ; IT4Innovations, VŠB – Technical University of Ostrava, CZ";regionalcentre of advanced technologies and materials;"regionalcentre of advanced technologies and materials, czech advanced technology and research institute (catrin), palacky university olomouc: olomouc, cz; it4innovations, vsb – technical university of ostrava, cz";auto_substring;
10.5281/zenodo.8170248;Palacký University, Olomouc;https://ror.org/04qxnmv42;Regional Centre of Advanced Technologies and Materials, Czech Advanced Technology and Research Institute (CATRIN), Palacký University Olomouc: Olomouc, CZ;palackyuniversity, olomouc;regionalcentre of advanced technologies and materials, czech advanced technology and research institute (catrin), palacky university olomouc: olomouc, cz;;match?
10.5281/zenodo.8170248;Palacký University, Olomouc;https://ror.org/04qxnmv42;Regional Centre of Advanced Technologies and Materials, Czech Advanced Technology and Research Institute (CATRIN), Palacký University Olomouc: Olomouc, CZ;palackyuniversity, olomouc;regionalcentre of advanced technologies and materials, czech advanced technology and research institute (catrin), palacky university olomouc: olomouc, cz;;match?
10.5281/zenodo.8170248;Palacký University, Olomouc;https://ror.org/04qxnmv42;Regional Centre of Advanced Technologies and Materials, Czech Advanced Technology and Research Institute (CATRIN), Palacký University Olomouc: Olomouc, CZ;palackyuniversity, olomouc;regionalcentre of advanced technologies and materials, czech advanced technology and research institute (catrin), palacky university olomouc: olomouc, cz;;match?
10.5281/zenodo.8170248;Regional Centre of Advanced Technologies and Materials;https://ror.org/02mt5f456;Regional Centre of Advanced Technologies and Materials, Czech Advanced Technology and Research Institute (CATRIN), Palacký University Olomouc: Olomouc, CZ;regionalcentre of advanced technologies and materials;regionalcentre of advanced technologies and materials, czech advanced technology and research institute (catrin), palacky university olomouc: olomouc, cz;auto_substring;
10.5281/zenodo.8170248;Regional Centre of Advanced Technologies and Materials;https://ror.org/02mt5f456;Regional Centre of Advanced Technologies and Materials, Czech Advanced Technology and Research Institute (CATRIN), Palacký University Olomouc: Olomouc, CZ;regionalcentre of advanced technologies and materials;regionalcentre of advanced technologies and materials, czech advanced technology and research institute (catrin), palacky university olomouc: olomouc, cz;auto_substring;
10.5281/zenodo.8170248;Regional Centre of Advanced Technologies and Materials;https://ror.org/02mt5f456;Regional Centre of Advanced Technologies and Materials, Czech Advanced Technology and Research Institute (CATRIN), Palacký University Olomouc: Olomouc, CZ;regionalcentre of advanced technologies and materials;regionalcentre of advanced technologies and materials, czech advanced technology and research institute (catrin), palacky university olomouc: olomouc, cz;auto_substring;
10.5281/zenodo.8170248;Palacký University, Olomouc;https://ror.org/04qxnmv42;"Regional Centre of Advanced Technologies and Materials, Czech Advanced Technology and Research Institute (CATRIN), Palacký University Olomouc: Olomouc, CZ; IT4Innovations, VŠB – Technical University of Ostrava, CZ";palackyuniversity, olomouc;"regionalcentre of advanced technologies and materials, czech advanced technology and research institute (catrin), palacky university olomouc: olomouc, cz; it4innovations, vsb – technical university of ostrava, cz";;match?
10.5281/zenodo.8170248;Regional Centre of Advanced Technologies and Materials;https://ror.org/02mt5f456;"Regional Centre of Advanced Technologies and Materials, Czech Advanced Technology and Research Institute (CATRIN), Palacký University Olomouc: Olomouc, CZ; IT4Innovations, VŠB – Technical University of Ostrava, CZ";regionalcentre of advanced technologies and materials;"regionalcentre of advanced technologies and materials, czech advanced technology and research institute (catrin), palacky university olomouc: olomouc, cz; it4innovations, vsb – technical university of ostrava, cz";auto_substring;
10.5281/zenodo.8301796;Masaryk University;https://ror.org/02j46qs45;University Hospital Brno, Faculty of Medicine, and CEITEC, Masaryk University Brno;masarykuniversity;universityhospital brno, faculty of medicine, and ceitec, masaryk university brno;;match?
10.5281/zenodo.8301796;Masaryk University;https://ror.org/02j46qs45;University Hospital Brno, Faculty of Medicine, and CEITEC, Masaryk University Brno;masarykuniversity;universityhospital brno, faculty of medicine, and ceitec, masaryk university brno;;match?
10.5281/zenodo.8301796;Masaryk University;https://ror.org/02j46qs45;University Hospital Brno, Faculty of Medicine, and CEITEC, Masaryk University Brno;masarykuniversity;universityhospital brno, faculty of medicine, and ceitec, masaryk university brno;;match?
10.5281/zenodo.8301796;Masaryk University;https://ror.org/02j46qs45;University Hospital Brno, Faculty of Medicine, and CEITEC, Masaryk University Brno;masarykuniversity;universityhospital brno, faculty of medicine, and ceitec, masaryk university brno;;match?
10.5281/zenodo.8301796;University Hospital Brno;https://ror.org/00qq1fp34;University Hospital Brno, Faculty of Medicine, and CEITEC, Masaryk University Brno;universityhospital brno;universityhospital brno, faculty of medicine, and ceitec, masaryk university brno;auto_substring;
10.5281/zenodo.8301796;University Hospital Brno;https://ror.org/00qq1fp34;University Hospital Brno, Faculty of Medicine, and CEITEC, Masaryk University Brno;universityhospital brno;universityhospital brno, faculty of medicine, and ceitec, masaryk university brno;auto_substring;
10.5281/zenodo.8301796;University Hospital Brno;https://ror.org/00qq1fp34;University Hospital Brno, Faculty of Medicine, and CEITEC, Masaryk University Brno;universityhospital brno;universityhospital brno, faculty of medicine, and ceitec, masaryk university brno;auto_substring;
10.5281/zenodo.8301796;University Hospital Brno;https://ror.org/00qq1fp34;University Hospital Brno, Faculty of Medicine, and CEITEC, Masaryk University Brno;universityhospital brno;universityhospital brno, faculty of medicine, and ceitec, masaryk university brno;auto_substring;
10.5281/zenodo.8369917;Czech Academy of Sciences;https://ror.org/053avzc18;Czech Academy of Sciences, Institute of Botany;czechacademy of sciences;czechacademy of sciences, institute of botany;auto_substring;
10.5281/zenodo.8369917;Czech Academy of Sciences;https://ror.org/053avzc18;Czech Academy of Sciences, Institute of Botany;czechacademy of sciences;czechacademy of sciences, institute of botany;auto_substring;
10.5281/zenodo.8369917;Czech Academy of Sciences;https://ror.org/053avzc18;Czech Academy of Sciences, Institute of Botany;czechacademy of sciences;czechacademy of sciences, institute of botany;auto_substring;
10.5281/zenodo.8369917;Institute of Botany;https://ror.org/03qqnc658;Czech Academy of Sciences, Institute of Botany;instituteof botany;czechacademy of sciences, institute of botany;;match
10.5281/zenodo.8369917;Institute of Botany;https://ror.org/03qqnc658;Czech Academy of Sciences, Institute of Botany;instituteof botany;czechacademy of sciences, institute of botany;;match
10.5281/zenodo.8369917;Institute of Botany;https://ror.org/03qqnc658;Czech Academy of Sciences, Institute of Botany;instituteof botany;czechacademy of sciences, institute of botany;;match
10.5281/zenodo.8398202;Biology Centre;https://ror.org/05pq4yn02;"Department of Ecology, Faculty of Science, Charles University, Viničná 7, 12844 Prague, Czechia;  Institute of Entomology, Biology Centre, Czech Academy of Sciences, Branišovská 31, 37005 České Budějovice, Czechia";biologycentre;"departmentof ecology, faculty of science, charles university, vinicna 7, 12844 prague, czechia;  institute of entomology, biology centre, czech academy of sciences, branisovska 31, 37005 ceske budejovice, czechia";;match?
10.5281/zenodo.8398202;Charles University;https://ror.org/024d6js02;"Department of Ecology, Faculty of Science, Charles University, Viničná 7, 12844 Prague, Czechia;  Institute of Entomology, Biology Centre, Czech Academy of Sciences, Branišovská 31, 37005 České Budějovice, Czechia";charlesuniversity;"departmentof ecology, faculty of science, charles university, vinicna 7, 12844 prague, czechia;  institute of entomology, biology centre, czech academy of sciences, branisovska 31, 37005 ceske budejovice, czechia";;match
10.5285/3b077711-f183-42f1-bac6-c892922c81f4;Czech Hydrometeorological Institute;https://ror.org/00xbsaf62;Czech Hydrometeorological Institute;czechhydrometeorological institute;czechhydrometeorological institute;auto_substring;
10.5285/3b077711-f183-42f1-bac6-c892922c81f4;Czech University of Life Sciences Prague;https://ror.org/0415vcw02;Czech Hydrometeorological Institute;czechuniversity of life sciences prague;czechhydrometeorological institute;;match
10.6084/m9.figshare.19470467.v1;Central European Institute of Technology;https://ror.org/01p7k1986;Central European Institute of Technology – Masaryk University;centraleuropean institute of technology;centraleuropean institute of technology – masaryk university;auto_substring;
10.6084/m9.figshare.19470467.v1;Central European Institute of Technology;https://ror.org/01p7k1986;Central European Institute of Technology – Masaryk University;centraleuropean institute of technology;centraleuropean institute of technology – masaryk university;auto_substring;
10.6084/m9.figshare.19470467.v1;Central European Institute of Technology;https://ror.org/01p7k1986;Central European Institute of Technology – Masaryk University;centraleuropean institute of technology;centraleuropean institute of technology – masaryk university;auto_substring;
10.6084/m9.figshare.19470467.v1;Central European Institute of Technology;https://ror.org/01p7k1986;Central European Institute of Technology – Masaryk University;centraleuropean institute of technology;centraleuropean institute of technology – masaryk university;auto_substring;
10.6084/m9.figshare.19470467.v1;Central European Institute of Technology;https://ror.org/01p7k1986;Central European Institute of Technology – Masaryk University;centraleuropean institute of technology;centraleuropean institute of technology – masaryk university;auto_substring;
10.6084/m9.figshare.19470467.v1;Central European Institute of Technology;https://ror.org/01p7k1986;Central European Institute of Technology – Masaryk University;centraleuropean institute of technology;centraleuropean institute of technology – masaryk university;auto_substring;
10.6084/m9.figshare.19470467.v1;Central European Institute of Technology – Masaryk University;https://ror.org/009nz6031;Central European Institute of Technology – Masaryk University;centraleuropean institute of technology – masaryk university;centraleuropean institute of technology – masaryk university;auto_substring;
10.6084/m9.figshare.19470467.v1;Central European Institute of Technology – Masaryk University;https://ror.org/009nz6031;Central European Institute of Technology – Masaryk University;centraleuropean institute of technology – masaryk university;centraleuropean institute of technology – masaryk university;auto_substring;
10.6084/m9.figshare.19470467.v1;Central European Institute of Technology – Masaryk University;https://ror.org/009nz6031;Central European Institute of Technology – Masaryk University;centraleuropean institute of technology – masaryk university;centraleuropean institute of technology – masaryk university;auto_substring;
10.6084/m9.figshare.19470467.v1;Central European Institute of Technology – Masaryk University;https://ror.org/009nz6031;Central European Institute of Technology – Masaryk University;centraleuropean institute of technology – masaryk university;centraleuropean institute of technology – masaryk university;auto_substring;
10.6084/m9.figshare.19470467.v1;Central European Institute of Technology – Masaryk University;https://ror.org/009nz6031;Central European Institute of Technology – Masaryk University;centraleuropean institute of technology – masaryk university;centraleuropean institute of technology – masaryk university;auto_substring;
10.6084/m9.figshare.19470467.v1;Central European Institute of Technology – Masaryk University;https://ror.org/009nz6031;Central European Institute of Technology – Masaryk University;centraleuropean institute of technology – masaryk university;centraleuropean institute of technology – masaryk university;auto_substring;
10.6084/m9.figshare.19470467.v1;Masaryk University;https://ror.org/02j46qs45;Central European Institute of Technology – Masaryk University;masarykuniversity;centraleuropean institute of technology – masaryk university;;match?
10.6084/m9.figshare.19470467.v1;Masaryk University;https://ror.org/02j46qs45;Central European Institute of Technology – Masaryk University;masarykuniversity;centraleuropean institute of technology – masaryk university;;match?
10.6084/m9.figshare.19470467.v1;Masaryk University;https://ror.org/02j46qs45;Central European Institute of Technology – Masaryk University;masarykuniversity;centraleuropean institute of technology – masaryk university;;match?
10.6084/m9.figshare.19470467.v1;Masaryk University;https://ror.org/02j46qs45;Central European Institute of Technology – Masaryk University;masarykuniversity;centraleuropean institute of technology – masaryk university;;match?
10.6084/m9.figshare.19470467.v1;Masaryk University;https://ror.org/02j46qs45;Central European Institute of Technology – Masaryk University;masarykuniversity;centraleuropean institute of technology – masaryk university;;match?
10.6084/m9.figshare.19470467.v1;Masaryk University;https://ror.org/02j46qs45;Central European Institute of Technology – Masaryk University;masarykuniversity;centraleuropean institute of technology – masaryk university;;match?
10.6084/m9.figshare.20730595.v2;Czech Academy of Sciences;https://ror.org/053avzc18;Academy of Sciences of the Czech Republic;czechacademy of sciences;academyof sciences of the czech republic;;match?
10.6084/m9.figshare.20730595.v2;Czech Academy of Sciences;https://ror.org/053avzc18;Academy of Sciences of the Czech Republic;czechacademy of sciences;academyof sciences of the czech republic;;match?
10.6084/m9.figshare.20730595.v2;Institute of Vertebrate Biology;https://ror.org/05bcgdd94;Academy of Sciences of the Czech Republic;instituteof vertebrate biology;academyof sciences of the czech republic;;match?
10.6084/m9.figshare.20730595.v2;Institute of Vertebrate Biology;https://ror.org/05bcgdd94;Academy of Sciences of the Czech Republic;instituteof vertebrate biology;academyof sciences of the czech republic;;match?
10.6084/m9.figshare.c.5923208.v1;Central European Institute of Technology;https://ror.org/01p7k1986;Central European Institute of Technology – Masaryk University;centraleuropean institute of technology;centraleuropean institute of technology – masaryk university;auto_substring;
10.6084/m9.figshare.c.5923208.v1;Central European Institute of Technology;https://ror.org/01p7k1986;Central European Institute of Technology – Masaryk University;centraleuropean institute of technology;centraleuropean institute of technology – masaryk university;auto_substring;
10.6084/m9.figshare.c.5923208.v1;Central European Institute of Technology;https://ror.org/01p7k1986;Central European Institute of Technology – Masaryk University;centraleuropean institute of technology;centraleuropean institute of technology – masaryk university;auto_substring;
10.6084/m9.figshare.c.5923208.v1;Central European Institute of Technology;https://ror.org/01p7k1986;Central European Institute of Technology – Masaryk University;centraleuropean institute of technology;centraleuropean institute of technology – masaryk university;auto_substring;
10.6084/m9.figshare.c.5923208.v1;Central European Institute of Technology;https://ror.org/01p7k1986;Central European Institute of Technology – Masaryk University;centraleuropean institute of technology;centraleuropean institute of technology – masaryk university;auto_substring;
10.6084/m9.figshare.c.5923208.v1;Central European Institute of Technology;https://ror.org/01p7k1986;Central European Institute of Technology – Masaryk University;centraleuropean institute of technology;centraleuropean institute of technology – masaryk university;auto_substring;
10.6084/m9.figshare.c.5923208.v1;Central European Institute of Technology – Masaryk University;https://ror.org/009nz6031;Central European Institute of Technology – Masaryk University;centraleuropean institute of technology – masaryk university;centraleuropean institute of technology – masaryk university;auto_substring;
10.6084/m9.figshare.c.5923208.v1;Central European Institute of Technology – Masaryk University;https://ror.org/009nz6031;Central European Institute of Technology – Masaryk University;centraleuropean institute of technology – masaryk university;centraleuropean institute of technology – masaryk university;auto_substring;
10.6084/m9.figshare.c.5923208.v1;Central European Institute of Technology – Masaryk University;https://ror.org/009nz6031;Central European Institute of Technology – Masaryk University;centraleuropean institute of technology – masaryk university;centraleuropean institute of technology – masaryk university;auto_substring;
10.6084/m9.figshare.c.5923208.v1;Central European Institute of Technology – Masaryk University;https://ror.org/009nz6031;Central European Institute of Technology – Masaryk University;centraleuropean institute of technology – masaryk university;centraleuropean institute of technology – masaryk university;auto_substring;
10.6084/m9.figshare.c.5923208.v1;Central European Institute of Technology – Masaryk University;https://ror.org/009nz6031;Central European Institute of Technology – Masaryk University;centraleuropean institute of technology – masaryk university;centraleuropean institute of technology – masaryk university;auto_substring;
10.6084/m9.figshare.c.5923208.v1;Central European Institute of Technology – Masaryk University;https://ror.org/009nz6031;Central European Institute of Technology – Masaryk University;centraleuropean institute of technology – masaryk university;centraleuropean institute of technology – masaryk university;auto_substring;
10.6084/m9.figshare.c.5923208.v1;Masaryk University;https://ror.org/02j46qs45;Central European Institute of Technology – Masaryk University;masarykuniversity;centraleuropean institute of technology – masaryk university;;match?
10.6084/m9.figshare.c.5923208.v1;Masaryk University;https://ror.org/02j46qs45;Central European Institute of Technology – Masaryk University;masarykuniversity;centraleuropean institute of technology – masaryk university;;match?
10.6084/m9.figshare.c.5923208.v1;Masaryk University;https://ror.org/02j46qs45;Central European Institute of Technology – Masaryk University;masarykuniversity;centraleuropean institute of technology – masaryk university;;match?
10.6084/m9.figshare.c.5923208.v1;Masaryk University;https://ror.org/02j46qs45;Central European Institute of Technology – Masaryk University;masarykuniversity;centraleuropean institute of technology – masaryk university;;match?
10.6084/m9.figshare.c.5923208.v1;Masaryk University;https://ror.org/02j46qs45;Central European Institute of Technology – Masaryk University;masarykuniversity;centraleuropean institute of technology – masaryk university;;match?
10.6084/m9.figshare.c.5923208.v1;Masaryk University;https://ror.org/02j46qs45;Central European Institute of Technology – Masaryk University;masarykuniversity;centraleuropean institute of technology – masaryk university;;match?
10.6084/m9.figshare.c.6172466.v1;Charles University;https://ror.org/024d6js02;Charles University;charlesuniversity;charlesuniversity;auto_substring;
10.6084/m9.figshare.c.6172466.v1;Charles University;https://ror.org/024d6js02;Charles University;charlesuniversity;charlesuniversity;auto_substring;
10.6084/m9.figshare.c.6172466.v1;Fakultní nemocnice Královské Vinohrady;https://ror.org/04sg4ka71;Charles University;fakultninemocnice kralovske vinohrady;charlesuniversity;;match?
10.6084/m9.figshare.c.6172466.v1;Fakultní nemocnice Královské Vinohrady;https://ror.org/04sg4ka71;Charles University;fakultninemocnice kralovske vinohrady;charlesuniversity;;match?
10.6084/m9.figshare.c.6289177.v1;Charles University;https://ror.org/024d6js02;Charles University;charlesuniversity;charlesuniversity;auto_substring;
10.6084/m9.figshare.c.6289177.v1;Charles University;https://ror.org/024d6js02;Charles University;charlesuniversity;charlesuniversity;auto_substring;
10.6084/m9.figshare.c.6289177.v1;Charles University;https://ror.org/024d6js02;Charles University;charlesuniversity;charlesuniversity;auto_substring;
10.6084/m9.figshare.c.6289177.v1;Charles University;https://ror.org/024d6js02;Charles University;charlesuniversity;charlesuniversity;auto_substring;
10.6084/m9.figshare.c.6289177.v1;Charles University;https://ror.org/024d6js02;Charles University;charlesuniversity;charlesuniversity;auto_substring;
10.6084/m9.figshare.c.6289177.v1;Charles University;https://ror.org/024d6js02;Charles University;charlesuniversity;charlesuniversity;auto_substring;
10.6084/m9.figshare.c.6289177.v1;Fakultní nemocnice Královské Vinohrady;https://ror.org/04sg4ka71;Charles University;fakultninemocnice kralovske vinohrady;charlesuniversity;;match?
10.6084/m9.figshare.c.6289177.v1;Fakultní nemocnice Královské Vinohrady;https://ror.org/04sg4ka71;Charles University;fakultninemocnice kralovske vinohrady;charlesuniversity;;match?
10.6084/m9.figshare.c.6289177.v1;Fakultní nemocnice Královské Vinohrady;https://ror.org/04sg4ka71;Charles University;fakultninemocnice kralovske vinohrady;charlesuniversity;;match?
10.6084/m9.figshare.c.6289177.v1;Fakultní nemocnice Královské Vinohrady;https://ror.org/04sg4ka71;Charles University;fakultninemocnice kralovske vinohrady;charlesuniversity;;match?
10.6084/m9.figshare.c.6289177.v1;Fakultní nemocnice Královské Vinohrady;https://ror.org/04sg4ka71;Charles University;fakultninemocnice kralovske vinohrady;charlesuniversity;;match?
10.6084/m9.figshare.c.6289177.v1;Fakultní nemocnice Královské Vinohrady;https://ror.org/04sg4ka71;Charles University;fakultninemocnice kralovske vinohrady;charlesuniversity;;match?
10.6084/m9.figshare.c.6592046.v1;International Clinical Research Center of St. Anne's University Hospital Brno;https://ror.org/027v97282;International Clinical Research Center of St. Anne's University Hospital Brno;internationalclinical research center of st. anne's university hospital brno;internationalclinical research center of st. anne's university hospital brno;auto_substring;
10.6084/m9.figshare.c.6592046.v1;St. Anne´s University Hospital;https://ror.org/049bjee35;International Clinical Research Center of St. Anne's University Hospital Brno;stanne´s university hospital;internationalclinical research center of st. anne's university hospital brno;;match
10.6084/m9.figshare.c.6592046.v1;International Clinical Research Center of St. Anne's University Hospital Brno;https://ror.org/027v97282;University Hospital Brno;internationalclinical research center of st. anne's university hospital brno;universityhospital brno;;match?
10.6084/m9.figshare.c.6592046.v1;International Clinical Research Center of St. Anne's University Hospital Brno;https://ror.org/027v97282;University Hospital Brno;internationalclinical research center of st. anne's university hospital brno;universityhospital brno;;match?
10.6084/m9.figshare.c.6592046.v1;International Clinical Research Center of St. Anne's University Hospital Brno;https://ror.org/027v97282;University Hospital Brno;internationalclinical research center of st. anne's university hospital brno;universityhospital brno;;match?
10.6084/m9.figshare.c.6592046.v1;International Clinical Research Center of St. Anne's University Hospital Brno;https://ror.org/027v97282;University Hospital Brno;internationalclinical research center of st. anne's university hospital brno;universityhospital brno;;match?
10.6084/m9.figshare.c.6592046.v1;University Hospital Brno;https://ror.org/00qq1fp34;University Hospital Brno;universityhospital brno;universityhospital brno;auto_substring;
10.6084/m9.figshare.c.6592046.v1;University Hospital Brno;https://ror.org/00qq1fp34;University Hospital Brno;universityhospital brno;universityhospital brno;auto_substring;
10.6084/m9.figshare.c.6592046.v1;University Hospital Brno;https://ror.org/00qq1fp34;University Hospital Brno;universityhospital brno;universityhospital brno;auto_substring;
10.6084/m9.figshare.c.6592046.v1;University Hospital Brno;https://ror.org/00qq1fp34;University Hospital Brno;universityhospital brno;universityhospital brno;auto_substring;
10.6084/m9.figshare.c.6650182.v1;International Clinical Research Center of St. Anne's University Hospital Brno;https://ror.org/027v97282;International Clinical Research Center of St. Anne's University Hospital Brno;internationalclinical research center of st. anne's university hospital brno;internationalclinical research center of st. anne's university hospital brno;auto_substring;
10.6084/m9.figshare.c.6650182.v1;International Clinical Research Center of St. Anne's University Hospital Brno;https://ror.org/027v97282;International Clinical Research Center of St. Anne's University Hospital Brno;internationalclinical research center of st. anne's university hospital brno;internationalclinical research center of st. anne's university hospital brno;auto_substring;
10.6084/m9.figshare.c.6650182.v1;St. Anne´s University Hospital;https://ror.org/049bjee35;International Clinical Research Center of St. Anne's University Hospital Brno;stanne´s university hospital;internationalclinical research center of st. anne's university hospital brno;;match
10.6084/m9.figshare.c.6650182.v1;St. Anne´s University Hospital;https://ror.org/049bjee35;International Clinical Research Center of St. Anne's University Hospital Brno;stanne´s university hospital;internationalclinical research center of st. anne's university hospital brno;;match
10.6084/m9.figshare.c.6683881.v1;International Clinical Research Center of St. Anne's University Hospital Brno;https://ror.org/027v97282;International Clinical Research Center of St. Anne's University Hospital Brno;internationalclinical research center of st. anne's university hospital brno;internationalclinical research center of st. anne's university hospital brno;auto_substring;
10.6084/m9.figshare.c.6683881.v1;International Clinical Research Center of St. Anne's University Hospital Brno;https://ror.org/027v97282;International Clinical Research Center of St. Anne's University Hospital Brno;internationalclinical research center of st. anne's university hospital brno;internationalclinical research center of st. anne's university hospital brno;auto_substring;
10.6084/m9.figshare.c.6683881.v1;International Clinical Research Center of St. Anne's University Hospital Brno;https://ror.org/027v97282;International Clinical Research Center of St. Anne's University Hospital Brno;internationalclinical research center of st. anne's university hospital brno;internationalclinical research center of st. anne's university hospital brno;auto_substring;
10.6084/m9.figshare.c.6683881.v1;International Clinical Research Center of St. Anne's University Hospital Brno;https://ror.org/027v97282;International Clinical Research Center of St. Anne's University Hospital Brno;internationalclinical research center of st. anne's university hospital brno;internationalclinical research center of st. anne's university hospital brno;auto_substring;
10.6084/m9.figshare.c.6683881.v1;International Clinical Research Center of St. Anne's University Hospital Brno;https://ror.org/027v97282;International Clinical Research Center of St. Anne's University Hospital Brno;internationalclinical research center of st. anne's university hospital brno;internationalclinical research center of st. anne's university hospital brno;auto_substring;
10.6084/m9.figshare.c.6683881.v1;International Clinical Research Center of St. Anne's University Hospital Brno;https://ror.org/027v97282;International Clinical Research Center of St. Anne's University Hospital Brno;internationalclinical research center of st. anne's university hospital brno;internationalclinical research center of st. anne's university hospital brno;auto_substring;
10.6084/m9.figshare.c.6683881.v1;International Clinical Research Center of St. Anne's University Hospital Brno;https://ror.org/027v97282;International Clinical Research Center of St. Anne's University Hospital Brno;internationalclinical research center of st. anne's university hospital brno;internationalclinical research center of st. anne's university hospital brno;auto_substring;
10.6084/m9.figshare.c.6683881.v1;International Clinical Research Center of St. Anne's University Hospital Brno;https://ror.org/027v97282;International Clinical Research Center of St. Anne's University Hospital Brno;internationalclinical research center of st. anne's university hospital brno;internationalclinical research center of st. anne's university hospital brno;auto_substring;
10.6084/m9.figshare.c.6683881.v1;International Clinical Research Center of St. Anne's University Hospital Brno;https://ror.org/027v97282;International Clinical Research Center of St. Anne's University Hospital Brno;internationalclinical research center of st. anne's university hospital brno;internationalclinical research center of st. anne's university hospital brno;auto_substring;
10.6084/m9.figshare.c.6683881.v1;International Clinical Research Center of St. Anne's University Hospital Brno;https://ror.org/027v97282;International Clinical Research Center of St. Anne's University Hospital Brno;internationalclinical research center of st. anne's university hospital brno;internationalclinical research center of st. anne's university hospital brno;auto_substring;
10.6084/m9.figshare.c.6683881.v1;International Clinical Research Center of St. Anne's University Hospital Brno;https://ror.org/027v97282;International Clinical Research Center of St. Anne's University Hospital Brno;internationalclinical research center of st. anne's university hospital brno;internationalclinical research center of st. anne's university hospital brno;auto_substring;
10.6084/m9.figshare.c.6683881.v1;International Clinical Research Center of St. Anne's University Hospital Brno;https://ror.org/027v97282;International Clinical Research Center of St. Anne's University Hospital Brno;internationalclinical research center of st. anne's university hospital brno;internationalclinical research center of st. anne's university hospital brno;auto_substring;
10.6084/m9.figshare.c.6683881.v1;International Clinical Research Center of St. Anne's University Hospital Brno;https://ror.org/027v97282;International Clinical Research Center of St. Anne's University Hospital Brno;internationalclinical research center of st. anne's university hospital brno;internationalclinical research center of st. anne's university hospital brno;auto_substring;
10.6084/m9.figshare.c.6683881.v1;International Clinical Research Center of St. Anne's University Hospital Brno;https://ror.org/027v97282;International Clinical Research Center of St. Anne's University Hospital Brno;internationalclinical research center of st. anne's university hospital brno;internationalclinical research center of st. anne's university hospital brno;auto_substring;
10.6084/m9.figshare.c.6683881.v1;International Clinical Research Center of St. Anne's University Hospital Brno;https://ror.org/027v97282;International Clinical Research Center of St. Anne's University Hospital Brno;internationalclinical research center of st. anne's university hospital brno;internationalclinical research center of st. anne's university hospital brno;auto_substring;
10.6084/m9.figshare.c.6683881.v1;St. Anne´s University Hospital;https://ror.org/049bjee35;International Clinical Research Center of St. Anne's University Hospital Brno;stanne´s university hospital;internationalclinical research center of st. anne's university hospital brno;;match
10.6084/m9.figshare.c.6683881.v1;St. Anne´s University Hospital;https://ror.org/049bjee35;International Clinical Research Center of St. Anne's University Hospital Brno;stanne´s university hospital;internationalclinical research center of st. anne's university hospital brno;;match
10.6084/m9.figshare.c.6683881.v1;St. Anne´s University Hospital;https://ror.org/049bjee35;International Clinical Research Center of St. Anne's University Hospital Brno;stanne´s university hospital;internationalclinical research center of st. anne's university hospital brno;;match
10.6084/m9.figshare.c.6683881.v1;St. Anne´s University Hospital;https://ror.org/049bjee35;International Clinical Research Center of St. Anne's University Hospital Brno;stanne´s university hospital;internationalclinical research center of st. anne's university hospital brno;;match
10.6084/m9.figshare.c.6683881.v1;St. Anne´s University Hospital;https://ror.org/049bjee35;International Clinical Research Center of St. Anne's University Hospital Brno;stanne´s university hospital;internationalclinical research center of st. anne's university hospital brno;;match
10.6084/m9.figshare.c.6683881.v1;St. Anne´s University Hospital;https://ror.org/049bjee35;International Clinical Research Center of St. Anne's University Hospital Brno;stanne´s university hospital;internationalclinical research center of st. anne's university hospital brno;;match
10.6084/m9.figshare.c.6683881.v1;St. Anne´s University Hospital;https://ror.org/049bjee35;International Clinical Research Center of St. Anne's University Hospital Brno;stanne´s university hospital;internationalclinical research center of st. anne's university hospital brno;;match
10.6084/m9.figshare.c.6683881.v1;St. Anne´s University Hospital;https://ror.org/049bjee35;International Clinical Research Center of St. Anne's University Hospital Brno;stanne´s university hospital;internationalclinical research center of st. anne's university hospital brno;;match
10.6084/m9.figshare.c.6683881.v1;St. Anne´s University Hospital;https://ror.org/049bjee35;International Clinical Research Center of St. Anne's University Hospital Brno;stanne´s university hospital;internationalclinical research center of st. anne's university hospital brno;;match
10.6084/m9.figshare.c.6683881.v1;St. Anne´s University Hospital;https://ror.org/049bjee35;International Clinical Research Center of St. Anne's University Hospital Brno;stanne´s university hospital;internationalclinical research center of st. anne's university hospital brno;;match
10.6084/m9.figshare.c.6683881.v1;St. Anne´s University Hospital;https://ror.org/049bjee35;International Clinical Research Center of St. Anne's University Hospital Brno;stanne´s university hospital;internationalclinical research center of st. anne's university hospital brno;;match
10.6084/m9.figshare.c.6683881.v1;St. Anne´s University Hospital;https://ror.org/049bjee35;International Clinical Research Center of St. Anne's University Hospital Brno;stanne´s university hospital;internationalclinical research center of st. anne's university hospital brno;;match
10.6084/m9.figshare.c.6683881.v1;St. Anne´s University Hospital;https://ror.org/049bjee35;International Clinical Research Center of St. Anne's University Hospital Brno;stanne´s university hospital;internationalclinical research center of st. anne's university hospital brno;;match
10.6084/m9.figshare.c.6683881.v1;St. Anne´s University Hospital;https://ror.org/049bjee35;International Clinical Research Center of St. Anne's University Hospital Brno;stanne´s university hospital;internationalclinical research center of st. anne's university hospital brno;;match
10.6084/m9.figshare.c.6683881.v1;St. Anne´s University Hospital;https://ror.org/049bjee35;International Clinical Research Center of St. Anne's University Hospital Brno;stanne´s university hospital;internationalclinical research center of st. anne's university hospital brno;;match
10.6084/m9.figshare.c.6780806.v1;International Clinical Research Center of St. Anne's University Hospital Brno;https://ror.org/027v97282;International Clinical Research Center of St. Anne's University Hospital Brno;internationalclinical research center of st. anne's university hospital brno;internationalclinical research center of st. anne's university hospital brno;auto_substring;
10.6084/m9.figshare.c.6780806.v1;International Clinical Research Center of St. Anne's University Hospital Brno;https://ror.org/027v97282;International Clinical Research Center of St. Anne's University Hospital Brno;internationalclinical research center of st. anne's university hospital brno;internationalclinical research center of st. anne's university hospital brno;auto_substring;
10.6084/m9.figshare.c.6780806.v1;St. Anne´s University Hospital;https://ror.org/049bjee35;International Clinical Research Center of St. Anne's University Hospital Brno;stanne´s university hospital;internationalclinical research center of st. anne's university hospital brno;;match
10.6084/m9.figshare.c.6780806.v1;St. Anne´s University Hospital;https://ror.org/049bjee35;International Clinical Research Center of St. Anne's University Hospital Brno;stanne´s university hospital;internationalclinical research center of st. anne's university hospital brno;;match
10.6084/m9.figshare.c.6787450.v1;Central European Institute of Technology;https://ror.org/01p7k1986;Central European Institute of Technology – Masaryk University;centraleuropean institute of technology;centraleuropean institute of technology – masaryk university;auto_substring;
10.6084/m9.figshare.c.6787450.v1;Central European Institute of Technology – Masaryk University;https://ror.org/009nz6031;Central European Institute of Technology – Masaryk University;centraleuropean institute of technology – masaryk university;centraleuropean institute of technology – masaryk university;auto_substring;
10.6084/m9.figshare.c.6787450.v1;Masaryk University;https://ror.org/02j46qs45;Central European Institute of Technology – Masaryk University;masarykuniversity;centraleuropean institute of technology – masaryk university;;match?
10.6084/m9.figshare.c.6787450.v1;Central European Institute of Technology – Masaryk University;https://ror.org/009nz6031;Masaryk University;centraleuropean institute of technology – masaryk university;masarykuniversity;;match?
10.6084/m9.figshare.c.6787450.v1;Masaryk University;https://ror.org/02j46qs45;Masaryk University;masarykuniversity;masarykuniversity;auto_substring;
10.6084/m9.figshare.c.6804718.v1;Central European Institute of Technology;https://ror.org/01p7k1986;Central European Institute of Technology – Masaryk University;centraleuropean institute of technology;centraleuropean institute of technology – masaryk university;auto_substring;
10.6084/m9.figshare.c.6804718.v1;Central European Institute of Technology – Masaryk University;https://ror.org/009nz6031;Central European Institute of Technology – Masaryk University;centraleuropean institute of technology – masaryk university;centraleuropean institute of technology – masaryk university;auto_substring;
10.6084/m9.figshare.c.6804718.v1;Masaryk University;https://ror.org/02j46qs45;Central European Institute of Technology – Masaryk University;masarykuniversity;centraleuropean institute of technology – masaryk university;;match?
10.6084/m9.figshare.c.6804718.v1;Central European Institute of Technology – Masaryk University;https://ror.org/009nz6031;Masaryk University;centraleuropean institute of technology – masaryk university;masarykuniversity;;match?
10.6084/m9.figshare.c.6804718.v1;Central European Institute of Technology – Masaryk University;https://ror.org/009nz6031;Masaryk University;centraleuropean institute of technology – masaryk university;masarykuniversity;;match?
10.6084/m9.figshare.c.6804718.v1;Central European Institute of Technology – Masaryk University;https://ror.org/009nz6031;Masaryk University;centraleuropean institute of technology – masaryk university;masarykuniversity;;match?
10.6084/m9.figshare.c.6804718.v1;Central European Institute of Technology – Masaryk University;https://ror.org/009nz6031;Masaryk University;centraleuropean institute of technology – masaryk university;masarykuniversity;;match?
10.6084/m9.figshare.c.6804718.v1;Central European Institute of Technology – Masaryk University;https://ror.org/009nz6031;Masaryk University;centraleuropean institute of technology – masaryk university;masarykuniversity;;match?
10.6084/m9.figshare.c.6804718.v1;Central European Institute of Technology – Masaryk University;https://ror.org/009nz6031;Masaryk University;centraleuropean institute of technology – masaryk university;masarykuniversity;;match?
10.6084/m9.figshare.c.6804718.v1;Masaryk University;https://ror.org/02j46qs45;Masaryk University;masarykuniversity;masarykuniversity;auto_substring;
10.6084/m9.figshare.c.6804718.v1;Masaryk University;https://ror.org/02j46qs45;Masaryk University;masarykuniversity;masarykuniversity;auto_substring;
10.6084/m9.figshare.c.6804718.v1;Masaryk University;https://ror.org/02j46qs45;Masaryk University;masarykuniversity;masarykuniversity;auto_substring;
10.6084/m9.figshare.c.6804718.v1;Masaryk University;https://ror.org/02j46qs45;Masaryk University;masarykuniversity;masarykuniversity;auto_substring;
10.6084/m9.figshare.c.6804718.v1;Masaryk University;https://ror.org/02j46qs45;Masaryk University;masarykuniversity;masarykuniversity;auto_substring;
10.6084/m9.figshare.c.6804718.v1;Masaryk University;https://ror.org/02j46qs45;Masaryk University;masarykuniversity;masarykuniversity;auto_substring;
10.6084/m9.figshare.c.6830045.v1;St. Anne´s University Hospital;https://ror.org/049bjee35;University Hospital Brno;stanne´s university hospital;universityhospital brno;;match?
10.6084/m9.figshare.c.6830045.v1;University Hospital Brno;https://ror.org/00qq1fp34;University Hospital Brno;universityhospital brno;universityhospital brno;auto_substring;
10.6084/m9.figshare.c.6830133.v1;Central European Institute of Technology;https://ror.org/01p7k1986;Central European Institute of Technology – Masaryk University;centraleuropean institute of technology;centraleuropean institute of technology – masaryk university;auto_substring;
10.6084/m9.figshare.c.6830133.v1;Central European Institute of Technology – Masaryk University;https://ror.org/009nz6031;Central European Institute of Technology – Masaryk University;centraleuropean institute of technology – masaryk university;centraleuropean institute of technology – masaryk university;auto_substring;
10.6084/m9.figshare.c.6830133.v1;Masaryk University;https://ror.org/02j46qs45;Central European Institute of Technology – Masaryk University;masarykuniversity;centraleuropean institute of technology – masaryk university;;match?
10.6084/m9.figshare.c.6926742.v1;International Clinical Research Center of St. Anne's University Hospital Brno;https://ror.org/027v97282;International Clinical Research Center of St. Anne's University Hospital Brno;internationalclinical research center of st. anne's university hospital brno;internationalclinical research center of st. anne's university hospital brno;auto_substring;
10.6084/m9.figshare.c.6926742.v1;St. Anne´s University Hospital;https://ror.org/049bjee35;International Clinical Research Center of St. Anne's University Hospital Brno;stanne´s university hospital;internationalclinical research center of st. anne's university hospital brno;;match
10.6084/m9.figshare.c.6930944.v1;Charles University;https://ror.org/024d6js02;Charles University;charlesuniversity;charlesuniversity;auto_substring;
10.6084/m9.figshare.c.6930944.v1;Fakultní nemocnice Královské Vinohrady;https://ror.org/04sg4ka71;Charles University;fakultninemocnice kralovske vinohrady;charlesuniversity;;match?
10.6084/m9.figshare.c.6958017.v1;Central European Institute of Technology;https://ror.org/01p7k1986;Central European Institute of Technology – Masaryk University;centraleuropean institute of technology;centraleuropean institute of technology – masaryk university;auto_substring;
10.6084/m9.figshare.c.6958017.v1;Central European Institute of Technology – Masaryk University;https://ror.org/009nz6031;Central European Institute of Technology – Masaryk University;centraleuropean institute of technology – masaryk university;centraleuropean institute of technology – masaryk university;auto_substring;
10.6084/m9.figshare.c.6958017.v1;Masaryk University;https://ror.org/02j46qs45;Central European Institute of Technology – Masaryk University;masarykuniversity;centraleuropean institute of technology – masaryk university;;match?
10.6084/m9.figshare.c.6958017.v1;Central European Institute of Technology – Masaryk University;https://ror.org/009nz6031;Masaryk University;centraleuropean institute of technology – masaryk university;masarykuniversity;;match?
10.6084/m9.figshare.c.6958017.v1;Central European Institute of Technology – Masaryk University;https://ror.org/009nz6031;Masaryk University;centraleuropean institute of technology – masaryk university;masarykuniversity;;match?
10.6084/m9.figshare.c.6958017.v1;Central European Institute of Technology – Masaryk University;https://ror.org/009nz6031;Masaryk University;centraleuropean institute of technology – masaryk university;masarykuniversity;;match?
10.6084/m9.figshare.c.6958017.v1;Central European Institute of Technology – Masaryk University;https://ror.org/009nz6031;Masaryk University;centraleuropean institute of technology – masaryk university;masarykuniversity;;match?
10.6084/m9.figshare.c.6958017.v1;Central European Institute of Technology – Masaryk University;https://ror.org/009nz6031;Masaryk University;centraleuropean institute of technology – masaryk university;masarykuniversity;;match?
10.6084/m9.figshare.c.6958017.v1;Central European Institute of Technology – Masaryk University;https://ror.org/009nz6031;Masaryk University;centraleuropean institute of technology – masaryk university;masarykuniversity;;match?
10.6084/m9.figshare.c.6958017.v1;Central European Institute of Technology – Masaryk University;https://ror.org/009nz6031;Masaryk University;centraleuropean institute of technology – masaryk university;masarykuniversity;;match?
10.6084/m9.figshare.c.6958017.v1;Central European Institute of Technology – Masaryk University;https://ror.org/009nz6031;Masaryk University;centraleuropean institute of technology – masaryk university;masarykuniversity;;match?
10.6084/m9.figshare.c.6958017.v1;Central European Institute of Technology – Masaryk University;https://ror.org/009nz6031;Masaryk University;centraleuropean institute of technology – masaryk university;masarykuniversity;;match?
10.6084/m9.figshare.c.6958017.v1;Central European Institute of Technology – Masaryk University;https://ror.org/009nz6031;Masaryk University;centraleuropean institute of technology – masaryk university;masarykuniversity;;match?
10.6084/m9.figshare.c.6958017.v1;Central European Institute of Technology – Masaryk University;https://ror.org/009nz6031;Masaryk University;centraleuropean institute of technology – masaryk university;masarykuniversity;;match?
10.6084/m9.figshare.c.6958017.v1;Masaryk University;https://ror.org/02j46qs45;Masaryk University;masarykuniversity;masarykuniversity;auto_substring;
10.6084/m9.figshare.c.6958017.v1;Masaryk University;https://ror.org/02j46qs45;Masaryk University;masarykuniversity;masarykuniversity;auto_substring;
10.6084/m9.figshare.c.6958017.v1;Masaryk University;https://ror.org/02j46qs45;Masaryk University;masarykuniversity;masarykuniversity;auto_substring;
10.6084/m9.figshare.c.6958017.v1;Masaryk University;https://ror.org/02j46qs45;Masaryk University;masarykuniversity;masarykuniversity;auto_substring;
10.6084/m9.figshare.c.6958017.v1;Masaryk University;https://ror.org/02j46qs45;Masaryk University;masarykuniversity;masarykuniversity;auto_substring;
10.6084/m9.figshare.c.6958017.v1;Masaryk University;https://ror.org/02j46qs45;Masaryk University;masarykuniversity;masarykuniversity;auto_substring;
10.6084/m9.figshare.c.6958017.v1;Masaryk University;https://ror.org/02j46qs45;Masaryk University;masarykuniversity;masarykuniversity;auto_substring;
10.6084/m9.figshare.c.6958017.v1;Masaryk University;https://ror.org/02j46qs45;Masaryk University;masarykuniversity;masarykuniversity;auto_substring;
10.6084/m9.figshare.c.6958017.v1;Masaryk University;https://ror.org/02j46qs45;Masaryk University;masarykuniversity;masarykuniversity;auto_substring;
10.6084/m9.figshare.c.6958017.v1;Masaryk University;https://ror.org/02j46qs45;Masaryk University;masarykuniversity;masarykuniversity;auto_substring;
10.6084/m9.figshare.c.6958017.v1;Masaryk University;https://ror.org/02j46qs45;Masaryk University;masarykuniversity;masarykuniversity;auto_substring;
10.6084/m9.figshare.c.7040196.v1;International Clinical Research Center of St. Anne's University Hospital Brno;https://ror.org/027v97282;International Clinical Research Center of St. Anne's University Hospital Brno;internationalclinical research center of st. anne's university hospital brno;internationalclinical research center of st. anne's university hospital brno;auto_substring;
10.6084/m9.figshare.c.7040196.v1;St. Anne´s University Hospital;https://ror.org/049bjee35;International Clinical Research Center of St. Anne's University Hospital Brno;stanne´s university hospital;internationalclinical research center of st. anne's university hospital brno;;match
10.6084/m9.figshare.c.7045889.v1;Charles University;https://ror.org/024d6js02;Charles University;charlesuniversity;charlesuniversity;auto_substring;
10.6084/m9.figshare.c.7045889.v1;Charles University;https://ror.org/024d6js02;Charles University;charlesuniversity;charlesuniversity;auto_substring;
10.6084/m9.figshare.c.7045889.v1;Charles University;https://ror.org/024d6js02;Charles University;charlesuniversity;charlesuniversity;auto_substring;
10.6084/m9.figshare.c.7045889.v1;Charles University;https://ror.org/024d6js02;Charles University;charlesuniversity;charlesuniversity;auto_substring;
10.6084/m9.figshare.c.7045889.v1;Charles University;https://ror.org/024d6js02;Charles University;charlesuniversity;charlesuniversity;auto_substring;
10.6084/m9.figshare.c.7045889.v1;Fakultní nemocnice Královské Vinohrady;https://ror.org/04sg4ka71;Charles University;fakultninemocnice kralovske vinohrady;charlesuniversity;;match?
10.6084/m9.figshare.c.7045889.v1;Fakultní nemocnice Královské Vinohrady;https://ror.org/04sg4ka71;Charles University;fakultninemocnice kralovske vinohrady;charlesuniversity;;match?
10.6084/m9.figshare.c.7045889.v1;Fakultní nemocnice Královské Vinohrady;https://ror.org/04sg4ka71;Charles University;fakultninemocnice kralovske vinohrady;charlesuniversity;;match?
10.6084/m9.figshare.c.7045889.v1;Fakultní nemocnice Královské Vinohrady;https://ror.org/04sg4ka71;Charles University;fakultninemocnice kralovske vinohrady;charlesuniversity;;match?
10.6084/m9.figshare.c.7045889.v1;Fakultní nemocnice Královské Vinohrady;https://ror.org/04sg4ka71;Charles University;fakultninemocnice kralovske vinohrady;charlesuniversity;;match?
10.6084/m9.figshare.c.7185629.v1;Czech Academy of Sciences;https://ror.org/053avzc18;Czech Academy of Sciences;czechacademy of sciences;czechacademy of sciences;auto_substring;
10.6084/m9.figshare.c.7185629.v1;Czech Academy of Sciences;https://ror.org/053avzc18;Czech Academy of Sciences;czechacademy of sciences;czechacademy of sciences;auto_substring;
10.6084/m9.figshare.c.7185629.v1;Institute of Clinical and Experimental Medicine;https://ror.org/036zr1b90;Czech Academy of Sciences;instituteof clinical and experimental medicine;czechacademy of sciences;;match?
10.6084/m9.figshare.c.7185629.v1;Institute of Clinical and Experimental Medicine;https://ror.org/036zr1b90;Czech Academy of Sciences;instituteof clinical and experimental medicine;czechacademy of sciences;;match?
10.6084/m9.figshare.c.7196998.v1;University Hospital Hradec Králové;https://ror.org/04wckhb82;University Hospital Hradec Králové;universityhospital hradec kralove;universityhospital hradec kralove;auto_substring;
10.6084/m9.figshare.c.7196998.v1;University Hospital Hradec Králové;https://ror.org/04wckhb82;University Hospital Hradec Králové;universityhospital hradec kralove;universityhospital hradec kralove;auto_substring;
10.6084/m9.figshare.c.7196998.v1;University Hospital Hradec Králové;https://ror.org/04wckhb82;University Hospital Hradec Králové;universityhospital hradec kralove;universityhospital hradec kralove;auto_substring;
10.6084/m9.figshare.c.7196998.v1;University Hospital Hradec Králové;https://ror.org/04wckhb82;University Hospital Hradec Králové;universityhospital hradec kralove;universityhospital hradec kralove;auto_substring;
10.6084/m9.figshare.c.7196998.v1;University Hospital Hradec Králové;https://ror.org/04wckhb82;University Hospital Hradec Králové;universityhospital hradec kralove;universityhospital hradec kralove;auto_substring;
10.6084/m9.figshare.c.7196998.v1;University Hospital Hradec Králové;https://ror.org/04wckhb82;University Hospital Hradec Králové;universityhospital hradec kralove;universityhospital hradec kralove;auto_substring;
10.6084/m9.figshare.c.7196998.v1;University Hospital Hradec Králové;https://ror.org/04wckhb82;University Hospital Hradec Králové;universityhospital hradec kralove;universityhospital hradec kralove;auto_substring;
10.6084/m9.figshare.c.7196998.v1;University of Hradec Králové;https://ror.org/05k238v14;University Hospital Hradec Králové;universityof hradec kralove;universityhospital hradec kralove;;match
10.6084/m9.figshare.c.7196998.v1;University of Hradec Králové;https://ror.org/05k238v14;University Hospital Hradec Králové;universityof hradec kralove;universityhospital hradec kralove;;match
10.6084/m9.figshare.c.7196998.v1;University of Hradec Králové;https://ror.org/05k238v14;University Hospital Hradec Králové;universityof hradec kralove;universityhospital hradec kralove;;match
10.6084/m9.figshare.c.7196998.v1;University of Hradec Králové;https://ror.org/05k238v14;University Hospital Hradec Králové;universityof hradec kralove;universityhospital hradec kralove;;match
10.6084/m9.figshare.c.7196998.v1;University of Hradec Králové;https://ror.org/05k238v14;University Hospital Hradec Králové;universityof hradec kralove;universityhospital hradec kralove;;match
10.6084/m9.figshare.c.7196998.v1;University of Hradec Králové;https://ror.org/05k238v14;University Hospital Hradec Králové;universityof hradec kralove;universityhospital hradec kralove;;match
10.6084/m9.figshare.c.7196998.v1;University of Hradec Králové;https://ror.org/05k238v14;University Hospital Hradec Králové;universityof hradec kralove;universityhospital hradec kralove;;match
10.6084/m9.figshare.c.7232063.v1;University Hospital Hradec Králové;https://ror.org/04wckhb82;University Hospital Hradec Králové;universityhospital hradec kralove;universityhospital hradec kralove;auto_substring;
10.6084/m9.figshare.c.7232063.v1;University of Hradec Králové;https://ror.org/05k238v14;University Hospital Hradec Králové;universityof hradec kralove;universityhospital hradec kralove;;match
10.6084/m9.figshare.c.7264690.v1;Central European Institute of Technology;https://ror.org/01p7k1986;Central European Institute of Technology – Masaryk University;centraleuropean institute of technology;centraleuropean institute of technology – masaryk university;auto_substring;
10.6084/m9.figshare.c.7264690.v1;Central European Institute of Technology;https://ror.org/01p7k1986;Central European Institute of Technology – Masaryk University;centraleuropean institute of technology;centraleuropean institute of technology – masaryk university;auto_substring;
10.6084/m9.figshare.c.7264690.v1;Central European Institute of Technology – Masaryk University;https://ror.org/009nz6031;Central European Institute of Technology – Masaryk University;centraleuropean institute of technology – masaryk university;centraleuropean institute of technology – masaryk university;auto_substring;
10.6084/m9.figshare.c.7264690.v1;Central European Institute of Technology – Masaryk University;https://ror.org/009nz6031;Central European Institute of Technology – Masaryk University;centraleuropean institute of technology – masaryk university;centraleuropean institute of technology – masaryk university;auto_substring;
10.6084/m9.figshare.c.7264690.v1;Masaryk University;https://ror.org/02j46qs45;Central European Institute of Technology – Masaryk University;masarykuniversity;centraleuropean institute of technology – masaryk university;;match?
10.6084/m9.figshare.c.7264690.v1;Masaryk University;https://ror.org/02j46qs45;Central European Institute of Technology – Masaryk University;masarykuniversity;centraleuropean institute of technology – masaryk university;;match?
10.6084/m9.figshare.c.7264690.v1;Central European Institute of Technology – Masaryk University;https://ror.org/009nz6031;Masaryk University;centraleuropean institute of technology – masaryk university;masarykuniversity;;match?
10.6084/m9.figshare.c.7264690.v1;Central European Institute of Technology – Masaryk University;https://ror.org/009nz6031;Masaryk University;centraleuropean institute of technology – masaryk university;masarykuniversity;;match?
10.6084/m9.figshare.c.7264690.v1;Central European Institute of Technology – Masaryk University;https://ror.org/009nz6031;Masaryk University;centraleuropean institute of technology – masaryk university;masarykuniversity;;match?
10.6084/m9.figshare.c.7264690.v1;Central European Institute of Technology – Masaryk University;https://ror.org/009nz6031;Masaryk University;centraleuropean institute of technology – masaryk university;masarykuniversity;;match?
10.6084/m9.figshare.c.7264690.v1;Central European Institute of Technology – Masaryk University;https://ror.org/009nz6031;Masaryk University;centraleuropean institute of technology – masaryk university;masarykuniversity;;match?
10.6084/m9.figshare.c.7264690.v1;Central European Institute of Technology – Masaryk University;https://ror.org/009nz6031;Masaryk University;centraleuropean institute of technology – masaryk university;masarykuniversity;;match?
10.6084/m9.figshare.c.7264690.v1;Central European Institute of Technology – Masaryk University;https://ror.org/009nz6031;Masaryk University;centraleuropean institute of technology – masaryk university;masarykuniversity;;match?
10.6084/m9.figshare.c.7264690.v1;Central European Institute of Technology – Masaryk University;https://ror.org/009nz6031;Masaryk University;centraleuropean institute of technology – masaryk university;masarykuniversity;;match?
10.6084/m9.figshare.c.7264690.v1;Masaryk University;https://ror.org/02j46qs45;Masaryk University;masarykuniversity;masarykuniversity;auto_substring;
10.6084/m9.figshare.c.7264690.v1;Masaryk University;https://ror.org/02j46qs45;Masaryk University;masarykuniversity;masarykuniversity;auto_substring;
10.6084/m9.figshare.c.7264690.v1;Masaryk University;https://ror.org/02j46qs45;Masaryk University;masarykuniversity;masarykuniversity;auto_substring;
10.6084/m9.figshare.c.7264690.v1;Masaryk University;https://ror.org/02j46qs45;Masaryk University;masarykuniversity;masarykuniversity;auto_substring;
10.6084/m9.figshare.c.7264690.v1;Masaryk University;https://ror.org/02j46qs45;Masaryk University;masarykuniversity;masarykuniversity;auto_substring;
10.6084/m9.figshare.c.7264690.v1;Masaryk University;https://ror.org/02j46qs45;Masaryk University;masarykuniversity;masarykuniversity;auto_substring;
10.6084/m9.figshare.c.7264690.v1;Masaryk University;https://ror.org/02j46qs45;Masaryk University;masarykuniversity;masarykuniversity;auto_substring;
10.6084/m9.figshare.c.7264690.v1;Masaryk University;https://ror.org/02j46qs45;Masaryk University;masarykuniversity;masarykuniversity;auto_substring;
10.6084/m9.figshare.c.7372004.v1;International Clinical Research Center of St. Anne's University Hospital Brno;https://ror.org/027v97282;International Clinical Research Center of St. Anne's University Hospital Brno;internationalclinical research center of st. anne's university hospital brno;internationalclinical research center of st. anne's university hospital brno;auto_substring;
10.6084/m9.figshare.c.7372004.v1;International Clinical Research Center of St. Anne's University Hospital Brno;https://ror.org/027v97282;International Clinical Research Center of St. Anne's University Hospital Brno;internationalclinical research center of st. anne's university hospital brno;internationalclinical research center of st. anne's university hospital brno;auto_substring;
10.6084/m9.figshare.c.7372004.v1;International Clinical Research Center of St. Anne's University Hospital Brno;https://ror.org/027v97282;International Clinical Research Center of St. Anne's University Hospital Brno;internationalclinical research center of st. anne's university hospital brno;internationalclinical research center of st. anne's university hospital brno;auto_substring;
10.6084/m9.figshare.c.7372004.v1;International Clinical Research Center of St. Anne's University Hospital Brno;https://ror.org/027v97282;International Clinical Research Center of St. Anne's University Hospital Brno;internationalclinical research center of st. anne's university hospital brno;internationalclinical research center of st. anne's university hospital brno;auto_substring;
10.6084/m9.figshare.c.7372004.v1;International Clinical Research Center of St. Anne's University Hospital Brno;https://ror.org/027v97282;International Clinical Research Center of St. Anne's University Hospital Brno;internationalclinical research center of st. anne's university hospital brno;internationalclinical research center of st. anne's university hospital brno;auto_substring;
10.6084/m9.figshare.c.7372004.v1;International Clinical Research Center of St. Anne's University Hospital Brno;https://ror.org/027v97282;International Clinical Research Center of St. Anne's University Hospital Brno;internationalclinical research center of st. anne's university hospital brno;internationalclinical research center of st. anne's university hospital brno;auto_substring;
10.6084/m9.figshare.c.7372004.v1;International Clinical Research Center of St. Anne's University Hospital Brno;https://ror.org/027v97282;International Clinical Research Center of St. Anne's University Hospital Brno;internationalclinical research center of st. anne's university hospital brno;internationalclinical research center of st. anne's university hospital brno;auto_substring;
10.6084/m9.figshare.c.7372004.v1;International Clinical Research Center of St. Anne's University Hospital Brno;https://ror.org/027v97282;International Clinical Research Center of St. Anne's University Hospital Brno;internationalclinical research center of st. anne's university hospital brno;internationalclinical research center of st. anne's university hospital brno;auto_substring;
10.6084/m9.figshare.c.7372004.v1;St. Anne´s University Hospital;https://ror.org/049bjee35;International Clinical Research Center of St. Anne's University Hospital Brno;stanne´s university hospital;internationalclinical research center of st. anne's university hospital brno;;match
10.6084/m9.figshare.c.7372004.v1;St. Anne´s University Hospital;https://ror.org/049bjee35;International Clinical Research Center of St. Anne's University Hospital Brno;stanne´s university hospital;internationalclinical research center of st. anne's university hospital brno;;match
10.6084/m9.figshare.c.7372004.v1;St. Anne´s University Hospital;https://ror.org/049bjee35;International Clinical Research Center of St. Anne's University Hospital Brno;stanne´s university hospital;internationalclinical research center of st. anne's university hospital brno;;match
10.6084/m9.figshare.c.7372004.v1;St. Anne´s University Hospital;https://ror.org/049bjee35;International Clinical Research Center of St. Anne's University Hospital Brno;stanne´s university hospital;internationalclinical research center of st. anne's university hospital brno;;match
10.6084/m9.figshare.c.7372004.v1;St. Anne´s University Hospital;https://ror.org/049bjee35;International Clinical Research Center of St. Anne's University Hospital Brno;stanne´s university hospital;internationalclinical research center of st. anne's university hospital brno;;match
10.6084/m9.figshare.c.7372004.v1;St. Anne´s University Hospital;https://ror.org/049bjee35;International Clinical Research Center of St. Anne's University Hospital Brno;stanne´s university hospital;internationalclinical research center of st. anne's university hospital brno;;match
10.6084/m9.figshare.c.7372004.v1;St. Anne´s University Hospital;https://ror.org/049bjee35;International Clinical Research Center of St. Anne's University Hospital Brno;stanne´s university hospital;internationalclinical research center of st. anne's university hospital brno;;match
10.6084/m9.figshare.c.7372004.v1;St. Anne´s University Hospital;https://ror.org/049bjee35;International Clinical Research Center of St. Anne's University Hospital Brno;stanne´s university hospital;internationalclinical research center of st. anne's university hospital brno;;match
10.6084/m9.figshare.c.7400719.v1;Charles University;https://ror.org/024d6js02;Charles University;charlesuniversity;charlesuniversity;auto_substring;
10.6084/m9.figshare.c.7400719.v1;Charles University;https://ror.org/024d6js02;Charles University;charlesuniversity;charlesuniversity;auto_substring;
10.6084/m9.figshare.c.7400719.v1;Fakultní nemocnice Královské Vinohrady;https://ror.org/04sg4ka71;Charles University;fakultninemocnice kralovske vinohrady;charlesuniversity;;match?
10.6084/m9.figshare.c.7400719.v1;Fakultní nemocnice Královské Vinohrady;https://ror.org/04sg4ka71;Charles University;fakultninemocnice kralovske vinohrady;charlesuniversity;;match?
10.6084/m9.figshare.c.7415533.v1;Czech Academy of Sciences;https://ror.org/053avzc18;Czech Academy of Sciences;czechacademy of sciences;czechacademy of sciences;auto_substring;
10.6084/m9.figshare.c.7415533.v1;Institute of Clinical and Experimental Medicine;https://ror.org/036zr1b90;Czech Academy of Sciences;instituteof clinical and experimental medicine;czechacademy of sciences;;match?
10.6084/m9.figshare.c.7640687.v1;Czech Academy of Sciences;https://ror.org/053avzc18;Czech Academy of Sciences;czechacademy of sciences;czechacademy of sciences;auto_substring;
10.6084/m9.figshare.c.7640687.v1;Institute of Haematology and Blood Transfusion;https://ror.org/00n6rde07;Czech Academy of Sciences;instituteof haematology and blood transfusion;czechacademy of sciences;;match?
10.6084/m9.figshare.c.7649648.v1;Central European Institute of Technology;https://ror.org/01p7k1986;Central European Institute of Technology – Masaryk University;centraleuropean institute of technology;centraleuropean institute of technology – masaryk university;auto_substring;
10.6084/m9.figshare.c.7649648.v1;Central European Institute of Technology;https://ror.org/01p7k1986;Central European Institute of Technology – Masaryk University;centraleuropean institute of technology;centraleuropean institute of technology – masaryk university;auto_substring;
10.6084/m9.figshare.c.7649648.v1;Central European Institute of Technology – Masaryk University;https://ror.org/009nz6031;Central European Institute of Technology – Masaryk University;centraleuropean institute of technology – masaryk university;centraleuropean institute of technology – masaryk university;auto_substring;
10.6084/m9.figshare.c.7649648.v1;Central European Institute of Technology – Masaryk University;https://ror.org/009nz6031;Central European Institute of Technology – Masaryk University;centraleuropean institute of technology – masaryk university;centraleuropean institute of technology – masaryk university;auto_substring;
10.6084/m9.figshare.c.7649648.v1;Masaryk University;https://ror.org/02j46qs45;Central European Institute of Technology – Masaryk University;masarykuniversity;centraleuropean institute of technology – masaryk university;;match?
10.6084/m9.figshare.c.7649648.v1;Masaryk University;https://ror.org/02j46qs45;Central European Institute of Technology – Masaryk University;masarykuniversity;centraleuropean institute of technology – masaryk university;;match?
10.6084/m9.figshare.c.7649648.v1;International Clinical Research Center of St. Anne's University Hospital Brno;https://ror.org/027v97282;International Clinical Research Center of St. Anne's University Hospital Brno;internationalclinical research center of st. anne's university hospital brno;internationalclinical research center of st. anne's university hospital brno;auto_substring;
10.6084/m9.figshare.c.7649648.v1;St. Anne´s University Hospital;https://ror.org/049bjee35;International Clinical Research Center of St. Anne's University Hospital Brno;stanne´s university hospital;internationalclinical research center of st. anne's university hospital brno;;match
10.6084/m9.figshare.c.7649648.v1;Central European Institute of Technology – Masaryk University;https://ror.org/009nz6031;Masaryk University;centraleuropean institute of technology – masaryk university;masarykuniversity;;match?
10.6084/m9.figshare.c.7649648.v1;Central European Institute of Technology – Masaryk University;https://ror.org/009nz6031;Masaryk University;centraleuropean institute of technology – masaryk university;masarykuniversity;;match?
10.6084/m9.figshare.c.7649648.v1;Central European Institute of Technology – Masaryk University;https://ror.org/009nz6031;Masaryk University;centraleuropean institute of technology – masaryk university;masarykuniversity;;match?
10.6084/m9.figshare.c.7649648.v1;Central European Institute of Technology – Masaryk University;https://ror.org/009nz6031;Masaryk University;centraleuropean institute of technology – masaryk university;masarykuniversity;;match?
10.6084/m9.figshare.c.7649648.v1;Central European Institute of Technology – Masaryk University;https://ror.org/009nz6031;Masaryk University;centraleuropean institute of technology – masaryk university;masarykuniversity;;match?
10.6084/m9.figshare.c.7649648.v1;Central European Institute of Technology – Masaryk University;https://ror.org/009nz6031;Masaryk University;centraleuropean institute of technology – masaryk university;masarykuniversity;;match?
10.6084/m9.figshare.c.7649648.v1;Masaryk University;https://ror.org/02j46qs45;Masaryk University;masarykuniversity;masarykuniversity;auto_substring;
10.6084/m9.figshare.c.7649648.v1;Masaryk University;https://ror.org/02j46qs45;Masaryk University;masarykuniversity;masarykuniversity;auto_substring;
10.6084/m9.figshare.c.7649648.v1;Masaryk University;https://ror.org/02j46qs45;Masaryk University;masarykuniversity;masarykuniversity;auto_substring;
10.6084/m9.figshare.c.7649648.v1;Masaryk University;https://ror.org/02j46qs45;Masaryk University;masarykuniversity;masarykuniversity;auto_substring;
10.6084/m9.figshare.c.7649648.v1;Masaryk University;https://ror.org/02j46qs45;Masaryk University;masarykuniversity;masarykuniversity;auto_substring;
10.6084/m9.figshare.c.7649648.v1;Masaryk University;https://ror.org/02j46qs45;Masaryk University;masarykuniversity;masarykuniversity;auto_substring;
10.6084/m9.figshare.c.7649648.v1;International Clinical Research Center of St. Anne's University Hospital Brno;https://ror.org/027v97282;University Hospital Brno;internationalclinical research center of st. anne's university hospital brno;universityhospital brno;;match?
10.6084/m9.figshare.c.7649648.v1;International Clinical Research Center of St. Anne's University Hospital Brno;https://ror.org/027v97282;University Hospital Brno;internationalclinical research center of st. anne's university hospital brno;universityhospital brno;;match?
10.6084/m9.figshare.c.7649648.v1;International Clinical Research Center of St. Anne's University Hospital Brno;https://ror.org/027v97282;University Hospital Brno;internationalclinical research center of st. anne's university hospital brno;universityhospital brno;;match?
10.6084/m9.figshare.c.7649648.v1;University Hospital Brno;https://ror.org/00qq1fp34;University Hospital Brno;universityhospital brno;universityhospital brno;auto_substring;
10.6084/m9.figshare.c.7649648.v1;University Hospital Brno;https://ror.org/00qq1fp34;University Hospital Brno;universityhospital brno;universityhospital brno;auto_substring;
10.6084/m9.figshare.c.7649648.v1;University Hospital Brno;https://ror.org/00qq1fp34;University Hospital Brno;universityhospital brno;universityhospital brno;auto_substring;
10.6084/m9.figshare.c.7649648.v1;University Hospital Brno;https://ror.org/00qq1fp34;University Hospital Brno;universityhospital brno;universityhospital brno;auto_substring;
10.6084/m9.figshare.c.7732283.v1;International Clinical Research Center of St. Anne's University Hospital Brno;https://ror.org/027v97282;International Clinical Research Center of St. Anne's University Hospital Brno;internationalclinical research center of st. anne's university hospital brno;internationalclinical research center of st. anne's university hospital brno;auto_substring;
10.6084/m9.figshare.c.7732283.v1;International Clinical Research Center of St. Anne's University Hospital Brno;https://ror.org/027v97282;International Clinical Research Center of St. Anne's University Hospital Brno;internationalclinical research center of st. anne's university hospital brno;internationalclinical research center of st. anne's university hospital brno;auto_substring;
10.6084/m9.figshare.c.7732283.v1;International Clinical Research Center of St. Anne's University Hospital Brno;https://ror.org/027v97282;International Clinical Research Center of St. Anne's University Hospital Brno;internationalclinical research center of st. anne's university hospital brno;internationalclinical research center of st. anne's university hospital brno;auto_substring;
10.6084/m9.figshare.c.7732283.v1;International Clinical Research Center of St. Anne's University Hospital Brno;https://ror.org/027v97282;International Clinical Research Center of St. Anne's University Hospital Brno;internationalclinical research center of st. anne's university hospital brno;internationalclinical research center of st. anne's university hospital brno;auto_substring;
10.6084/m9.figshare.c.7732283.v1;International Clinical Research Center of St. Anne's University Hospital Brno;https://ror.org/027v97282;International Clinical Research Center of St. Anne's University Hospital Brno;internationalclinical research center of st. anne's university hospital brno;internationalclinical research center of st. anne's university hospital brno;auto_substring;
10.6084/m9.figshare.c.7732283.v1;International Clinical Research Center of St. Anne's University Hospital Brno;https://ror.org/027v97282;International Clinical Research Center of St. Anne's University Hospital Brno;internationalclinical research center of st. anne's university hospital brno;internationalclinical research center of st. anne's university hospital brno;auto_substring;
10.6084/m9.figshare.c.7732283.v1;St. Anne´s University Hospital;https://ror.org/049bjee35;International Clinical Research Center of St. Anne's University Hospital Brno;stanne´s university hospital;internationalclinical research center of st. anne's university hospital brno;;match
10.6084/m9.figshare.c.7732283.v1;St. Anne´s University Hospital;https://ror.org/049bjee35;International Clinical Research Center of St. Anne's University Hospital Brno;stanne´s university hospital;internationalclinical research center of st. anne's university hospital brno;;match
10.6084/m9.figshare.c.7732283.v1;St. Anne´s University Hospital;https://ror.org/049bjee35;International Clinical Research Center of St. Anne's University Hospital Brno;stanne´s university hospital;internationalclinical research center of st. anne's university hospital brno;;match
10.6084/m9.figshare.c.7732283.v1;St. Anne´s University Hospital;https://ror.org/049bjee35;International Clinical Research Center of St. Anne's University Hospital Brno;stanne´s university hospital;internationalclinical research center of st. anne's university hospital brno;;match
10.6084/m9.figshare.c.7732283.v1;St. Anne´s University Hospital;https://ror.org/049bjee35;International Clinical Research Center of St. Anne's University Hospital Brno;stanne´s university hospital;internationalclinical research center of st. anne's university hospital brno;;match
10.6084/m9.figshare.c.7732283.v1;St. Anne´s University Hospital;https://ror.org/049bjee35;International Clinical Research Center of St. Anne's University Hospital Brno;stanne´s university hospital;internationalclinical research center of st. anne's university hospital brno;;match
10.6084/m9.figshare.c.7801480.v1;Central European Institute of Technology;https://ror.org/01p7k1986;Central European Institute of Technology – Masaryk University;centraleuropean institute of technology;centraleuropean institute of technology – masaryk university;auto_substring;
10.6084/m9.figshare.c.7801480.v1;Central European Institute of Technology – Masaryk University;https://ror.org/009nz6031;Central European Institute of Technology – Masaryk University;centraleuropean institute of technology – masaryk university;centraleuropean institute of technology – masaryk university;auto_substring;
10.6084/m9.figshare.c.7801480.v1;Masaryk University;https://ror.org/02j46qs45;Central European Institute of Technology – Masaryk University;masarykuniversity;centraleuropean institute of technology – masaryk university;;match?
10.6084/m9.figshare.c.7801480.v1;Central European Institute of Technology – Masaryk University;https://ror.org/009nz6031;Masaryk University;centraleuropean institute of technology – masaryk university;masarykuniversity;;match?
10.6084/m9.figshare.c.7801480.v1;Masaryk University;https://ror.org/02j46qs45;Masaryk University;masarykuniversity;masarykuniversity;auto_substring;
10.6084/m9.figshare.c.7828330.v1;Central European Institute of Technology;https://ror.org/01p7k1986;Central European Institute of Technology – Masaryk University;centraleuropean institute of technology;centraleuropean institute of technology – masaryk university;auto_substring;
10.6084/m9.figshare.c.7828330.v1;Central European Institute of Technology – Masaryk University;https://ror.org/009nz6031;Central European Institute of Technology – Masaryk University;centraleuropean institute of technology – masaryk university;centraleuropean institute of technology – masaryk university;auto_substring;
10.6084/m9.figshare.c.7828330.v1;Masaryk University;https://ror.org/02j46qs45;Central European Institute of Technology – Masaryk University;masarykuniversity;centraleuropean institute of technology – masaryk university;;match?
10.6084/m9.figshare.c.7828330.v1;Central European Institute of Technology – Masaryk University;https://ror.org/009nz6031;Masaryk University;centraleuropean institute of technology – masaryk university;masarykuniversity;;match?
10.6084/m9.figshare.c.7828330.v1;Masaryk University;https://ror.org/02j46qs45;Masaryk University;masarykuniversity;masarykuniversity;auto_substring;
10.6084/m9.figshare.c.7844991.v1;Czech Academy of Sciences;https://ror.org/053avzc18;Czech Academy of Sciences;czechacademy of sciences;czechacademy of sciences;auto_substring;
10.6084/m9.figshare.c.7844991.v1;Czech Academy of Sciences;https://ror.org/053avzc18;Czech Academy of Sciences;czechacademy of sciences;czechacademy of sciences;auto_substring;
10.6084/m9.figshare.c.7844991.v1;Czech Academy of Sciences;https://ror.org/053avzc18;Czech Academy of Sciences;czechacademy of sciences;czechacademy of sciences;auto_substring;
10.6084/m9.figshare.c.7844991.v1;Czech Academy of Sciences;https://ror.org/053avzc18;Czech Academy of Sciences;czechacademy of sciences;czechacademy of sciences;auto_substring;
10.6084/m9.figshare.c.7844991.v1;Czech Academy of Sciences;https://ror.org/053avzc18;Czech Academy of Sciences;czechacademy of sciences;czechacademy of sciences;auto_substring;
10.6084/m9.figshare.c.7844991.v1;Institute of Clinical and Experimental Medicine;https://ror.org/036zr1b90;Czech Academy of Sciences;instituteof clinical and experimental medicine;czechacademy of sciences;;match?
10.6084/m9.figshare.c.7844991.v1;Institute of Clinical and Experimental Medicine;https://ror.org/036zr1b90;Czech Academy of Sciences;instituteof clinical and experimental medicine;czechacademy of sciences;;match?
10.6084/m9.figshare.c.7844991.v1;Institute of Clinical and Experimental Medicine;https://ror.org/036zr1b90;Czech Academy of Sciences;instituteof clinical and experimental medicine;czechacademy of sciences;;match?
10.6084/m9.figshare.c.7844991.v1;Institute of Clinical and Experimental Medicine;https://ror.org/036zr1b90;Czech Academy of Sciences;instituteof clinical and experimental medicine;czechacademy of sciences;;match?
10.6084/m9.figshare.c.7844991.v1;Institute of Clinical and Experimental Medicine;https://ror.org/036zr1b90;Czech Academy of Sciences;instituteof clinical and experimental medicine;czechacademy of sciences;;match?
10.6084/m9.figshare.c.7945172.v1;University Hospital Hradec Králové;https://ror.org/04wckhb82;University Hospital Hradec Králové;universityhospital hradec kralove;universityhospital hradec kralove;auto_substring;
10.6084/m9.figshare.c.7945172.v1;University Hospital Hradec Králové;https://ror.org/04wckhb82;University Hospital Hradec Králové;universityhospital hradec kralove;universityhospital hradec kralove;auto_substring;
10.6084/m9.figshare.c.7945172.v1;University Hospital Hradec Králové;https://ror.org/04wckhb82;University Hospital Hradec Králové;universityhospital hradec kralove;universityhospital hradec kralove;auto_substring;
10.6084/m9.figshare.c.7945172.v1;University of Hradec Králové;https://ror.org/05k238v14;University Hospital Hradec Králové;universityof hradec kralove;universityhospital hradec kralove;;match
10.6084/m9.figshare.c.7945172.v1;University of Hradec Králové;https://ror.org/05k238v14;University Hospital Hradec Králové;universityof hradec kralove;universityhospital hradec kralove;;match
10.6084/m9.figshare.c.7945172.v1;University of Hradec Králové;https://ror.org/05k238v14;University Hospital Hradec Králové;universityof hradec kralove;universityhospital hradec kralove;;match
10.6084/m9.figshare.c.7953063.v1;International Clinical Research Center of St. Anne's University Hospital Brno;https://ror.org/027v97282;International Clinical Research Center of St. Anne's University Hospital Brno;internationalclinical research center of st. anne's university hospital brno;internationalclinical research center of st. anne's university hospital brno;auto_substring;
10.6084/m9.figshare.c.7953063.v1;St. Anne´s University Hospital;https://ror.org/049bjee35;International Clinical Research Center of St. Anne's University Hospital Brno;stanne´s university hospital;internationalclinical research center of st. anne's university hospital brno;;match
10.6084/m9.figshare.c.7976865.v1;University Hospital Hradec Králové;https://ror.org/04wckhb82;University Hospital Hradec Králové;universityhospital hradec kralove;universityhospital hradec kralove;auto_substring;
10.6084/m9.figshare.c.7976865.v1;University Hospital Hradec Králové;https://ror.org/04wckhb82;University Hospital Hradec Králové;universityhospital hradec kralove;universityhospital hradec kralove;auto_substring;
10.6084/m9.figshare.c.7976865.v1;University Hospital Hradec Králové;https://ror.org/04wckhb82;University Hospital Hradec Králové;universityhospital hradec kralove;universityhospital hradec kralove;auto_substring;
10.6084/m9.figshare.c.7976865.v1;University of Hradec Králové;https://ror.org/05k238v14;University Hospital Hradec Králové;universityof hradec kralove;universityhospital hradec kralove;;match
10.6084/m9.figshare.c.7976865.v1;University of Hradec Králové;https://ror.org/05k238v14;University Hospital Hradec Králové;universityof hradec kralove;universityhospital hradec kralove;;match
10.6084/m9.figshare.c.7976865.v1;University of Hradec Králové;https://ror.org/05k238v14;University Hospital Hradec Králové;universityof hradec kralove;universityhospital hradec kralove;;match
10.7910/dvn/aq2p12;Charles University;https://ror.org/024d6js02;CERGE-EI, a joint workplace of Charles University and the Economics Institute of the Czech Academy of Sciences;charlesuniversity;cergeei, a joint workplace of charles university and the economics institute of the czech academy of sciences;;match?
10.7910/dvn/aq2p12;Charles University;https://ror.org/024d6js02;CERGE-EI, a joint workplace of Charles University and the Economics Institute of the Czech Academy of Sciences;charlesuniversity;cergeei, a joint workplace of charles university and the economics institute of the czech academy of sciences;;match?
10.7910/dvn/aq2p12;Economics Institute;https://ror.org/01y3ft232;CERGE-EI, a joint workplace of Charles University and the Economics Institute of the Czech Academy of Sciences;economicsinstitute;cergeei, a joint workplace of charles university and the economics institute of the czech academy of sciences;auto_substring;
10.7910/dvn/aq2p12;Economics Institute;https://ror.org/01y3ft232;CERGE-EI, a joint workplace of Charles University and the Economics Institute of the Czech Academy of Sciences;economicsinstitute;cergeei, a joint workplace of charles university and the economics institute of the czech academy of sciences;auto_substring;
10.7910/dvn/cgtvi4;Technical University of Ostrava;https://ror.org/05x8mcb75;VSB - TU Ostrava;technicaluniversity of ostrava;vsbtu ostrava;;match
10.7910/dvn/cgtvi4;Technical University of Ostrava;https://ror.org/05x8mcb75;VSB - TU Ostrava;technicaluniversity of ostrava;vsbtu ostrava;;match
10.7910/dvn/cgtvi4;Technical University of Ostrava;https://ror.org/05x8mcb75;VSB - TU Ostrava;technicaluniversity of ostrava;vsbtu ostrava;;match
10.7910/dvn/cgtvi4;University of Ostrava;https://ror.org/00pyqav47;VSB - TU Ostrava;universityof ostrava;vsbtu ostrava;;match
10.7910/dvn/cgtvi4;University of Ostrava;https://ror.org/00pyqav47;VSB - TU Ostrava;universityof ostrava;vsbtu ostrava;;match
10.7910/dvn/cgtvi4;University of Ostrava;https://ror.org/00pyqav47;VSB - TU Ostrava;universityof ostrava;vsbtu ostrava;;match
10.7910/dvn/lxjsnz;Charles University;https://ror.org/024d6js02;Department of Neurology and Centre of Clinical Neuroscience, First Faculty of Medicine, Charles University and General University Hospital, Prague, Czech Republic;charlesuniversity;departmentof neurology and centre of clinical neuroscience, first faculty of medicine, charles university and general university hospital, prague, czech republic;;match
10.7910/dvn/lxjsnz;General University Hospital in Prague;https://ror.org/04yg23125;Department of Neurology and Centre of Clinical Neuroscience, First Faculty of Medicine, Charles University and General University Hospital, Prague, Czech Republic;generaluniversity hospital in prague;departmentof neurology and centre of clinical neuroscience, first faculty of medicine, charles university and general university hospital, prague, czech republic;;match?
10.7910/dvn/zfzi3i;Charles University;https://ror.org/024d6js02;CERGE-EI (a Joint Workplace of Charles University in Prague and the Economics Institute of the Czech Academy of Sciences) and Institute of Economic Studies, Faculty of Social Sciences, Charles University;charlesuniversity;cergeei (a joint workplace of charles university in prague and the economics institute of the czech academy of sciences) and institute of economic studies, faculty of social sciences, charles university;;match?
10.7910/dvn/zfzi3i;Economics Institute;https://ror.org/01y3ft232;CERGE-EI (a Joint Workplace of Charles University in Prague and the Economics Institute of the Czech Academy of Sciences) and Institute of Economic Studies, Faculty of Social Sciences, Charles University;economicsinstitute;cergeei (a joint workplace of charles university in prague and the economics institute of the czech academy of sciences) and institute of economic studies, faculty of social sciences, charles university;auto_substring;
