doi_norm;inst_short_oa;inst_full_oa;affiliation_name;oa_full_norm;dc_aff_norm;manual_match
10.5281/zenodo.14638896;VFN;General University Hospital in Prague;Università degli Studi di Milano;pp;"";""
10.48580/dgsv8;PELC;P.E.L.C. - Private Entomological Laboratory and Collection;;pp;"";""
10.48580/dgs4f;PELC;P.E.L.C. - Private Entomological Laboratory and Collection;National Biodiversity Network Trust;pp;"";""
10.6084/m9.figshare.c.7801480.v1;CEITEC MU;Central European Institute of Technology – Masaryk University;University of Cambridge;p;"";""
10.5281/zenodo.7390416;SZU;National Institute of Public Health;SCIENSANO, Belgium;p;"";""
10.6084/m9.figshare.c.7945178.v1;IKEM;Institute of Clinical and Experimental Medicine;University of Erlangen-Nuremberg;p;"";""
10.14278/rodare.2110;FZU;Institute of Physics;;p;"";""
10.6084/m9.figshare.c.7615573.v1;Institute of Parasitology;Institute of Parasitology;University of South Bohemia in České Budějovice;p;"";""
10.5281/zenodo.16963740;FGÚ;Institute of Physiology;Institute of Biotechnology, Czech Academy of Sciences, Vestec, Czechia;p;"";""
10.5281/zenodo.16894917;CULS;Czech University of Life Sciences Prague;University of Bonn;p;"";""
10.48580/dgsv8;PELC;P.E.L.C. - Private Entomological Laboratory and Collection;;pp;"";""
10.5281/zenodo.6637599;CULS;Czech University of Life Sciences Prague;IVL Swedish Environmental Research Institute, Aschebergsgatan 44, 411 33 Göteborg, Sweeden;p;"";""
10.6084/m9.figshare.c.7158337.v1;Palacký University, Olomouc;Palacký University, Olomouc;Charles University;p;"";""
10.15468/m97sd2;PELC;P.E.L.C. - Private Entomological Laboratory and Collection;Max Planck Institute;pp;p;""
10.5281/zenodo.4603685;Jan Evangelista Purkyně University in Ústí nad Labem;Jan Evangelista Purkyně University in Ústí nad Labem;Forest Research Institute Zvolen;p;"";""
10.5281/zenodo.5711706;CULS;Czech University of Life Sciences Prague;Forestry and Game Management Research Institute;p;"";""
10.6084/m9.figshare.c.7953063.v1;FNUSA;St. Anne´s University Hospital;Centro Universitário Fundação Assis Gurgacz;p;"";""
10.48580/dgtg4;PELC;P.E.L.C. - Private Entomological Laboratory and Collection;Zoological Institute RAS;pp;"";""
10.48580/dgs4f;PELC;P.E.L.C. - Private Entomological Laboratory and Collection;;pp;"";""
10.15468/m97sd2;PELC;P.E.L.C. - Private Entomological Laboratory and Collection;;pp;"";""
10.6084/m9.figshare.c.6184902.v1;IPVZ;Institute for Postgraduate Medical Education;Nemocnice Na Bulovce;p;"";""
10.6084/m9.figshare.c.6787450.v1;CEITEC MU;Central European Institute of Technology – Masaryk University;Medical University of Vienna;p;"";""
10.6084/m9.figshare.c.6787450.v1;CEITEC MU;Central European Institute of Technology – Masaryk University;University of Veterinary Medicine Vienna;p;"";""
10.48580/dgsv8;PELC;P.E.L.C. - Private Entomological Laboratory and Collection;;pp;"";""
10.5281/zenodo.10572480;CULS;Czech University of Life Sciences Prague;Biological Sciences, School of Natural Sciences, University of Tasmania, Hobart, Tasmania, Australia;p;"";""
10.48580/dgt98;PELC;P.E.L.C. - Private Entomological Laboratory and Collection;Royal Botanic Gardens;pp;"";""
10.6084/m9.figshare.c.7149681.v1;VSE;University of Economics Prague;Charles University;p;"";""
10.6084/m9.figshare.19915375.v1;CULS;Czech University of Life Sciences Prague;Okinawa Institute of Science and Technology;p;"";""
10.5281/zenodo.13897824;Palacký University, Olomouc;Palacký University, Olomouc;Czech Academy of Sciences;p;"";""
10.5281/zenodo.4516657;CEITEC MU;Central European Institute of Technology – Masaryk University;CEITEC MU;p;"";""
10.48580/dgsv8;PELC;P.E.L.C. - Private Entomological Laboratory and Collection;;pp;"";""
10.6084/m9.figshare.c.6787807.v1;Palacký University, Olomouc;Palacký University, Olomouc;German Cancer Research Center;p;"";""
10.14473/csda/nyxqpt/50ao5q;Institute of Philosophy;Institute of Philosophy;(ResWell Research Collaboration, Tel Aviv University, Tel Aviv, Israel);pp;"";""
10.14473/csda/decebq;Institute of Philosophy;Institute of Philosophy;ResWell Research Collaboration, Tel Aviv University, Tel Aviv, Israel;pp;"";""
10.6084/m9.figshare.c.6787450.v1;CEITEC MU;Central European Institute of Technology – Masaryk University;Medical University of Vienna;p;"";""
10.6084/m9.figshare.c.6872952.v1;CULS;Czech University of Life Sciences Prague;Charles University;p;"";""
10.6084/m9.figshare.c.6982167.v1;University Hospital Brno;University Hospital Brno;Masaryk University;p;"";""
10.5281/zenodo.17162242;CULS;Czech University of Life Sciences Prague;Institute of Natural Sciences;p;"";""
10.15468/m97sd2;PELC;P.E.L.C. - Private Entomological Laboratory and Collection;;pp;"";""
10.5281/zenodo.10888833;Palacký University, Olomouc;Palacký University, Olomouc;ELTE Eötvös Loránd University;p;"";""
10.48580/dgsv8;PELC;P.E.L.C. - Private Entomological Laboratory and Collection;;pp;"";""
10.6084/m9.figshare.c.6926742.v1;FNUSA;St. Anne´s University Hospital;;p;"";""
10.5281/zenodo.15138020;CRI;Crop Research Institute;Rudolfstetten, Switzerland;p;"";""
10.6084/m9.figshare.20341683.v1;University Hospital Brno;University Hospital Brno;Masaryk University;p;"";""
10.15468/m97sd2;PELC;P.E.L.C. - Private Entomological Laboratory and Collection;Catalogue of Life Foundation;pp;"";""
10.5281/zenodo.15154499;University Hospital Hradec Králové;University Hospital Hradec Králové;;p;"";""
10.15468/m97sd2;PELC;P.E.L.C. - Private Entomological Laboratory and Collection;Australian National Botanic Gardens;pp;"";""
10.48580/dgsv8;PELC;P.E.L.C. - Private Entomological Laboratory and Collection;;pp;"";""
10.5281/zenodo.5711706;CULS;Czech University of Life Sciences Prague;National Forest Centre-Forest research Institute;p;"";""
10.5281/zenodo.6637599;CULS;Czech University of Life Sciences Prague;School of GeoSciences, University of Edinburgh, Edinburgh, EH9 3FF, UK;p;"";""
10.5281/zenodo.15681034;CULS;Czech University of Life Sciences Prague;University of Sassari;p;"";""
10.6084/m9.figshare.c.6317439.v1;VSE;University of Economics Prague;;p;"";""
10.6084/m9.figshare.c.7040196.v1;FNUSA-ICRC;International Clinical Research Center of St. Anne's University Hospital Brno;University of Vienna;p;"";""
10.48580/dgs4f;PELC;P.E.L.C. - Private Entomological Laboratory and Collection;;pp;"";""
10.6084/m9.figshare.c.6596173.v1;CULS;Czech University of Life Sciences Prague;University of Namur;p;"";""
10.57760/sciencedb.j00104.00075;ČVUT;Czech Technical University in Prague;Leiden University Medical Center;p;"";""
10.21227/z36r-0m98;University Hospital Hradec Králové;University Hospital Hradec Králové;University of Defence;p;"";""
10.15468/m97sd2;PELC;P.E.L.C. - Private Entomological Laboratory and Collection;;pp;"";""
10.6084/m9.figshare.c.5923208.v1;CEITEC ;Central European Institute of Technology;Medical University of Vienna;p;"";""
10.6084/m9.figshare.c.7185544.v1;ČVUT;Czech Technical University in Prague;Charles University;p;"";""
10.6084/m9.figshare.c.7279053.v1;Palacký University, Olomouc;Palacký University, Olomouc;Charles University;p;"";""
10.15468/m97sd2;PELC;P.E.L.C. - Private Entomological Laboratory and Collection;Agriculture and Agri-Food Canada;pp;"";""
10.48580/dgs4f;PELC;P.E.L.C. - Private Entomological Laboratory and Collection;Real Jardín Botánico de Madrid, CSIC;pp;"";""
10.5281/zenodo.10888833;Palacký University, Olomouc;Palacký University, Olomouc;;p;"";""
10.14473/csda/nyxqpt/avvhwb;Institute of Philosophy;Institute of Philosophy;(Vilnius University, Lithuania);pp;"";""
10.48580/dgsv8;PELC;P.E.L.C. - Private Entomological Laboratory and Collection;;pp;"";""
10.6084/m9.figshare.c.7075282.v1;University Hospital in Motol;University Hospital in Motol;Institute of Myology;p;"";""
10.25384/sage.c.6473511.v1;VFN;General University Hospital in Prague;;pp;"";""
10.48580/dgs4f;PELC;P.E.L.C. - Private Entomological Laboratory and Collection;Natural History Museum;pp;"";""
10.5281/zenodo.15739421;CEITEC ;Central European Institute of Technology;Skolkovo Institute of Science and Technology, Moscow, Russia;p;"";""
10.6084/m9.figshare.c.6590218.v1;IKEM;Institute of Clinical and Experimental Medicine;;p;"";""
10.6084/m9.figshare.c.6770757.v1;VFU;University of Veterinary and Pharmaceutical Sciences;Mendel University in Brno;p;"";""
10.6084/m9.figshare.c.6830133.v1;CEITEC ;Central European Institute of Technology;Nature Research Centre;p;"";""
10.18419/darus-4117;CULS;Czech University of Life Sciences Prague;University of Novi Sad;p;"";""
10.6084/m9.figshare.c.7292241.v1;Palacký University, Olomouc;Palacký University, Olomouc;University of Veterinary Medicine in Košice;p;"";""
10.6084/m9.figshare.c.6765736.v1;VFN;General University Hospital in Prague;University of Oslo;pp;"";""
10.6084/m9.figshare.c.6586648.v1;CULS;Czech University of Life Sciences Prague;;p;"";""
10.15468/m97sd2;PELC;P.E.L.C. - Private Entomological Laboratory and Collection;;pp;"";""
10.48580/dgs4f;PELC;P.E.L.C. - Private Entomological Laboratory and Collection;;pp;"";""
10.5281/zenodo.14444839;FZU;Institute of Physics;Leibniz Institute for Solid State and Materials Research;p;"";""
10.14473/csda/nyxqpt/50ao5q;Institute of Philosophy;Institute of Philosophy;(Tel-Hai College, University of Haifa);pp;"";""
10.6084/m9.figshare.c.6787450.v1;CEITEC ;Central European Institute of Technology;Center For Biomarker Research In Medicine;p;"";""
10.6084/m9.figshare.c.5265220.v1;CRI;Crop Research Institute;Chinese Academy of Agricultural Sciences;p;"";""
10.6084/m9.figshare.c.6792969.v1;VFN;General University Hospital in Prague;;pp;"";""
10.48580/dgtg4;PELC;P.E.L.C. - Private Entomological Laboratory and Collection;Florida Museum of Natural History, University of Florida;pp;"";""
10.5281/zenodo.15175619;Palacký University, Olomouc;Palacký University, Olomouc;;p;"";""
10.6084/m9.figshare.c.7190610.v1;Fakultní Nemocnice Plzeň;Fakultní Nemocnice Plzeň;Charles University;p;"";""
10.48580/dgs4f;PELC;P.E.L.C. - Private Entomological Laboratory and Collection;Arizona State University;pp;"";""
10.5281/zenodo.11454277;CULS;Czech University of Life Sciences Prague;Centre for Ecological Research, Institute of Ecology and Botany, Vácrátót, Hungary;p;"";""
10.5281/zenodo.10680436;CULS;Czech University of Life Sciences Prague;Dutch Butterfly Conservation;p;"";""
10.48580/dgtg4;PELC;P.E.L.C. - Private Entomological Laboratory and Collection;Phyletisches Museum, Friedrich-Schiller Universität Jena;pp;p;""
10.5281/zenodo.10680436;Jan Evangelista Purkyně University in Ústí nad Labem;Jan Evangelista Purkyně University in Ústí nad Labem;UK Centre for Ecology & Hydrology;p;"";""
10.15468/m97sd2;PELC;P.E.L.C. - Private Entomological Laboratory and Collection;;pp;"";""
10.5281/zenodo.13897824;FZU;Institute of Physics;Czech Academy of Sciences;p;"";""
10.6084/m9.figshare.c.7953063.v1;FNUSA-ICRC;International Clinical Research Center of St. Anne's University Hospital Brno;LMU Klinikum;p;"";""
10.15468/m97sd2;PELC;P.E.L.C. - Private Entomological Laboratory and Collection;;pp;"";""
10.6084/m9.figshare.c.7040196.v1;Palacký University, Olomouc;Palacký University, Olomouc;University of Ljubljana;p;"";""
10.6084/m9.figshare.c.6317439.v1;VSE;University of Economics Prague;Inonu University;p;"";""
10.6084/m9.figshare.c.7828330.v1;CEITEC ;Central European Institute of Technology;University of Tartu;p;"";""
10.5281/zenodo.16894917;CULS;Czech University of Life Sciences Prague;University of Reading;p;"";""
10.5281/zenodo.15154495;University Hospital Hradec Králové;University Hospital Hradec Králové;;p;"";""
10.15468/m97sd2;PELC;P.E.L.C. - Private Entomological Laboratory and Collection;;pp;"";""
10.48580/dgsv8;PELC;P.E.L.C. - Private Entomological Laboratory and Collection;;pp;"";""
10.48580/dgtg4;PELC;P.E.L.C. - Private Entomological Laboratory and Collection;Zoological Institute RAS;pp;"";""
10.5281/zenodo.10888833;Palacký University, Olomouc;Palacký University, Olomouc;Leiden University;p;"";""
10.48580/dgs4f;PELC;P.E.L.C. - Private Entomological Laboratory and Collection;;pp;"";""
10.6084/m9.figshare.c.6629419.v1;Hospital Jihlava;Hospital Jihlava;Charles University;p;"";""
10.6084/m9.figshare.19470467.v1;CEITEC MU;Central European Institute of Technology – Masaryk University;University of Veterinary Medicine Vienna;p;"";""
10.6084/m9.figshare.c.7880704.v1;VFN;General University Hospital in Prague;University Hospital of Zurich;pp;p;""
10.5281/zenodo.17083924;CULS;Czech University of Life Sciences Prague;;p;"";""
10.18419/darus-4117/2;ČVUT;Czech Technical University in Prague;Coll Coll;p;"";""
10.48580/dgt98;PELC;P.E.L.C. - Private Entomological Laboratory and Collection;Illinois Natural History Survey, University of Illinois;pp;"";""
10.6084/m9.figshare.c.7811402.v1;University Hospital Brno;University Hospital Brno;Masaryk University;p;"";""
10.6084/m9.figshare.c.6792969.v1;VFN;General University Hospital in Prague;Charles University;pp;"";""
10.15468/m97sd2;PELC;P.E.L.C. - Private Entomological Laboratory and Collection;;pp;"";""
10.5281/zenodo.5711706;CULS;Czech University of Life Sciences Prague;Université de Lorraine;p;"";""
10.15468/m97sd2;PELC;P.E.L.C. - Private Entomological Laboratory and Collection;;pp;"";""
10.48580/dgs4f;PELC;P.E.L.C. - Private Entomological Laboratory and Collection;;pp;"";""
10.48580/dgtg4;PELC;P.E.L.C. - Private Entomological Laboratory and Collection;;pp;"";""
10.6084/m9.figshare.c.6096199.v1;Palacký University, Olomouc;Palacký University, Olomouc;University of Haifa;p;"";""
10.6084/m9.figshare.c.6792969.v1;University Hospital Olomouc;University Hospital Olomouc;Charles University;p;"";""
10.6084/m9.figshare.c.7057817.v1;Palacký University, Olomouc;Palacký University, Olomouc;Charles University;p;"";""
10.6084/m9.figshare.c.6683881.v1;FNUSA-ICRC;International Clinical Research Center of St. Anne's University Hospital Brno;Masaryk University;p;"";""
10.48580/dgt98;PELC;P.E.L.C. - Private Entomological Laboratory and Collection;;pp;"";""
10.48580/dgs4f;PELC;P.E.L.C. - Private Entomological Laboratory and Collection;;pp;"";""
10.6084/m9.figshare.c.6830133.v1;CEITEC MU;Central European Institute of Technology – Masaryk University;Charles University;p;"";""
10.5281/zenodo.8102404;CRI;Crop Research Institute;Agricultural Institute of Slovenia, Ljubljana;p;"";""
10.6084/m9.figshare.c.6683881.v1;FNUSA-ICRC;International Clinical Research Center of St. Anne's University Hospital Brno;Masaryk University;p;"";""
10.17632/tstnn6m75z.2;CULS;Czech University of Life Sciences Prague;;p;"";""
10.6084/m9.figshare.c.6872963.v1;University Hospital in Motol;University Hospital in Motol;Charles University;p;"";""
10.48580/dgsv8;PELC;P.E.L.C. - Private Entomological Laboratory and Collection;;pp;"";""
10.48580/dgt98;PELC;P.E.L.C. - Private Entomological Laboratory and Collection;;pp;"";""
10.48580/dgt98;PELC;P.E.L.C. - Private Entomological Laboratory and Collection;;pp;"";""
10.48580/dgtg4;PELC;P.E.L.C. - Private Entomological Laboratory and Collection;Catalogue of Life Foundation;pp;"";""
10.5281/zenodo.15064532;CULS;Czech University of Life Sciences Prague;Research Institute for Nature and Forest;p;"";""
10.48580/dgtg4;PELC;P.E.L.C. - Private Entomological Laboratory and Collection;Catalogue of Life Foundation;pp;"";""
10.15468/m97sd2;PELC;P.E.L.C. - Private Entomological Laboratory and Collection;;pp;"";""
10.48580/dgtg4;PELC;P.E.L.C. - Private Entomological Laboratory and Collection;;pp;"";""
10.48580/dgs4f;PELC;P.E.L.C. - Private Entomological Laboratory and Collection;Department of Biological Sciences, University of Montreal;pp;p;""
10.48580/dgtg4;PELC;P.E.L.C. - Private Entomological Laboratory and Collection;;pp;"";""
10.6084/m9.figshare.c.6585379.v1;University Hospital Brno;University Hospital Brno;Université Libre de Bruxelles;p;"";""
10.5281/zenodo.10680436;Jan Evangelista Purkyně University in Ústí nad Labem;Jan Evangelista Purkyně University in Ústí nad Labem;Research Institute for Nature and Forest;p;"";""
10.6084/m9.figshare.c.7226433.v1;Palacký University, Olomouc;Palacký University, Olomouc;Rothamsted Research;p;"";""
10.15468/m97sd2;PELC;P.E.L.C. - Private Entomological Laboratory and Collection;;pp;"";""
10.48580/dgs4f;PELC;P.E.L.C. - Private Entomological Laboratory and Collection;;pp;"";""
10.6084/m9.figshare.c.6714654.v1;CULS;Czech University of Life Sciences Prague;Charles University;p;"";""
10.48580/dgtg4;PELC;P.E.L.C. - Private Entomological Laboratory and Collection;;pp;"";""
10.5281/zenodo.17083924;CULS;Czech University of Life Sciences Prague;Latvian State Forest  Research Institute SILAVA;p;"";""
10.48580/dgs4f;PELC;P.E.L.C. - Private Entomological Laboratory and Collection;Sofia University, Faculty of Biology;pp;"";""
10.48580/dgt98;PELC;P.E.L.C. - Private Entomological Laboratory and Collection;;pp;"";""
10.48580/dgtg4;PELC;P.E.L.C. - Private Entomological Laboratory and Collection;University of Pretoria;pp;p;""
10.6084/m9.figshare.c.6683881.v1;FNUSA;St. Anne´s University Hospital;Masaryk University;p;"";""
10.6084/m9.figshare.c.6787408.v1;University Hospital Ostrava;University Hospital Ostrava;Czech Academy of Sciences;p;"";""
10.48580/dgs4f;PELC;P.E.L.C. - Private Entomological Laboratory and Collection;;pp;"";""
10.5281/zenodo.7368671;CRI;Crop Research Institute;Agricultural Institute of Slovenia, Ljubljana;p;"";""
10.5281/zenodo.15154492;University Hospital Hradec Králové;University Hospital Hradec Králové;;p;"";""
10.6084/m9.figshare.c.6629419.v1;Fakultní Nemocnice Plzeň;Fakultní Nemocnice Plzeň;Krajská Zdravotní;p;"";""
10.5281/zenodo.10888833;Palacký University, Olomouc;Palacký University, Olomouc;;p;"";""
10.48580/dgtg4;PELC;P.E.L.C. - Private Entomological Laboratory and Collection;;pp;"";""
10.15468/m97sd2;PELC;P.E.L.C. - Private Entomological Laboratory and Collection;;pp;"";""
10.6084/m9.figshare.c.7264690.v1;CEITEC ;Central European Institute of Technology;Masaryk University;p;"";""
10.48580/dgsv8;PELC;P.E.L.C. - Private Entomological Laboratory and Collection;;pp;"";""
10.6084/m9.figshare.c.7595338.v1;VFU;University of Veterinary and Pharmaceutical Sciences;Mendel University in Brno;p;"";""
10.48580/dgtg4;PELC;P.E.L.C. - Private Entomological Laboratory and Collection;;pp;"";""
10.6084/m9.figshare.c.5931041.v1;CULS;Czech University of Life Sciences Prague;Institute of Botany;p;"";""
10.15468/m97sd2;PELC;P.E.L.C. - Private Entomological Laboratory and Collection;;pp;"";""
10.7910/dvn/fvpdfb;VSE;University of Economics Prague;City, University of London;p;"";""
10.48580/dgs4f;PELC;P.E.L.C. - Private Entomological Laboratory and Collection;Parque Natural da Madeira/CEM;pp;p;""
10.15468/m97sd2;PELC;P.E.L.C. - Private Entomological Laboratory and Collection;;pp;"";""
10.5281/zenodo.4603685;Jan Evangelista Purkyně University in Ústí nad Labem;Jan Evangelista Purkyně University in Ústí nad Labem;Alexandru Ioan Cuza University of Iasi;p;"";""
10.15468/m97sd2;PELC;P.E.L.C. - Private Entomological Laboratory and Collection;;pp;"";""
10.48580/dgsv8;PELC;P.E.L.C. - Private Entomological Laboratory and Collection;;pp;"";""
10.18419/darus-4117/2;ČVUT;Czech Technical University in Prague;Czech University of Life Sciences;p;"";""
10.21227/z36r-0m98;Palacký University, Olomouc;Palacký University, Olomouc;University of Defence;p;"";""
10.48580/dgs4f;PELC;P.E.L.C. - Private Entomological Laboratory and Collection;Institut National de la Recherche Agronomique, Zoologie Forestière, Centre de recherche d’Orléans;pp;"";""
10.6084/m9.figshare.c.6683881.v1;FNUSA;St. Anne´s University Hospital;Masaryk University;p;"";""
10.48580/dgt98;PELC;P.E.L.C. - Private Entomological Laboratory and Collection;;pp;"";""
10.6084/m9.figshare.c.7196998.v1;Military University Hospital Prague;Military University Hospital Prague;Charles University;pp;"";""
10.5281/zenodo.13366408;Palacký University, Olomouc;Palacký University, Olomouc;Zoological Museum Hamburg, Leibniz Institute for the Analysis of Biodiversity Change, Hamburg, Germany;p;"";""
10.48580/dgt98;PELC;P.E.L.C. - Private Entomological Laboratory and Collection;;pp;"";""
10.5281/zenodo.16942982;VFN;General University Hospital in Prague;DBM Bioinformatics Core Facility, Swiss Institute of Bioinformatics, Switzerland;pp;"";""
10.48580/dgtg4;PELC;P.E.L.C. - Private Entomological Laboratory and Collection;;pp;"";""
10.48580/dgsv8;PELC;P.E.L.C. - Private Entomological Laboratory and Collection;National University of Colombia;pp;"";""
10.6084/m9.figshare.c.6585379.v1;University Hospital Brno;University Hospital Brno;University of Verona;p;"";""
10.48580/dgsv8;PELC;P.E.L.C. - Private Entomological Laboratory and Collection;;pp;"";""
10.6084/m9.figshare.c.6629419.v1;University Hospital Hradec Králové;University Hospital Hradec Králové;;p;"";""
10.6084/m9.figshare.19586875.v1;ČVUT;Czech Technical University in Prague;Institute of Molecular Genetics;p;"";""
10.6084/m9.figshare.20035643.v1;Palacký University, Olomouc;Palacký University, Olomouc;Rothamsted Research;p;"";""
10.6084/m9.figshare.c.6792969.v1;University Hospital Olomouc;University Hospital Olomouc;Masaryk University;p;"";""
10.6084/m9.figshare.c.6770757.v1;Palacký University, Olomouc;Palacký University, Olomouc;Mendel University in Brno;p;"";""
10.6084/m9.figshare.c.6588328.v1;University Hospital Brno;University Hospital Brno;Brno University of Technology;p;"";""
10.48580/dgsv8;PELC;P.E.L.C. - Private Entomological Laboratory and Collection;Departamento de Zoologia, Universidade Federal do Rio de Janeiro;pp;p;""
10.48580/dgt98;PELC;P.E.L.C. - Private Entomological Laboratory and Collection;Monte L. Bean Life Science Museum, Brigham Young University;pp;"";""
10.6084/m9.figshare.c.6050776.v1;University Hospital Brno;University Hospital Brno;Masaryk University;p;"";""
10.6084/m9.figshare.c.6787450.v1;CEITEC ;Central European Institute of Technology;University of Veterinary Medicine Vienna;p;"";""
10.5281/zenodo.14622373;VÚGTK;Research Institute of Geodesy, Topography and Cartography;Kyiv National University of Construction and Architecture;ppp;"";""
10.5281/zenodo.15042229;ČVUT;Czech Technical University in Prague;University of Manchester;p;"";""
10.6084/m9.figshare.c.7728320.v1;FNUSA;St. Anne´s University Hospital;Masaryk University;p;"";""
10.48580/dgs4f;PELC;P.E.L.C. - Private Entomological Laboratory and Collection;Science Group, Natural History Museum;pp;p;""
10.6084/m9.figshare.c.7732283.v1;FNUSA;St. Anne´s University Hospital;Brno University of Technology;p;"";""
10.6084/m9.figshare.c.7595498.v1;ČVUT;Czech Technical University in Prague;Masaryk University;p;"";""
10.14473/csda/nyxqpt/eolmcq;Institute of Philosophy;Institute of Philosophy;(Tel Aviv University);pp;"";""
10.57760/sciencedb.ecodb.00170;CULS;Czech University of Life Sciences Prague;University of Minnesota;p;"";""
10.5281/zenodo.15064532;CULS;Czech University of Life Sciences Prague;;p;"";""
10.6084/m9.figshare.19518443.v1;CULS;Czech University of Life Sciences Prague;Institute of Botany;p;"";""
10.15468/m97sd2;PELC;P.E.L.C. - Private Entomological Laboratory and Collection;Bishop Museum;pp;p;""
10.18419/darus-4117;VŠUP;Academy of Arts, Architecture and Design in Prague;Czech University of Life Sciences;p;"";""
10.6084/m9.figshare.c.7740082.v1;FNUSA;St. Anne´s University Hospital;Aix-Marseille University;p;"";""
10.6084/m9.figshare.c.7307920.v1;IKEM;Institute of Clinical and Experimental Medicine;Charles University;p;"";""
10.5281/zenodo.10572480;CULS;Czech University of Life Sciences Prague;Natural Resources Institute Finland;p;"";""
10.6084/m9.figshare.c.5837529.v2;CULS;Czech University of Life Sciences Prague;Yunnan University;p;"";""
10.48580/dgtg4;PELC;P.E.L.C. - Private Entomological Laboratory and Collection;Illinois Natural History Survey;pp;"";""
10.48580/dgsv8;PELC;P.E.L.C. - Private Entomological Laboratory and Collection;;pp;"";""
10.18419/darus-4117/14;ČVUT;Czech Technical University in Prague;Coll Coll;p;"";""
10.48580/dgs4f;PELC;P.E.L.C. - Private Entomological Laboratory and Collection;Invertebrate Zoology Collection, Museum of Texas Tech University;pp;"";""
10.48580/dgt98;PELC;P.E.L.C. - Private Entomological Laboratory and Collection;;pp;"";""
10.6084/m9.figshare.c.6982167.v1;University Hospital Brno;University Hospital Brno;Charles University;p;"";""
10.6084/m9.figshare.c.5399421.v1;CULS;Czech University of Life Sciences Prague;Lanzhou University;p;"";""
10.5281/zenodo.5256068;CULS;Czech University of Life Sciences Prague;ICAR- Indian Institute of Millets Research;p;"";""
10.18419/darus-4117/14;CULS;Czech University of Life Sciences Prague;Coll Coll;p;"";""
10.48580/dgsv8;PELC;P.E.L.C. - Private Entomological Laboratory and Collection;Virginia Commonwealth University;pp;"";""
10.57760/sciencedb.26336;Institute of Psychology;Institute of Psychology;Aix-Marseille University;p;"";""
10.5281/zenodo.10680436;CULS;Czech University of Life Sciences Prague;IEO-CSIC;p;"";""
10.5281/zenodo.15154492;University Hospital Hradec Králové;University Hospital Hradec Králové;;p;"";""
10.48580/dgs4f;PELC;P.E.L.C. - Private Entomological Laboratory and Collection;;pp;"";""
10.6084/m9.figshare.c.6872952.v1;Palacký University, Olomouc;Palacký University, Olomouc;Charles University;p;"";""
10.6084/m9.figshare.c.7075282.v1;University Hospital in Motol;University Hospital in Motol;;p;"";""
10.5281/zenodo.10680436;Jan Evangelista Purkyně University in Ústí nad Labem;Jan Evangelista Purkyně University in Ústí nad Labem;University of Würzburg;p;"";""
10.6084/m9.figshare.c.6714654.v1;CULS;Czech University of Life Sciences Prague;Mendel University in Brno;p;"";""
10.48580/dgt98;PELC;P.E.L.C. - Private Entomological Laboratory and Collection;;pp;"";""
10.15468/m97sd2;PELC;P.E.L.C. - Private Entomological Laboratory and Collection;Fundação Cearense de Meteorologia e Recursos Hídricos (FUNCEME);pp;"";""
10.48580/dgs4f;PELC;P.E.L.C. - Private Entomological Laboratory and Collection;;pp;"";""
10.5281/zenodo.5483762;ČVUT;Czech Technical University in Prague;Czech Technical University;p;"";""
10.6084/m9.figshare.c.6581221.v1;University Hospital in Motol;University Hospital in Motol;Masaryk University;p;"";""
10.6084/m9.figshare.c.5923208.v1;CEITEC ;Central European Institute of Technology;Medical University of Vienna;p;"";""
10.5281/zenodo.5711706;CULS;Czech University of Life Sciences Prague;Slovak Academy of Sciences;p;"";""
10.6084/m9.figshare.c.6768681.v1;University Hospital Brno;University Hospital Brno;Masaryk University;p;"";""
10.15468/t53vdw;Palacký University, Olomouc;Palacký University, Olomouc;University of Warsaw;p;"";""
10.6084/m9.figshare.c.7149681.v1;VFN;General University Hospital in Prague;Charles University;pp;"";""
10.48580/dgsv8;PELC;P.E.L.C. - Private Entomological Laboratory and Collection;;pp;"";""
10.6084/m9.figshare.c.5923208.v1;CEITEC MU;Central European Institute of Technology – Masaryk University;University of Veterinary Medicine Vienna;p;"";""
10.6084/m9.figshare.c.6926742.v1;FNUSA-ICRC;International Clinical Research Center of St. Anne's University Hospital Brno;Federal Institute for Risk Assessment;p;"";""
10.18419/darus-4117/3;CULS;Czech University of Life Sciences Prague;University of Novi Sad;p;"";""
10.5281/zenodo.15138000;CRI;Crop Research Institute;Rudolfstetten, Switzerland;p;"";""
10.6084/m9.figshare.c.6872952.v1;CULS;Czech University of Life Sciences Prague;Mendel University in Brno;p;"";""
10.6084/m9.figshare.c.7017686.v1;VFN;General University Hospital in Prague;Norwegian Institute of Public Health;pp;p;""
10.17632/pngtj6ymnp;Palacký University, Olomouc;Palacký University, Olomouc;;p;"";""
10.5281/zenodo.15154492;University Hospital Hradec Králové;University Hospital Hradec Králové;;p;"";""
10.6084/m9.figshare.c.6787450.v1;CEITEC MU;Central European Institute of Technology – Masaryk University;Karl Landsteiner University of Health Sciences;p;"";""
10.15468/m97sd2;PELC;P.E.L.C. - Private Entomological Laboratory and Collection;;pp;"";""
10.48580/dgsv8;PELC;P.E.L.C. - Private Entomological Laboratory and Collection;;pp;"";""
10.48580/dgtg4;PELC;P.E.L.C. - Private Entomological Laboratory and Collection;;pp;"";""
10.48580/dgt98;PELC;P.E.L.C. - Private Entomological Laboratory and Collection;;pp;"";""
10.6084/m9.figshare.c.6926742.v1;FNUSA;St. Anne´s University Hospital;Freie Universität Berlin;p;"";""
10.48580/dgs4f;PELC;P.E.L.C. - Private Entomological Laboratory and Collection;;pp;"";""
10.5281/zenodo.10680436;CULS;Czech University of Life Sciences Prague;CNR- IREA, Institute for Electromagnetic Sensing of the Environment;p;"";""
10.15468/m97sd2;PELC;P.E.L.C. - Private Entomological Laboratory and Collection;;pp;"";""
10.48580/dgsv8;PELC;P.E.L.C. - Private Entomological Laboratory and Collection;Bishop Museum;pp;p;""
10.5281/zenodo.5711706;CULS;Czech University of Life Sciences Prague;University of Innsbruck;p;"";""
10.48580/dgtg4;PELC;P.E.L.C. - Private Entomological Laboratory and Collection;Naturalis Biodiversity Center;pp;"";""
10.48580/dgs4f;PELC;P.E.L.C. - Private Entomological Laboratory and Collection;;pp;"";""
10.7910/dvn/yltzw7;Palacký University, Olomouc;Palacký University, Olomouc;University of Montreal;p;"";""
10.6084/m9.figshare.c.5265220.v1;CRI;Crop Research Institute;China Agricultural University;p;"";""
10.48580/dgsv8;PELC;P.E.L.C. - Private Entomological Laboratory and Collection;Pennsylvania State University;pp;p;""
10.5281/zenodo.6355618;CULS;Czech University of Life Sciences Prague;Dairy Research Institute Ltd.;p;"";""
10.6084/m9.figshare.c.7307956.v1;Fakultní Nemocnice Plzeň;Fakultní Nemocnice Plzeň;Charles University;p;"";""
10.48580/dgt98;PELC;P.E.L.C. - Private Entomological Laboratory and Collection;;pp;"";""
10.6084/m9.figshare.19586881.v1;ČVUT;Czech Technical University in Prague;Institute of Molecular Genetics;p;"";""
10.48580/dgtg4;PELC;P.E.L.C. - Private Entomological Laboratory and Collection;Institute of Biodiversity and Ecosystem Research, Bulgarian Academy of Sciences, 2 Gagarin Str.;pp;"";""
10.6084/m9.figshare.c.7828330.v1;CEITEC MU;Central European Institute of Technology – Masaryk University;University of Tartu;p;"";""
10.5281/zenodo.15154492;University Hospital Hradec Králové;University Hospital Hradec Králové;;p;"";""
10.5281/zenodo.6421142;J. Heyrovsky Institute of Physical Chemistry;J. Heyrovsky Institute of Physical Chemistry;University of Bern, Bern, Switzerland;p;"";""
10.15468/m97sd2;PELC;P.E.L.C. - Private Entomological Laboratory and Collection;;pp;"";""
10.6084/m9.figshare.c.7158337.v1;Palacký University, Olomouc;Palacký University, Olomouc;St George's, University of London;p;"";""
10.48580/dgtg4;PELC;P.E.L.C. - Private Entomological Laboratory and Collection;;pp;"";""
10.5061/dryad.wh70rxwnv;Institute of Parasitology;Institute of Parasitology;Dalhousie University;p;"";""
10.6084/m9.figshare.c.7940448.v1;CULS;Czech University of Life Sciences Prague;Masaryk University;p;"";""
10.48580/dgsv8;PELC;P.E.L.C. - Private Entomological Laboratory and Collection;;pp;"";""
10.15468/m97sd2;PELC;P.E.L.C. - Private Entomological Laboratory and Collection;;pp;"";""
10.6084/m9.figshare.c.6577006.v1;Jan Evangelista Purkyně University in Ústí nad Labem;Jan Evangelista Purkyně University in Ústí nad Labem;RWTH Aachen University;p;"";""
10.48580/dgs4f;PELC;P.E.L.C. - Private Entomological Laboratory and Collection;;pp;"";""
10.48580/dgt98;PELC;P.E.L.C. - Private Entomological Laboratory and Collection;Catalogue of Life Foundation;pp;"";""
10.5281/zenodo.15681034;CULS;Czech University of Life Sciences Prague;;p;"";""
10.48580/dgtg4;PELC;P.E.L.C. - Private Entomological Laboratory and Collection;Natural History Museum;pp;"";""
10.6084/m9.figshare.c.6319614.v1;ČVUT;Czech Technical University in Prague;Charles University;p;"";""
10.48580/dgtg4;PELC;P.E.L.C. - Private Entomological Laboratory and Collection;CIBIO, Centro de Investigação em Biodiversidade e Recursos Genéticos, InBIO Laboratório Associado, Pólo dos Açores, Universidade dos Açores;pp;p;""
10.6084/m9.figshare.c.7196998.v1;Military University Hospital Prague;Military University Hospital Prague;University Hospital Hradec Králové;pp;p;""
10.5281/zenodo.5711706;CULS;Czech University of Life Sciences Prague;Wageningen University and Research;p;"";""
10.5281/zenodo.14295543;UPMD;Ústav pro péči o matku a dítě;International Clinical Research Center, Faculty of Medicine, Masaryk University, Brno, Czech Republic.;pp;p;""
10.48580/dgs4f;PELC;P.E.L.C. - Private Entomological Laboratory and Collection;Natural History Museum;pp;"";""
10.48580/dgs4f;PELC;P.E.L.C. - Private Entomological Laboratory and Collection;Natural History Museum, London;pp;"";""
10.6084/m9.figshare.c.6629419.v1;University Hospital Hradec Králové;University Hospital Hradec Králové;University of Ostrava;p;"";""
10.6084/m9.figshare.c.5265220.v1;CRI;Crop Research Institute;North Eastern Hill University;p;"";""
10.48580/dgs4f;PELC;P.E.L.C. - Private Entomological Laboratory and Collection;Department of Ecology and Evolution, Rutgers University;pp;p;""
10.6084/m9.figshare.c.6962539.v1;Palacký University, Olomouc;Palacký University, Olomouc;Revmatologický Ústav;p;"";""
10.5281/zenodo.15154495;University Hospital Hradec Králové;University Hospital Hradec Králové;;p;"";""
10.48580/dgt98;PELC;P.E.L.C. - Private Entomological Laboratory and Collection;;pp;"";""
10.5281/zenodo.14025746;VFN;General University Hospital in Prague;BIOCEV - Biotechnology and Biomedicine Centre, First Faculty of Medicine, Charles University, Vestec, Czech Republic;pp;p;""
10.15468/t53vdw;Palacký University, Olomouc;Palacký University, Olomouc;Charles University;p;"";""
10.48580/dgtg4;PELC;P.E.L.C. - Private Entomological Laboratory and Collection;Office National de la Chasse et de la Faune Sauvage;pp;"";""
10.48580/dgtg4;PELC;P.E.L.C. - Private Entomological Laboratory and Collection;Research Institute for Nature and Forest (INBO) / Belgian Biodiversity Platform;pp;p;""
10.18419/darus-4117/12;CULS;Czech University of Life Sciences Prague;Czech University of Life Sciences;p;"";""
10.57760/sciencedb.ecodb.00170;CULS;Czech University of Life Sciences Prague;Institute of Botany, Ulm University;p;"";""
10.6084/m9.figshare.c.6650182.v1;FNUSA;St. Anne´s University Hospital;Masaryk University;p;"";""
10.15468/m97sd2;PELC;P.E.L.C. - Private Entomological Laboratory and Collection;;pp;"";""
10.6084/m9.figshare.c.6592046.v1;University Hospital Brno;University Hospital Brno;Masaryk University;p;"";""
10.6084/m9.figshare.c.7906234.v1;University Hospital Hradec Králové;University Hospital Hradec Králové;Umeå University;p;"";""
10.6084/m9.figshare.c.6317120.v1;VFN;General University Hospital in Prague;Karolinska University Hospital;pp;p;""
10.5281/zenodo.14622373;VÚGTK;Research Institute of Geodesy, Topography and Cartography;Kyiv National University of Construction and Architecture;ppp;"";""
10.48580/dgs4f;PELC;P.E.L.C. - Private Entomological Laboratory and Collection;;pp;"";""
10.48580/dgsv8;PELC;P.E.L.C. - Private Entomological Laboratory and Collection;GBIF;pp;"";""
10.48580/dgtg4;PELC;P.E.L.C. - Private Entomological Laboratory and Collection;;pp;"";""
10.6084/m9.figshare.c.7828330.v1;CEITEC ;Central European Institute of Technology;KU Leuven;p;"";""
10.6084/m9.figshare.c.6198401.v1;University Hospital in Motol;University Hospital in Motol;Karolinska Institute;p;"";""
10.5281/zenodo.16894917;CULS;Czech University of Life Sciences Prague;Deutscher Fachverband für Agroforstwirtschaft (DeFAF) e.V.;p;"";""
10.6084/m9.figshare.19470467.v1;CEITEC MU;Central European Institute of Technology – Masaryk University;Medical University of Vienna;p;"";""
10.48580/dgs4f;PELC;P.E.L.C. - Private Entomological Laboratory and Collection;;pp;"";""
10.6084/m9.figshare.c.6768681.v1;University Hospital Brno;University Hospital Brno;Masaryk University;p;"";""
10.15468/m97sd2;PELC;P.E.L.C. - Private Entomological Laboratory and Collection;;pp;"";""
10.6084/m9.figshare.c.7595338.v1;University Hospital Brno;University Hospital Brno;Mendel University in Brno;p;"";""
10.15454/8uia76;CULS;Czech University of Life Sciences Prague;(Research Institute of Forests and Rangelands, Agricultural Research, Education and Extension Organization (AREEO), Tehran, Iran);p;"";""
10.6084/m9.figshare.c.6582923.v1;CULS;Czech University of Life Sciences Prague;Czech Academy of Sciences;p;"";""
10.48580/dgs4f;PELC;P.E.L.C. - Private Entomological Laboratory and Collection;University of Melbourne;pp;"";""
10.6084/m9.figshare.c.6806308.v1;Public Health Institute Ostrava;Public Health Institute Ostrava;University of Ostrava;p;"";""
10.6084/m9.figshare.c.6830133.v1;University Hospital Ostrava;University Hospital Ostrava;Zoological Institute;p;"";""
10.6084/m9.figshare.c.6787807.v1;University Hospital Olomouc;University Hospital Olomouc;Charles University;p;"";""
10.14473/csda/9alxny/rm7gk2;Institute of Philosophy;Institute of Philosophy;(Faculty of Communication, Vilnius University, Vilnius, Lithuania);pp;"";""
10.48580/dgtg4;PELC;P.E.L.C. - Private Entomological Laboratory and Collection;MARE – Marine and Environmental Sciences Centre, Agência Regional para o Desenvolvimento da Investigação Tecnologia e Inovação (ARDITI);pp;p;""
10.21227/z36r-0m98;ČVUT;Czech Technical University in Prague;University of Defence;p;"";""
10.48580/dgsv8;PELC;P.E.L.C. - Private Entomological Laboratory and Collection;;pp;"";""
10.6084/m9.figshare.c.7221971.v1;Jan Evangelista Purkyně University in Ústí nad Labem;Jan Evangelista Purkyně University in Ústí nad Labem;Institute of Biotechnology;p;"";""
10.5281/zenodo.15154499;University Hospital Hradec Králové;University Hospital Hradec Králové;;p;"";""
10.6084/m9.figshare.c.6926742.v1;FNUSA;St. Anne´s University Hospital;Karolinska Institute;p;"";""
10.48580/dgtg4;PELC;P.E.L.C. - Private Entomological Laboratory and Collection;Grupo de investigaciones Entomológicas, Universidad del Valle;pp;p;""
10.15468/m97sd2;PELC;P.E.L.C. - Private Entomological Laboratory and Collection;;pp;"";""
10.5281/zenodo.15064532;CULS;Czech University of Life Sciences Prague;University of Freiburg;p;"";""
10.5281/zenodo.15095308;IREAS;Institute for Structural Policy;Helmholtz Centre for Environmental Research;p;"";""
10.48580/dgt98;PELC;P.E.L.C. - Private Entomological Laboratory and Collection;;pp;"";""
10.5281/zenodo.10680436;CULS;Czech University of Life Sciences Prague;Sensing Clues Foundation;p;"";""
10.5281/zenodo.6497069;UPA;University of Pardubice;University of Warsaw;p;"";""
10.15468/m97sd2;PELC;P.E.L.C. - Private Entomological Laboratory and Collection;Illinois Natural History Survey;pp;"";""
10.14278/rodare.1330;NPI;Nuclear Physics Institute;;p;"";""
10.48580/dgs4f;PELC;P.E.L.C. - Private Entomological Laboratory and Collection;Cornell University. Cornell Laboratory of Ornithology;pp;"";""
10.6084/m9.figshare.c.6683881.v1;FNUSA-ICRC;International Clinical Research Center of St. Anne's University Hospital Brno;Masaryk University;p;"";""
10.6084/m9.figshare.c.6577337.v1;University Hospital Ostrava;University Hospital Ostrava;Emory University;p;"";""
10.6084/m9.figshare.c.7215790.v1;CULS;Czech University of Life Sciences Prague;Guizhou Minzu University;p;"";""
10.6084/m9.figshare.c.6585379.v1;University Hospital Brno;University Hospital Brno;;p;"";""
10.6084/m9.figshare.c.7591303.v1;Palacký University, Olomouc;Palacký University, Olomouc;Korea University;p;"";""
10.48580/dgtg4;PELC;P.E.L.C. - Private Entomological Laboratory and Collection;Universidad del Tolima, Facultad de Ciencias, Grupo de Investigación en Zoología;pp;p;""
10.6084/m9.figshare.c.6596467.v1;IKEM;Institute of Clinical and Experimental Medicine;Humboldt-Universität zu Berlin;p;"";""
10.5281/zenodo.15154499;University Hospital Hradec Králové;University Hospital Hradec Králové;;p;"";""
10.48580/dgt98;PELC;P.E.L.C. - Private Entomological Laboratory and Collection;;pp;"";""
10.6084/m9.figshare.c.7190610.v1;Fakultní Nemocnice Plzeň;Fakultní Nemocnice Plzeň;Charles University;p;"";""
10.17632/vr37vj22s5;UPA;University of Pardubice;Univerzita Karlova Farmaceuticka fakulta v Hradci Kralove;p;"";""
10.48580/dgt98;PELC;P.E.L.C. - Private Entomological Laboratory and Collection;Christian-Albrechts-Universität;pp;"";""
10.5281/zenodo.15064532;CULS;Czech University of Life Sciences Prague;Technical University of Zvolen;p;"";""
10.48580/dgs4f;PELC;P.E.L.C. - Private Entomological Laboratory and Collection;Hawaii Institute of Marine Biology;pp;"";""
10.48580/dgs4f;PELC;P.E.L.C. - Private Entomological Laboratory and Collection;;pp;"";""
10.5281/zenodo.10680436;Jan Evangelista Purkyně University in Ústí nad Labem;Jan Evangelista Purkyně University in Ústí nad Labem;Thünen-Institute of Biodiversity, Braunschweig;p;"";""
10.48580/dgtg4;PELC;P.E.L.C. - Private Entomological Laboratory and Collection;Illinois Natural History Survey, University of Illinois;pp;"";""
10.6084/m9.figshare.c.6787807.v1;University Hospital Olomouc;University Hospital Olomouc;;p;"";""
10.48580/dgtg4;PELC;P.E.L.C. - Private Entomological Laboratory and Collection;Real Jardín Botánico de Madrid, CSIC;pp;"";""
10.5281/zenodo.7193501;ITAM AS CR;Institute of Theoretical and Applied Mechanics;Institute for Building Materials, ETH Zurich, Switzerland;pp;"";""
10.6084/m9.figshare.c.7075282.v1;University Hospital in Motol;University Hospital in Motol;University of Messina;p;"";""
10.48580/dgs4f;PELC;P.E.L.C. - Private Entomological Laboratory and Collection;;pp;"";""
10.6084/m9.figshare.c.5413891.v1;Palacký University, Olomouc;Palacký University, Olomouc;Dana-Farber Cancer Institute;p;"";""
10.6084/m9.figshare.c.7640687.v1;ČVUT;Czech Technical University in Prague;Institute of Haematology and Blood Transfusion;p;"";""
10.6084/m9.figshare.c.6699355.v1;Palacký University, Olomouc;Palacký University, Olomouc;University of Cádiz;p;"";""
10.6084/m9.figshare.c.7476183.v1;Palacký University, Olomouc;Palacký University, Olomouc;University of Ostrava;p;"";""
10.5281/zenodo.10680436;Jan Evangelista Purkyně University in Ústí nad Labem;Jan Evangelista Purkyně University in Ústí nad Labem;Flanders Marine Institute;p;"";""
10.48580/dgtg4;PELC;P.E.L.C. - Private Entomological Laboratory and Collection;;pp;"";""
10.6084/m9.figshare.c.7220407.v1;University Hospital Olomouc;University Hospital Olomouc;Institute of Biotechnology;p;"";""
10.48580/dgtg4;PELC;P.E.L.C. - Private Entomological Laboratory and Collection;Zoological Institute RAS;pp;"";""
10.6084/m9.figshare.c.7149681.v1;VFN;General University Hospital in Prague;Charles University;pp;"";""
10.15454/knecms/w6jdni;VŠÚO;Research and Breeding Institute of Pomology Holovousy;(INRAE, IRHS);p;"";""
10.5281/zenodo.15138006;CRI;Crop Research Institute;Rudolfstetten, Switzerland;p;"";""
10.18419/darus-4117/6;ČVUT;Czech Technical University in Prague;University of Novi Sad;p;"";""
10.48580/dgsv8;PELC;P.E.L.C. - Private Entomological Laboratory and Collection;;pp;"";""
10.6084/m9.figshare.c.7075180.v1;Palacký University, Olomouc;Palacký University, Olomouc;Mendel University in Brno;p;"";""
10.6084/m9.figshare.c.6787450.v1;CEITEC ;Central European Institute of Technology;Medical University of Vienna;p;"";""
10.6084/m9.figshare.c.7372004.v1;FNUSA-ICRC;International Clinical Research Center of St. Anne's University Hospital Brno;Masaryk University;p;"";""
10.48580/dgtg4;PELC;P.E.L.C. - Private Entomological Laboratory and Collection;University of Melbourne;pp;"";""
10.6084/m9.figshare.c.6830045.v1;FNUSA;St. Anne´s University Hospital;Masaryk University;p;"";""
10.6084/m9.figshare.c.6629419.v1;Hospital Jihlava;Hospital Jihlava;;p;"";""
10.15468/t53vdw;Palacký University, Olomouc;Palacký University, Olomouc;University of Warsaw;p;"";""
10.5281/zenodo.10680436;Jan Evangelista Purkyně University in Ústí nad Labem;Jan Evangelista Purkyně University in Ústí nad Labem;Norwegian Institute for Nature Research (NINA);p;"";""
10.5281/zenodo.15154499;University Hospital Hradec Králové;University Hospital Hradec Králové;;p;"";""
10.6084/m9.figshare.c.5923208.v1;CEITEC MU;Central European Institute of Technology – Masaryk University;Medical University of Vienna;p;"";""
10.6084/m9.figshare.c.6792969.v1;VFN;General University Hospital in Prague;University Hospital Hradec Králové;pp;p;""
10.6084/m9.figshare.c.7240904.v1;University Hospital Brno;University Hospital Brno;Masaryk University;p;"";""
10.48580/dgt98;PELC;P.E.L.C. - Private Entomological Laboratory and Collection;;pp;"";""
10.48580/dgs4f;PELC;P.E.L.C. - Private Entomological Laboratory and Collection;Department of Ecology, Systematics and Evolution, The Institute of Life Sciences, The Hebrew University of Jerusalem;pp;p;""
10.5281/zenodo.10888833;Palacký University, Olomouc;Palacký University, Olomouc;Universidade Federal da Grande Dourados;p;"";""
10.5281/zenodo.7556866;Palacký University, Olomouc;Palacký University, Olomouc;Swiss Ornithological Institute;p;"";""
10.15468/m97sd2;PELC;P.E.L.C. - Private Entomological Laboratory and Collection;;pp;"";""
10.6084/m9.figshare.c.6583742.v1;University Hospital Brno;University Hospital Brno;Jagiellonian University;p;"";""
10.48580/dgs4f;PELC;P.E.L.C. - Private Entomological Laboratory and Collection;;pp;"";""
10.48580/dgt98;PELC;P.E.L.C. - Private Entomological Laboratory and Collection;Vlaams Instituut voor de Zee (VLIZ);pp;"";""
10.6084/m9.figshare.c.7040196.v1;Palacký University, Olomouc;Palacký University, Olomouc;University of Catania;p;"";""
10.6084/m9.figshare.c.7640687.v1;VFN;General University Hospital in Prague;Czech Technical University in Prague;pp;p;""
10.6084/m9.figshare.c.5923208.v1;CEITEC ;Central European Institute of Technology;University of Cambridge;p;"";""
10.15468/m97sd2;PELC;P.E.L.C. - Private Entomological Laboratory and Collection;Real Jardín Botánico de Madrid, CSIC;pp;"";""
10.48580/dgtg4;PELC;P.E.L.C. - Private Entomological Laboratory and Collection;;pp;"";""
10.48580/dgs4f;PELC;P.E.L.C. - Private Entomological Laboratory and Collection;Universidad de Magallanes;pp;"";""
10.5281/zenodo.4650182;Palacký University, Olomouc;Palacký University, Olomouc;Laboratory of Ligand Engineering, Institute of Biotechnology of the Czech Academy of Sciences;p;"";""
10.5281/zenodo.7348780;ČVUT;Czech Technical University in Prague;Institute of Biotechnology, AS CR;p;"";""
10.48580/dgs4f;PELC;P.E.L.C. - Private Entomological Laboratory and Collection;;pp;"";""
10.48580/dgtg4;PELC;P.E.L.C. - Private Entomological Laboratory and Collection;;pp;"";""
10.6084/m9.figshare.c.7372004.v1;FNUSA-ICRC;International Clinical Research Center of St. Anne's University Hospital Brno;Masaryk University;p;"";""
10.48580/dgtg4;PELC;P.E.L.C. - Private Entomological Laboratory and Collection;;pp;"";""
10.5281/zenodo.15681034;CULS;Czech University of Life Sciences Prague;University of Sassari;p;"";""
10.6084/m9.figshare.c.6787450.v1;CEITEC MU;Central European Institute of Technology – Masaryk University;Kiel University;p;"";""
10.6084/m9.figshare.c.7079010.v1;VFN;General University Hospital in Prague;;pp;"";""
10.15468/m97sd2;PELC;P.E.L.C. - Private Entomological Laboratory and Collection;;pp;"";""
10.48580/dgt98;PELC;P.E.L.C. - Private Entomological Laboratory and Collection;;pp;"";""
10.5281/zenodo.8375552;CULS;Czech University of Life Sciences Prague;French National Institute for Agriculture, Food, and Environment (INRAE);p;"";""
10.15468/m97sd2;PELC;P.E.L.C. - Private Entomological Laboratory and Collection;Natural History Museum;pp;"";""
10.48580/dgs4f;PELC;P.E.L.C. - Private Entomological Laboratory and Collection;;pp;"";""
10.48580/dgs4f;PELC;P.E.L.C. - Private Entomological Laboratory and Collection;;pp;"";""
10.6084/m9.figshare.c.7196998.v1;University Hospital Hradec Králové;University Hospital Hradec Králové;Charles University;p;"";""
10.6084/m9.figshare.c.6225449.v1;Palacký University, Olomouc;Palacký University, Olomouc;University of Seville;p;"";""
10.6084/m9.figshare.c.7095033.v1;CRI;Crop Research Institute;University of Ljubljana;p;"";""
10.18419/darus-4117/14;CULS;Czech University of Life Sciences Prague;Universität Stuttgart;p;"";""
10.48580/dgs4f;PELC;P.E.L.C. - Private Entomological Laboratory and Collection;Zoological Institute RAS;pp;"";""
10.48580/dgsv8;PELC;P.E.L.C. - Private Entomological Laboratory and Collection;;pp;"";""
10.6084/m9.figshare.c.5399421.v1;CULS;Czech University of Life Sciences Prague;Sultan Qaboos University;p;"";""
10.5281/zenodo.10888833;Palacký University, Olomouc;Palacký University, Olomouc;;p;"";""
10.6084/m9.figshare.c.7206714.v1;University Hospital Hradec Králové;University Hospital Hradec Králové;Medical University of Vienna;p;"";""
10.6084/m9.figshare.c.6847082.v1;Palacký University, Olomouc;Palacký University, Olomouc;University of Silesia;p;"";""
10.18419/darus-4117/4;ČVUT;Czech Technical University in Prague;Czech University of Life Sciences;p;"";""
10.14473/csda/9alxny;Institute of Philosophy;Institute of Philosophy;(Faculty of Communication, Vilnius University, Vilnius, Lithuania);pp;"";""
10.5281/zenodo.15805675;CRI;Crop Research Institute;Czech Agrifood Research Center;p;"";""
10.6084/m9.figshare.c.5995626.v1;University Hospital Brno;University Hospital Brno;German Cancer Research Center;p;"";""
10.6084/m9.figshare.c.6629419.v1;Fakultní Nemocnice Plzeň;Fakultní Nemocnice Plzeň;Charles University;p;"";""
10.48580/dgtg4;PELC;P.E.L.C. - Private Entomological Laboratory and Collection;Centro de Estudos dos Quelônios da Amazônia - CEQUA;pp;"";""
10.60534/46qra-6bw98;Center for Advanced Preclinical Imaging (CAPI);Center for Advanced Preclinical Imaging (CAPI);Heinrich Heine Universität, Düsseldorf;pp;"";""
10.5281/zenodo.7809039;UPMD;Ústav pro péči o matku a dítě;New Technoplogies - Research Centre, University of West Bohemia;pp;p;""
10.48580/dgs4f;PELC;P.E.L.C. - Private Entomological Laboratory and Collection;;pp;"";""
10.5281/zenodo.7809039;UPMD;Ústav pro péči o matku a dítě;Institute for the Care of Mother and Child, Third Faculty of Medicine, Charles University;pp;"";""
10.48580/dgtg4;PELC;P.E.L.C. - Private Entomological Laboratory and Collection;;pp;"";""
10.6084/m9.figshare.c.7649648.v1;CEITEC ;Central European Institute of Technology;Masaryk University;p;"";""
10.6084/m9.figshare.c.7953063.v1;FNUSA-ICRC;International Clinical Research Center of St. Anne's University Hospital Brno;Humboldt-Universität zu Berlin;p;"";""
10.48580/dgs4f;PELC;P.E.L.C. - Private Entomological Laboratory and Collection;;pp;"";""
10.6084/m9.figshare.c.5265220.v1;CRI;Crop Research Institute;Chinese Academy of Agricultural Sciences;p;"";""
10.15468/t53vdw;Palacký University, Olomouc;Palacký University, Olomouc;Charles University;p;"";""
10.48580/dgsv8;PELC;P.E.L.C. - Private Entomological Laboratory and Collection;;pp;"";""
10.48580/dgtg4;PELC;P.E.L.C. - Private Entomological Laboratory and Collection;;pp;"";""
10.6084/m9.figshare.c.6926742.v1;FNUSA-ICRC;International Clinical Research Center of St. Anne's University Hospital Brno;Lithuanian University of Health Sciences;p;"";""
10.18434/mds2-3727;FZU;Institute of Physics;National Institute of Standards and Technology, Materials Measurement Laboratory;p;"";""
10.48580/dgs4f;PELC;P.E.L.C. - Private Entomological Laboratory and Collection;;pp;"";""
10.6084/m9.figshare.c.7075282.v1;University Hospital in Motol;University Hospital in Motol;Istituto Neurologico Carlo Besta;p;"";""
10.6084/m9.figshare.c.6903195.v1;University Hospital in Motol;University Hospital in Motol;University of Southern Denmark;p;"";""
10.5281/zenodo.6637599;CULS;Czech University of Life Sciences Prague;Université de Liège, Gembloux Agro-Bio Tech, Gembloux, Belgium;p;"";""
10.48580/dgt98;PELC;P.E.L.C. - Private Entomological Laboratory and Collection;Science Group, Natural History Museum;pp;p;""
10.48580/dgtg4;PELC;P.E.L.C. - Private Entomological Laboratory and Collection;Oberostereichisches Landesmuseum;pp;"";""
10.6084/m9.figshare.c.6629419.v1;Hospital Jihlava;Hospital Jihlava;;p;"";""
10.6084/m9.figshare.c.7206675.v1;VFU;University of Veterinary and Pharmaceutical Sciences;Czech Academy of Sciences;p;"";""
10.15468/t53vdw;Palacký University, Olomouc;Palacký University, Olomouc;University of Warsaw;p;"";""
10.6084/m9.figshare.c.7040196.v1;FNUSA-ICRC;International Clinical Research Center of St. Anne's University Hospital Brno;University of Catania;p;"";""
10.60534/46qra-6bw98;Center for Advanced Preclinical Imaging (CAPI);Center for Advanced Preclinical Imaging (CAPI);Heinrich-Heine-Universität Düsseldorf, Institute for Molecular Physiology;pp;p;""
10.6084/m9.figshare.c.7079010.v1;IAB;Institute of Applied Biotechnologies (Czechia);;pp;"";""
10.48580/dgtg4;PELC;P.E.L.C. - Private Entomological Laboratory and Collection;;pp;"";""
10.6084/m9.figshare.c.7040196.v1;Palacký University, Olomouc;Palacký University, Olomouc;University of Catania;p;"";""
10.48580/dgtg4;PELC;P.E.L.C. - Private Entomological Laboratory and Collection;;pp;"";""
10.6084/m9.figshare.c.7372004.v1;FNUSA;St. Anne´s University Hospital;Masaryk University;p;"";""
10.48580/dgs4f;PELC;P.E.L.C. - Private Entomological Laboratory and Collection;;pp;"";""
10.48580/dgs4f;PELC;P.E.L.C. - Private Entomological Laboratory and Collection;;pp;"";""
10.48580/dgs4f;PELC;P.E.L.C. - Private Entomological Laboratory and Collection;;pp;"";""
10.6084/m9.figshare.c.7372004.v1;FNUSA;St. Anne´s University Hospital;Brno University of Technology;p;"";""
10.48580/dgs4f;PELC;P.E.L.C. - Private Entomological Laboratory and Collection;;pp;"";""
10.48580/dgsv8;PELC;P.E.L.C. - Private Entomological Laboratory and Collection;;pp;"";""
10.6084/m9.figshare.c.6577006.v1;Jan Evangelista Purkyně University in Ústí nad Labem;Jan Evangelista Purkyně University in Ústí nad Labem;Witten/Herdecke University;p;"";""
10.15468/m97sd2;PELC;P.E.L.C. - Private Entomological Laboratory and Collection;;pp;"";""
10.5281/zenodo.10888833;Palacký University, Olomouc;Palacký University, Olomouc;;p;"";""
10.5281/zenodo.10680436;Jan Evangelista Purkyně University in Ústí nad Labem;Jan Evangelista Purkyně University in Ústí nad Labem;3edata ingenieria ambiental;p;"";""
10.18419/darus-4117/8;ČVUT;Czech Technical University in Prague;Czech University of Life Sciences;p;"";""
10.6084/m9.figshare.c.5265220.v1;CRI;Crop Research Institute;Chungbuk National University;p;"";""
10.48580/dgs4f;PELC;P.E.L.C. - Private Entomological Laboratory and Collection;Universidade Estadual do Centro-Oeste;pp;"";""
10.5281/zenodo.8102404;CRI;Crop Research Institute;Agricultural Institute of Slovenia, Ljubljana;p;"";""
10.48580/dgtg4;PELC;P.E.L.C. - Private Entomological Laboratory and Collection;Natural History Museum;pp;"";""
10.6084/m9.figshare.c.6699355.v1;Palacký University, Olomouc;Palacký University, Olomouc;Instituto de Investigación Biosanitaria;p;"";""
10.6084/m9.figshare.19518437.v1;CULS;Czech University of Life Sciences Prague;Institute of Botany;p;"";""
10.6084/m9.figshare.c.7158337.v1;Palacký University, Olomouc;Palacký University, Olomouc;University of Hradec Králové;p;"";""
10.6084/m9.figshare.c.6037946.v1;IEB;Institute of Experimental Botany;Rothamsted Research;p;"";""
10.6084/m9.figshare.c.6018502.v1;CULS;Czech University of Life Sciences Prague;Kangwon National University;p;"";""
10.14278/rodare.1330;CEITEC ;Central European Institute of Technology;;p;"";""
10.6084/m9.figshare.c.7079010.v1;VFN;General University Hospital in Prague;Charles University;pp;"";""
10.6084/m9.figshare.c.6585379.v1;University Hospital Brno;University Hospital Brno;;p;"";""
10.6084/m9.figshare.c.7038268.v1;University Hospital Brno;University Hospital Brno;Institute of Haematology and Blood Transfusion;p;"";""
10.5281/zenodo.8280088;CRI;Crop Research Institute;Agricultural Institute of Slovenia, Ljubljana;p;"";""
10.48580/dgs4f;PELC;P.E.L.C. - Private Entomological Laboratory and Collection;;pp;"";""
10.14473/csda/nyxqpt/o3clj1;Institute of Philosophy;Institute of Philosophy;(International Center for Defense and Security, Tallinn, Estonia);pp;"";""
10.6084/m9.figshare.20484741.v1;Biopticka Laborator (Czechia);Biopticka Laborator (Czechia);German Cancer Research Center;p;"";""
10.6084/m9.figshare.c.6787450.v1;CEITEC ;Central European Institute of Technology;Innsbruck Medical University;p;"";""
10.48580/dgtg4;PELC;P.E.L.C. - Private Entomological Laboratory and Collection;;pp;"";""
10.48580/dgt98;PELC;P.E.L.C. - Private Entomological Laboratory and Collection;;pp;"";""
10.6084/m9.figshare.c.6585701.v1;Palacký University, Olomouc;Palacký University, Olomouc;Charles University;p;"";""
10.48580/dgt98;PELC;P.E.L.C. - Private Entomological Laboratory and Collection;Bishop Museum;pp;p;""
10.14473/csda/nyxqpt/doo8cb;Institute of Philosophy;Institute of Philosophy;(Faculty of Communication, Vilnius University, Vilnius, Lithuania);pp;"";""
10.6084/m9.figshare.c.6792969.v1;University Hospital Olomouc;University Hospital Olomouc;;p;"";""
10.15468/m97sd2;PELC;P.E.L.C. - Private Entomological Laboratory and Collection;;pp;"";""
10.18419/darus-4117/1;CULS;Czech University of Life Sciences Prague;Czech University of Life Sciences;p;"";""
10.18419/darus-4117/8;ČVUT;Czech Technical University in Prague;Czech University of Life Sciences;p;"";""
10.6084/m9.figshare.c.5944552.v1;ČVUT;Czech Technical University in Prague;Institute of Molecular Genetics;p;"";""
10.48580/dgtg4;PELC;P.E.L.C. - Private Entomological Laboratory and Collection;Individual custodian in cooperation with the Botanical Garden of the Karlsruhe Institute of Technology;pp;p;""
10.48580/dgs4f;PELC;P.E.L.C. - Private Entomological Laboratory and Collection;;pp;"";""
10.48580/dgs4f;PELC;P.E.L.C. - Private Entomological Laboratory and Collection;Museo di Storia Naturale, Sezione di Zoologia, Università d Firenze;pp;"";""
10.6084/m9.figshare.c.5413891.v1;Palacký University, Olomouc;Palacký University, Olomouc;University of Manchester;p;"";""
10.5281/zenodo.15154492;University Hospital Hradec Králové;University Hospital Hradec Králové;;p;"";""
10.48580/dgsv8;PELC;P.E.L.C. - Private Entomological Laboratory and Collection;The New Zealand Institute for Plant & Food Research Limited;pp;p;""
10.6084/m9.figshare.c.6585428.v1;Comenius Museum in Přerov;Comenius Museum in Přerov;Charles University;p;"";""
10.6084/m9.figshare.c.6629419.v1;Fakultní Nemocnice Plzeň;Fakultní Nemocnice Plzeň;;p;"";""
10.6084/m9.figshare.c.6958017.v1;CEITEC ;Central European Institute of Technology;Masaryk University;p;"";""
10.18419/darus-4117/8;ČVUT;Czech Technical University in Prague;Coll Coll;p;"";""
10.48580/dgtg4;PELC;P.E.L.C. - Private Entomological Laboratory and Collection;;pp;"";""
10.6084/m9.figshare.c.6892116.v1;VFN;General University Hospital in Prague;University of Bergen;pp;"";""
10.48580/dgtg4;PELC;P.E.L.C. - Private Entomological Laboratory and Collection;;pp;"";""
10.15468/m97sd2;PELC;P.E.L.C. - Private Entomological Laboratory and Collection;;pp;"";""
10.6084/m9.figshare.c.7178144.v1;IKEM;Institute of Clinical and Experimental Medicine;Gennet;p;"";""
10.6084/m9.figshare.c.6588328.v1;University Hospital Brno;University Hospital Brno;Brno University of Technology;p;"";""
10.48580/dgs4f;PELC;P.E.L.C. - Private Entomological Laboratory and Collection;Agriculture and Agri-Food Canada;pp;"";""
10.48580/dgsv8;PELC;P.E.L.C. - Private Entomological Laboratory and Collection;;pp;"";""
10.6084/m9.figshare.c.6958017.v1;CEITEC MU;Central European Institute of Technology – Masaryk University;Masaryk University;p;"";""
10.48580/dgs4f;PELC;P.E.L.C. - Private Entomological Laboratory and Collection;Natural History Museum;pp;"";""
10.48580/dgsv8;PELC;P.E.L.C. - Private Entomological Laboratory and Collection;;pp;"";""
10.6084/m9.figshare.19518437.v1;CULS;Czech University of Life Sciences Prague;Institute of Botany;p;"";""
10.5281/zenodo.17083924;CULS;Czech University of Life Sciences Prague;;p;"";""
10.60534/46qra-6bw98;Center for Advanced Preclinical Imaging (CAPI);Center for Advanced Preclinical Imaging (CAPI);University of Hohenheim;pp;"";""
10.5281/zenodo.7390416;SZU;National Institute of Public Health;Food and Veterinary Agency, North Macedonia;p;"";""
10.48580/dgsv8;PELC;P.E.L.C. - Private Entomological Laboratory and Collection;Bossard Consulting;pp;"";""
10.5281/zenodo.13897824;Palacký University, Olomouc;Palacký University, Olomouc;;p;"";""
10.48580/dgtg4;PELC;P.E.L.C. - Private Entomological Laboratory and Collection;UMR, INRA/ENESAD/UB, Biologie et Gestion des Adventices;pp;"";""
10.5281/zenodo.6637599;CULS;Czech University of Life Sciences Prague;Forestry Research Institute of Ghana, Council for Scientific and Industrial Research, University, Kumasi, Ghana;p;"";""
10.6084/m9.figshare.20035649.v1;Palacký University, Olomouc;Palacký University, Olomouc;Rothamsted Research;p;"";""
10.48580/dgs4f;PELC;P.E.L.C. - Private Entomological Laboratory and Collection;;pp;"";""
10.48580/dgs4f;PELC;P.E.L.C. - Private Entomological Laboratory and Collection;Laboratory Biodiversity and Ecosysteme Functioning, University of Metz;pp;"";""
10.48580/dgs4f;PELC;P.E.L.C. - Private Entomological Laboratory and Collection;Natural History Museum;pp;"";""
10.6084/m9.figshare.19470467.v1;CEITEC MU;Central European Institute of Technology – Masaryk University;Medical University of Vienna;p;"";""
10.6084/m9.figshare.c.7811402.v1;University Hospital Brno;University Hospital Brno;Masaryk University;p;"";""
10.5281/zenodo.17083924;CULS;Czech University of Life Sciences Prague;"Latvian State Forest Research Institute ""Silava""";p;"";""
10.6084/m9.figshare.c.7307920.v1;IKEM;Institute of Clinical and Experimental Medicine;Charles University;p;"";""
10.6084/m9.figshare.c.7075282.v1;University Hospital in Motol;University Hospital in Motol;University of Freiburg;p;"";""
10.6084/m9.figshare.c.7732283.v1;FNUSA-ICRC;International Clinical Research Center of St. Anne's University Hospital Brno;Brno University of Technology;p;"";""
10.48580/dgsv8;PELC;P.E.L.C. - Private Entomological Laboratory and Collection;;pp;"";""
10.48580/dgtg4;PELC;P.E.L.C. - Private Entomological Laboratory and Collection;División Entomología, Museo de La Plata;pp;p;""
10.48580/dgtg4;PELC;P.E.L.C. - Private Entomological Laboratory and Collection;;pp;"";""
10.48580/dgt98;PELC;P.E.L.C. - Private Entomological Laboratory and Collection;;pp;"";""
10.6084/m9.figshare.c.6018502.v1;CULS;Czech University of Life Sciences Prague;University of the Ryukyus;p;"";""
10.6084/m9.figshare.c.6792969.v1;University Hospital Olomouc;University Hospital Olomouc;;p;"";""
10.5281/zenodo.15681034;CULS;Czech University of Life Sciences Prague;;p;"";""
10.15468/m97sd2;PELC;P.E.L.C. - Private Entomological Laboratory and Collection;;pp;"";""
10.48580/dgsv8;PELC;P.E.L.C. - Private Entomological Laboratory and Collection;;pp;"";""
10.48580/dgsv8;PELC;P.E.L.C. - Private Entomological Laboratory and Collection;;pp;"";""
10.48580/dgt98;PELC;P.E.L.C. - Private Entomological Laboratory and Collection;Catalogue of Life Australia;pp;"";""
10.6084/m9.figshare.c.7880704.v1;VFN;General University Hospital in Prague;Skåne University Hospital;pp;p;""
10.5281/zenodo.8301796;University Hospital Brno;University Hospital Brno;CEITEC, Brno University of Technology;p;"";""
10.6084/m9.figshare.c.6926742.v1;FNUSA-ICRC;International Clinical Research Center of St. Anne's University Hospital Brno;"Cluster of Excellence ""Science of Intelligence""";p;"";""
10.14473/csda/wbooe4/olkzwn;Institute of Philosophy;Institute of Philosophy;(Tel-Hai College, University of Haifa);pp;"";""
10.5281/zenodo.15156891;CULS;Czech University of Life Sciences Prague;School of Biological Sciences, University of Utah, 257 S. 1400 E., Salt Lake City, Utah, 84112, USA.;p;"";""
10.48580/dgs4f;PELC;P.E.L.C. - Private Entomological Laboratory and Collection;;pp;"";""
10.48580/dgs4f;PELC;P.E.L.C. - Private Entomological Laboratory and Collection;;pp;"";""
10.15468/m97sd2;PELC;P.E.L.C. - Private Entomological Laboratory and Collection;;pp;"";""
10.48580/dgt98;PELC;P.E.L.C. - Private Entomological Laboratory and Collection;US Geological Survey / Smithsonian Institution;pp;"";""
10.6084/m9.figshare.c.6765670.v1;CULS;Czech University of Life Sciences Prague;Masaryk University;p;"";""
10.6084/m9.figshare.c.5995626.v1;University Hospital Brno;University Hospital Brno;St. Bernward Krankenhaus;p;"";""
10.6084/m9.figshare.c.7295760.v1;MoE;Ministry of the Environment of the Czech Republic;Institute of Microbiology;p;"";""
10.5281/zenodo.11212280;ITAM AS CR;Institute of Theoretical and Applied Mechanics;Institute of Rock Structure and Mechanics of the Czech Academy of Sciences;pp;"";""
10.6084/m9.figshare.c.6872952.v1;VFU;University of Veterinary and Pharmaceutical Sciences;Masaryk University;p;"";""
10.6084/m9.figshare.c.5837529.v2;CULS;Czech University of Life Sciences Prague;International Union for Conservation of Nature;p;"";""
10.48580/dgsv8;PELC;P.E.L.C. - Private Entomological Laboratory and Collection;Grupo de Entomología , Universidad de Antioquia;pp;p;""
10.15468/m97sd2;PELC;P.E.L.C. - Private Entomological Laboratory and Collection;The Natural History Museum;pp;"";""
10.6084/m9.figshare.c.6585787.v1;University Hospital in Motol;University Hospital in Motol;Belfast Health and Social Care Trust;p;"";""
10.6084/m9.figshare.c.5399421.v1;CULS;Czech University of Life Sciences Prague;Jiangsu Academy of Agricultural Sciences;p;"";""
10.14473/csda/nyxqpt/hckaho;Institute of Philosophy;Institute of Philosophy;(Tel-Hai College, University of Haifa);pp;"";""
10.15468/m97sd2;PELC;P.E.L.C. - Private Entomological Laboratory and Collection;;pp;"";""
10.48580/dgs4f;PELC;P.E.L.C. - Private Entomological Laboratory and Collection;;pp;"";""
10.6084/m9.figshare.c.6714654.v1;CULS;Czech University of Life Sciences Prague;Mendel University in Brno;p;"";""
10.48580/dgs4f;PELC;P.E.L.C. - Private Entomological Laboratory and Collection;Biodiversity Research Center, Academia Sinica;pp;"";""
10.5281/zenodo.14622373;VÚGTK;Research Institute of Geodesy, Topography and Cartography;Kyiv National University of Construction and Architecture;ppp;"";""
10.48580/dgt98;PELC;P.E.L.C. - Private Entomological Laboratory and Collection;GBIF;pp;"";""
10.6084/m9.figshare.c.7323343.v1;University Hospital Brno;University Hospital Brno;New Bulgarian University;p;"";""
10.15468/m97sd2;PELC;P.E.L.C. - Private Entomological Laboratory and Collection;Natural History Museum;pp;"";""
10.48580/dgtg4;PELC;P.E.L.C. - Private Entomological Laboratory and Collection;A Rocha Kenya;pp;"";""
10.6084/m9.figshare.c.7153870.v1;Palacký University, Olomouc;Palacký University, Olomouc;Slovak Academy of Sciences;p;"";""
10.6084/m9.figshare.c.6830045.v1;FNUSA;St. Anne´s University Hospital;Masaryk University;p;"";""
10.6084/m9.figshare.c.6271279.v1;University Hospital Brno;University Hospital Brno;Masaryk University;p;"";""
10.6084/m9.figshare.c.7226433.v1;Palacký University, Olomouc;Palacký University, Olomouc;Rothamsted Research;p;"";""
10.5281/zenodo.15154495;University Hospital Hradec Králové;University Hospital Hradec Králové;;p;"";""
10.6084/m9.figshare.c.6629419.v1;University Hospital in Motol;University Hospital in Motol;Charles University;p;"";""
10.15468/m97sd2;PELC;P.E.L.C. - Private Entomological Laboratory and Collection;University of Melbourne;pp;"";""
10.48580/dgs4f;PELC;P.E.L.C. - Private Entomological Laboratory and Collection;;pp;"";""
10.15468/t53vdw;Palacký University, Olomouc;Palacký University, Olomouc;University of Warsaw;p;"";""
10.6084/m9.figshare.c.7563934.v1;Palacký University, Olomouc;Palacký University, Olomouc;Ghent University;p;"";""
10.6084/m9.figshare.c.6958017.v1;CEITEC MU;Central European Institute of Technology – Masaryk University;Masaryk University;p;"";""
10.6084/m9.figshare.c.5944552.v1;ČVUT;Czech Technical University in Prague;Institute of Molecular Genetics;p;"";""
10.48580/dgt98;PELC;P.E.L.C. - Private Entomological Laboratory and Collection;Natural History Museum;pp;"";""
10.48580/dgs4f;PELC;P.E.L.C. - Private Entomological Laboratory and Collection;Agriculture and Agri-Food Canada;pp;"";""
10.48580/dgs4f;PELC;P.E.L.C. - Private Entomological Laboratory and Collection;Natural History Museum;pp;"";""
10.6084/m9.figshare.c.6787450.v1;CEITEC ;Central European Institute of Technology;Medical University of Vienna;p;"";""
10.48580/dgtg4;PELC;P.E.L.C. - Private Entomological Laboratory and Collection;;pp;"";""
10.6084/m9.figshare.20035634.v1;Palacký University, Olomouc;Palacký University, Olomouc;Rothamsted Research;p;"";""
10.48580/dgtg4;PELC;P.E.L.C. - Private Entomological Laboratory and Collection;African Insect Science for Food and Health (ICIPE);pp;p;""
10.6084/m9.figshare.c.6770757.v1;VFU;University of Veterinary and Pharmaceutical Sciences;Mendel University in Brno;p;"";""
10.48580/dgtg4;PELC;P.E.L.C. - Private Entomological Laboratory and Collection;;pp;"";""
10.48580/dgs4f;PELC;P.E.L.C. - Private Entomological Laboratory and Collection;Instituto Alexander von Humboldt;pp;"";""
10.15468/m97sd2;PELC;P.E.L.C. - Private Entomological Laboratory and Collection;;pp;"";""
10.6084/m9.figshare.c.7649648.v1;FNUSA;St. Anne´s University Hospital;Masaryk Memorial Cancer Institute;p;"";""
10.48580/dgt98;PELC;P.E.L.C. - Private Entomological Laboratory and Collection;;pp;"";""
10.6084/m9.figshare.c.5995626.v1;University Hospital Brno;University Hospital Brno;Frankfurt Cancer Institute;p;"";""
10.6084/m9.figshare.c.7953063.v1;FNUSA;St. Anne´s University Hospital;;p;"";""
10.5281/zenodo.10680436;Jan Evangelista Purkyně University in Ústí nad Labem;Jan Evangelista Purkyně University in Ústí nad Labem;CESAM, University of Aveiro;p;"";""
10.15468/m97sd2;PELC;P.E.L.C. - Private Entomological Laboratory and Collection;;pp;"";""
10.48580/dgs4f;PELC;P.E.L.C. - Private Entomological Laboratory and Collection;Private Entomological Laboratory & Collection;pp;p;""
10.6084/m9.figshare.c.7885117.v1;Palacký University, Olomouc;Palacký University, Olomouc;Helmholtz-Zentrum Dresden-Rossendorf;p;"";""
10.15468/m97sd2;PELC;P.E.L.C. - Private Entomological Laboratory and Collection;French National Institute for Agriculture, Food, and Environment (INRAE);pp;"";""
10.48580/dgt98;PELC;P.E.L.C. - Private Entomological Laboratory and Collection;;pp;"";""
10.5281/zenodo.10680436;CULS;Czech University of Life Sciences Prague;Research Institute for Nature and Forest;p;"";""
10.48580/dgtg4;PELC;P.E.L.C. - Private Entomological Laboratory and Collection;Montgomery Botanical Center;pp;"";""
10.5281/zenodo.4603685;Jan Evangelista Purkyně University in Ústí nad Labem;Jan Evangelista Purkyně University in Ústí nad Labem;Forest Research;p;"";""
10.6084/m9.figshare.c.7885117.v1;Palacký University, Olomouc;Palacký University, Olomouc;Helmholtz-Zentrum Dresden-Rossendorf;p;"";""
10.5281/zenodo.11454277;CULS;Czech University of Life Sciences Prague;Technical University in Zvolen, Faculty of Ecology and Environmental Sciences, Zvolen, Slovakia;p;"";""
10.6084/m9.figshare.c.7953063.v1;FNUSA-ICRC;International Clinical Research Center of St. Anne's University Hospital Brno;Mahidol University;p;"";""
10.6084/m9.figshare.c.6787450.v1;CEITEC MU;Central European Institute of Technology – Masaryk University;University of Veterinary Medicine Vienna;p;"";""
10.48580/dgt98;PELC;P.E.L.C. - Private Entomological Laboratory and Collection;;pp;"";""
10.48580/dgs4f;PELC;P.E.L.C. - Private Entomological Laboratory and Collection;;pp;"";""
10.48580/dgsv8;PELC;P.E.L.C. - Private Entomological Laboratory and Collection;Entomology, Staatliches Museum für Naturkunde Stuttgart;pp;"";""
10.15468/m97sd2;PELC;P.E.L.C. - Private Entomological Laboratory and Collection;;pp;"";""
10.6084/m9.figshare.c.6629419.v1;Fakultní Nemocnice Plzeň;Fakultní Nemocnice Plzeň;Thomayerova nemocnice;p;"";""
10.6084/m9.figshare.c.6629419.v1;University Hospital in Motol;University Hospital in Motol;Krajská Zdravotní;p;"";""
10.48580/dgtg4;PELC;P.E.L.C. - Private Entomological Laboratory and Collection;;pp;"";""
10.6084/m9.figshare.c.7906234.v1;University Hospital Hradec Králové;University Hospital Hradec Králové;Umeå University;p;"";""
10.5281/zenodo.10888833;Palacký University, Olomouc;Palacký University, Olomouc;;p;"";""
10.15468/m97sd2;PELC;P.E.L.C. - Private Entomological Laboratory and Collection;;pp;"";""
10.48580/dgtg4;PELC;P.E.L.C. - Private Entomological Laboratory and Collection;National Germplasm Resources Laboratory (NGRL);pp;p;""
10.6084/m9.figshare.c.6851848.v1;VFN;General University Hospital in Prague;Charles University;pp;"";""
10.5281/zenodo.16942982;University Hospital in Motol;University Hospital in Motol;DBM Bioinformatics Core Facility, Swiss Institute of Bioinformatics, Switzerland;p;"";""
10.6084/m9.figshare.c.6787450.v1;CEITEC ;Central European Institute of Technology;Medical University of Vienna;p;"";""
10.48580/dgsv8;PELC;P.E.L.C. - Private Entomological Laboratory and Collection;Biologiezentrum, Oberösterreichisches Landesmuseum;pp;"";""
10.15468/m97sd2;PELC;P.E.L.C. - Private Entomological Laboratory and Collection;;pp;"";""
10.5281/zenodo.15739421;CEITEC ;Central European Institute of Technology;Shemyakin and Ovchinnikov Institute of Bioorganic Chemistry, Moscow, Russia;p;"";""
10.6084/m9.figshare.c.6157734.v1;IKEM;Institute of Clinical and Experimental Medicine;Charles University;p;"";""
10.48580/dgs4f;PELC;P.E.L.C. - Private Entomological Laboratory and Collection;;pp;"";""
10.48580/dgsv8;PELC;P.E.L.C. - Private Entomological Laboratory and Collection;Departamento de Invertebrados, Universidade Federal do Rio de Janeiro;pp;p;""
10.6084/m9.figshare.c.7279053.v1;Palacký University, Olomouc;Palacký University, Olomouc;Charles University;p;"";""
10.6084/m9.figshare.c.6787450.v1;CEITEC ;Central European Institute of Technology;Center For Biomarker Research In Medicine;p;"";""
10.6084/m9.figshare.c.6683881.v1;FNUSA-ICRC;International Clinical Research Center of St. Anne's University Hospital Brno;Masaryk University;p;"";""
10.6084/m9.figshare.c.6892116.v1;VFN;General University Hospital in Prague;University Hospitals Birmingham NHS Foundation Trust;pp;p;""
10.48580/dgsv8;PELC;P.E.L.C. - Private Entomological Laboratory and Collection;;pp;"";""
10.6084/m9.figshare.c.6770757.v1;Palacký University, Olomouc;Palacký University, Olomouc;Mendel University in Brno;p;"";""
10.48580/dgs4f;PELC;P.E.L.C. - Private Entomological Laboratory and Collection;Universidad CES;pp;"";""
10.6084/m9.figshare.c.5995626.v1;University Hospital Brno;University Hospital Brno;Klinikum Chemnitz;p;"";""
10.6084/m9.figshare.c.5923208.v1;CEITEC MU;Central European Institute of Technology – Masaryk University;Medical University of Vienna;p;"";""
10.5281/zenodo.5483762;ČVUT;Czech Technical University in Prague;Northeastern University;p;"";""
10.5281/zenodo.6637599;CULS;Czech University of Life Sciences Prague;State Key Laboratory of Aquatic Botany and Watershed Ecology, Wuhan Botanical Garden, Chinese Academy of Sciences, Wuhan 430074, China;p;"";""
10.6084/m9.figshare.c.6806308.v1;Public Health Institute Ostrava;Public Health Institute Ostrava;Institute of Meteorology and Water Management;p;"";""
10.48580/dgsv8;PELC;P.E.L.C. - Private Entomological Laboratory and Collection;;pp;"";""
10.48580/dgs4f;PELC;P.E.L.C. - Private Entomological Laboratory and Collection;The New Zealand Institute for Plant & Food Research Limited;pp;p;""
10.6084/m9.figshare.c.7040196.v1;FNUSA;St. Anne´s University Hospital;Masaryk University;p;"";""
10.48580/dgs4f;PELC;P.E.L.C. - Private Entomological Laboratory and Collection;Muséum National d'Histoire Naturelle;pp;"";""
10.5281/zenodo.17083924;CULS;Czech University of Life Sciences Prague;;p;"";""
10.6084/m9.figshare.c.6958017.v1;CEITEC ;Central European Institute of Technology;Masaryk University;p;"";""
10.48580/dgs4f;PELC;P.E.L.C. - Private Entomological Laboratory and Collection;;pp;"";""
10.15468/m97sd2;PELC;P.E.L.C. - Private Entomological Laboratory and Collection;;pp;"";""
10.15468/m97sd2;PELC;P.E.L.C. - Private Entomological Laboratory and Collection;;pp;"";""
10.48580/dgtg4;PELC;P.E.L.C. - Private Entomological Laboratory and Collection;;pp;"";""
10.6084/m9.figshare.c.5449871.v1;University Hospital Brno;University Hospital Brno;University of Würzburg;p;"";""
10.15468/m97sd2;PELC;P.E.L.C. - Private Entomological Laboratory and Collection;Vlaams Instituut voor de Zee (VLIZ);pp;"";""
10.6084/m9.figshare.c.6690909.v1;VFN;General University Hospital in Prague;University Hospital in Motol;pp;p;""
10.6084/m9.figshare.c.6830133.v1;CEITEC ;Central European Institute of Technology;University of Bologna;p;"";""
10.6084/m9.figshare.c.6033685.v1;CULS;Czech University of Life Sciences Prague;Fraunhofer Institute for Integrated Circuits;p;"";""
10.48580/dgtg4;PELC;P.E.L.C. - Private Entomological Laboratory and Collection;Departamento de Biología, Universidad de Sucre;pp;p;""
10.6084/m9.figshare.c.7828330.v1;CEITEC ;Central European Institute of Technology;Flemish Organization for Immovable Heritage;p;"";""
10.6084/m9.figshare.c.6596173.v1;CULS;Czech University of Life Sciences Prague;Institut Jules Bordet;p;"";""
10.5281/zenodo.11212280;NPI;Nuclear Physics Institute;University of Chemistry and Technology;p;"";""
10.5281/zenodo.6637599;CULS;Czech University of Life Sciences Prague;Instituto de Investigaciones en Ecosistemas y Sustentabilidad, Universidad Nacional Autónoma de México, Morelia, Michoacán, Mexico;p;"";""
10.5281/zenodo.6637599;CULS;Czech University of Life Sciences Prague;State Key Laboratory of Vegetation and Environmental Change, Institute of Botany, Chinese Academy of Sciences, Beijing 100093, China;p;"";""
10.6084/m9.figshare.c.6629419.v1;University Hospital in Motol;University Hospital in Motol;;p;"";""
10.6084/m9.figshare.c.7953063.v1;FNUSA;St. Anne´s University Hospital;Istanbul University;p;"";""
10.48580/dgtg4;PELC;P.E.L.C. - Private Entomological Laboratory and Collection;;pp;"";""
10.6084/m9.figshare.c.5449871.v1;University Hospital Brno;University Hospital Brno;;p;"";""
10.5281/zenodo.5711706;CULS;Czech University of Life Sciences Prague;Slovak Academy of Sciences;p;"";""
10.6084/m9.figshare.20035637.v1;Palacký University, Olomouc;Palacký University, Olomouc;Rothamsted Research;p;"";""
10.6084/m9.figshare.c.6787450.v1;CEITEC MU;Central European Institute of Technology – Masaryk University;Medical University of Vienna;p;"";""
10.18419/darus-4117;VŠUP;Academy of Arts, Architecture and Design in Prague;Coll Coll;p;"";""
10.6084/m9.figshare.c.7149681.v1;VFN;General University Hospital in Prague;Palacký University, Olomouc;pp;p;""
10.6084/m9.figshare.c.7732283.v1;FNUSA-ICRC;International Clinical Research Center of St. Anne's University Hospital Brno;Masaryk University;p;"";""
10.6084/m9.figshare.c.6728494.v1;CULS;Czech University of Life Sciences Prague;Mendel University in Brno;p;"";""
10.5281/zenodo.15154499;University Hospital Hradec Králové;University Hospital Hradec Králové;;p;"";""
10.14473/csda/9alxny/mf6m0r;Institute of Philosophy;Institute of Philosophy;(Vilnius University, Lithuania);pp;"";""
10.5281/zenodo.10680436;CULS;Czech University of Life Sciences Prague;Institut de Recerca de la Biodiversitat (IRBio), Universitat de Barcelona;p;"";""
10.48580/dgsv8;PELC;P.E.L.C. - Private Entomological Laboratory and Collection;;pp;"";""
10.5281/zenodo.13884524;CEITEC ;Central European Institute of Technology;Faculty of Chemistry and Chemical Technology, University of Ljubljana;p;"";""
10.15468/m97sd2;PELC;P.E.L.C. - Private Entomological Laboratory and Collection;;pp;"";""
10.6084/m9.figshare.c.6596173.v1;CULS;Czech University of Life Sciences Prague;Search for Extraterrestrial Intelligence;p;"";""
10.5281/zenodo.17083924;CULS;Czech University of Life Sciences Prague;Universidade de Aveiro;p;"";""
10.5281/zenodo.7415164;CRI;Crop Research Institute;CDE, University of Bern;p;"";""
10.48580/dgtg4;PELC;P.E.L.C. - Private Entomological Laboratory and Collection;;pp;"";""
10.18419/darus-4117/11;CULS;Czech University of Life Sciences Prague;Universität Stuttgart;p;"";""
10.5281/zenodo.6637599;CULS;Czech University of Life Sciences Prague;Research Institute for the Environment & Livelihoods, Charles Darwin University, Northern Territory, 0909, Australia;p;"";""
10.48580/dgs4f;PELC;P.E.L.C. - Private Entomological Laboratory and Collection;Zoological Institute RAS;pp;"";""
10.6084/m9.figshare.c.6596173.v1;CULS;Czech University of Life Sciences Prague;University of Namur;p;"";""
10.14278/rodare.1330;NPI;Nuclear Physics Institute;;p;"";""
10.48580/dgt98;PELC;P.E.L.C. - Private Entomological Laboratory and Collection;;pp;"";""
10.6084/m9.figshare.c.7953063.v1;FNUSA-ICRC;International Clinical Research Center of St. Anne's University Hospital Brno;University of Turin;p;"";""
10.6084/m9.figshare.c.7190610.v1;Fakultní Nemocnice Plzeň;Fakultní Nemocnice Plzeň;Charles University;p;"";""
10.48580/dgsv8;PELC;P.E.L.C. - Private Entomological Laboratory and Collection;;pp;"";""
10.5281/zenodo.10680436;CULS;Czech University of Life Sciences Prague;Research Centre for Forestry and Wood, Council for Agricultural Research and Economics (CREA);p;"";""
10.6084/m9.figshare.c.6962539.v1;Palacký University, Olomouc;Palacký University, Olomouc;Charles University;p;"";""
10.48580/dgs4f;PELC;P.E.L.C. - Private Entomological Laboratory and Collection;;pp;"";""
10.6084/m9.figshare.c.6787450.v1;CEITEC ;Central European Institute of Technology;CIC bioGUNE;p;"";""
10.48580/dgsv8;PELC;P.E.L.C. - Private Entomological Laboratory and Collection;;pp;"";""
10.48580/dgt98;PELC;P.E.L.C. - Private Entomological Laboratory and Collection;;pp;"";""
10.5281/zenodo.15594028;FZU;Institute of Physics;Jožef Stefan Institute, Jamova cesta 39, 1000 Ljubljana, Slovenia;p;"";""
10.5281/zenodo.7415164;CRI;Crop Research Institute;FRAB;p;"";""
10.6084/m9.figshare.21009561.v1;IPVZ;Institute for Postgraduate Medical Education;Charles University;p;"";""
10.6084/m9.figshare.c.7279053.v1;Palacký University, Olomouc;Palacký University, Olomouc;Charles University;p;"";""
10.18419/darus-4117/2;ČVUT;Czech Technical University in Prague;Coll Coll;p;"";""
10.6084/m9.figshare.c.7206675.v1;Palacký University, Olomouc;Palacký University, Olomouc;Czech Academy of Sciences;p;"";""
10.6084/m9.figshare.c.5995626.v1;University Hospital Brno;University Hospital Brno;German Cancer Research Center;p;"";""
10.48580/dgsv8;PELC;P.E.L.C. - Private Entomological Laboratory and Collection;;pp;"";""
10.15468/m97sd2;PELC;P.E.L.C. - Private Entomological Laboratory and Collection;;pp;"";""
10.48580/dgt98;PELC;P.E.L.C. - Private Entomological Laboratory and Collection;;pp;"";""
10.18419/darus-4117;CULS;Czech University of Life Sciences Prague;Coll Coll;p;"";""
10.48580/dgs4f;PELC;P.E.L.C. - Private Entomological Laboratory and Collection;A Rocha Kenya;pp;"";""
10.5281/zenodo.15356684;Palacký University, Olomouc;Palacký University, Olomouc;;p;"";""
10.14473/csda/9alxny/u4jimo;Institute of Philosophy;Institute of Philosophy;(Tel-Hai College, University of Haifa);pp;"";""
10.6084/m9.figshare.c.6787450.v1;CEITEC MU;Central European Institute of Technology – Masaryk University;Medical University of Vienna;p;"";""
10.6084/m9.figshare.c.7206675.v1;VFU;University of Veterinary and Pharmaceutical Sciences;Masaryk University;p;"";""
10.5281/zenodo.10680436;Jan Evangelista Purkyně University in Ústí nad Labem;Jan Evangelista Purkyně University in Ústí nad Labem;Goethe University;p;"";""
10.48580/dgtg4;PELC;P.E.L.C. - Private Entomological Laboratory and Collection;;pp;"";""
10.48580/dgsv8;PELC;P.E.L.C. - Private Entomological Laboratory and Collection;;pp;"";""
10.5281/zenodo.11212280;NPI;Nuclear Physics Institute;Czech Geological Survey;p;"";""
10.5281/zenodo.10680436;Jan Evangelista Purkyně University in Ústí nad Labem;Jan Evangelista Purkyně University in Ústí nad Labem;CYENS Center of Excellence;p;"";""
10.5281/zenodo.10680436;Jan Evangelista Purkyně University in Ústí nad Labem;Jan Evangelista Purkyně University in Ústí nad Labem;Leibniz Institute for the Analysis of Biodiversity Change,Museum Koenig;p;"";""
10.6084/m9.figshare.21009561.v1;IPVZ;Institute for Postgraduate Medical Education;Charles University;p;"";""
10.15468/m97sd2;PELC;P.E.L.C. - Private Entomological Laboratory and Collection;;pp;"";""
10.48580/dgtg4;PELC;P.E.L.C. - Private Entomological Laboratory and Collection;;pp;"";""
10.6084/m9.figshare.c.7040196.v1;FNUSA;St. Anne´s University Hospital;University of Ljubljana;p;"";""
10.48580/dgs4f;PELC;P.E.L.C. - Private Entomological Laboratory and Collection;Universidad de Caldas;pp;"";""
10.48580/dgt98;PELC;P.E.L.C. - Private Entomological Laboratory and Collection;FADA, Royal Belgian Institute of Natural Sciences (RBINS);pp;"";""
10.48580/dgs4f;PELC;P.E.L.C. - Private Entomological Laboratory and Collection;;pp;"";""
10.6084/m9.figshare.c.7196998.v1;University Hospital Hradec Králové;University Hospital Hradec Králové;Charles University;p;"";""
10.5281/zenodo.7002917;J. Heyrovsky Institute of Physical Chemistry;J. Heyrovsky Institute of Physical Chemistry;NCCR Catalysis, University of Bern;p;"";""
10.6084/m9.figshare.c.6756018.v1;Biopticka Laborator (Czechia);Biopticka Laborator (Czechia);University of South Bohemia in České Budějovice;p;"";""
10.6084/m9.figshare.21009561.v1;IPVZ;Institute for Postgraduate Medical Education;Krajská Nemocnice Liberec;p;"";""
10.6084/m9.figshare.c.6830133.v1;University Hospital Ostrava;University Hospital Ostrava;University of Ostrava;p;"";""
10.48580/dgtg4;PELC;P.E.L.C. - Private Entomological Laboratory and Collection;;pp;"";""
10.5061/dryad.xksn02vkr;VFU;University of Veterinary and Pharmaceutical Sciences;University of Veterinary Science Brno;p;"";""
10.48580/dgtg4;PELC;P.E.L.C. - Private Entomological Laboratory and Collection;;pp;"";""
10.48580/dgsv8;PELC;P.E.L.C. - Private Entomological Laboratory and Collection;Smithsonian Institution;pp;"";""
10.6084/m9.figshare.c.6787807.v1;University Hospital Olomouc;University Hospital Olomouc;University of Verona;p;"";""
10.6084/m9.figshare.c.7075180.v1;Palacký University, Olomouc;Palacký University, Olomouc;Mendel University in Brno;p;"";""
10.6084/m9.figshare.c.7885117.v1;University Hospital Olomouc;University Hospital Olomouc;Institute of Molecular and Translational Medicine;p;"";""
10.48580/dgsv8;PELC;P.E.L.C. - Private Entomological Laboratory and Collection;;pp;"";""
10.5281/zenodo.11212280;ITAM AS CR;Institute of Theoretical and Applied Mechanics;Czech Geological Survey;pp;"";""
10.48580/dgtg4;PELC;P.E.L.C. - Private Entomological Laboratory and Collection;Laboratory Biodiversity and Ecosysteme Functioning, University of Metz;pp;"";""
10.6084/m9.figshare.c.7801480.v1;CEITEC ;Central European Institute of Technology;Masaryk University;p;"";""
10.48580/dgt98;PELC;P.E.L.C. - Private Entomological Laboratory and Collection;University of Melbourne;pp;"";""
10.15468/m97sd2;PELC;P.E.L.C. - Private Entomological Laboratory and Collection;;pp;"";""
10.6084/m9.figshare.c.6728458.v1;University Hospital Brno;University Hospital Brno;Masaryk University;p;"";""
10.6084/m9.figshare.c.6317439.v1;VSE;University of Economics Prague;Eötvös Loránd University;p;"";""
10.6084/m9.figshare.c.6780806.v1;FNUSA-ICRC;International Clinical Research Center of St. Anne's University Hospital Brno;ENT and Allergy;p;"";""
10.5281/zenodo.17083924;CULS;Czech University of Life Sciences Prague;University of Zagreb;p;"";""
10.6084/m9.figshare.c.6787450.v1;CEITEC MU;Central European Institute of Technology – Masaryk University;Medical University of Vienna;p;"";""
10.6084/m9.figshare.c.6787450.v1;CEITEC ;Central European Institute of Technology;University of Salzburg;p;"";""
10.48580/dgtg4;PELC;P.E.L.C. - Private Entomological Laboratory and Collection;;pp;"";""
10.48580/dgsv8;PELC;P.E.L.C. - Private Entomological Laboratory and Collection;;pp;"";""
10.48580/dgtg4;PELC;P.E.L.C. - Private Entomological Laboratory and Collection;Jardim Botânico da Madeira;pp;"";""
10.48580/dgs4f;PELC;P.E.L.C. - Private Entomological Laboratory and Collection;Entomological Laboratory, Graduate School of Bioresource and Bioenvironmental Sciences, Kyushu University;pp;"";""
10.5281/zenodo.7348780;ČVUT;Czech Technical University in Prague;Institute of Biotechnology, AS CR;p;"";""
10.5281/zenodo.15064532;CULS;Czech University of Life Sciences Prague;UCLM;p;"";""
10.48580/dgs4f;PELC;P.E.L.C. - Private Entomological Laboratory and Collection;Coastal Research and Planning Institute;pp;p;""
10.48580/dgtg4;PELC;P.E.L.C. - Private Entomological Laboratory and Collection;;pp;"";""
10.6084/m9.figshare.c.5413891.v1;Palacký University, Olomouc;Palacký University, Olomouc;Biomedical Research Foundation of the Academy of Athens;p;"";""
10.6084/m9.figshare.c.7240904.v1;University Hospital Brno;University Hospital Brno;Tung Wah College;p;"";""
10.6084/m9.figshare.c.6585379.v1;University Hospital Brno;University Hospital Brno;;p;"";""
10.48580/dgs4f;PELC;P.E.L.C. - Private Entomological Laboratory and Collection;;pp;"";""
10.48580/dgtg4;PELC;P.E.L.C. - Private Entomological Laboratory and Collection;;pp;"";""
10.15468/m97sd2;PELC;P.E.L.C. - Private Entomological Laboratory and Collection;;pp;"";""
10.48580/dgt98;PELC;P.E.L.C. - Private Entomological Laboratory and Collection;;pp;"";""
10.48580/dgs4f;PELC;P.E.L.C. - Private Entomological Laboratory and Collection;Universidad del Valle;pp;"";""
10.5281/zenodo.10949371;University Hospital Hradec Králové;University Hospital Hradec Králové;Third Faculty of Medicine, Charles University;p;"";""
10.14473/csda/9alxny/hi39z0;Institute of Philosophy;Institute of Philosophy;(Faculty of Communication, Vilnius University, Vilnius, Lithuania);pp;"";""
10.48580/dgs4f;PELC;P.E.L.C. - Private Entomological Laboratory and Collection;;pp;"";""
10.5281/zenodo.6382216;CULS;Czech University of Life Sciences Prague;University of Belgrade;p;"";""
10.5281/zenodo.10680436;CULS;Czech University of Life Sciences Prague;University of Amsterdam;p;"";""
10.48580/dgt98;PELC;P.E.L.C. - Private Entomological Laboratory and Collection;;pp;"";""
10.5061/dryad.vmcvdncsz;IEB;Institute of Experimental Botany;Komarov Botanical Institute of the Russian Academy of Sciences;p;"";""
10.6084/m9.figshare.c.6830133.v1;University Hospital Ostrava;University Hospital Ostrava;University of Ostrava;p;"";""
10.6084/m9.figshare.c.7766437.v1;University Hospital Hradec Králové;University Hospital Hradec Králové;Comenius University;p;"";""
10.6084/m9.figshare.c.7220407.v1;Palacký University, Olomouc;Palacký University, Olomouc;Institute of Biotechnology;p;"";""
10.6084/m9.figshare.20341683.v1;University Hospital Brno;University Hospital Brno;Masaryk University;p;"";""
10.15468/m97sd2;PELC;P.E.L.C. - Private Entomological Laboratory and Collection;;pp;"";""
10.5281/zenodo.17083924;CULS;Czech University of Life Sciences Prague;University of Forestry;p;"";""
10.5281/zenodo.10572480;CULS;Czech University of Life Sciences Prague;Center for Ecosystem Science and Society, Northern Arizona University, Flagstaff, AZ, USA;p;"";""
10.6084/m9.figshare.c.6629419.v1;Fakultní Nemocnice Plzeň;Fakultní Nemocnice Plzeň;;p;"";""
10.5281/zenodo.6637599;CULS;Czech University of Life Sciences Prague;School of GeoSciences, University of Edinburgh, Edinburgh, EH9 3FF, UK;p;"";""
10.6084/m9.figshare.c.6792969.v1;University Hospital Brno;University Hospital Brno;;p;"";""
10.48580/dgt98;PELC;P.E.L.C. - Private Entomological Laboratory and Collection;;pp;"";""
10.57760/sciencedb.07476;IAP;Institute of Atmospheric Physics;University of Colorado (CU), Boulder;pp;"";""
10.6084/m9.figshare.c.7158337.v1;Palacký University, Olomouc;Palacký University, Olomouc;Charles University;p;"";""
10.15468/m97sd2;PELC;P.E.L.C. - Private Entomological Laboratory and Collection;;pp;"";""
10.15468/m97sd2;PELC;P.E.L.C. - Private Entomological Laboratory and Collection;;pp;"";""
10.6084/m9.figshare.20035634.v1;IEB;Institute of Experimental Botany;Rothamsted Research;p;"";""
10.48580/dgtg4;PELC;P.E.L.C. - Private Entomological Laboratory and Collection;Real Jardín Botánico de Madrid, CSIC;pp;"";""
10.48580/dgtg4;PELC;P.E.L.C. - Private Entomological Laboratory and Collection;;pp;"";""
10.6084/m9.figshare.c.6787450.v1;CEITEC ;Central European Institute of Technology;Center For Biomarker Research In Medicine;p;"";""
10.48580/dgt98;PELC;P.E.L.C. - Private Entomological Laboratory and Collection;;pp;"";""
10.6084/m9.figshare.c.7801480.v1;CEITEC ;Central European Institute of Technology;University of Veterinary Medicine Vienna;p;"";""
10.48580/dgs4f;PELC;P.E.L.C. - Private Entomological Laboratory and Collection;Institut Pasteur du Laos;pp;p;""
10.6084/m9.figshare.20484741.v1;Biopticka Laborator (Czechia);Biopticka Laborator (Czechia);Lund University;p;"";""
10.6084/m9.figshare.c.7595338.v1;University Hospital Brno;University Hospital Brno;Mendel University in Brno;p;"";""
10.48580/dgs4f;PELC;P.E.L.C. - Private Entomological Laboratory and Collection;Max Planck Institute;pp;p;""
10.48580/dgs4f;PELC;P.E.L.C. - Private Entomological Laboratory and Collection;University of Gdansk;pp;"";""
10.6084/m9.figshare.c.5923208.v1;CEITEC ;Central European Institute of Technology;University of Veterinary Medicine Vienna;p;"";""
10.6084/m9.figshare.c.7206675.v1;VFU;University of Veterinary and Pharmaceutical Sciences;University of Bari Aldo Moro;p;"";""
10.48580/dgs4f;PELC;P.E.L.C. - Private Entomological Laboratory and Collection;Artsdatabanken;pp;"";""
10.48580/dgsv8;PELC;P.E.L.C. - Private Entomological Laboratory and Collection;Natural History Museum;pp;"";""
10.48580/dgs4f;PELC;P.E.L.C. - Private Entomological Laboratory and Collection;Instituto de Biología, UNAM;pp;"";""
10.14473/csda/9alxny/mf6m0r;Institute of Philosophy;Institute of Philosophy;(ResWell Research Collaboration, Tel Aviv University, Tel Aviv, Israel);pp;"";""
10.48580/dgt98;PELC;P.E.L.C. - Private Entomological Laboratory and Collection;;pp;"";""
10.48580/dgtg4;PELC;P.E.L.C. - Private Entomological Laboratory and Collection;;pp;"";""
10.6084/m9.figshare.c.6869925.v1;Palacký University, Olomouc;Palacký University, Olomouc;Mendel University in Brno;p;"";""
10.5281/zenodo.10888833;Palacký University, Olomouc;Palacký University, Olomouc;;p;"";""
10.6084/m9.figshare.c.6872952.v1;VFU;University of Veterinary and Pharmaceutical Sciences;Charles University;p;"";""
10.48580/dgtg4;PELC;P.E.L.C. - Private Entomological Laboratory and Collection;;pp;"";""
10.48580/dgs4f;PELC;P.E.L.C. - Private Entomological Laboratory and Collection;Institut National de la Recherche Agronomique, Domaine de la Grande Ferrade, UMR 1202 BIOGECO, Pathologie forestière;pp;p;""
10.14278/rodare.1538;Institute of Pharmacology;Institute of Pharmacology;Hochschule Zittau/Görlitz;p;"";""
10.6084/m9.figshare.19470467.v1;CEITEC MU;Central European Institute of Technology – Masaryk University;University of Veterinary Medicine Vienna;p;"";""
10.48580/dgtg4;PELC;P.E.L.C. - Private Entomological Laboratory and Collection;;pp;"";""
10.18419/darus-4117/12;CULS;Czech University of Life Sciences Prague;Czech University of Life Sciences;p;"";""
10.48580/dgt98;PELC;P.E.L.C. - Private Entomological Laboratory and Collection;Muséum National d’Histoire Naturelle;pp;"";""
10.48580/dgtg4;PELC;P.E.L.C. - Private Entomological Laboratory and Collection;;pp;"";""
10.5281/zenodo.7556866;Palacký University, Olomouc;Palacký University, Olomouc;Swiss Ornithological Institute;p;"";""
10.48580/dgt98;PELC;P.E.L.C. - Private Entomological Laboratory and Collection;;pp;"";""
10.5285/3b077711-f183-42f1-bac6-c892922c81f4;CULS;Czech University of Life Sciences Prague;Maynooth University;p;"";""
10.48580/dgtg4;PELC;P.E.L.C. - Private Entomological Laboratory and Collection;;pp;"";""
10.5281/zenodo.6382216;CULS;Czech University of Life Sciences Prague;Macedonian Ecological Society;p;"";""
10.48580/dgt98;PELC;P.E.L.C. - Private Entomological Laboratory and Collection;;pp;"";""
10.48580/dgs4f;PELC;P.E.L.C. - Private Entomological Laboratory and Collection;;pp;"";""
10.6084/m9.figshare.c.5265220.v1;CRI;Crop Research Institute;Bulgarian Academy of Sciences;p;"";""
10.15468/m97sd2;PELC;P.E.L.C. - Private Entomological Laboratory and Collection;;pp;"";""
10.5281/zenodo.10888833;Palacký University, Olomouc;Palacký University, Olomouc;;p;"";""
10.5281/zenodo.15154499;University Hospital Hradec Králové;University Hospital Hradec Králové;;p;"";""
10.6084/m9.figshare.c.6728494.v1;CULS;Czech University of Life Sciences Prague;Czech Academy of Sciences;p;"";""
10.6084/m9.figshare.c.7595338.v1;VFU;University of Veterinary and Pharmaceutical Sciences;Mendel University in Brno;p;"";""
10.6084/m9.figshare.c.6690909.v1;VFN;General University Hospital in Prague;Masaryk Memorial Cancer Institute;pp;"";""
10.5285/3b077711-f183-42f1-bac6-c892922c81f4;CULS;Czech University of Life Sciences Prague;Nong Lam University – Ho Chi Minh City;p;"";""
10.5281/zenodo.10680436;CULS;Czech University of Life Sciences Prague;German Centre for Integrative Biodiversity Research (iDiv);p;"";""
10.5281/zenodo.7390416;SZU;National Institute of Public Health;Norwegian Veterinary Institute;p;"";""
10.15468/t53vdw;Palacký University, Olomouc;Palacký University, Olomouc;University of Warsaw;p;"";""
10.5281/zenodo.15739421;CEITEC ;Central European Institute of Technology;Shemyakin and Ovchinnikov Institute of Bioorganic Chemistry, Moscow, Russia;p;"";""
10.5285/3b077711-f183-42f1-bac6-c892922c81f4;CULS;Czech University of Life Sciences Prague;UK Centre for Ecology & Hydrology;p;"";""
10.15468/m97sd2;PELC;P.E.L.C. - Private Entomological Laboratory and Collection;Western Australian Herbarium;pp;"";""
10.6084/m9.figshare.c.7563934.v1;Palacký University, Olomouc;Palacký University, Olomouc;Chinese University of Hong Kong;p;"";""
10.6084/m9.figshare.c.7038268.v1;University Hospital Brno;University Hospital Brno;Charles University;p;"";""
10.6084/m9.figshare.c.6096199.v1;Palacký University, Olomouc;Palacký University, Olomouc;Washington University in St. Louis;p;"";""
10.6084/m9.figshare.c.6596173.v1;CULS;Czech University of Life Sciences Prague;University of Namur;p;"";""
10.6084/m9.figshare.c.7158337.v1;Palacký University, Olomouc;Palacký University, Olomouc;Ghent University;p;"";""
10.6084/m9.figshare.c.6787450.v1;CEITEC ;Central European Institute of Technology;Almac (United Kingdom);p;"";""
10.48580/dgt98;PELC;P.E.L.C. - Private Entomological Laboratory and Collection;Museo Nacional de Ciencias Naturales;pp;"";""
10.6084/m9.figshare.c.6787807.v1;University Hospital Olomouc;University Hospital Olomouc;Charles University;p;"";""
10.48580/dgs4f;PELC;P.E.L.C. - Private Entomological Laboratory and Collection;;pp;"";""
10.6084/m9.figshare.c.7049258.v1;Biopticka Laborator (Czechia);Biopticka Laborator (Czechia);Charles University;p;"";""
10.48580/dgt98;PELC;P.E.L.C. - Private Entomological Laboratory and Collection;;pp;"";""
10.6084/m9.figshare.c.7885117.v1;Palacký University, Olomouc;Palacký University, Olomouc;TU Dresden;p;"";""
10.14473/csda/wbooe4/olkzwn;Institute of Philosophy;Institute of Philosophy;(Tel Aviv University);pp;"";""
10.6084/m9.figshare.c.7206714.v1;University Hospital Hradec Králové;University Hospital Hradec Králové;University of Oslo;p;"";""
10.6084/m9.figshare.c.6787450.v1;CEITEC MU;Central European Institute of Technology – Masaryk University;University of Veterinary Medicine Vienna;p;"";""
10.48580/dgtg4;PELC;P.E.L.C. - Private Entomological Laboratory and Collection;Butterfly Conservation Europe (BCE);pp;p;""
10.6084/m9.figshare.c.5931041.v1;CULS;Czech University of Life Sciences Prague;Institute of Botany;p;"";""
10.5281/zenodo.5035480;CRI;Crop Research Institute;Kmetijski Institut Slovenije, Ljubljana, Slovenia;p;"";""
10.48580/dgt98;PELC;P.E.L.C. - Private Entomological Laboratory and Collection;Entomology, Bavarian State Collection of Zoology;pp;"";""
10.6084/m9.figshare.c.6830133.v1;CEITEC ;Central European Institute of Technology;Zoological Institute;p;"";""
10.48580/dgs4f;PELC;P.E.L.C. - Private Entomological Laboratory and Collection;Université de Reims;pp;"";""
10.48580/dgsv8;PELC;P.E.L.C. - Private Entomological Laboratory and Collection;Royal Botanic Gardens;pp;"";""
10.5281/zenodo.13993402;Palacký University, Olomouc;Palacký University, Olomouc;;p;"";""
10.6084/m9.figshare.c.7040196.v1;FNUSA-ICRC;International Clinical Research Center of St. Anne's University Hospital Brno;University of Ljubljana;p;"";""
10.6084/m9.figshare.c.7595338.v1;University Hospital Brno;University Hospital Brno;Mendel University in Brno;p;"";""
10.6084/m9.figshare.c.7392838.v1;University Hospital Brno;University Hospital Brno;Medical University of Vienna;p;"";""
10.48580/dgtg4;PELC;P.E.L.C. - Private Entomological Laboratory and Collection;;pp;"";""
10.48580/dgs4f;PELC;P.E.L.C. - Private Entomological Laboratory and Collection;;pp;"";""
10.48580/dgtg4;PELC;P.E.L.C. - Private Entomological Laboratory and Collection;Natural History Museum and Department of Ecology and Evolutionary Biology, University of Kansas;pp;p;""
10.5281/zenodo.10888833;Palacký University, Olomouc;Palacký University, Olomouc;;p;"";""
10.48580/dgt98;PELC;P.E.L.C. - Private Entomological Laboratory and Collection;;pp;"";""
10.48580/dgtg4;PELC;P.E.L.C. - Private Entomological Laboratory and Collection;;pp;"";""
10.48580/dgtg4;PELC;P.E.L.C. - Private Entomological Laboratory and Collection;;pp;"";""
10.5281/zenodo.16894917;CULS;Czech University of Life Sciences Prague;Kobenhavns Universitet;p;"";""
10.48580/dgtg4;PELC;P.E.L.C. - Private Entomological Laboratory and Collection;;pp;"";""
10.6084/m9.figshare.c.6050776.v1;University Hospital Brno;University Hospital Brno;Masaryk University;p;"";""
10.1594/pangaea.979679;Institute of Geophysics;Institute of Geophysics;;p;"";""
10.6084/m9.figshare.c.6926742.v1;FNUSA;St. Anne´s University Hospital;Federal Institute for Risk Assessment;p;"";""
10.48580/dgs4f;PELC;P.E.L.C. - Private Entomological Laboratory and Collection;;pp;"";""
10.5281/zenodo.6289588;FZU;Institute of Physics;Delft University of Technology;p;"";""
10.48580/dgtg4;PELC;P.E.L.C. - Private Entomological Laboratory and Collection;;pp;"";""
10.6084/m9.figshare.c.7149681.v1;VFN;General University Hospital in Prague;Charles University;pp;"";""
10.5281/zenodo.15137998;CRI;Crop Research Institute;Rudolfstetten, Switzerland;p;"";""
10.5285/3b077711-f183-42f1-bac6-c892922c81f4;CULS;Czech University of Life Sciences Prague;University of Otago, Dunedin;p;"";""
10.6084/m9.figshare.c.6683881.v1;FNUSA;St. Anne´s University Hospital;Masaryk University;p;"";""
10.6084/m9.figshare.c.6872952.v1;Palacký University, Olomouc;Palacký University, Olomouc;Institute of Vertebrate Biology;p;"";""
10.6084/m9.figshare.c.7953063.v1;FNUSA-ICRC;International Clinical Research Center of St. Anne's University Hospital Brno;Barts Health NHS Trust;p;"";""
10.6084/m9.figshare.c.6830133.v1;CEITEC ;Central European Institute of Technology;Vilnius University;p;"";""
10.6084/m9.figshare.c.7149681.v1;VFN;General University Hospital in Prague;Czech Academy of Sciences;pp;"";""
10.5281/zenodo.14882506;Palacký University, Olomouc;Palacký University, Olomouc;Mendel University in Brno;p;"";""
10.6084/m9.figshare.c.6585379.v1;University Hospital Brno;University Hospital Brno;University College Cork;p;"";""
10.5281/zenodo.15064532;CULS;Czech University of Life Sciences Prague;;p;"";""
10.5281/zenodo.10680436;Jan Evangelista Purkyně University in Ústí nad Labem;Jan Evangelista Purkyně University in Ústí nad Labem;AZTI Fundazioa;p;"";""
10.5281/zenodo.10888833;Palacký University, Olomouc;Palacký University, Olomouc;;p;"";""
10.5281/zenodo.15175619;Palacký University, Olomouc;Palacký University, Olomouc;Agriculture and Agri-Food Canada, Canadian National Collection of Insects, Arachnids and Nematodes, Ottawa, Ontario, Canada;p;"";""
10.6084/m9.figshare.c.7220407.v1;University Hospital Olomouc;University Hospital Olomouc;Institute of Biotechnology;p;"";""
10.48580/dgt98;PELC;P.E.L.C. - Private Entomological Laboratory and Collection;Illinois Natural History Survey;pp;"";""
10.6084/m9.figshare.c.6869925.v1;Palacký University, Olomouc;Palacký University, Olomouc;Mendel University in Brno;p;"";""
10.6084/m9.figshare.c.6591583.v1;University Hospital Ostrava;University Hospital Ostrava;University of Ostrava;p;"";""
10.6084/m9.figshare.c.6629419.v1;Fakultní Nemocnice Plzeň;Fakultní Nemocnice Plzeň;Thomayerova nemocnice;p;"";""
10.5281/zenodo.6637599;CULS;Czech University of Life Sciences Prague;Natural Resources Faculty, University of Tehran, Karaj, Iran;p;"";""
10.6084/m9.figshare.c.7057817.v1;Palacký University, Olomouc;Palacký University, Olomouc;National Center for Tumor Diseases;p;"";""
10.6084/m9.figshare.c.6830045.v1;University Hospital Brno;University Hospital Brno;Masaryk University;p;"";""
10.48580/dgs4f;PELC;P.E.L.C. - Private Entomological Laboratory and Collection;;pp;"";""
10.48580/dgsv8;PELC;P.E.L.C. - Private Entomological Laboratory and Collection;;pp;"";""
10.48580/dgt98;PELC;P.E.L.C. - Private Entomological Laboratory and Collection;Royal Belgian Institute of Natural Sciences;pp;"";""
10.48580/dgs4f;PELC;P.E.L.C. - Private Entomological Laboratory and Collection;;pp;"";""
10.48580/dgsv8;PELC;P.E.L.C. - Private Entomological Laboratory and Collection;Natural History Museum;pp;"";""
10.48580/dgsv8;PELC;P.E.L.C. - Private Entomological Laboratory and Collection;;pp;"";""
10.15468/m97sd2;PELC;P.E.L.C. - Private Entomological Laboratory and Collection;;pp;"";""
10.6084/m9.figshare.c.7158337.v1;Palacký University, Olomouc;Palacký University, Olomouc;Charles University;p;"";""
10.6084/m9.figshare.c.6830133.v1;CEITEC MU;Central European Institute of Technology – Masaryk University;Czech Academy of Sciences;p;"";""
10.5281/zenodo.5139523;ČVUT;Czech Technical University in Prague;University College London;p;"";""
10.48580/dgtg4;PELC;P.E.L.C. - Private Entomological Laboratory and Collection;;pp;"";""
10.48580/dgs4f;PELC;P.E.L.C. - Private Entomological Laboratory and Collection;European Journal of Taxonomy;pp;p;""
10.5281/zenodo.6382216;CULS;Czech University of Life Sciences Prague;BIOM NGO;p;"";""
10.6084/m9.figshare.c.6261502.v1;University Hospital Hradec Králové;University Hospital Hradec Králové;Monash University;p;"";""
10.6084/m9.figshare.c.6577337.v1;University Hospital Ostrava;University Hospital Ostrava;University of Cologne;p;"";""
10.6084/m9.figshare.c.7017686.v1;VFN;General University Hospital in Prague;University of Oslo;pp;"";""
10.5281/zenodo.16941590;ČVUT;Czech Technical University in Prague;University of Chemistry and Technology;p;"";""
10.6084/m9.figshare.19586881.v1;ČVUT;Czech Technical University in Prague;Institute of Molecular Genetics;p;"";""
10.6084/m9.figshare.c.5265220.v1;CRI;Crop Research Institute;;p;"";""
10.15468/hv3p8a;CRI;Crop Research Institute;Gazi University;p;"";""
10.48580/dgtg4;PELC;P.E.L.C. - Private Entomological Laboratory and Collection;;pp;"";""
10.5281/zenodo.5711706;CULS;Czech University of Life Sciences Prague;Université de Lorraine;p;"";""
10.6084/m9.figshare.c.6669738.v1;CULS;Czech University of Life Sciences Prague;University of Duisburg-Essen;p;"";""
10.48580/dgs4f;PELC;P.E.L.C. - Private Entomological Laboratory and Collection;Catalogue of Life Foundation;pp;"";""
10.5281/zenodo.8040754;ČVUT;Czech Technical University in Prague;Adobe Research;p;"";""
10.6084/m9.figshare.c.7503929.v1;University Hospital Brno;University Hospital Brno;Masaryk University;p;"";""
10.48580/dgt98;PELC;P.E.L.C. - Private Entomological Laboratory and Collection;;pp;"";""
10.48580/dgt98;PELC;P.E.L.C. - Private Entomological Laboratory and Collection;Illinois Natural History Survey;pp;"";""
10.6084/m9.figshare.c.6711871.v1;Jan Evangelista Purkyně University in Ústí nad Labem;Jan Evangelista Purkyně University in Ústí nad Labem;Charles University;p;"";""
10.5281/zenodo.10680436;CULS;Czech University of Life Sciences Prague;Iecolab, Interuniversity Institute for Earth System Research (IISTA), University of Granada;p;"";""
10.5281/zenodo.7786270;IAP;Institute of Atmospheric Physics;Royal Belgian Institute for Space Aeronomy BIRA–IASB, Brussels, Belgium;pp;p;""
10.5281/zenodo.10888833;Palacký University, Olomouc;Palacký University, Olomouc;;p;"";""
10.6084/m9.figshare.c.6872952.v1;VFU;University of Veterinary and Pharmaceutical Sciences;Mendel University in Brno;p;"";""
10.6084/m9.figshare.c.5923208.v1;CEITEC MU;Central European Institute of Technology – Masaryk University;University of Veterinary Medicine Vienna;p;"";""
10.48580/dgs4f;PELC;P.E.L.C. - Private Entomological Laboratory and Collection;;pp;"";""
10.6084/m9.figshare.20341686.v1;University Hospital Brno;University Hospital Brno;Masaryk University;p;"";""
10.48580/dgsv8;PELC;P.E.L.C. - Private Entomological Laboratory and Collection;Natural History Museum;pp;"";""
10.48580/dgsv8;PELC;P.E.L.C. - Private Entomological Laboratory and Collection;New York Botanical Garden;pp;"";""
10.5281/zenodo.10680436;CULS;Czech University of Life Sciences Prague;Cavanilles Institute of Biodiversity and Evolutionary Biology, University of Valencia;p;"";""
10.6084/m9.figshare.c.7185544.v1;ČVUT;Czech Technical University in Prague;Charles University;p;"";""
10.6084/m9.figshare.c.5995626.v1;University Hospital Brno;University Hospital Brno;Klinikum Chemnitz;p;"";""
10.48580/dgtg4;PELC;P.E.L.C. - Private Entomological Laboratory and Collection;National Biodiversity Centre;pp;"";""
10.5281/zenodo.10680436;Jan Evangelista Purkyně University in Ústí nad Labem;Jan Evangelista Purkyně University in Ústí nad Labem;Norwegian Institute for Water Research (NIVA);p;"";""
10.6084/m9.figshare.c.7760601.v1;CULS;Czech University of Life Sciences Prague;Slovak University of Agriculture;p;"";""
10.21227/q8py-jm64;ČVUT;Czech Technical University in Prague;Tomas Bata University in Zlin;p;"";""
10.48580/dgt98;PELC;P.E.L.C. - Private Entomological Laboratory and Collection;Museum and Institute of Zoology, Polish Academy of Sciences;pp;p;""
10.7910/dvn/f4xnuo;CULS;Czech University of Life Sciences Prague;(AfricaRice);p;"";""
10.48580/dgsv8;PELC;P.E.L.C. - Private Entomological Laboratory and Collection;Museo Nacional de Ciencias Naturales;pp;"";""
10.57760/sciencedb.26336;Institute of Psychology;Institute of Psychology;Goldsmiths University of London;p;"";""
10.48580/dgtg4;PELC;P.E.L.C. - Private Entomological Laboratory and Collection;A Rocha Kenya;pp;"";""
10.5281/zenodo.7415164;CRI;Crop Research Institute;University of Almería;p;"";""
10.6084/m9.figshare.c.7945178.v1;IKEM;Institute of Clinical and Experimental Medicine;Charité - University Medicine Berlin;p;"";""
10.6084/m9.figshare.19470467.v1;CEITEC ;Central European Institute of Technology;University of Veterinary Medicine Vienna;p;"";""
10.18419/darus-4117/4;CULS;Czech University of Life Sciences Prague;Coll Coll;p;"";""
10.6084/m9.figshare.c.7206675.v1;Palacký University, Olomouc;Palacký University, Olomouc;Masaryk University;p;"";""
10.48580/dgtg4;PELC;P.E.L.C. - Private Entomological Laboratory and Collection;University of Gdansk;pp;"";""
10.6084/m9.figshare.c.6319614.v1;ČVUT;Czech Technical University in Prague;Charles University;p;"";""
10.5281/zenodo.10680436;CULS;Czech University of Life Sciences Prague;CCMAR, University of the Algarve;p;"";""
10.18419/darus-4117/7;CULS;Czech University of Life Sciences Prague;Universität Stuttgart;p;"";""
10.48580/dgtg4;PELC;P.E.L.C. - Private Entomological Laboratory and Collection;Arizona State University;pp;"";""
10.48580/dgt98;PELC;P.E.L.C. - Private Entomological Laboratory and Collection;;pp;"";""
10.48580/dgs4f;PELC;P.E.L.C. - Private Entomological Laboratory and Collection;Department of the Environment, Australian Government;pp;p;""
10.6084/m9.figshare.c.6218354.v2;University Hospital in Motol;University Hospital in Motol;Charles University;p;"";""
10.18419/darus-4117/15;CULS;Czech University of Life Sciences Prague;Czech University of Life Sciences;p;"";""
10.15468/m97sd2;PELC;P.E.L.C. - Private Entomological Laboratory and Collection;;pp;"";""
10.48580/dgsv8;PELC;P.E.L.C. - Private Entomological Laboratory and Collection;GBIF;pp;"";""
10.6084/m9.figshare.c.7823284.v1;Palacký University, Olomouc;Palacký University, Olomouc;University of California, San Diego;p;"";""
10.15468/m97sd2;PELC;P.E.L.C. - Private Entomological Laboratory and Collection;;pp;"";""
10.6084/m9.figshare.c.7178144.v1;VFN;General University Hospital in Prague;Gennet;pp;"";""
10.6084/m9.figshare.c.6577337.v1;University Hospital Ostrava;University Hospital Ostrava;University of Cincinnati;p;"";""
10.48580/dgsv8;PELC;P.E.L.C. - Private Entomological Laboratory and Collection;Australian National Botanic Gardens;pp;"";""
10.6084/m9.figshare.c.6780806.v1;FNUSA;St. Anne´s University Hospital;Aix-Marseille University;p;"";""
10.6084/m9.figshare.c.7615573.v1;Institute of Parasitology;Institute of Parasitology;Institute of Entomology;p;"";""
10.48580/dgsv8;PELC;P.E.L.C. - Private Entomological Laboratory and Collection;Catalogue of Life Foundation;pp;"";""
10.48580/dgt98;PELC;P.E.L.C. - Private Entomological Laboratory and Collection;;pp;"";""
10.6084/m9.figshare.c.6261502.v1;University Hospital Hradec Králové;University Hospital Hradec Králové;Lund University;p;"";""
10.6084/m9.figshare.c.6579182.v1;University Hospital in Motol;University Hospital in Motol;Karolinska Institute;p;"";""
10.48580/dgtg4;PELC;P.E.L.C. - Private Entomological Laboratory and Collection;Departamento de Zoologia, Instituto de Biologia Roberto de Alcantara Gomes, Universidade do Estado do Rio de Janeiro (UERJ);pp;p;""
10.48580/dgtg4;PELC;P.E.L.C. - Private Entomological Laboratory and Collection;;pp;"";""
10.6084/m9.figshare.c.6926742.v1;FNUSA-ICRC;International Clinical Research Center of St. Anne's University Hospital Brno;Federal Institute for Risk Assessment;p;"";""
10.48580/dgt98;PELC;P.E.L.C. - Private Entomological Laboratory and Collection;;pp;"";""
10.5281/zenodo.10888833;Palacký University, Olomouc;Palacký University, Olomouc;Franklin & Marshall College;p;"";""
10.6084/m9.figshare.c.7595338.v1;VFU;University of Veterinary and Pharmaceutical Sciences;Biomedicínske Centrum;p;"";""
10.5281/zenodo.10680436;CULS;Czech University of Life Sciences Prague;Deltares;p;"";""
10.6084/m9.figshare.c.5923208.v1;CEITEC MU;Central European Institute of Technology – Masaryk University;Medical University of Vienna;p;"";""
10.6084/m9.figshare.c.6585787.v1;University Hospital in Motol;University Hospital in Motol;Charles University;p;"";""
10.48580/dgt98;PELC;P.E.L.C. - Private Entomological Laboratory and Collection;Natural History Museum;pp;"";""
10.48580/dgtg4;PELC;P.E.L.C. - Private Entomological Laboratory and Collection;;pp;"";""
10.5281/zenodo.15154492;University Hospital Hradec Králové;University Hospital Hradec Králové;;p;"";""
10.48580/dgs4f;PELC;P.E.L.C. - Private Entomological Laboratory and Collection;Núcleo de Entomologia, Laboratório Agrícola da Madeira;pp;"";""
10.6084/m9.figshare.c.6830133.v1;CEITEC MU;Central European Institute of Technology – Masaryk University;University of Ostrava;p;"";""
10.48580/dgs4f;PELC;P.E.L.C. - Private Entomological Laboratory and Collection;US Geological Survey / Smithsonian Institution;pp;"";""
10.6084/m9.figshare.c.6787807.v1;University Hospital Olomouc;University Hospital Olomouc;University of Tartu;p;"";""
10.5281/zenodo.10680436;CULS;Czech University of Life Sciences Prague;Swedish University of Agricultural Sciences;p;"";""
10.6084/m9.figshare.20018045.v1;ČVUT;Czech Technical University in Prague;Charles University;p;"";""
10.48580/dgsv8;PELC;P.E.L.C. - Private Entomological Laboratory and Collection;;pp;"";""
10.6084/m9.figshare.c.6683881.v1;FNUSA;St. Anne´s University Hospital;Masaryk University;p;"";""
10.6084/m9.figshare.c.7075180.v1;Palacký University, Olomouc;Palacký University, Olomouc;Mendel University in Brno;p;"";""
10.48580/dgt98;PELC;P.E.L.C. - Private Entomological Laboratory and Collection;;pp;"";""
10.6084/m9.figshare.c.5265220.v1;CRI;Crop Research Institute;Université Catholique de Louvain;p;"";""
10.6084/m9.figshare.c.6847082.v1;Palacký University, Olomouc;Palacký University, Olomouc;University of Alberta;p;"";""
10.6084/m9.figshare.c.6926742.v1;FNUSA;St. Anne´s University Hospital;Federal Institute for Risk Assessment;p;"";""
10.6084/m9.figshare.c.6585379.v1;University Hospital Brno;University Hospital Brno;Inserm;p;"";""
10.6084/m9.figshare.21009561.v1;IPVZ;Institute for Postgraduate Medical Education;Nemocnice Na Bulovce;p;"";""
10.48580/dgt98;PELC;P.E.L.C. - Private Entomological Laboratory and Collection;;pp;"";""
10.6084/m9.figshare.c.6926742.v1;FNUSA;St. Anne´s University Hospital;Institute of Genetics and Molecular and Cellular Biology;p;"";""
10.48580/dgs4f;PELC;P.E.L.C. - Private Entomological Laboratory and Collection;Centre for Ecology, Evolution and Environmental Changes (cE3c)/Azorean Biodiversity Group, CHANGE – Global Change and Sustainability Institute;pp;p;""
10.48580/dgtg4;PELC;P.E.L.C. - Private Entomological Laboratory and Collection;;pp;"";""
10.5281/zenodo.11454277;CULS;Czech University of Life Sciences Prague;Laboratory of Forest Inventory, Nancy, France;p;"";""
10.48580/dgtg4;PELC;P.E.L.C. - Private Entomological Laboratory and Collection;Natural History Museum;pp;"";""
10.6084/m9.figshare.c.7409075.v1;University Hospital Brno;University Hospital Brno;Masaryk University;p;"";""
10.6084/m9.figshare.c.6787450.v1;CEITEC MU;Central European Institute of Technology – Masaryk University;Karl Landsteiner University of Health Sciences;p;"";""
10.5281/zenodo.17083924;CULS;Czech University of Life Sciences Prague;;p;"";""
10.5281/zenodo.4603685;Jan Evangelista Purkyně University in Ústí nad Labem;Jan Evangelista Purkyně University in Ústí nad Labem;Alexandru Ioan Cuza University of Iasi;p;"";""
10.48580/dgs4f;PELC;P.E.L.C. - Private Entomological Laboratory and Collection;;pp;"";""
10.5281/zenodo.15681034;CULS;Czech University of Life Sciences Prague;Wildlife Montengro;p;"";""
10.5281/zenodo.10572480;CULS;Czech University of Life Sciences Prague;Ecology and genetics research unit, University of Oulu, Oulu, Finland;p;"";""
10.15468/m97sd2;PELC;P.E.L.C. - Private Entomological Laboratory and Collection;University of oxford;pp;"";""
10.5281/zenodo.6289588;FZU;Institute of Physics;Delft University of Technology;p;"";""
10.48580/dgs4f;PELC;P.E.L.C. - Private Entomological Laboratory and Collection;Illinois Natural History Survey, University of Illinois;pp;"";""
10.6084/m9.figshare.c.7049258.v1;Biopticka Laborator (Czechia);Biopticka Laborator (Czechia);Charles University;p;"";""
10.48580/dgtg4;PELC;P.E.L.C. - Private Entomological Laboratory and Collection;National University of Colombia;pp;"";""
10.48580/dgtg4;PELC;P.E.L.C. - Private Entomological Laboratory and Collection;Forest Research Institute - Bulgarian Academy of Sciences;pp;"";""
10.15468/m97sd2;PELC;P.E.L.C. - Private Entomological Laboratory and Collection;;pp;"";""
10.5281/zenodo.4650182;Palacký University, Olomouc;Palacký University, Olomouc;Laboratory of Ligand Engineering, Institute of Biotechnology of the Czech Academy of Sciences;p;"";""
10.5281/zenodo.10680436;CULS;Czech University of Life Sciences Prague;Research Centre for Forestry and Wood, Council for Agricultural Research and Economics (CREA);p;"";""
10.14473/csda/9alxny/odvxmw;Institute of Philosophy;Institute of Philosophy;(Faculty of Communication, Vilnius University, Vilnius, Lithuania);pp;"";""
10.14278/rodare.1538;Institute of Pharmacology;Institute of Pharmacology;;p;"";""
10.6084/m9.figshare.c.7615430.v1;VFN;General University Hospital in Prague;University Hospital Münster;pp;p;""
10.48580/dgt98;PELC;P.E.L.C. - Private Entomological Laboratory and Collection;;pp;"";""
10.48580/dgt98;PELC;P.E.L.C. - Private Entomological Laboratory and Collection;Natural History Museum;pp;"";""
10.48580/dgtg4;PELC;P.E.L.C. - Private Entomological Laboratory and Collection;Universidad Nacional de Colombia;pp;"";""
10.5281/zenodo.10888833;Palacký University, Olomouc;Palacký University, Olomouc;;p;"";""
10.15468/m97sd2;PELC;P.E.L.C. - Private Entomological Laboratory and Collection;;pp;"";""
10.5281/zenodo.11115776;University Hospital in Motol;University Hospital in Motol;Second Faculty of Medicine, Charles University;p;"";""
10.5285/3b077711-f183-42f1-bac6-c892922c81f4;CULS;Czech University of Life Sciences Prague;Aix Marseille University;p;"";""
10.5281/zenodo.10680436;Jan Evangelista Purkyně University in Ústí nad Labem;Jan Evangelista Purkyně University in Ústí nad Labem;University of Amsterdam;p;"";""
10.6084/m9.figshare.c.6673724.v4;CULS;Czech University of Life Sciences Prague;;p;"";""
10.6084/m9.figshare.c.6926742.v1;FNUSA-ICRC;International Clinical Research Center of St. Anne's University Hospital Brno;National Research Council;p;"";""
10.18419/darus-4117/10;CULS;Czech University of Life Sciences Prague;Universität Stuttgart;p;"";""
10.5281/zenodo.8301796;University Hospital Brno;University Hospital Brno;Faculty of Medicine and CEITEC, Masaryk University Brno;p;"";""
10.6084/m9.figshare.c.7595338.v1;VFU;University of Veterinary and Pharmaceutical Sciences;Brno University of Technology;p;"";""
10.5281/zenodo.5675427;ČVUT;Czech Technical University in Prague;Czech Technical University;p;"";""
10.6084/m9.figshare.c.7038268.v1;University Hospital Brno;University Hospital Brno;Institute of Haematology and Blood Transfusion;p;"";""
10.6084/m9.figshare.c.7476183.v1;Palacký University, Olomouc;Palacký University, Olomouc;Institute of Biotechnology;p;"";""
10.6084/m9.figshare.c.7801480.v1;CEITEC ;Central European Institute of Technology;Medical University of Vienna;p;"";""
10.48580/dgs4f;PELC;P.E.L.C. - Private Entomological Laboratory and Collection;;pp;"";""
10.15468/m97sd2;PELC;P.E.L.C. - Private Entomological Laboratory and Collection;Muséum national d'Histoire naturelle (MNHN);pp;"";""
10.6084/m9.figshare.c.6096199.v1;Palacký University, Olomouc;Palacký University, Olomouc;Bangladesh University of Engineering and Technology;p;"";""
10.18419/darus-4117/8;CULS;Czech University of Life Sciences Prague;Czech University of Life Sciences;p;"";""
10.6084/m9.figshare.20035634.v1;Palacký University, Olomouc;Palacký University, Olomouc;Rothamsted Research;p;"";""
10.5281/zenodo.10888833;Palacký University, Olomouc;Palacký University, Olomouc;;p;"";""
10.6084/m9.figshare.c.5399421.v1;CULS;Czech University of Life Sciences Prague;Hohai University;p;"";""
10.6084/m9.figshare.c.7640687.v1;ČVUT;Czech Technical University in Prague;Institute of Haematology and Blood Transfusion;p;"";""
10.5281/zenodo.8150177;ČVUT;Czech Technical University in Prague;Ghent University;p;"";""
10.6084/m9.figshare.c.6792969.v1;University Hospital Olomouc;University Hospital Olomouc;Charles University;p;"";""
10.6084/m9.figshare.c.6586648.v1;CULS;Czech University of Life Sciences Prague;;p;"";""
10.48580/dgs4f;PELC;P.E.L.C. - Private Entomological Laboratory and Collection;Jardim Botânico, Museu Nacional de História Natural, Universidade de Lisboa;pp;"";""
10.57760/sciencedb.j00104.00075;ČVUT;Czech Technical University in Prague;University of Oxford;p;"";""
10.48580/dgsv8;PELC;P.E.L.C. - Private Entomological Laboratory and Collection;;pp;"";""
10.48580/dgs4f;PELC;P.E.L.C. - Private Entomological Laboratory and Collection;;pp;"";""
10.5281/zenodo.10680436;CULS;Czech University of Life Sciences Prague;National Wildlife Research Institute, IREC (UCLM-CSIC-JCCM);p;"";""
10.48580/dgs4f;PELC;P.E.L.C. - Private Entomological Laboratory and Collection;Faculdade de Ciências da Universidade de Lisboa, Centro de Biologia Ambiental, Departamento de Biologia Animal;pp;p;""
10.6084/m9.figshare.c.6787807.v1;Palacký University, Olomouc;Palacký University, Olomouc;;p;"";""
10.5281/zenodo.15736296;CRI;Crop Research Institute;Czech Agrifood research Center;p;"";""
10.48580/dgt98;PELC;P.E.L.C. - Private Entomological Laboratory and Collection;;pp;"";""
10.48580/dgsv8;PELC;P.E.L.C. - Private Entomological Laboratory and Collection;;pp;"";""
10.6084/m9.figshare.c.7292241.v1;Palacký University, Olomouc;Palacký University, Olomouc;University of Veterinary Medicine in Košice;p;"";""
10.6084/m9.figshare.c.7905949.v1;University Hospital Ostrava;University Hospital Ostrava;Masaryk University;p;"";""
10.6084/m9.figshare.c.7704113.v1;University Hospital Brno;University Hospital Brno;Masaryk University;p;"";""
10.48580/dgsv8;PELC;P.E.L.C. - Private Entomological Laboratory and Collection;;pp;"";""
10.48580/dgtg4;PELC;P.E.L.C. - Private Entomological Laboratory and Collection;;pp;"";""
10.48580/dgtg4;PELC;P.E.L.C. - Private Entomological Laboratory and Collection;;pp;"";""
10.5281/zenodo.4726030;NPI;Nuclear Physics Institute;Helmholtz Zentrum München, Institute of Radiation Medicine;p;"";""
10.6084/m9.figshare.c.6830133.v1;CEITEC MU;Central European Institute of Technology – Masaryk University;Czech Academy of Sciences;p;"";""
10.48580/dgt98;PELC;P.E.L.C. - Private Entomological Laboratory and Collection;Invertebrate Zoology Collection, Museum of Texas Tech University;pp;"";""
10.6084/m9.figshare.c.7248867.v1;Palacký University, Olomouc;Palacký University, Olomouc;Masaryk Memorial Cancer Institute;p;"";""
10.6084/m9.figshare.c.6714654.v1;CULS;Czech University of Life Sciences Prague;Mendel University in Brno;p;"";""
10.6084/m9.figshare.19915375.v1;CULS;Czech University of Life Sciences Prague;Kangwon National University;p;"";""
10.6084/m9.figshare.c.7828330.v1;CEITEC MU;Central European Institute of Technology – Masaryk University;KU Leuven;p;"";""
10.18419/darus-4117/2;CULS;Czech University of Life Sciences Prague;Coll Coll;p;"";""
10.5281/zenodo.16736781;ČVUT;Czech Technical University in Prague;University of Chemistry and Technology;p;"";""
10.48580/dgtg4;PELC;P.E.L.C. - Private Entomological Laboratory and Collection;;pp;"";""
10.6084/m9.figshare.c.7801480.v1;CEITEC ;Central European Institute of Technology;University of Cambridge;p;"";""
10.14473/csda/nyxqpt/hckaho;Institute of Philosophy;Institute of Philosophy;(Faculty of Communication, Vilnius University, Vilnius, Lithuania);pp;"";""
10.5281/zenodo.15137994;CRI;Crop Research Institute;Rudolfstetten, Switzerland;p;"";""
10.15468/m97sd2;PELC;P.E.L.C. - Private Entomological Laboratory and Collection;;pp;"";""
10.48580/dgt98;PELC;P.E.L.C. - Private Entomological Laboratory and Collection;;pp;"";""
10.5281/zenodo.10680436;CULS;Czech University of Life Sciences Prague;Brockmann-Geomatics Sweden;p;"";""
10.48580/dgtg4;PELC;P.E.L.C. - Private Entomological Laboratory and Collection;Agriculture And Agri-Food Canada;pp;"";""
10.5281/zenodo.10888833;Palacký University, Olomouc;Palacký University, Olomouc;Tzu Chi University;p;"";""
10.5281/zenodo.5711706;CULS;Czech University of Life Sciences Prague;Laboratory for Climatology and Remote Sensing (LCRS);p;"";""
10.6084/m9.figshare.c.6585379.v1;University Hospital Brno;University Hospital Brno;University of Oslo;p;"";""
10.5285/3b077711-f183-42f1-bac6-c892922c81f4;CULS;Czech University of Life Sciences Prague;Maynooth University;p;"";""
10.5281/zenodo.16942982;Palacký University, Olomouc;Palacký University, Olomouc;DBM Bioinformatics Core Facility, Swiss Institute of Bioinformatics, Switzerland;p;"";""
10.48580/dgsv8;PELC;P.E.L.C. - Private Entomological Laboratory and Collection;;pp;"";""
10.6084/m9.figshare.19470467.v1;CEITEC MU;Central European Institute of Technology – Masaryk University;Medical University of Vienna;p;"";""
10.15468/m97sd2;PELC;P.E.L.C. - Private Entomological Laboratory and Collection;;pp;"";""
10.26106/p6jr-8318;IKEM;Institute of Clinical and Experimental Medicine;(University of Oslo, Institute of Clinical Medicine);p;"";""
10.6084/m9.figshare.c.7971703.v1;University Hospital Hradec Králové;University Hospital Hradec Králové;Charles University;p;"";""
10.48580/dgtg4;PELC;P.E.L.C. - Private Entomological Laboratory and Collection;;pp;"";""
10.6084/m9.figshare.20018045.v1;IKEM;Institute of Clinical and Experimental Medicine;;p;"";""
10.6084/m9.figshare.c.7178144.v1;VFN;General University Hospital in Prague;Institute of Clinical and Experimental Medicine;pp;p;""
10.6084/m9.figshare.c.6804718.v1;CEITEC MU;Central European Institute of Technology – Masaryk University;Masaryk University;p;"";""
10.18434/mds2-3837;FZU;Institute of Physics;National Institute of Standards and Technology, Materials Measurement Laboratory;p;"";""
10.48580/dgtg4;PELC;P.E.L.C. - Private Entomological Laboratory and Collection;Fiocruz;pp;"";""
10.6084/m9.figshare.c.7057817.v1;Palacký University, Olomouc;Palacký University, Olomouc;;p;"";""
10.5281/zenodo.15154499;University Hospital Hradec Králové;University Hospital Hradec Králové;;p;"";""
10.6084/m9.figshare.c.6592046.v1;University Hospital Brno;University Hospital Brno;Masaryk University;p;"";""
10.48580/dgtg4;PELC;P.E.L.C. - Private Entomological Laboratory and Collection;A Rocha Kenya;pp;"";""
10.5281/zenodo.10680436;CULS;Czech University of Life Sciences Prague;University of Bayreuth;p;"";""
10.5281/zenodo.7434786;Palacký University, Olomouc;Palacký University, Olomouc;Swiss Ornithological Institute;p;"";""
10.48580/dgsv8;PELC;P.E.L.C. - Private Entomological Laboratory and Collection;;pp;"";""
10.6084/m9.figshare.c.7307956.v1;Fakultní Nemocnice Plzeň;Fakultní Nemocnice Plzeň;Charles University;p;"";""
10.48580/dgtg4;PELC;P.E.L.C. - Private Entomological Laboratory and Collection;;pp;"";""
10.6084/m9.figshare.19470467.v1;CEITEC ;Central European Institute of Technology;University of Veterinary Medicine Vienna;p;"";""
10.48580/dgs4f;PELC;P.E.L.C. - Private Entomological Laboratory and Collection;;pp;"";""
10.6084/m9.figshare.c.6037946.v1;Palacký University, Olomouc;Palacký University, Olomouc;Rothamsted Research;p;"";""
10.48580/dgsv8;PELC;P.E.L.C. - Private Entomological Laboratory and Collection;;pp;"";""
10.48580/dgtg4;PELC;P.E.L.C. - Private Entomological Laboratory and Collection;"University of Rome ""Sapienza""";pp;p;""
10.48580/dgt98;PELC;P.E.L.C. - Private Entomological Laboratory and Collection;Kenya Marine and Fisheries Research Institute;pp;"";""
10.15468/m97sd2;PELC;P.E.L.C. - Private Entomological Laboratory and Collection;;pp;"";""
10.48580/dgsv8;PELC;P.E.L.C. - Private Entomological Laboratory and Collection;;pp;"";""
10.14473/csda/9alxny/qm4pmv;Institute of Philosophy;Institute of Philosophy;(Tel-Hai College, University of Haifa);pp;"";""
10.18419/darus-4117/14;CULS;Czech University of Life Sciences Prague;University of Novi Sad;p;"";""
10.6084/m9.figshare.c.6585379.v1;University Hospital Brno;University Hospital Brno;Centro de Investigación Biomédica en Red;p;"";""
10.15468/m97sd2;PELC;P.E.L.C. - Private Entomological Laboratory and Collection;California Academy of Sciences;pp;"";""
10.6084/m9.figshare.19518437.v1;CULS;Czech University of Life Sciences Prague;University of Helsinki;p;"";""
10.18419/darus-4117/1;ČVUT;Czech Technical University in Prague;University of Novi Sad;p;"";""
10.5285/3b077711-f183-42f1-bac6-c892922c81f4;CULS;Czech University of Life Sciences Prague;Swiss Federal Office for the Environment ;p;"";""
10.6084/m9.figshare.c.7279053.v1;Palacký University, Olomouc;Palacký University, Olomouc;Charles University;p;"";""
10.5281/zenodo.17162242;CULS;Czech University of Life Sciences Prague;Tiroler Landesmuseen;p;"";""
10.5281/zenodo.6382216;CULS;Czech University of Life Sciences Prague;Natural History Museum Aarhus;p;"";""
10.48580/dgt98;PELC;P.E.L.C. - Private Entomological Laboratory and Collection;;pp;"";""
10.14473/csda/nyxqpt/avvhwb;Institute of Philosophy;Institute of Philosophy;(Faculty of Communication, Vilnius University, Vilnius, Lithuania);pp;"";""
10.48580/dgs4f;PELC;P.E.L.C. - Private Entomological Laboratory and Collection;A Rocha Kenya;pp;"";""
10.5281/zenodo.7415164;CRI;Crop Research Institute;Swedish University of Agricultural Sciences;p;"";""
10.5281/zenodo.10888833;Palacký University, Olomouc;Palacký University, Olomouc;Universitat de València;p;"";""
10.48580/dgtg4;PELC;P.E.L.C. - Private Entomological Laboratory and Collection;;pp;"";""
10.5281/zenodo.15594028;FZU;Institute of Physics;Jožef Stefan Institute, Jamova cesta 39, 1000 Ljubljana, Slovenia;p;"";""
10.15468/m97sd2;PELC;P.E.L.C. - Private Entomological Laboratory and Collection;;pp;"";""
10.6084/m9.figshare.c.7953063.v1;FNUSA;St. Anne´s University Hospital;University of Ulm;p;"";""
10.15468/m97sd2;PELC;P.E.L.C. - Private Entomological Laboratory and Collection;University of Gdansk;pp;"";""
10.6084/m9.figshare.c.7953063.v1;FNUSA;St. Anne´s University Hospital;Mahidol University;p;"";""
10.48580/dgtg4;PELC;P.E.L.C. - Private Entomological Laboratory and Collection;Arizona State University;pp;"";""
10.48580/dgtg4;PELC;P.E.L.C. - Private Entomological Laboratory and Collection;Entomology Division, Museo de La Plata, Consejo Nacional de Investigaciones Científicas y Técnicas;pp;p;""
10.5281/zenodo.5711706;CULS;Czech University of Life Sciences Prague;University College Dublin;p;"";""
10.6084/m9.figshare.c.6926742.v1;FNUSA;St. Anne´s University Hospital;"Cluster of Excellence ""Science of Intelligence""";p;"";""
10.48580/dgs4f;PELC;P.E.L.C. - Private Entomological Laboratory and Collection;Natural History Museum;pp;"";""
10.6084/m9.figshare.c.6581221.v1;University Hospital in Motol;University Hospital in Motol;Masaryk Memorial Cancer Institute;p;"";""
10.6084/m9.figshare.c.6787807.v1;Palacký University, Olomouc;Palacký University, Olomouc;Semmelweis University;p;"";""
10.48580/dgt98;PELC;P.E.L.C. - Private Entomological Laboratory and Collection;;pp;"";""
10.5281/zenodo.15681034;CULS;Czech University of Life Sciences Prague;Magyar Agrár- és Élettudományi Egyetem;p;"";""
10.5281/zenodo.16942982;Palacký University, Olomouc;Palacký University, Olomouc;DBM Bioinformatics Core Facility, Swiss Institute of Bioinformatics, Switzerland;p;"";""
10.5281/zenodo.10888833;Palacký University, Olomouc;Palacký University, Olomouc;;p;"";""
10.6084/m9.figshare.c.7953063.v1;FNUSA-ICRC;International Clinical Research Center of St. Anne's University Hospital Brno;Humboldt-Universität zu Berlin;p;"";""
10.48580/dgtg4;PELC;P.E.L.C. - Private Entomological Laboratory and Collection;Chair European Section IUCN SSC ISSG, INFS (National Wildlife Institute);pp;p;""
10.48580/dgsv8;PELC;P.E.L.C. - Private Entomological Laboratory and Collection;;pp;"";""
10.6084/m9.figshare.c.7953063.v1;FNUSA-ICRC;International Clinical Research Center of St. Anne's University Hospital Brno;Vall d'Hebron Institut de Recerca;p;"";""
10.18419/darus-4117;ČVUT;Czech Technical University in Prague;Universität Stuttgart;p;"";""
10.6084/m9.figshare.c.6958017.v1;CEITEC MU;Central European Institute of Technology – Masaryk University;Masaryk University;p;"";""
10.6084/m9.figshare.c.7221971.v1;Palacký University, Olomouc;Palacký University, Olomouc;Institute of Biotechnology;p;"";""
10.48580/dgt98;PELC;P.E.L.C. - Private Entomological Laboratory and Collection;Smithsonian Institution;pp;"";""
10.15468/m97sd2;PELC;P.E.L.C. - Private Entomological Laboratory and Collection;;pp;"";""
10.48580/dgtg4;PELC;P.E.L.C. - Private Entomological Laboratory and Collection;Translation Bureau (Government of Canada);pp;"";""
10.48580/dgsv8;PELC;P.E.L.C. - Private Entomological Laboratory and Collection;;pp;"";""
10.6084/m9.figshare.c.6198401.v1;University Hospital in Motol;University Hospital in Motol;Federal Almazov North-West Medical Research Centre;p;"";""
10.5281/zenodo.8035724;ČVUT;Czech Technical University in Prague;CESNET, a.l.e.;p;"";""
10.48580/dgt98;PELC;P.E.L.C. - Private Entomological Laboratory and Collection;;pp;"";""
10.48580/dgs4f;PELC;P.E.L.C. - Private Entomological Laboratory and Collection;;pp;"";""
10.5281/zenodo.17083924;CULS;Czech University of Life Sciences Prague;Magyar Agrár- és Élettudományi Egyetem;p;"";""
10.48580/dgs4f;PELC;P.E.L.C. - Private Entomological Laboratory and Collection;;pp;"";""
10.15468/m97sd2;PELC;P.E.L.C. - Private Entomological Laboratory and Collection;;pp;"";""
10.6084/m9.figshare.c.6615102.v1;VFN;General University Hospital in Prague;Comenius University;pp;"";""
10.48580/dgt98;PELC;P.E.L.C. - Private Entomological Laboratory and Collection;;pp;"";""
10.48580/dgs4f;PELC;P.E.L.C. - Private Entomological Laboratory and Collection;A Rocha Kenya;pp;"";""
10.48580/dgs4f;PELC;P.E.L.C. - Private Entomological Laboratory and Collection;Arizona State University;pp;"";""
10.48580/dgt98;PELC;P.E.L.C. - Private Entomological Laboratory and Collection;;pp;"";""
10.48580/dgtg4;PELC;P.E.L.C. - Private Entomological Laboratory and Collection;;pp;"";""
10.48580/dgsv8;PELC;P.E.L.C. - Private Entomological Laboratory and Collection;Illinois Natural History Survey;pp;"";""
10.5285/3b077711-f183-42f1-bac6-c892922c81f4;CULS;Czech University of Life Sciences Prague;University of Adelaide;p;"";""
10.48580/dgsv8;PELC;P.E.L.C. - Private Entomological Laboratory and Collection;Max Planck Institute;pp;p;""
10.48580/dgsv8;PELC;P.E.L.C. - Private Entomological Laboratory and Collection;;pp;"";""
10.48580/dgs4f;PELC;P.E.L.C. - Private Entomological Laboratory and Collection;;pp;"";""
10.5281/zenodo.8102404;CRI;Crop Research Institute;Chinese Academy of Agricultural Sciences, Beijing;p;"";""
10.5281/zenodo.4726030;NPI;Nuclear Physics Institute;Helmholtz Zentrum München, Institute of Radiation Medicine;p;"";""
10.6084/m9.figshare.c.7885117.v1;Palacký University, Olomouc;Palacký University, Olomouc;Helmholtz-Zentrum Dresden-Rossendorf;p;"";""
10.48580/dgs4f;PELC;P.E.L.C. - Private Entomological Laboratory and Collection;Botanic Garden and Botanical Museum Berlin, Freie Universität Berlin;pp;"";""
10.6084/m9.figshare.c.5837529.v2;CULS;Czech University of Life Sciences Prague;Guangxi University;p;"";""
10.48580/dgs4f;PELC;P.E.L.C. - Private Entomological Laboratory and Collection;;pp;"";""
10.48580/dgs4f;PELC;P.E.L.C. - Private Entomological Laboratory and Collection;National Museums of Kenya;pp;"";""
10.48580/dgs4f;PELC;P.E.L.C. - Private Entomological Laboratory and Collection;Unidad Multidisciplinaria de Docencia e Investigación Sisal, Facultad de Ciencias, Universidad Nacional Autónoma de México;pp;p;""
10.48580/dgsv8;PELC;P.E.L.C. - Private Entomological Laboratory and Collection;;pp;"";""
10.48580/dgs4f;PELC;P.E.L.C. - Private Entomological Laboratory and Collection;Université de Reims;pp;"";""
10.6084/m9.figshare.c.6787450.v1;CEITEC MU;Central European Institute of Technology – Masaryk University;University of Veterinary Medicine Vienna;p;"";""
10.48580/dgt98;PELC;P.E.L.C. - Private Entomological Laboratory and Collection;;pp;"";""
10.18419/darus-4117/3;ČVUT;Czech Technical University in Prague;Czech University of Life Sciences;p;"";""
10.6084/m9.figshare.c.7057817.v1;Palacký University, Olomouc;Palacký University, Olomouc;Semmelweis University;p;"";""
10.6084/m9.figshare.c.5449871.v1;University Hospital Brno;University Hospital Brno;Leicester Royal Infirmary;p;"";""
10.18419/darus-4117/11;ČVUT;Czech Technical University in Prague;Coll Coll;p;"";""
10.48580/dgs4f;PELC;P.E.L.C. - Private Entomological Laboratory and Collection;Entomological Laboratory, Faculty of Agriculture, Kyushu University;pp;"";""
10.48580/dgtg4;PELC;P.E.L.C. - Private Entomological Laboratory and Collection;;pp;"";""
10.48580/dgt98;PELC;P.E.L.C. - Private Entomological Laboratory and Collection;;pp;"";""
10.18419/darus-4117/5;CULS;Czech University of Life Sciences Prague;Coll Coll;p;"";""
10.6084/m9.figshare.c.6629419.v1;Fakultní Nemocnice Plzeň;Fakultní Nemocnice Plzeň;Charles University;p;"";""
10.48580/dgt98;PELC;P.E.L.C. - Private Entomological Laboratory and Collection;Finnish Museum of Natural History, University of Helsinki;pp;"";""
10.6084/m9.figshare.c.6198401.v1;University Hospital in Motol;University Hospital in Motol;Federal Almazov North-West Medical Research Centre;p;"";""
10.15468/m97sd2;PELC;P.E.L.C. - Private Entomological Laboratory and Collection;;pp;"";""
10.6084/m9.figshare.c.7392838.v1;University Hospital Brno;University Hospital Brno;Masaryk University;p;"";""
10.6084/m9.figshare.c.6787450.v1;CEITEC ;Central European Institute of Technology;University of Veterinary Medicine Vienna;p;"";""
10.14473/csda/9alxny/u4jimo;Institute of Philosophy;Institute of Philosophy;(Tel Aviv University);pp;"";""
10.6084/m9.figshare.c.7226433.v1;Palacký University, Olomouc;Palacký University, Olomouc;Rothamsted Research;p;"";""
10.6084/m9.figshare.c.7728409.v1;IPE;Institute of Photonics and Electronics;Istituto Giannina Gaslini;p;"";""
10.48580/dgt98;PELC;P.E.L.C. - Private Entomological Laboratory and Collection;;pp;"";""
10.6084/m9.figshare.c.6870567.v1;University Hospital in Motol;University Hospital in Motol;Medical University of Graz;p;"";""
10.48580/dgs4f;PELC;P.E.L.C. - Private Entomological Laboratory and Collection;;pp;"";""
10.48580/dgtg4;PELC;P.E.L.C. - Private Entomological Laboratory and Collection;;pp;"";""
10.48580/dgtg4;PELC;P.E.L.C. - Private Entomological Laboratory and Collection;;pp;"";""
10.48580/dgs4f;PELC;P.E.L.C. - Private Entomological Laboratory and Collection;INHS, University of Illinois;pp;"";""
10.5281/zenodo.6289588;FZU;Institute of Physics;University College London;p;"";""
10.5285/3b077711-f183-42f1-bac6-c892922c81f4;CULS;Czech University of Life Sciences Prague;UK Centre for Ecology & Hydrology;p;"";""
10.15468/m97sd2;PELC;P.E.L.C. - Private Entomological Laboratory and Collection;;pp;"";""
10.5281/zenodo.5742718;CULS;Czech University of Life Sciences Prague;Dairy Research Institute, Ltd;p;"";""
10.57770/9laax7;IKEM;Institute of Clinical and Experimental Medicine;(Institute of Clinical Medicine, School of Medicine, National Yang Ming Chiao Tung University,);p;"";""
10.48580/dgt98;PELC;P.E.L.C. - Private Entomological Laboratory and Collection;;pp;"";""
10.14473/csda/9alxny/hi39z0;Institute of Philosophy;Institute of Philosophy;(Tel-Hai College, University of Haifa);pp;"";""
10.48580/dgt98;PELC;P.E.L.C. - Private Entomological Laboratory and Collection;;pp;"";""
10.5281/zenodo.16942982;University Hospital in Motol;University Hospital in Motol;DBM Bioinformatics Core Facility, Swiss Institute of Bioinformatics, Switzerland;p;"";""
10.6084/m9.figshare.c.6787807.v1;Palacký University, Olomouc;Palacký University, Olomouc;Charles University;p;"";""
10.18419/darus-4117/6;CULS;Czech University of Life Sciences Prague;Coll Coll;p;"";""
10.6084/m9.figshare.c.7905949.v1;University Hospital Ostrava;University Hospital Ostrava;University of Ostrava;p;"";""
10.5281/zenodo.10949371;Institute of Experimental Medicine;Institute of Experimental Medicine;Third Faculty of Medicine, Charles University;p;"";""
10.5281/zenodo.5711706;CULS;Czech University of Life Sciences Prague;Czech Academy of Sciences;p;"";""
10.5281/zenodo.10680436;Jan Evangelista Purkyně University in Ústí nad Labem;Jan Evangelista Purkyně University in Ústí nad Labem;Institute of Marine Sciences, National Research Council (ISMAR-CNR);p;"";""
10.5281/zenodo.10680436;Jan Evangelista Purkyně University in Ústí nad Labem;Jan Evangelista Purkyně University in Ústí nad Labem;Institute of Research on Terrestrial Ecosystems (IRET) National Research Council (CNR);p;"";""
10.6084/m9.figshare.c.6830045.v1;University Hospital Brno;University Hospital Brno;Masaryk University;p;"";""
10.6084/m9.figshare.c.6317120.v1;VFN;General University Hospital in Prague;Karolinska Institute;pp;"";""
10.48580/dgtg4;PELC;P.E.L.C. - Private Entomological Laboratory and Collection;;pp;"";""
10.6084/m9.figshare.c.6683881.v1;FNUSA;St. Anne´s University Hospital;Masaryk University;p;"";""
10.48580/dgtg4;PELC;P.E.L.C. - Private Entomological Laboratory and Collection;Division of Invertebrate Zoology, American Museum of Natural History;pp;"";""
10.48580/dgsv8;PELC;P.E.L.C. - Private Entomological Laboratory and Collection;;pp;"";""
10.15468/m97sd2;PELC;P.E.L.C. - Private Entomological Laboratory and Collection;Natural History Museum;pp;"";""
10.5281/zenodo.8102404;CRI;Crop Research Institute;Agricultural Institute of Slovenia, Ljubljana;p;"";""
10.48580/dgt98;PELC;P.E.L.C. - Private Entomological Laboratory and Collection;;pp;"";""
10.48580/dgtg4;PELC;P.E.L.C. - Private Entomological Laboratory and Collection;;pp;"";""
10.6084/m9.figshare.19518443.v1;CULS;Czech University of Life Sciences Prague;Institute of Botany;p;"";""
10.6084/m9.figshare.c.6778873.v1;Palacký University, Olomouc;Palacký University, Olomouc;National Academy of Sciences of Armenia;p;"";""
10.5281/zenodo.15522273;Palacký University, Olomouc;Palacký University, Olomouc;Olomouc University Social Health Institute;p;"";""
10.5281/zenodo.14295543;VFN;General University Hospital in Prague;International Clinical Research Center, Faculty of Medicine, Masaryk University, Brno, Czech Republic.;pp;p;""
10.6084/m9.figshare.c.6683881.v1;FNUSA-ICRC;International Clinical Research Center of St. Anne's University Hospital Brno;Masaryk University;p;"";""
10.15468/m97sd2;PELC;P.E.L.C. - Private Entomological Laboratory and Collection;;pp;"";""
10.5281/zenodo.4516657;CEITEC MU;Central European Institute of Technology – Masaryk University;CEITEC MU;p;"";""
10.6084/m9.figshare.c.7844991.v1;IKEM;Institute of Clinical and Experimental Medicine;Czech Academy of Sciences;p;"";""
10.6084/m9.figshare.c.5265220.v1;CRI;Crop Research Institute;Chinese Academy of Agricultural Sciences;p;"";""
10.6084/m9.figshare.c.7038268.v1;University Hospital Brno;University Hospital Brno;Institute of Haematology and Blood Transfusion;p;"";""
10.6084/m9.figshare.c.7945178.v1;IKEM;Institute of Clinical and Experimental Medicine;;p;"";""
10.15468/m97sd2;PELC;P.E.L.C. - Private Entomological Laboratory and Collection;;pp;"";""
10.48580/dgtg4;PELC;P.E.L.C. - Private Entomological Laboratory and Collection;Missouri Botanical Garden;pp;"";""
10.6084/m9.figshare.c.7828330.v1;CEITEC ;Central European Institute of Technology;KU Leuven;p;"";""
10.1594/pangaea.979680;Institute of Geophysics;Institute of Geophysics;;p;"";""
10.6084/m9.figshare.c.6629419.v1;University Hospital Hradec Králové;University Hospital Hradec Králové;Thomayerova nemocnice;p;"";""
10.57760/sciencedb.ecodb.00170;CULS;Czech University of Life Sciences Prague;Tsinghua University;p;"";""
10.5281/zenodo.10888833;Palacký University, Olomouc;Palacký University, Olomouc;;p;"";""
10.48580/dgtg4;PELC;P.E.L.C. - Private Entomological Laboratory and Collection;Bishop Museum;pp;p;""
10.6084/m9.figshare.c.7828330.v1;CEITEC ;Central European Institute of Technology;University of Cambridge;p;"";""
10.5281/zenodo.10888833;Palacký University, Olomouc;Palacký University, Olomouc;Harrisburg University of Science and Technology;p;"";""
10.6084/m9.figshare.c.6673724.v4;CULS;Czech University of Life Sciences Prague;;p;"";""
10.5281/zenodo.6505455;CEITEC MU;Central European Institute of Technology – Masaryk University;CEITEC Masaryk University;p;"";""
10.15468/m97sd2;PELC;P.E.L.C. - Private Entomological Laboratory and Collection;;pp;"";""
10.48580/dgtg4;PELC;P.E.L.C. - Private Entomological Laboratory and Collection;;pp;"";""
10.48580/dgtg4;PELC;P.E.L.C. - Private Entomological Laboratory and Collection;Universidade Federal do Rio de Janeiro;pp;"";""
10.5281/zenodo.6421142;J. Heyrovsky Institute of Physical Chemistry;J. Heyrovsky Institute of Physical Chemistry;University of Bern, Bern, Switzerland;p;"";""
10.21227/z36r-0m98;Palacký University, Olomouc;Palacký University, Olomouc;University of Defence;p;"";""
10.6084/m9.figshare.c.7190610.v1;Fakultní Nemocnice Plzeň;Fakultní Nemocnice Plzeň;Charles University;p;"";""
10.6084/m9.figshare.c.5995626.v1;University Hospital Brno;University Hospital Brno;Dresden University of Technology;p;"";""
10.48580/dgsv8;PELC;P.E.L.C. - Private Entomological Laboratory and Collection;Department of Entomology, National Museum of Natural History, Smithsonian Institution;pp;p;""
10.14473/csda/wbooe4/olkzwn;Institute of Philosophy;Institute of Philosophy;(Tel Aviv University);pp;"";""
10.48580/dgs4f;PELC;P.E.L.C. - Private Entomological Laboratory and Collection;Grupo de investigaciones Entomológicas, Universidad del Valle;pp;p;""
10.6084/m9.figshare.c.6319614.v1;IKEM;Institute of Clinical and Experimental Medicine;Charles University;p;"";""
10.5281/zenodo.10855219;Palacký University, Olomouc;Palacký University, Olomouc;University of Warsaw;p;"";""
10.48580/dgtg4;PELC;P.E.L.C. - Private Entomological Laboratory and Collection;Instituto de Ciencias del Mar y Limnología, UNAM;pp;"";""
10.5281/zenodo.10680436;Jan Evangelista Purkyně University in Ústí nad Labem;Jan Evangelista Purkyně University in Ústí nad Labem;ICIFOR-INIA, CSIC;p;"";""
10.48580/dgtg4;PELC;P.E.L.C. - Private Entomological Laboratory and Collection;;pp;"";""
10.6084/m9.figshare.c.7885117.v1;University Hospital Olomouc;University Hospital Olomouc;Helmholtz-Zentrum Dresden-Rossendorf;p;"";""
10.5281/zenodo.14882506;CULS;Czech University of Life Sciences Prague;University of Cambridge;p;"";""
10.6084/m9.figshare.c.7649648.v1;University Hospital Brno;University Hospital Brno;Masaryk University;p;"";""
10.15468/m97sd2;PELC;P.E.L.C. - Private Entomological Laboratory and Collection;;pp;"";""
10.6084/m9.figshare.c.6261502.v1;University Hospital Hradec Králové;University Hospital Hradec Králové;;p;"";""
10.5281/zenodo.15805675;CRI;Crop Research Institute;Czech Agrifood Research Center;p;"";""
10.5281/zenodo.6312518;CRI;Crop Research Institute;Université de Lyon 1;p;"";""
10.6084/m9.figshare.c.6198401.v1;University Hospital in Motol;University Hospital in Motol;Federal Almazov North-West Medical Research Centre;p;"";""
10.48580/dgs4f;PELC;P.E.L.C. - Private Entomological Laboratory and Collection;Royal Belgian Institute of Natural Sciences;pp;"";""
10.48580/dgtg4;PELC;P.E.L.C. - Private Entomological Laboratory and Collection;;pp;"";""
10.48580/dgt98;PELC;P.E.L.C. - Private Entomological Laboratory and Collection;Departamento de Invertebrados, Universidade Federal do Rio de Janeiro;pp;p;""
10.48580/dgsv8;PELC;P.E.L.C. - Private Entomological Laboratory and Collection;;pp;"";""
10.48580/dgt98;PELC;P.E.L.C. - Private Entomological Laboratory and Collection;;pp;"";""
10.6084/m9.figshare.c.6096199.v1;Palacký University, Olomouc;Palacký University, Olomouc;Auckland University of Technology;p;"";""
10.6084/m9.figshare.c.7062853.v1;University Hospital Brno;University Hospital Brno;Masaryk University;p;"";""
10.6084/m9.figshare.c.6711871.v1;Jan Evangelista Purkyně University in Ústí nad Labem;Jan Evangelista Purkyně University in Ústí nad Labem;Charles University;p;"";""
10.48580/dgtg4;PELC;P.E.L.C. - Private Entomological Laboratory and Collection;European Journal of Taxonomy;pp;p;""
10.48580/dgs4f;PELC;P.E.L.C. - Private Entomological Laboratory and Collection;;pp;"";""
10.6084/m9.figshare.c.6830133.v1;University Hospital Ostrava;University Hospital Ostrava;Stockholm University;p;"";""
10.6084/m9.figshare.c.5923208.v1;CEITEC ;Central European Institute of Technology;University of Veterinary Medicine Vienna;p;"";""
10.6084/m9.figshare.c.6585701.v1;Palacký University, Olomouc;Palacký University, Olomouc;Charles University;p;"";""
10.14473/csda/9alxny/qm4pmv;Institute of Philosophy;Institute of Philosophy;(International Center for Defense and Security, Tallinn, Estonia);pp;"";""
10.48580/dgs4f;PELC;P.E.L.C. - Private Entomological Laboratory and Collection;;pp;"";""
10.15468/m97sd2;PELC;P.E.L.C. - Private Entomological Laboratory and Collection;;pp;"";""
10.18419/darus-4117/15;CULS;Czech University of Life Sciences Prague;Coll Coll;p;"";""
10.48580/dgsv8;PELC;P.E.L.C. - Private Entomological Laboratory and Collection;;pp;"";""
10.48580/dgtg4;PELC;P.E.L.C. - Private Entomological Laboratory and Collection;Ocean Associates, Inc., NOAA Fisheries Service;pp;"";""
10.5281/zenodo.10888833;Palacký University, Olomouc;Palacký University, Olomouc;Eberhard Karls Universität Tübingen;p;"";""
10.6084/m9.figshare.c.7206675.v1;Palacký University, Olomouc;Palacký University, Olomouc;Czech Academy of Sciences;p;"";""
10.6084/m9.figshare.c.7953063.v1;FNUSA-ICRC;International Clinical Research Center of St. Anne's University Hospital Brno;Semmelweis University;p;"";""
10.15468/m97sd2;PELC;P.E.L.C. - Private Entomological Laboratory and Collection;;pp;"";""
10.48580/dgtg4;PELC;P.E.L.C. - Private Entomological Laboratory and Collection;Nortern Arizona University;pp;"";""
10.6084/m9.figshare.c.7953063.v1;FNUSA-ICRC;International Clinical Research Center of St. Anne's University Hospital Brno;Monash University;p;"";""
10.6084/m9.figshare.c.6787450.v1;CEITEC ;Central European Institute of Technology;Medical University of Graz;p;"";""
10.6084/m9.figshare.c.7828330.v1;CEITEC ;Central European Institute of Technology;KU Leuven;p;"";""
10.48580/dgt98;PELC;P.E.L.C. - Private Entomological Laboratory and Collection;Departamento de Meteorologia, Fundação Cearense de Meteorologia e Recursos Hídricos (FUNCEME);pp;p;""
10.15468/m97sd2;PELC;P.E.L.C. - Private Entomological Laboratory and Collection;Catalogue of Life Foundation;pp;"";""
10.6084/m9.figshare.c.7828330.v1;CEITEC MU;Central European Institute of Technology – Masaryk University;KU Leuven;p;"";""
10.5281/zenodo.7390416;SZU;National Institute of Public Health;Austrian Agency for Health and Food Safety;p;"";""
10.5281/zenodo.15792089;CULS;Czech University of Life Sciences Prague;Technische Universität Berlin, Institute of Ecology, Berlin, Germany;p;"";""
10.48580/dgtg4;PELC;P.E.L.C. - Private Entomological Laboratory and Collection;;pp;"";""
10.6084/m9.figshare.c.6903195.v1;University Hospital in Motol;University Hospital in Motol;Universitair Ziekenhuis Leuven;p;"";""
10.48580/dgs4f;PELC;P.E.L.C. - Private Entomological Laboratory and Collection;;pp;"";""
10.48580/dgtg4;PELC;P.E.L.C. - Private Entomological Laboratory and Collection;French National Institute for Agriculture, Food, and Environment (INRAE);pp;"";""
10.48580/dgs4f;PELC;P.E.L.C. - Private Entomological Laboratory and Collection;;pp;"";""
10.5281/zenodo.10680436;CULS;Czech University of Life Sciences Prague;Interuniversity Institute for Research on the Earth System in Andalusia (IISTA), University of Granada;p;"";""
10.6084/m9.figshare.c.5265220.v1;CRI;Crop Research Institute;Chinese Academy of Agricultural Sciences;p;"";""
10.48580/dgt98;PELC;P.E.L.C. - Private Entomological Laboratory and Collection;;pp;"";""
10.48580/dgtg4;PELC;P.E.L.C. - Private Entomological Laboratory and Collection;Natural History Museum;pp;"";""
10.6084/m9.figshare.c.6068033.v1;CASRI;Sports Research Institute Of Czech Armed Forces;Charles University;p;"";""
10.6084/m9.figshare.c.6580580.v1;CULS;Czech University of Life Sciences Prague;Czech Academy of Sciences;p;"";""
10.48580/dgt98;PELC;P.E.L.C. - Private Entomological Laboratory and Collection;;pp;"";""
10.6084/m9.figshare.c.7040196.v1;Palacký University, Olomouc;Palacký University, Olomouc;University of Catania;p;"";""
10.6084/m9.figshare.c.6018502.v1;CULS;Czech University of Life Sciences Prague;Okinawa Institute of Science and Technology;p;"";""
10.6084/m9.figshare.c.6096199.v1;Palacký University, Olomouc;Palacký University, Olomouc;Madras Diabetes Research Foundation;p;"";""
10.6084/m9.figshare.c.6770757.v1;Palacký University, Olomouc;Palacký University, Olomouc;Mendel University in Brno;p;"";""
10.6084/m9.figshare.c.6615102.v1;VFN;General University Hospital in Prague;Slovak Academy of Sciences;pp;"";""
10.6084/m9.figshare.c.7885117.v1;University Hospital Olomouc;University Hospital Olomouc;Helmholtz-Zentrum Dresden-Rossendorf;p;"";""
10.48580/dgs4f;PELC;P.E.L.C. - Private Entomological Laboratory and Collection;California Academy of Sciences;pp;"";""
10.15468/m97sd2;PELC;P.E.L.C. - Private Entomological Laboratory and Collection;;pp;"";""
10.5281/zenodo.10418629;FZU;Institute of Physics;Swiss Federal Laboratories for Materials Science and Technology;p;"";""
10.6084/m9.figshare.c.6261502.v1;University Hospital Hradec Králové;University Hospital Hradec Králové;UNSW Sydney;p;"";""
10.5281/zenodo.10888833;Palacký University, Olomouc;Palacký University, Olomouc;;p;"";""
10.48580/dgt98;PELC;P.E.L.C. - Private Entomological Laboratory and Collection;;pp;"";""
10.6084/m9.figshare.c.6853696.v1;CULS;Czech University of Life Sciences Prague;Czech Academy of Sciences;p;"";""
10.48580/dgsv8;PELC;P.E.L.C. - Private Entomological Laboratory and Collection;Biodiversity Knowledge Integration Center, Arizona State University;pp;"";""
10.6084/m9.figshare.c.6103083.v1;University Hospital Brno;University Hospital Brno;Masaryk University;p;"";""
10.6084/m9.figshare.c.6958017.v1;CEITEC MU;Central European Institute of Technology – Masaryk University;Masaryk University;p;"";""
10.6084/m9.figshare.c.6787450.v1;CEITEC MU;Central European Institute of Technology – Masaryk University;University of Veterinary Medicine Vienna;p;"";""
10.48580/dgtg4;PELC;P.E.L.C. - Private Entomological Laboratory and Collection;;pp;"";""
10.5281/zenodo.15156889;CULS;Czech University of Life Sciences Prague;School of Biological Sciences, University of Utah, 257 S. 1400 E., Salt Lake City, Utah, 84112, USA.;p;"";""
10.6084/m9.figshare.c.7149681.v1;VFN;General University Hospital in Prague;Charles University;pp;"";""
10.6084/m9.figshare.c.7615573.v1;Institute of Parasitology;Institute of Parasitology;University of South Bohemia in České Budějovice;p;"";""
10.6084/m9.figshare.c.7206675.v1;Palacký University, Olomouc;Palacký University, Olomouc;Czech Academy of Sciences;p;"";""
10.6084/m9.figshare.c.6096199.v1;Palacký University, Olomouc;Palacký University, Olomouc;Australian Catholic University;p;"";""
10.6084/m9.figshare.c.7953063.v1;FNUSA;St. Anne´s University Hospital;Humboldt-Universität zu Berlin;p;"";""
10.25384/sage.c.6473511.v1;VFN;General University Hospital in Prague;;pp;"";""
10.6084/m9.figshare.c.6787450.v1;CEITEC MU;Central European Institute of Technology – Masaryk University;University of Veterinary Medicine Vienna;p;"";""
10.15468/m97sd2;PELC;P.E.L.C. - Private Entomological Laboratory and Collection;;pp;"";""
10.6084/m9.figshare.c.7149681.v1;VSE;University of Economics Prague;Czech Academy of Sciences;p;"";""
10.48580/dgs4f;PELC;P.E.L.C. - Private Entomological Laboratory and Collection;CONABIO;pp;"";""
10.15468/vymt96;CULS;Czech University of Life Sciences Prague;National Antarctic Scientific Center;p;"";""
10.6084/m9.figshare.c.7050878.v1;Palacký University, Olomouc;Palacký University, Olomouc;Comenius University;p;"";""
10.6084/m9.figshare.c.5944552.v1;ČVUT;Czech Technical University in Prague;Institute of Molecular Genetics;p;"";""
10.6084/m9.figshare.c.6579182.v1;University Hospital in Motol;University Hospital in Motol;Karolinska Institute;p;"";""
10.6084/m9.figshare.c.6958017.v1;CEITEC MU;Central European Institute of Technology – Masaryk University;Masaryk University;p;"";""
10.6084/m9.figshare.c.7392838.v1;University Hospital Brno;University Hospital Brno;Masaryk University;p;"";""
10.48580/dgtg4;PELC;P.E.L.C. - Private Entomological Laboratory and Collection;;pp;"";""
10.6084/m9.figshare.c.7040196.v1;Palacký University, Olomouc;Palacký University, Olomouc;University of Catania;p;"";""
10.48580/dgsv8;PELC;P.E.L.C. - Private Entomological Laboratory and Collection;;pp;"";""
10.6084/m9.figshare.19518437.v1;CULS;Czech University of Life Sciences Prague;Institute of Botany;p;"";""
10.5281/zenodo.7607071;ČVUT;Czech Technical University in Prague;Brno University of Technology;p;"";""
10.6084/m9.figshare.c.7615573.v1;Institute of Parasitology;Institute of Parasitology;University of Ostrava;p;"";""
10.6084/m9.figshare.c.6787450.v1;CEITEC MU;Central European Institute of Technology – Masaryk University;Medical University of Vienna;p;"";""
10.48580/dgtg4;PELC;P.E.L.C. - Private Entomological Laboratory and Collection;;pp;"";""
10.6084/m9.figshare.c.5923208.v1;CEITEC MU;Central European Institute of Technology – Masaryk University;University of Cambridge;p;"";""
10.5281/zenodo.5139523;ČVUT;Czech Technical University in Prague;Scientific Knowledge Services;p;"";""
10.48580/dgtg4;PELC;P.E.L.C. - Private Entomological Laboratory and Collection;;pp;"";""
10.6084/m9.figshare.c.7040196.v1;FNUSA;St. Anne´s University Hospital;University of Ljubljana;p;"";""
10.6084/m9.figshare.c.6830133.v1;CEITEC ;Central European Institute of Technology;University of Ostrava;p;"";""
10.6084/m9.figshare.c.6830133.v1;CEITEC MU;Central European Institute of Technology – Masaryk University;University of Veterinary Medicine in Košice;p;"";""
10.48580/dgs4f;PELC;P.E.L.C. - Private Entomological Laboratory and Collection;;pp;"";""
10.48580/dgt98;PELC;P.E.L.C. - Private Entomological Laboratory and Collection;;pp;"";""
10.48580/dgt98;PELC;P.E.L.C. - Private Entomological Laboratory and Collection;;pp;"";""
10.18419/darus-4117;VŠUP;Academy of Arts, Architecture and Design in Prague;University of Novi Sad;p;"";""
10.5281/zenodo.11454277;CULS;Czech University of Life Sciences Prague;National Research Council, Institute of Research on Terrestrial Ecosystems, Florence, Italy;p;"";""
10.15468/m97sd2;PELC;P.E.L.C. - Private Entomological Laboratory and Collection;Museum and Institute of Zoology, Polish Academy of Sciences;pp;p;""
10.48580/dgs4f;PELC;P.E.L.C. - Private Entomological Laboratory and Collection;Université de Reims;pp;"";""
10.6084/m9.figshare.c.7875701.v1;Institute of Parasitology;Institute of Parasitology;Technical University of Denmark;p;"";""
10.48580/dgtg4;PELC;P.E.L.C. - Private Entomological Laboratory and Collection;;pp;"";""
10.48580/dgs4f;PELC;P.E.L.C. - Private Entomological Laboratory and Collection;;pp;"";""
10.6084/m9.figshare.c.7392838.v1;University Hospital Brno;University Hospital Brno;;p;"";""
10.5281/zenodo.17083924;CULS;Czech University of Life Sciences Prague;Technical University of Zvolen;p;"";""
10.6084/m9.figshare.c.6830133.v1;CEITEC MU;Central European Institute of Technology – Masaryk University;University of Ostrava;p;"";""
10.48580/dgnfb-gmcp;PELC;P.E.L.C. - Private Entomological Laboratory and Collection;Private Entomological Laboratory & Collection;pp;p;""
10.15468/m97sd2;PELC;P.E.L.C. - Private Entomological Laboratory and Collection;;pp;"";""
10.5281/zenodo.4551727;SZU;National Institute of Public Health;Austrian Agency for Health and Food Safety, Austria;p;"";""
10.6084/m9.figshare.c.5449871.v1;University Hospital Brno;University Hospital Brno;Medical University of Silesia;p;"";""
10.48580/dgt98;PELC;P.E.L.C. - Private Entomological Laboratory and Collection;Agricultural Research Organization;pp;"";""
10.48580/dgtg4;PELC;P.E.L.C. - Private Entomological Laboratory and Collection;TaiCOL, TaiBIF, Academica Sinica;pp;"";""
10.5281/zenodo.17083924;CULS;Czech University of Life Sciences Prague;University of Turin;p;"";""
10.5281/zenodo.15064532;CULS;Czech University of Life Sciences Prague;University of Sassari;p;"";""
10.6084/m9.figshare.c.7372004.v1;FNUSA;St. Anne´s University Hospital;Masaryk University;p;"";""
10.15468/m97sd2;PELC;P.E.L.C. - Private Entomological Laboratory and Collection;;pp;"";""
10.5281/zenodo.11454277;CULS;Czech University of Life Sciences Prague;University of Oldenburg, Oldenburg, Germany;p;"";""
10.48580/dgtg4;PELC;P.E.L.C. - Private Entomological Laboratory and Collection;;pp;"";""
10.6084/m9.figshare.c.6184902.v1;IPVZ;Institute for Postgraduate Medical Education;Nemocnice Na Bulovce;p;"";""
10.6084/m9.figshare.c.6780806.v1;FNUSA;St. Anne´s University Hospital;Brno University of Technology;p;"";""
10.48580/dgtg4;PELC;P.E.L.C. - Private Entomological Laboratory and Collection;;pp;"";""
10.6084/m9.figshare.c.6184902.v1;IPVZ;Institute for Postgraduate Medical Education;Nemocnice Na Bulovce;p;"";""
10.5281/zenodo.10888833;Palacký University, Olomouc;Palacký University, Olomouc;;p;"";""
10.6084/m9.figshare.c.7640687.v1;ČVUT;Czech Technical University in Prague;Institute of Haematology and Blood Transfusion;p;"";""
10.6084/m9.figshare.c.6714654.v1;CULS;Czech University of Life Sciences Prague;Brno University of Technology;p;"";""
10.5281/zenodo.5711706;CULS;Czech University of Life Sciences Prague;Akdeniz University;p;"";""
10.48580/dgtg4;PELC;P.E.L.C. - Private Entomological Laboratory and Collection;Institute of Nature Conservation, Polish Academy of Sciences;pp;p;""
10.15468/m97sd2;PELC;P.E.L.C. - Private Entomological Laboratory and Collection;;pp;"";""
10.14473/csda/9alxny/odvxmw;Institute of Philosophy;Institute of Philosophy;(Vilnius University, Lithuania);pp;"";""
10.48580/dgs4f;PELC;P.E.L.C. - Private Entomological Laboratory and Collection;;pp;"";""
10.48580/dgs4f;PELC;P.E.L.C. - Private Entomological Laboratory and Collection;Asociación Colombiana de Ornitología;pp;"";""
10.48580/dgt98;PELC;P.E.L.C. - Private Entomological Laboratory and Collection;Canadian National Collection of Insects, Arachnids and Nematodes, Agriculture and Agri-Food Canada;pp;"";""
10.48580/dgtg4;PELC;P.E.L.C. - Private Entomological Laboratory and Collection;;pp;"";""
10.6084/m9.figshare.c.6787450.v1;CEITEC MU;Central European Institute of Technology – Masaryk University;Masaryk University;p;"";""
10.6084/m9.figshare.c.6271279.v1;University Hospital Brno;University Hospital Brno;Masaryk University;p;"";""
10.6084/m9.figshare.c.6096199.v1;Palacký University, Olomouc;Palacký University, Olomouc;Baker IDI Heart and Diabetes Institute;p;"";""
10.5285/3b077711-f183-42f1-bac6-c892922c81f4;CULS;Czech University of Life Sciences Prague;University of Canterbury, Christchurch;p;"";""
10.5281/zenodo.6355618;CULS;Czech University of Life Sciences Prague;Dairy Research Institute Ltd.;p;"";""
10.48580/dgsv8;PELC;P.E.L.C. - Private Entomological Laboratory and Collection;;pp;"";""
10.6084/m9.figshare.c.7514541.v1;CULS;Czech University of Life Sciences Prague;University of Duisburg-Essen;p;"";""
10.15468/m97sd2;PELC;P.E.L.C. - Private Entomological Laboratory and Collection;;pp;"";""
10.6084/m9.figshare.c.7726012.v1;Palacký University, Olomouc;Palacký University, Olomouc;;p;"";""
10.15468/m97sd2;PELC;P.E.L.C. - Private Entomological Laboratory and Collection;;pp;"";""
10.5281/zenodo.11212280;ITAM AS CR;Institute of Theoretical and Applied Mechanics;University of Chemistry and Technology;pp;"";""
10.48580/dgtg4;PELC;P.E.L.C. - Private Entomological Laboratory and Collection;Volunteer for Catalogue of Life;pp;"";""
10.48580/dgsv8;PELC;P.E.L.C. - Private Entomological Laboratory and Collection;;pp;"";""
10.48580/dgs4f;PELC;P.E.L.C. - Private Entomological Laboratory and Collection;;pp;"";""
10.6084/m9.figshare.c.6580484.v1;CULS;Czech University of Life Sciences Prague;;p;"";""
10.5281/zenodo.10888833;Palacký University, Olomouc;Palacký University, Olomouc;;p;"";""
10.6084/m9.figshare.c.7153870.v1;Palacký University, Olomouc;Palacký University, Olomouc;Slovak Academy of Sciences;p;"";""
10.5281/zenodo.6382216;CULS;Czech University of Life Sciences Prague;Wageningen Environmental Research , WENR;p;"";""
10.15468/m97sd2;PELC;P.E.L.C. - Private Entomological Laboratory and Collection;;pp;"";""
10.48580/dgsv8;PELC;P.E.L.C. - Private Entomological Laboratory and Collection;;pp;"";""
10.6084/m9.figshare.c.7372004.v1;FNUSA-ICRC;International Clinical Research Center of St. Anne's University Hospital Brno;Masaryk University;p;"";""
10.18434/mds2-3727;FZU;Institute of Physics;National Institute of Standards and Technology, Materials Measurement Laboratory;p;"";""
10.48580/dgs4f;PELC;P.E.L.C. - Private Entomological Laboratory and Collection;;pp;"";""
10.48580/dgs4f;PELC;P.E.L.C. - Private Entomological Laboratory and Collection;Plazi;pp;p;""
10.57760/sciencedb.ecodb.00170;CULS;Czech University of Life Sciences Prague;Western Sydney University;p;"";""
10.5281/zenodo.4603685;Jan Evangelista Purkyně University in Ústí nad Labem;Jan Evangelista Purkyně University in Ústí nad Labem;University of Debrecen;p;"";""
10.6084/m9.figshare.c.6673915.v1;UPMD;Ústav pro péči o matku a dítě;National Institute of Public Health;pp;p;""
10.5285/3b077711-f183-42f1-bac6-c892922c81f4;CULS;Czech University of Life Sciences Prague;Bureau of Meteorology, Canberra;p;"";""
10.25345/c5251fz05;CRI;Crop Research Institute;Czech Agrifood Research Center;p;"";""
10.48580/dgs4f;PELC;P.E.L.C. - Private Entomological Laboratory and Collection;Jardim Botânico da Madeira;pp;"";""
10.5281/zenodo.6312518;CRI;Crop Research Institute;Université de Lyon 1;p;"";""
10.48580/dgt98;PELC;P.E.L.C. - Private Entomological Laboratory and Collection;;pp;"";""
10.5281/zenodo.14882506;Palacký University, Olomouc;Palacký University, Olomouc;University of Cambridge;p;"";""
10.48580/dgs4f;PELC;P.E.L.C. - Private Entomological Laboratory and Collection;;pp;"";""
10.6084/m9.figshare.c.7372004.v1;FNUSA;St. Anne´s University Hospital;Masaryk University;p;"";""
10.5281/zenodo.7415164;CRI;Crop Research Institute;Norwegian Institute of Bioeconomy Research;p;"";""
10.14473/csda/wbooe4/olkzwn;Institute of Philosophy;Institute of Philosophy;(ResWell Research Collaboration, Tel Aviv University, Tel Aviv, Israel);pp;"";""
10.6084/m9.figshare.c.6579182.v1;University Hospital in Motol;University Hospital in Motol;Karolinska Institute;p;"";""
10.18419/darus-4117/9;CULS;Czech University of Life Sciences Prague;Coll Coll;p;"";""
10.5281/zenodo.7415164;CRI;Crop Research Institute;Bodemkundige Dienst van België;p;"";""
10.6084/m9.figshare.c.7190610.v1;Fakultní Nemocnice Plzeň;Fakultní Nemocnice Plzeň;Charles University;p;"";""
10.5281/zenodo.10680436;Jan Evangelista Purkyně University in Ústí nad Labem;Jan Evangelista Purkyně University in Ústí nad Labem;College of Biological and Environmental Sciences, Universidad San Francisco de Quito;p;"";""
10.6084/m9.figshare.c.6787807.v1;Palacký University, Olomouc;Palacký University, Olomouc;University of Verona;p;"";""
10.48580/dgs4f;PELC;P.E.L.C. - Private Entomological Laboratory and Collection;;pp;"";""
10.48580/dgs4f;PELC;P.E.L.C. - Private Entomological Laboratory and Collection;;pp;"";""
10.48580/dgs4f;PELC;P.E.L.C. - Private Entomological Laboratory and Collection;Museu de Zoologia da USP;pp;p;""
10.6084/m9.figshare.c.7149681.v1;VFN;General University Hospital in Prague;University of Nantes;pp;"";""
10.6084/m9.figshare.c.6596467.v1;IKEM;Institute of Clinical and Experimental Medicine;;p;"";""
10.6084/m9.figshare.c.7801480.v1;CEITEC MU;Central European Institute of Technology – Masaryk University;Masaryk University;p;"";""
10.48580/dgs4f;PELC;P.E.L.C. - Private Entomological Laboratory and Collection;;pp;"";""
10.15468/m97sd2;PELC;P.E.L.C. - Private Entomological Laboratory and Collection;;pp;"";""
10.48580/dgs4f;PELC;P.E.L.C. - Private Entomological Laboratory and Collection;Centre for Ecology, Evolution and Environmental Changes (cE3c)/Azorean Biodiversity Group, CHANGE – Global Change and Sustainability Institute;pp;p;""
10.6084/m9.figshare.c.7057817.v1;Palacký University, Olomouc;Palacký University, Olomouc;Charles University;p;"";""
10.5281/zenodo.14025746;VFN;General University Hospital in Prague;BIOCEV - Biotechnology and Biomedicine Centre,  Institute of Biotechnology, Czech Academy of Sciences, Vestec, Czech Republic;pp;p;""
10.6084/m9.figshare.c.6892116.v1;VFN;General University Hospital in Prague;Salford Royal NHS Foundation Trust;pp;"";""
10.15468/m97sd2;PELC;P.E.L.C. - Private Entomological Laboratory and Collection;;pp;"";""
10.48580/dgs4f;PELC;P.E.L.C. - Private Entomological Laboratory and Collection;;pp;"";""
10.18419/darus-4117/14;ČVUT;Czech Technical University in Prague;Czech University of Life Sciences;p;"";""
10.48580/dgs4f;PELC;P.E.L.C. - Private Entomological Laboratory and Collection;;pp;"";""
10.5281/zenodo.6382216;CULS;Czech University of Life Sciences Prague;BIOM NGO;p;"";""
10.18419/darus-4117/7;CULS;Czech University of Life Sciences Prague;Czech University of Life Sciences;p;"";""
10.6084/m9.figshare.c.7049258.v1;Biopticka Laborator (Czechia);Biopticka Laborator (Czechia);Charles University;p;"";""
10.6084/m9.figshare.c.6690909.v1;VFN;General University Hospital in Prague;Charles University;pp;"";""
10.15468/m97sd2;PELC;P.E.L.C. - Private Entomological Laboratory and Collection;;pp;"";""
10.48580/dgt98;PELC;P.E.L.C. - Private Entomological Laboratory and Collection;;pp;"";""
10.48580/dgsv8;PELC;P.E.L.C. - Private Entomological Laboratory and Collection;Royal Belgian Institute of Natural Sciences;pp;"";""
10.21227/z36r-0m98;ČVUT;Czech Technical University in Prague;Charles University;p;"";""
10.48580/dgt98;PELC;P.E.L.C. - Private Entomological Laboratory and Collection;;pp;"";""
10.6084/m9.figshare.c.7615573.v1;Institute of Parasitology;Institute of Parasitology;Institute of Entomology;p;"";""
10.48580/dgtg4;PELC;P.E.L.C. - Private Entomological Laboratory and Collection;;pp;"";""
10.48580/dgt98;PELC;P.E.L.C. - Private Entomological Laboratory and Collection;;pp;"";""
10.5281/zenodo.10680436;CULS;Czech University of Life Sciences Prague;Goethe University;p;"";""
10.48580/dgs4f;PELC;P.E.L.C. - Private Entomological Laboratory and Collection;;pp;"";""
10.6084/m9.figshare.c.7953063.v1;FNUSA-ICRC;International Clinical Research Center of St. Anne's University Hospital Brno;Humboldt-Universität zu Berlin;p;"";""
10.14473/csda/nyxqpt/50ao5q;Institute of Philosophy;Institute of Philosophy;(International Center for Defense and Security, Tallinn, Estonia);pp;"";""
10.6084/m9.figshare.c.7801480.v1;CEITEC MU;Central European Institute of Technology – Masaryk University;University of Cambridge;p;"";""
10.5285/3b077711-f183-42f1-bac6-c892922c81f4;CULS;Czech University of Life Sciences Prague;Badji Mokhtar - Annaba University;p;"";""
10.48580/dgsv8;PELC;P.E.L.C. - Private Entomological Laboratory and Collection;;pp;"";""
10.6084/m9.figshare.c.7075282.v1;University Hospital in Motol;University Hospital in Motol;KU Leuven;p;"";""
10.6084/m9.figshare.c.5923208.v1;CEITEC MU;Central European Institute of Technology – Masaryk University;Center For Biomarker Research In Medicine;p;"";""
10.14278/rodare.1538;Institute of Pharmacology;Institute of Pharmacology;;p;"";""
10.6084/m9.figshare.c.7640687.v1;VFN;General University Hospital in Prague;Institute of Haematology and Blood Transfusion;pp;"";""
10.48580/dgt98;PELC;P.E.L.C. - Private Entomological Laboratory and Collection;;pp;"";""
10.6084/m9.figshare.c.7880704.v1;VFN;General University Hospital in Prague;Skåne University Hospital;pp;p;""
10.48580/dgtg4;PELC;P.E.L.C. - Private Entomological Laboratory and Collection;;pp;"";""
10.48580/dgtg4;PELC;P.E.L.C. - Private Entomological Laboratory and Collection;Royal Botanic Gardens Victoria;pp;"";""
10.48580/dgs4f;PELC;P.E.L.C. - Private Entomological Laboratory and Collection;Nortern Arizona University;pp;"";""
10.48580/dgtg4;PELC;P.E.L.C. - Private Entomological Laboratory and Collection;;pp;"";""
10.18419/darus-4117/16;CULS;Czech University of Life Sciences Prague;Coll Coll;p;"";""
10.48580/dgsv8;PELC;P.E.L.C. - Private Entomological Laboratory and Collection;;pp;"";""
10.6084/m9.figshare.c.7057817.v1;Palacký University, Olomouc;Palacký University, Olomouc;German Cancer Research Center;p;"";""
10.18419/darus-4117/6;CULS;Czech University of Life Sciences Prague;Universität Stuttgart;p;"";""
10.48580/dgtg4;PELC;P.E.L.C. - Private Entomological Laboratory and Collection;Museu de Zoologia da USP;pp;p;""
10.6084/m9.figshare.c.6926742.v1;FNUSA-ICRC;International Clinical Research Center of St. Anne's University Hospital Brno;"Cluster of Excellence ""Science of Intelligence""";p;"";""
10.6084/m9.figshare.c.7801480.v1;CEITEC ;Central European Institute of Technology;University of Cambridge;p;"";""
10.6084/m9.figshare.c.6787450.v1;CEITEC ;Central European Institute of Technology;CIC bioGUNE;p;"";""
10.6084/m9.figshare.c.6926742.v1;FNUSA-ICRC;International Clinical Research Center of St. Anne's University Hospital Brno;Freie Universität Berlin;p;"";""
10.48580/dgtg4;PELC;P.E.L.C. - Private Entomological Laboratory and Collection;Finnish Museum of Natural History;pp;"";""
10.7910/dvn/jv3som;MUP;Metropolitan University Prague;Institute for Comparative Survey Research;pp;p;""
10.6084/m9.figshare.c.6787807.v1;University Hospital Olomouc;University Hospital Olomouc;;p;"";""
10.15468/m97sd2;PELC;P.E.L.C. - Private Entomological Laboratory and Collection;Private Entomological Laboratory & Collection;pp;p;""
10.6084/m9.figshare.c.6780806.v1;FNUSA-ICRC;International Clinical Research Center of St. Anne's University Hospital Brno;Foundation for Research on Information Technologies in Society;p;"";""
10.6084/m9.figshare.c.7953063.v1;FNUSA;St. Anne´s University Hospital;Monash Medical Centre;p;"";""
10.6084/m9.figshare.c.7185544.v1;ČVUT;Czech Technical University in Prague;Charles University;p;"";""
10.6084/m9.figshare.c.5995626.v1;University Hospital Brno;University Hospital Brno;National Center for Tumor Diseases;p;"";""
10.6084/m9.figshare.c.6089047.v1;VFU;University of Veterinary and Pharmaceutical Sciences;Mendel University Brno;p;"";""
10.5281/zenodo.15154499;University Hospital Hradec Králové;University Hospital Hradec Králové;;p;"";""
10.48580/dgtg4;PELC;P.E.L.C. - Private Entomological Laboratory and Collection;;pp;"";""
10.5285/3b077711-f183-42f1-bac6-c892922c81f4;CULS;Czech University of Life Sciences Prague;Cadi Ayyad University;p;"";""
10.48580/dgs4f;PELC;P.E.L.C. - Private Entomological Laboratory and Collection;Smithsonian Institution;pp;"";""
10.5281/zenodo.6637599;CULS;Czech University of Life Sciences Prague;Research Division of Natural Resources, Kohgiluyeh and Boyerahmad Agriculture and Natural Resources Research and Education Center, AREEO, Yasouj, Iran;p;"";""
10.48580/dgt98;PELC;P.E.L.C. - Private Entomological Laboratory and Collection;;pp;"";""
10.48580/dgsv8;PELC;P.E.L.C. - Private Entomological Laboratory and Collection;Muséum National d'Histoire Naturelle;pp;"";""
10.6084/m9.figshare.c.6319614.v1;ČVUT;Czech Technical University in Prague;Charles University;p;"";""
10.48580/dgs4f;PELC;P.E.L.C. - Private Entomological Laboratory and Collection;;pp;"";""
10.48580/dgtg4;PELC;P.E.L.C. - Private Entomological Laboratory and Collection;National Museums of Kenya;pp;"";""
10.6084/m9.figshare.c.7649648.v1;CEITEC MU;Central European Institute of Technology – Masaryk University;Masaryk University;p;"";""
10.48580/dgt98;PELC;P.E.L.C. - Private Entomological Laboratory and Collection;;pp;"";""
10.6084/m9.figshare.c.7728409.v1;IPE;Institute of Photonics and Electronics;Istituto Giannina Gaslini;p;"";""
10.48580/dgtg4;PELC;P.E.L.C. - Private Entomological Laboratory and Collection;;pp;"";""
10.6084/m9.figshare.c.7040196.v1;FNUSA;St. Anne´s University Hospital;University of Ljubljana;p;"";""
10.5281/zenodo.15064532;CULS;Czech University of Life Sciences Prague;"Latvian State Forest Research Institute ""Silava""";p;"";""
10.5281/zenodo.15064532;CULS;Czech University of Life Sciences Prague;;p;"";""
10.48580/dgt98;PELC;P.E.L.C. - Private Entomological Laboratory and Collection;;pp;"";""
10.25384/sage.c.6473511.v1;VFN;General University Hospital in Prague;;pp;"";""
10.6084/m9.figshare.c.6787450.v1;CEITEC MU;Central European Institute of Technology – Masaryk University;University of Cambridge;p;"";""
10.6084/m9.figshare.c.6225449.v1;Palacký University, Olomouc;Palacký University, Olomouc;Queen's University;p;"";""
10.6084/m9.figshare.c.7595338.v1;University Hospital Brno;University Hospital Brno;Brno University of Technology;p;"";""
10.48580/dgsv8;PELC;P.E.L.C. - Private Entomological Laboratory and Collection;;pp;"";""
10.48580/dgt98;PELC;P.E.L.C. - Private Entomological Laboratory and Collection;;pp;"";""
10.48580/dgs4f;PELC;P.E.L.C. - Private Entomological Laboratory and Collection;;pp;"";""
10.15468/m97sd2;PELC;P.E.L.C. - Private Entomological Laboratory and Collection;Chinese Academy of Sciences;pp;"";""
10.6084/m9.figshare.c.7828330.v1;CEITEC MU;Central European Institute of Technology – Masaryk University;KU Leuven;p;"";""
10.5281/zenodo.7415164;CRI;Crop Research Institute;Aarhus University;p;"";""
10.6084/m9.figshare.c.6629419.v1;University Hospital Hradec Králové;University Hospital Hradec Králové;;p;"";""
10.6084/m9.figshare.c.6792969.v1;University Hospital Olomouc;University Hospital Olomouc;Charles University;p;"";""
10.5281/zenodo.10949371;University Hospital Hradec Králové;University Hospital Hradec Králové;Third Faculty of Medicine, Charles University;p;"";""
10.5281/zenodo.14295543;UPMD;Ústav pro péči o matku a dítě;International Clinical Research Center, Faculty of Medicine, Masaryk University, Brno, Czech Republic.;pp;p;""
10.6084/m9.figshare.c.7372004.v1;FNUSA;St. Anne´s University Hospital;Masaryk University;p;"";""
10.5281/zenodo.15154495;University Hospital Hradec Králové;University Hospital Hradec Králové;;p;"";""
10.6084/m9.figshare.c.7503929.v1;University Hospital Brno;University Hospital Brno;Masaryk University;p;"";""
10.15468/m97sd2;PELC;P.E.L.C. - Private Entomological Laboratory and Collection;;pp;"";""
10.7910/dvn/krlzwl;Palacký University, Olomouc;Palacký University, Olomouc;The University of Manchester;p;"";""
10.5281/zenodo.6382216;CULS;Czech University of Life Sciences Prague;Hungarian University of Agriculture and Life Sciences;p;"";""
10.6084/m9.figshare.c.6869925.v1;Palacký University, Olomouc;Palacký University, Olomouc;Mendel University in Brno;p;"";""
10.6084/m9.figshare.c.6870567.v1;University Hospital in Motol;University Hospital in Motol;University of Freiburg;p;"";""
10.6084/m9.figshare.c.7392838.v1;University Hospital Brno;University Hospital Brno;;p;"";""
10.14473/csda/9alxny/mxvqgh;Institute of Philosophy;Institute of Philosophy;(Tel Aviv University);pp;"";""
10.6084/m9.figshare.c.6787450.v1;CEITEC ;Central European Institute of Technology;Medical University of Vienna;p;"";""
10.18419/darus-4117/5;CULS;Czech University of Life Sciences Prague;Czech University of Life Sciences;p;"";""
10.6084/m9.figshare.c.7766437.v1;University Hospital Hradec Králové;University Hospital Hradec Králové;Queen's University;p;"";""
10.48580/dgsv8;PELC;P.E.L.C. - Private Entomological Laboratory and Collection;;pp;"";""
10.48580/dgt98;PELC;P.E.L.C. - Private Entomological Laboratory and Collection;;pp;"";""
10.48580/dgt98;PELC;P.E.L.C. - Private Entomological Laboratory and Collection;Natural History Museum;pp;"";""
10.48580/dgsv8;PELC;P.E.L.C. - Private Entomological Laboratory and Collection;;pp;"";""
10.6084/m9.figshare.c.6830133.v1;CEITEC MU;Central European Institute of Technology – Masaryk University;University of Ostrava;p;"";""
10.5281/zenodo.10572480;CULS;Czech University of Life Sciences Prague;Greenland Institute of Natural Resources, Nuuk, Greenland;p;"";""
10.6084/m9.figshare.c.7153870.v1;University Hospital Olomouc;University Hospital Olomouc;Slovak Academy of Sciences;p;"";""
10.48580/dgsv8;PELC;P.E.L.C. - Private Entomological Laboratory and Collection;;pp;"";""
10.6084/m9.figshare.c.5449871.v1;University Hospital Brno;University Hospital Brno;;p;"";""
10.6084/m9.figshare.c.6585379.v1;University Hospital Brno;University Hospital Brno;Inserm;p;"";""
10.15468/m97sd2;PELC;P.E.L.C. - Private Entomological Laboratory and Collection;Illinois Natural History Survey;pp;"";""
10.6084/m9.figshare.c.7321439.v1;CULS;Czech University of Life Sciences Prague;Bayero University Kano;p;"";""
10.18419/darus-4117/4;ČVUT;Czech Technical University in Prague;Coll Coll;p;"";""
10.15468/m97sd2;PELC;P.E.L.C. - Private Entomological Laboratory and Collection;;pp;"";""
10.5281/zenodo.5711706;CULS;Czech University of Life Sciences Prague;CREAF;p;"";""
10.5281/zenodo.16984360;CRI;Crop Research Institute;Czech Agrifood Research Center;p;"";""
10.6084/m9.figshare.c.6851848.v1;VFN;General University Hospital in Prague;Palacký University, Olomouc;pp;p;""
10.6084/m9.figshare.c.7232058.v1;VFN;General University Hospital in Prague;Charles University;pp;"";""
10.48580/dgs4f;PELC;P.E.L.C. - Private Entomological Laboratory and Collection;;pp;"";""
10.48580/dgs4f;PELC;P.E.L.C. - Private Entomological Laboratory and Collection;;pp;"";""
10.6084/m9.figshare.c.7885117.v1;Palacký University, Olomouc;Palacký University, Olomouc;Helmholtz-Zentrum Dresden-Rossendorf;p;"";""
10.5281/zenodo.7415164;CRI;Crop Research Institute;University of Almería;p;"";""
10.15468/m97sd2;PELC;P.E.L.C. - Private Entomological Laboratory and Collection;;pp;"";""
10.5281/zenodo.8158502;CULS;Czech University of Life Sciences Prague;Fort Lauderdale Research and Education Center, University of Florida, Davie, USA;p;"";""
10.48580/dgs4f;PELC;P.E.L.C. - Private Entomological Laboratory and Collection;Universidad de Caldas;pp;"";""
10.48580/dgt98;PELC;P.E.L.C. - Private Entomological Laboratory and Collection;;pp;"";""
10.48580/dgs4f;PELC;P.E.L.C. - Private Entomological Laboratory and Collection;;pp;"";""
10.15468/m97sd2;PELC;P.E.L.C. - Private Entomological Laboratory and Collection;GBIF;pp;"";""
10.6084/m9.figshare.c.6018502.v1;CULS;Czech University of Life Sciences Prague;University of Sydney;p;"";""
10.5281/zenodo.6421142;J. Heyrovsky Institute of Physical Chemistry;J. Heyrovsky Institute of Physical Chemistry;University of Bern, Bern, Switzerland;p;"";""
10.48580/dgsv8;PELC;P.E.L.C. - Private Entomological Laboratory and Collection;Catalogue of Life Foundation;pp;"";""
10.5281/zenodo.10888833;Palacký University, Olomouc;Palacký University, Olomouc;;p;"";""
10.6084/m9.figshare.c.6146679.v1;Biopticka Laborator (Czechia);Biopticka Laborator (Czechia);Charles University;p;"";""
10.6084/m9.figshare.c.6690909.v1;VFN;General University Hospital in Prague;University of Debrecen;pp;"";""
10.6084/m9.figshare.c.7640687.v1;VFN;General University Hospital in Prague;Institute of Haematology and Blood Transfusion;pp;"";""
10.6084/m9.figshare.c.7178144.v1;VFN;General University Hospital in Prague;Gennet;pp;"";""
10.18419/darus-4117;ČVUT;Czech Technical University in Prague;Czech University of Life Sciences;p;"";""
10.18419/darus-4117/3;CULS;Czech University of Life Sciences Prague;Czech University of Life Sciences;p;"";""
10.6084/m9.figshare.c.7221971.v1;Palacký University, Olomouc;Palacký University, Olomouc;Institute of Biotechnology;p;"";""
10.48580/dgt98;PELC;P.E.L.C. - Private Entomological Laboratory and Collection;;pp;"";""
10.18419/darus-4117/16;CULS;Czech University of Life Sciences Prague;Coll Coll;p;"";""
10.6084/m9.figshare.19470467.v1;CEITEC MU;Central European Institute of Technology – Masaryk University;University of Veterinary Medicine Vienna;p;"";""
10.48580/dgs4f;PELC;P.E.L.C. - Private Entomological Laboratory and Collection;LIBRe – Laboratory for Integrative Biodiversity Research, Finnish Museum of Natural History Luomus, University of Helsinki;pp;"";""
10.5281/zenodo.15681034;CULS;Czech University of Life Sciences Prague;;p;"";""
10.6084/m9.figshare.c.7017686.v1;VFN;General University Hospital in Prague;University of Oslo;pp;"";""
10.15468/m97sd2;PELC;P.E.L.C. - Private Entomological Laboratory and Collection;;pp;"";""
10.5281/zenodo.15156893;CULS;Czech University of Life Sciences Prague;School of Biological Sciences, University of Utah, 257 S. 1400 E., Salt Lake City, Utah, 84112, USA.;p;"";""
10.48580/dgtg4;PELC;P.E.L.C. - Private Entomological Laboratory and Collection;;pp;"";""
10.15468/m97sd2;PELC;P.E.L.C. - Private Entomological Laboratory and Collection;Naturalis Biodiversity Center;pp;"";""
10.48580/dgtg4;PELC;P.E.L.C. - Private Entomological Laboratory and Collection;;pp;"";""
10.5281/zenodo.10680436;Jan Evangelista Purkyně University in Ústí nad Labem;Jan Evangelista Purkyně University in Ústí nad Labem;University of Natural Resources and Life Sciences;p;"";""
10.48580/dgtg4;PELC;P.E.L.C. - Private Entomological Laboratory and Collection;New York Botanical Garden;pp;"";""
10.6084/m9.figshare.c.7885117.v1;University Hospital Olomouc;University Hospital Olomouc;Helmholtz-Zentrum Dresden-Rossendorf;p;"";""
10.6084/m9.figshare.c.5449871.v1;University Hospital Brno;University Hospital Brno;;p;"";""
10.5281/zenodo.6355618;CULS;Czech University of Life Sciences Prague;Dairy Research Institute Ltd.;p;"";""
10.5281/zenodo.15154499;University Hospital Hradec Králové;University Hospital Hradec Králové;;p;"";""
10.6084/m9.figshare.c.7017686.v1;VFN;General University Hospital in Prague;University of Oslo;pp;"";""
10.5281/zenodo.8163419;CULS;Czech University of Life Sciences Prague;USDA Forest Service Northern Research Station, Hamden, Connecticut, USA;p;"";""
10.48580/dgt98;PELC;P.E.L.C. - Private Entomological Laboratory and Collection;;pp;"";""
10.6084/m9.figshare.c.7392838.v1;University Hospital Brno;University Hospital Brno;;p;"";""
10.18419/darus-4117/5;ČVUT;Czech Technical University in Prague;University of Novi Sad;p;"";""
10.48580/dgtg4;PELC;P.E.L.C. - Private Entomological Laboratory and Collection;Universidad del Valle;pp;"";""
10.48580/dgs4f;PELC;P.E.L.C. - Private Entomological Laboratory and Collection;;pp;"";""
10.5061/dryad.wh70rxwnv;Institute of Parasitology;Institute of Parasitology;Dalhousie University;p;"";""
10.6084/m9.figshare.c.6926742.v1;FNUSA;St. Anne´s University Hospital;Helmholtz Zentrum München;p;"";""
10.6084/m9.figshare.c.6853696.v1;CULS;Czech University of Life Sciences Prague;Czech Academy of Sciences;p;"";""
10.14473/csda/wbooe4;Institute of Philosophy;Institute of Philosophy;(Vilnius University, Lithuania);pp;"";""
10.48580/dgtg4;PELC;P.E.L.C. - Private Entomological Laboratory and Collection;;pp;"";""
10.6084/m9.figshare.c.6629419.v1;University Hospital in Motol;University Hospital in Motol;;p;"";""
10.48580/dgtg4;PELC;P.E.L.C. - Private Entomological Laboratory and Collection;;pp;"";""
10.6084/m9.figshare.c.7732283.v1;FNUSA;St. Anne´s University Hospital;Masaryk University;p;"";""
10.6084/m9.figshare.c.6271279.v1;University Hospital Brno;University Hospital Brno;Masaryk University;p;"";""
10.6084/m9.figshare.c.7828330.v1;CEITEC MU;Central European Institute of Technology – Masaryk University;Masaryk University;p;"";""
10.5281/zenodo.10888833;Palacký University, Olomouc;Palacký University, Olomouc;Universidad de Buenos Aires;p;"";""
10.48580/dgs4f;PELC;P.E.L.C. - Private Entomological Laboratory and Collection;A Rocha Kenya;pp;"";""
10.18419/darus-4117/9;ČVUT;Czech Technical University in Prague;Universität Stuttgart;p;"";""
10.48580/dgsv8;PELC;P.E.L.C. - Private Entomological Laboratory and Collection;;pp;"";""
10.6084/m9.figshare.c.7801480.v1;CEITEC MU;Central European Institute of Technology – Masaryk University;Medical University of Vienna;p;"";""
10.5281/zenodo.11086594;ERUNI;European Research University;Academy of Business in Society (ABIS);p;"";""
10.14473/csda/xydnb6/vdbxli;CULS;Czech University of Life Sciences Prague;(Česká zemědělská univerzita);p;"";""
10.48580/dgtg4;PELC;P.E.L.C. - Private Entomological Laboratory and Collection;Université de Reims;pp;"";""
10.6084/m9.figshare.c.7149681.v1;Palacký University, Olomouc;Palacký University, Olomouc;Charles University;p;"";""
10.6084/m9.figshare.c.6592046.v1;FNUSA;St. Anne´s University Hospital;Masaryk University;p;"";""
10.6084/m9.figshare.c.6926742.v1;FNUSA;St. Anne´s University Hospital;University of East Sarajevo;p;"";""
10.7910/dvn/e8pzbl;Palacký University, Olomouc;Palacký University, Olomouc;Academia Sinica;p;"";""
10.17632/x2cz59gn58;Science & Technology Park (Czechia);Science & Technology Park (Czechia);Institute of Geology and Geochemistry of Combustible Minerals NASU;p;"";""
10.5281/zenodo.4958312;ICPF;Institute of Chemical Process Fundamentals;Solvay;p;"";""
10.6084/m9.figshare.c.5449871.v1;University Hospital Brno;University Hospital Brno;Janssen (United States);p;"";""
10.6084/m9.figshare.c.6830133.v1;University Hospital Ostrava;University Hospital Ostrava;University of Ostrava;p;"";""
10.5281/zenodo.4650182;Palacký University, Olomouc;Palacký University, Olomouc;Laboratory of Structure and Function of Biomolecules, Institute of Biotechnology of the Czech Academy of Sciences;p;"";""
10.15468/m97sd2;PELC;P.E.L.C. - Private Entomological Laboratory and Collection;;pp;"";""
10.48580/dgsv8;PELC;P.E.L.C. - Private Entomological Laboratory and Collection;;pp;"";""
10.6084/m9.figshare.c.5923208.v1;CEITEC MU;Central European Institute of Technology – Masaryk University;Medical University of Vienna;p;"";""
10.6084/m9.figshare.c.6830133.v1;CEITEC MU;Central European Institute of Technology – Masaryk University;University of Alberta;p;"";""
10.5281/zenodo.11454277;CULS;Czech University of Life Sciences Prague;Technical University of Munich, Freising, Germany;p;"";""
10.5285/3b077711-f183-42f1-bac6-c892922c81f4;CULS;Czech University of Life Sciences Prague;Center for Climate and Resilience Research;p;"";""
10.15468/m97sd2;PELC;P.E.L.C. - Private Entomological Laboratory and Collection;;pp;"";""
10.48580/dgtg4;PELC;P.E.L.C. - Private Entomological Laboratory and Collection;;pp;"";""
10.48580/dgs4f;PELC;P.E.L.C. - Private Entomological Laboratory and Collection;Centro de Estudos dos Quelônios da Amazônia - CEQUA;pp;"";""
10.48580/dgtg4;PELC;P.E.L.C. - Private Entomological Laboratory and Collection;;pp;"";""
10.6084/m9.figshare.c.7953063.v1;FNUSA-ICRC;International Clinical Research Center of St. Anne's University Hospital Brno;Monash Medical Centre;p;"";""
10.48580/dgs4f;PELC;P.E.L.C. - Private Entomological Laboratory and Collection;;pp;"";""
10.48580/dgtg4;PELC;P.E.L.C. - Private Entomological Laboratory and Collection;Metsähallitus (Natural Heritage Services);pp;"";""
10.48580/dgt98;PELC;P.E.L.C. - Private Entomological Laboratory and Collection;;pp;"";""
10.5285/3b077711-f183-42f1-bac6-c892922c81f4;CULS;Czech University of Life Sciences Prague;University of Otago;p;"";""
10.6084/m9.figshare.c.6582923.v1;CULS;Czech University of Life Sciences Prague;Masaryk University;p;"";""
10.15468/m97sd2;PELC;P.E.L.C. - Private Entomological Laboratory and Collection;;pp;"";""
10.6084/m9.figshare.c.7640687.v1;VFN;General University Hospital in Prague;Institute of Haematology and Blood Transfusion;pp;"";""
10.6084/m9.figshare.c.6317120.v1;VFN;General University Hospital in Prague;Institut Català d'Oncologia;pp;"";""
10.48580/dgtg4;PELC;P.E.L.C. - Private Entomological Laboratory and Collection;;pp;"";""
10.5281/zenodo.14622373;VÚGTK;Research Institute of Geodesy, Topography and Cartography;Kyiv National University of Construction and Architecture;ppp;"";""
10.6084/m9.figshare.c.7801480.v1;CEITEC MU;Central European Institute of Technology – Masaryk University;University of Vienna;p;"";""
10.5281/zenodo.6382216;CULS;Czech University of Life Sciences Prague;Friulian Natural History Museum of Udine;p;"";""
10.15468/m97sd2;PELC;P.E.L.C. - Private Entomological Laboratory and Collection;;pp;"";""
10.6084/m9.figshare.c.7264690.v1;CEITEC MU;Central European Institute of Technology – Masaryk University;Masaryk University;p;"";""
10.6084/m9.figshare.c.7649648.v1;University Hospital Brno;University Hospital Brno;Masaryk University;p;"";""
10.6084/m9.figshare.19470467.v1;CEITEC ;Central European Institute of Technology;Kiel University;p;"";""
10.48580/dgs4f;PELC;P.E.L.C. - Private Entomological Laboratory and Collection;;pp;"";""
10.48580/dgs4f;PELC;P.E.L.C. - Private Entomological Laboratory and Collection;;pp;"";""
10.14473/csda/nyxqpt/hckaho;Institute of Philosophy;Institute of Philosophy;(Tel Aviv University);pp;"";""
10.5285/3b077711-f183-42f1-bac6-c892922c81f4;CULS;Czech University of Life Sciences Prague;Cadi Ayyad University;p;"";""
10.5281/zenodo.10888833;Palacký University, Olomouc;Palacký University, Olomouc;Government College University Lahore;p;"";""
10.15468/m97sd2;PELC;P.E.L.C. - Private Entomological Laboratory and Collection;;pp;"";""
10.6084/m9.figshare.c.7057954.v1;University Hospital Brno;University Hospital Brno;Masaryk University;p;"";""
10.5281/zenodo.4588389;Palacký University, Olomouc;Palacký University, Olomouc;OIST;p;"";""
10.15468/m97sd2;PELC;P.E.L.C. - Private Entomological Laboratory and Collection;;pp;"";""
10.6084/m9.figshare.c.7206675.v1;CULS;Czech University of Life Sciences Prague;Czech Academy of Sciences;p;"";""
10.6084/m9.figshare.c.6787807.v1;University Hospital Olomouc;University Hospital Olomouc;Casa Sollievo della Sofferenza;p;"";""
10.6084/m9.figshare.c.7372004.v1;FNUSA;St. Anne´s University Hospital;Masaryk University;p;"";""
10.48580/dgs4f;PELC;P.E.L.C. - Private Entomological Laboratory and Collection;University of Modena and Reggio E.;pp;"";""
10.6084/m9.figshare.c.7828330.v1;CEITEC MU;Central European Institute of Technology – Masaryk University;University of Tartu;p;"";""
10.6084/m9.figshare.c.7149681.v1;VFN;General University Hospital in Prague;Charles University;pp;"";""
10.14473/csda/nyxqpt;Institute of Philosophy;Institute of Philosophy;(Faculty of Communication, Vilnius University, Vilnius, Lithuania);pp;"";""
10.15468/t53vdw;Palacký University, Olomouc;Palacký University, Olomouc;University of Warsaw;p;"";""
10.15454/8uia76;CULS;Czech University of Life Sciences Prague;(INRAE);p;"";""
10.6084/m9.figshare.c.6926742.v1;FNUSA-ICRC;International Clinical Research Center of St. Anne's University Hospital Brno;Freie Universität Berlin;p;"";""
10.48623/aperta.262992;CULS;Czech University of Life Sciences Prague;Erciyes University;p;"";""
10.48580/dgtg4;PELC;P.E.L.C. - Private Entomological Laboratory and Collection;Universidade Federal do Paraná;pp;p;""
10.48580/dgt98;PELC;P.E.L.C. - Private Entomological Laboratory and Collection;;pp;"";""
10.6084/m9.figshare.c.6926742.v1;FNUSA-ICRC;International Clinical Research Center of St. Anne's University Hospital Brno;Freie Universität Berlin;p;"";""
10.6084/m9.figshare.20484741.v1;Biopticka Laborator (Czechia);Biopticka Laborator (Czechia);Charles University;p;"";""
10.15468/m97sd2;PELC;P.E.L.C. - Private Entomological Laboratory and Collection;Illinois Natural History Survey;pp;"";""
10.48580/dgt98;PELC;P.E.L.C. - Private Entomological Laboratory and Collection;;pp;"";""
10.5281/zenodo.14882040;CEITEC ;Central European Institute of Technology;Chair of Ceramics, Institute of Mineral Engineering (GHI), RWTH Aachen University, Forckenbeckstrasse 33, 52074 Aachen, Germany;p;"";""
10.6084/m9.figshare.c.7595338.v1;VFU;University of Veterinary and Pharmaceutical Sciences;Mendel University in Brno;p;"";""
10.5061/dryad.wh70rxwnv;Institute of Parasitology;Institute of Parasitology;Dalhousie University;p;"";""
10.48580/dgt98;PELC;P.E.L.C. - Private Entomological Laboratory and Collection;University of Pretoria;pp;p;""
10.15468/m97sd2;PELC;P.E.L.C. - Private Entomological Laboratory and Collection;Virginia Commonwealth University;pp;"";""
10.6084/m9.figshare.c.6683881.v1;FNUSA-ICRC;International Clinical Research Center of St. Anne's University Hospital Brno;Masaryk University;p;"";""
10.48580/dgsv8;PELC;P.E.L.C. - Private Entomological Laboratory and Collection;;pp;"";""
10.18419/darus-4117/16;CULS;Czech University of Life Sciences Prague;University of Novi Sad;p;"";""
10.48580/dgt98;PELC;P.E.L.C. - Private Entomological Laboratory and Collection;;pp;"";""
10.6084/m9.figshare.c.7823284.v1;Palacký University, Olomouc;Palacký University, Olomouc;University of Valencia;p;"";""
10.48580/dgtg4;PELC;P.E.L.C. - Private Entomological Laboratory and Collection;Universidad del Atlántico;pp;"";""
10.6084/m9.figshare.c.7221971.v1;Jan Evangelista Purkyně University in Ústí nad Labem;Jan Evangelista Purkyně University in Ústí nad Labem;Charles University;p;"";""
10.48580/dgsv8;PELC;P.E.L.C. - Private Entomological Laboratory and Collection;;pp;"";""
10.18419/darus-4117/15;CULS;Czech University of Life Sciences Prague;Czech University of Life Sciences;p;"";""
10.48580/dgsv8;PELC;P.E.L.C. - Private Entomological Laboratory and Collection;Entomology, Staatliches Museum für Naturkunde Stuttgart;pp;"";""
10.48580/dgs4f;PELC;P.E.L.C. - Private Entomological Laboratory and Collection;;pp;"";""
10.48580/dgsv8;PELC;P.E.L.C. - Private Entomological Laboratory and Collection;;pp;"";""
10.48580/dgs4f;PELC;P.E.L.C. - Private Entomological Laboratory and Collection;Asociación Colombiana de Ornitología;pp;"";""
10.6084/m9.figshare.c.7885117.v1;University Hospital Olomouc;University Hospital Olomouc;Institute of Molecular and Translational Medicine;p;"";""
10.48580/dgtg4;PELC;P.E.L.C. - Private Entomological Laboratory and Collection;Montreal Botanical Garden;pp;"";""
10.5281/zenodo.4568634;CRI;Crop Research Institute;University of Natural Resources and Life Sciences, Vienna;p;"";""
10.6084/m9.figshare.c.6869925.v1;Palacký University, Olomouc;Palacký University, Olomouc;Mendel University in Brno;p;"";""
10.48580/dgtg4;PELC;P.E.L.C. - Private Entomological Laboratory and Collection;;pp;"";""
10.5281/zenodo.6382216;CULS;Czech University of Life Sciences Prague;KORA Foundation;p;"";""
10.6084/m9.figshare.c.6683881.v1;FNUSA;St. Anne´s University Hospital;Masaryk University;p;"";""
10.48580/dgs4f;PELC;P.E.L.C. - Private Entomological Laboratory and Collection;Museu de Zoologia da Universidade de São Paulo;pp;p;""
10.6084/m9.figshare.c.6629419.v1;Fakultní Nemocnice Plzeň;Fakultní Nemocnice Plzeň;Nemocnice Na Bulovce;p;"";""
10.5281/zenodo.17083924;CULS;Czech University of Life Sciences Prague;;p;"";""
10.18419/darus-4117/6;ČVUT;Czech Technical University in Prague;Universität Stuttgart;p;"";""
10.48580/dgt98;PELC;P.E.L.C. - Private Entomological Laboratory and Collection;;pp;"";""
10.15468/t53vdw;Palacký University, Olomouc;Palacký University, Olomouc;University of Warsaw;p;"";""
10.6084/m9.figshare.c.6577337.v1;University Hospital Ostrava;University Hospital Ostrava;KU Leuven;p;"";""
10.5281/zenodo.11454277;CULS;Czech University of Life Sciences Prague;Centre for Ecological Research, Institute of Ecology and Botany, Vácrátót, Hungary;p;"";""
10.6084/m9.figshare.c.6787450.v1;CEITEC ;Central European Institute of Technology;University of Veterinary Medicine Vienna;p;"";""
10.18419/darus-4117;CULS;Czech University of Life Sciences Prague;Coll Coll;p;"";""
10.6084/m9.figshare.c.6787807.v1;Palacký University, Olomouc;Palacký University, Olomouc;Heidelberg University;p;"";""
10.6084/m9.figshare.c.6317120.v1;VFN;General University Hospital in Prague;Harvard University;pp;"";""
10.6084/m9.figshare.c.6271279.v1;University Hospital Brno;University Hospital Brno;Masaryk University;p;"";""
10.48580/dgs4f;PELC;P.E.L.C. - Private Entomological Laboratory and Collection;;pp;"";""
10.6084/m9.figshare.c.7726012.v1;Palacký University, Olomouc;Palacký University, Olomouc;;p;"";""
10.5281/zenodo.10680436;Jan Evangelista Purkyně University in Ústí nad Labem;Jan Evangelista Purkyně University in Ústí nad Labem;IUCN (International Union for Conservation of Nature);p;"";""
10.5281/zenodo.10680436;Jan Evangelista Purkyně University in Ústí nad Labem;Jan Evangelista Purkyně University in Ústí nad Labem;Research Centre for Forestry and Wood, Council for Agricultural Research and Economics (CREA);p;"";""
10.6084/m9.figshare.c.6770757.v1;VFU;University of Veterinary and Pharmaceutical Sciences;Mendel University in Brno;p;"";""
10.5281/zenodo.11212280;NPI;Nuclear Physics Institute;Institute of Geochemistry, Mineralogy and Mineral Resources, Faculty of Science, Charles University;p;"";""
10.5281/zenodo.10888833;Palacký University, Olomouc;Palacký University, Olomouc;;p;"";""
10.6084/m9.figshare.c.6225449.v1;Palacký University, Olomouc;Palacký University, Olomouc;University of Luxembourg;p;"";""
10.6084/m9.figshare.c.7801480.v1;CEITEC MU;Central European Institute of Technology – Masaryk University;University of Cambridge;p;"";""
10.5281/zenodo.17083924;CULS;Czech University of Life Sciences Prague;;p;"";""
10.5281/zenodo.10680436;Jan Evangelista Purkyně University in Ústí nad Labem;Jan Evangelista Purkyně University in Ústí nad Labem;Institute of Natural Sciences;p;"";""
10.48580/dgs4f;PELC;P.E.L.C. - Private Entomological Laboratory and Collection;;pp;"";""
10.5281/zenodo.8038826;Jan Evangelista Purkyně University in Ústí nad Labem;Jan Evangelista Purkyně University in Ústí nad Labem;Facultad de Ciencias Agrarias, Universidad Nacional de Colombia, Bogotá, Colombia;p;"";""
10.18419/darus-4117/14;ČVUT;Czech Technical University in Prague;Universität Stuttgart;p;"";""
10.6084/m9.figshare.c.7823284.v1;Palacký University, Olomouc;Palacký University, Olomouc;Hudson Institute of Medical Research;p;"";""
10.5281/zenodo.5711706;CULS;Czech University of Life Sciences Prague;Slovak Academy of Sciences;p;"";""
10.14473/csda/9alxny/edv8qp;Institute of Philosophy;Institute of Philosophy;(ResWell Research Collaboration, Tel Aviv University, Tel Aviv, Israel);pp;"";""
10.48580/dgt98;PELC;P.E.L.C. - Private Entomological Laboratory and Collection;The Natural History Museum;pp;"";""
10.6084/m9.figshare.c.6222987.v1;University Hospital in Motol;University Hospital in Motol;University of Glasgow;p;"";""
10.6084/m9.figshare.c.7885117.v1;Palacký University, Olomouc;Palacký University, Olomouc;TU Dresden;p;"";""
10.48580/dgt98;PELC;P.E.L.C. - Private Entomological Laboratory and Collection;Division of Invertebrate Zoology, American Museum of Natural History;pp;"";""
10.5281/zenodo.16942982;University Hospital Olomouc;University Hospital Olomouc;DBM Bioinformatics Core Facility, Swiss Institute of Bioinformatics, Switzerland;p;"";""
10.21227/z36r-0m98;ČVUT;Czech Technical University in Prague;University of Defence;p;"";""
10.5285/3b077711-f183-42f1-bac6-c892922c81f4;CULS;Czech University of Life Sciences Prague;Norwegian Water Resources and Energy Directorate;p;"";""
10.6084/m9.figshare.c.7953063.v1;FNUSA;St. Anne´s University Hospital;Svendborg Sygehus;p;"";""
10.15468/m97sd2;PELC;P.E.L.C. - Private Entomological Laboratory and Collection;;pp;"";""
10.6084/m9.figshare.c.6585787.v1;VFN;General University Hospital in Prague;University Hospital in Motol;pp;p;""
10.48580/dgt98;PELC;P.E.L.C. - Private Entomological Laboratory and Collection;;pp;"";""
10.6084/m9.figshare.c.7153870.v1;Palacký University, Olomouc;Palacký University, Olomouc;Slovak Academy of Sciences;p;"";""
10.48580/dgtg4;PELC;P.E.L.C. - Private Entomological Laboratory and Collection;Research Institute for Nature and Forest (INBO);pp;"";""
10.5281/zenodo.15154492;University Hospital Hradec Králové;University Hospital Hradec Králové;;p;"";""
10.48580/dgtg4;PELC;P.E.L.C. - Private Entomological Laboratory and Collection;;pp;"";""
10.6084/m9.figshare.c.6870567.v1;University Hospital in Motol;University Hospital in Motol;Gazi University;p;"";""
10.5281/zenodo.5483762;ČVUT;Czech Technical University in Prague;Czech Technical University;p;"";""
10.48580/dgsv8;PELC;P.E.L.C. - Private Entomological Laboratory and Collection;The Natural History Museum;pp;"";""
10.48580/dgtg4;PELC;P.E.L.C. - Private Entomological Laboratory and Collection;;pp;"";""
10.5281/zenodo.15681034;CULS;Czech University of Life Sciences Prague;Research Institute for Nature and Forest;p;"";""
10.48580/dgs4f;PELC;P.E.L.C. - Private Entomological Laboratory and Collection;;pp;"";""
10.6084/m9.figshare.c.6629419.v1;University Hospital Hradec Králové;University Hospital Hradec Králové;;p;"";""
10.5281/zenodo.5711706;CULS;Czech University of Life Sciences Prague;Forest Research Institute;p;"";""
10.5281/zenodo.4603685;Jan Evangelista Purkyně University in Ústí nad Labem;Jan Evangelista Purkyně University in Ústí nad Labem;University of Novi Sad;p;"";""
10.14278/rodare.1330;CEITEC ;Central European Institute of Technology;;p;"";""
10.6084/m9.figshare.c.6830133.v1;University Hospital Ostrava;University Hospital Ostrava;University of Ostrava;p;"";""
10.15468/m97sd2;PELC;P.E.L.C. - Private Entomological Laboratory and Collection;;pp;"";""
10.48580/dgs4f;PELC;P.E.L.C. - Private Entomological Laboratory and Collection;Instituto de Ciencias del Mar y Limnología, UNAM;pp;"";""
10.15468/m97sd2;PELC;P.E.L.C. - Private Entomological Laboratory and Collection;;pp;"";""
10.18419/darus-4117/10;CULS;Czech University of Life Sciences Prague;Coll Coll;p;"";""
10.48580/dgt98;PELC;P.E.L.C. - Private Entomological Laboratory and Collection;;pp;"";""
10.6084/m9.figshare.19470467.v1;CEITEC MU;Central European Institute of Technology – Masaryk University;Center For Biomarker Research In Medicine;p;"";""
10.6084/m9.figshare.c.7811402.v1;University Hospital Brno;University Hospital Brno;Masaryk University;p;"";""
10.48580/dgs4f;PELC;P.E.L.C. - Private Entomological Laboratory and Collection;Division of Invertebrate Zoology, American Museum of Natural History;pp;"";""
10.15468/m97sd2;PELC;P.E.L.C. - Private Entomological Laboratory and Collection;;pp;"";""
10.48580/dgs4f;PELC;P.E.L.C. - Private Entomological Laboratory and Collection;;pp;"";""
10.48580/dgt98;PELC;P.E.L.C. - Private Entomological Laboratory and Collection;Field Museum of Natural History;pp;"";""
10.15468/m97sd2;PELC;P.E.L.C. - Private Entomological Laboratory and Collection;;pp;"";""
10.48580/dgsv8;PELC;P.E.L.C. - Private Entomological Laboratory and Collection;;pp;"";""
10.6084/m9.figshare.c.6830133.v1;CEITEC MU;Central European Institute of Technology – Masaryk University;Slovak Academy of Sciences;p;"";""
10.6084/m9.figshare.c.7828330.v1;CEITEC ;Central European Institute of Technology;KU Leuven;p;"";""
10.6084/m9.figshare.c.5265220.v1;CRI;Crop Research Institute;Agricultural institute of Slovenia;p;"";""
10.6084/m9.figshare.c.6780806.v1;FNUSA-ICRC;International Clinical Research Center of St. Anne's University Hospital Brno;Aix-Marseille University;p;"";""
10.6084/m9.figshare.19470467.v1;CEITEC MU;Central European Institute of Technology – Masaryk University;Medical University of Vienna;p;"";""
10.6084/m9.figshare.c.7206675.v1;Palacký University, Olomouc;Palacký University, Olomouc;Masaryk University;p;"";""
10.48580/dgs4f;PELC;P.E.L.C. - Private Entomological Laboratory and Collection;Invertebrados, Museu Nacional/UFRJ;pp;"";""
10.6084/m9.figshare.c.6673915.v1;UPMD;Ústav pro péči o matku a dítě;National Institute of Public Health;pp;p;""
10.6084/m9.figshare.20282209.v1;VFU;University of Veterinary and Pharmaceutical Sciences;Mendel University Brno;p;"";""
10.5281/zenodo.14295543;VFN;General University Hospital in Prague;International Clinical Research Center, Faculty of Medicine, Masaryk University, Brno, Czech Republic.;pp;p;""
10.6084/m9.figshare.c.5931041.v1;CULS;Czech University of Life Sciences Prague;Institute of Botany;p;"";""
10.48580/dgs4f;PELC;P.E.L.C. - Private Entomological Laboratory and Collection;;pp;"";""
10.5281/zenodo.6637599;CULS;Czech University of Life Sciences Prague;School of GeoSciences, University of Edinburgh, Edinburgh, EH9 3FF, UK;p;"";""
10.48580/dgsv8;PELC;P.E.L.C. - Private Entomological Laboratory and Collection;;pp;"";""
10.15468/m97sd2;PELC;P.E.L.C. - Private Entomological Laboratory and Collection;National University of Colombia;pp;"";""
10.6084/m9.figshare.c.6787450.v1;CEITEC MU;Central European Institute of Technology – Masaryk University;Medical University of Graz;p;"";""
10.5281/zenodo.7809039;UPMD;Ústav pro péči o matku a dítě;University of West BoheNew Technoplogies - Research Centre, University of West Bohemiamia;pp;p;""
10.15468/m97sd2;PELC;P.E.L.C. - Private Entomological Laboratory and Collection;;pp;"";""
10.48580/dgsv8;PELC;P.E.L.C. - Private Entomological Laboratory and Collection;;pp;"";""
10.6084/m9.figshare.c.6319614.v1;ČVUT;Czech Technical University in Prague;Charles University;p;"";""
10.48580/dgtg4;PELC;P.E.L.C. - Private Entomological Laboratory and Collection;;pp;"";""
10.48580/dgt98;PELC;P.E.L.C. - Private Entomological Laboratory and Collection;;pp;"";""
10.5281/zenodo.16942982;VFN;General University Hospital in Prague;DBM Bioinformatics Core Facility, Swiss Institute of Bioinformatics, Switzerland;pp;"";""
10.6084/m9.figshare.c.7823284.v1;Palacký University, Olomouc;Palacký University, Olomouc;University of Hong Kong;p;"";""
10.6084/m9.figshare.c.6787807.v1;Palacký University, Olomouc;Palacký University, Olomouc;Lithuanian University of Health Sciences;p;"";""
10.6084/m9.figshare.c.6585701.v1;Palacký University, Olomouc;Palacký University, Olomouc;Charles University;p;"";""
10.15468/m97sd2;PELC;P.E.L.C. - Private Entomological Laboratory and Collection;;pp;"";""
10.15468/m97sd2;PELC;P.E.L.C. - Private Entomological Laboratory and Collection;;pp;"";""
10.17632/vr37vj22s5;UPA;University of Pardubice;Univerzita Karlova Farmaceuticka fakulta v Hradci Kralove;p;"";""
10.6084/m9.figshare.c.7158337.v1;Palacký University, Olomouc;Palacký University, Olomouc;Charles University;p;"";""
10.6084/m9.figshare.c.7811402.v1;University Hospital Brno;University Hospital Brno;Masaryk University;p;"";""
10.5281/zenodo.5675427;ČVUT;Czech Technical University in Prague;Czech Technical University;p;"";""
10.6084/m9.figshare.c.7196998.v1;Military University Hospital Prague;Military University Hospital Prague;Charles University;pp;"";""
10.48580/dgt98;PELC;P.E.L.C. - Private Entomological Laboratory and Collection;;pp;"";""
10.6084/m9.figshare.c.7017686.v1;VFN;General University Hospital in Prague;University of Oslo;pp;"";""
10.6084/m9.figshare.c.7075282.v1;University Hospital in Motol;University Hospital in Motol;Radboud University Nijmegen Medical Centre;p;"";""
10.48580/dgsv8;PELC;P.E.L.C. - Private Entomological Laboratory and Collection;School of Biology, University of Leeds;pp;"";""
10.15468/m97sd2;PELC;P.E.L.C. - Private Entomological Laboratory and Collection;;pp;"";""
10.6084/m9.figshare.c.7040196.v1;FNUSA;St. Anne´s University Hospital;University of Vienna;p;"";""
10.5281/zenodo.8035724;ČVUT;Czech Technical University in Prague;CESNET, a.l.e.;p;"";""
10.6084/m9.figshare.c.7095033.v1;CRI;Crop Research Institute;Chungbuk National University;p;"";""
10.6084/m9.figshare.c.6068033.v1;CASRI;Sports Research Institute Of Czech Armed Forces;Charles University;p;"";""
10.6084/m9.figshare.c.6787450.v1;CEITEC MU;Central European Institute of Technology – Masaryk University;Queen's University Belfast;p;"";""
10.5281/zenodo.17162242;CULS;Czech University of Life Sciences Prague;University of Tartu;p;"";""
10.6084/m9.figshare.c.6787450.v1;CEITEC ;Central European Institute of Technology;University of Oxford;p;"";""
10.48580/dgs4f;PELC;P.E.L.C. - Private Entomological Laboratory and Collection;Research Institute for Nature and Forest (INBO);pp;"";""
10.6084/m9.figshare.c.6583742.v1;University Hospital Brno;University Hospital Brno;University Medical Center of the Johannes Gutenberg University Mainz;p;"";""
10.6084/m9.figshare.20018045.v1;IKEM;Institute of Clinical and Experimental Medicine;;p;"";""
10.6084/m9.figshare.c.7615430.v1;VFN;General University Hospital in Prague;University of Copenhagen;pp;p;""
10.5281/zenodo.10680436;Jan Evangelista Purkyně University in Ústí nad Labem;Jan Evangelista Purkyně University in Ústí nad Labem;Institute of Marine Biological Resources and Inland Waters, Hellenic Centre for Marine Research;p;"";""
10.6084/m9.figshare.c.7740082.v1;FNUSA;St. Anne´s University Hospital;Western University;p;"";""
10.48580/dgt98;PELC;P.E.L.C. - Private Entomological Laboratory and Collection;French National Institute for Agriculture, Food, and Environment (INRAE);pp;"";""
10.6084/m9.figshare.19470467.v1;CEITEC MU;Central European Institute of Technology – Masaryk University;Center For Biomarker Research In Medicine;p;"";""
10.6084/m9.figshare.c.6580580.v1;CULS;Czech University of Life Sciences Prague;Czech Academy of Sciences;p;"";""
10.18419/darus-4117;ČVUT;Czech Technical University in Prague;Czech University of Life Sciences;p;"";""
10.14473/csda/9alxny/mxvqgh;Institute of Philosophy;Institute of Philosophy;(Tel Aviv University);pp;"";""
10.6084/m9.figshare.c.6962539.v1;Palacký University, Olomouc;Palacký University, Olomouc;Revmatologický Ústav;p;"";""
10.48580/dgtg4;PELC;P.E.L.C. - Private Entomological Laboratory and Collection;;pp;"";""
10.48580/dgtg4;PELC;P.E.L.C. - Private Entomological Laboratory and Collection;;pp;"";""
10.5285/3b077711-f183-42f1-bac6-c892922c81f4;CULS;Czech University of Life Sciences Prague;University of Évora;p;"";""
10.15468/m97sd2;PELC;P.E.L.C. - Private Entomological Laboratory and Collection;;pp;"";""
10.5281/zenodo.11115776;University Hospital in Motol;University Hospital in Motol;Second Faculty of Medicine, Charles University;p;"";""
10.48580/dgs4f;PELC;P.E.L.C. - Private Entomological Laboratory and Collection;;pp;"";""
10.48580/dgt98;PELC;P.E.L.C. - Private Entomological Laboratory and Collection;Vlaams Instituut voor de Zee (VLIZ);pp;"";""
10.48580/dgsv8;PELC;P.E.L.C. - Private Entomological Laboratory and Collection;;pp;"";""
10.5281/zenodo.10680436;Jan Evangelista Purkyně University in Ústí nad Labem;Jan Evangelista Purkyně University in Ústí nad Labem;University of Amsterdam;p;"";""
10.6084/m9.figshare.c.7409075.v1;University Hospital Brno;University Hospital Brno;Masaryk University;p;"";""
10.48580/dgsv8;PELC;P.E.L.C. - Private Entomological Laboratory and Collection;;pp;"";""
10.6084/m9.figshare.c.7415533.v1;IKEM;Institute of Clinical and Experimental Medicine;;p;"";""
10.6084/m9.figshare.c.7640687.v1;VFN;General University Hospital in Prague;Institute of Haematology and Blood Transfusion;pp;"";""
10.6084/m9.figshare.c.7953063.v1;FNUSA;St. Anne´s University Hospital;;p;"";""
10.6084/m9.figshare.c.7017686.v1;VFN;General University Hospital in Prague;University of Oslo;pp;"";""
10.5281/zenodo.15681034;CULS;Czech University of Life Sciences Prague;Wageningen University;p;"";""
10.48580/dgtg4;PELC;P.E.L.C. - Private Entomological Laboratory and Collection;;pp;"";""
10.5281/zenodo.14019130;CULS;Czech University of Life Sciences Prague;Austrian Agency for Health and Food Safety;p;"";""
10.6084/m9.figshare.c.6596467.v1;IKEM;Institute of Clinical and Experimental Medicine;;p;"";""
10.6084/m9.figshare.c.6792969.v1;University Hospital Brno;University Hospital Brno;Charles University;p;"";""
10.6084/m9.figshare.c.6683881.v1;FNUSA;St. Anne´s University Hospital;Masaryk University;p;"";""
10.6084/m9.figshare.c.7732283.v1;FNUSA-ICRC;International Clinical Research Center of St. Anne's University Hospital Brno;Brno University of Technology;p;"";""
10.5281/zenodo.10888833;Palacký University, Olomouc;Palacký University, Olomouc;;p;"";""
10.6084/m9.figshare.c.6830133.v1;University Hospital Ostrava;University Hospital Ostrava;University of Ostrava;p;"";""
10.5281/zenodo.14295543;UPMD;Ústav pro péči o matku a dítě;International Clinical Research Center, Faculty of Medicine, Masaryk University, Brno, Czech Republic.;pp;p;""
10.48580/dgs4f;PELC;P.E.L.C. - Private Entomological Laboratory and Collection;Universidade da Madeira, Dep. Biologia/CEM;pp;p;""
10.48580/dgtg4;PELC;P.E.L.C. - Private Entomological Laboratory and Collection;Research Institute for Nature and Forest (INBO) / Butterfly Conservation Europe (BCE);pp;p;""
10.48580/dgtg4;PELC;P.E.L.C. - Private Entomological Laboratory and Collection;;pp;"";""
10.6084/m9.figshare.c.6629419.v1;Hospital Jihlava;Hospital Jihlava;Charles University;p;"";""
10.48580/dgs4f;PELC;P.E.L.C. - Private Entomological Laboratory and Collection;Zoological Institute RAS;pp;"";""
10.15468/m97sd2;PELC;P.E.L.C. - Private Entomological Laboratory and Collection;University of Helsinki;pp;"";""
10.6084/m9.figshare.c.7295760.v1;MoE;Ministry of the Environment of the Czech Republic;Institute of Microbiology;p;"";""
10.48580/dgs4f;PELC;P.E.L.C. - Private Entomological Laboratory and Collection;;pp;"";""
10.6084/m9.figshare.c.6699355.v1;Palacký University, Olomouc;Palacký University, Olomouc;University of Cádiz;p;"";""
10.48580/dgtg4;PELC;P.E.L.C. - Private Entomological Laboratory and Collection;cE3c- Centre for Ecology, Evolution and Environmental Changes, Azorean Biodiversity Group, CHANGE – Global Change and Sustainability Institute, Faculty of Sciences and Technology, University of the Azores;pp;p;""
10.6084/m9.figshare.c.7297436.v1;University Hospital in Motol;University Hospital in Motol;Charles University;p;"";""
10.5281/zenodo.13897824;Palacký University, Olomouc;Palacký University, Olomouc;Nanosurf Lab;p;"";""
10.5281/zenodo.10680436;CULS;Czech University of Life Sciences Prague;Atlantic International Research Centre (AIR Centre);p;"";""
10.6084/m9.figshare.c.6787807.v1;Palacký University, Olomouc;Palacký University, Olomouc;Heidelberg University;p;"";""
10.48580/dgsv8;PELC;P.E.L.C. - Private Entomological Laboratory and Collection;;pp;"";""
10.6084/m9.figshare.c.7149681.v1;VFN;General University Hospital in Prague;Charles University;pp;"";""
10.48580/dgtg4;PELC;P.E.L.C. - Private Entomological Laboratory and Collection;;pp;"";""
10.6084/m9.figshare.c.6787450.v1;CEITEC ;Central European Institute of Technology;Almac (United Kingdom);p;"";""
10.48580/dgt98;PELC;P.E.L.C. - Private Entomological Laboratory and Collection;;pp;"";""
10.6084/m9.figshare.c.7953063.v1;FNUSA;St. Anne´s University Hospital;CSL (United States);p;"";""
10.6084/m9.figshare.c.6317439.v1;VSE;University of Economics Prague;University of York;p;"";""
10.48580/dgt98;PELC;P.E.L.C. - Private Entomological Laboratory and Collection;;pp;"";""
10.48580/dgs4f;PELC;P.E.L.C. - Private Entomological Laboratory and Collection;Schoolmeesters P.;pp;p;""
10.6084/m9.figshare.c.7075282.v1;University Hospital in Motol;University Hospital in Motol;Istituto Auxologico Italiano;p;"";""
10.6084/m9.figshare.c.6806176.v1;CULS;Czech University of Life Sciences Prague;Technische Universität Braunschweig;p;"";""
10.6084/m9.figshare.c.6629419.v1;University Hospital in Motol;University Hospital in Motol;Nemocnice Na Bulovce;p;"";""
10.18419/darus-4117/13;CULS;Czech University of Life Sciences Prague;Universität Stuttgart;p;"";""
10.6084/m9.figshare.c.7563934.v1;Palacký University, Olomouc;Palacký University, Olomouc;University of Haifa;p;"";""
10.6084/m9.figshare.c.6683881.v1;FNUSA-ICRC;International Clinical Research Center of St. Anne's University Hospital Brno;Masaryk University;p;"";""
10.6084/m9.figshare.c.6770757.v1;Palacký University, Olomouc;Palacký University, Olomouc;Mendel University in Brno;p;"";""
10.48580/dgtg4;PELC;P.E.L.C. - Private Entomological Laboratory and Collection;Facultad de Ciencias, UNAM;pp;"";""
10.6084/m9.figshare.c.7358677.v1;Palacký University, Olomouc;Palacký University, Olomouc;University of Bonn;p;"";""
10.6084/m9.figshare.c.7953063.v1;FNUSA-ICRC;International Clinical Research Center of St. Anne's University Hospital Brno;Medical University of Sofia;p;"";""
10.6084/m9.figshare.c.6256842.v1;CRI;Crop Research Institute;Charles University;p;"";""
10.6084/m9.figshare.c.7040196.v1;FNUSA-ICRC;International Clinical Research Center of St. Anne's University Hospital Brno;University of Catania;p;"";""
10.48580/dgs4f;PELC;P.E.L.C. - Private Entomological Laboratory and Collection;;pp;"";""
10.5061/dryad.sbcc2frj9;CRI;Crop Research Institute;University of Ghana;p;"";""
10.6084/m9.figshare.c.6728458.v1;University Hospital Brno;University Hospital Brno;Masaryk University;p;"";""
10.5281/zenodo.10680436;Jan Evangelista Purkyně University in Ústí nad Labem;Jan Evangelista Purkyně University in Ústí nad Labem;University of Barcelona;p;"";""
10.6084/m9.figshare.c.6583742.v1;University Hospital Brno;University Hospital Brno;;p;"";""
10.48580/dgsv8;PELC;P.E.L.C. - Private Entomological Laboratory and Collection;Departamento de Meteorologia, Fundação Cearense de Meteorologia e Recursos Hídricos (FUNCEME);pp;p;""
10.5281/zenodo.7863867;CULS;Czech University of Life Sciences Prague;Česká zemědělská univerzita;p;"";""
10.5281/zenodo.10572480;CULS;Czech University of Life Sciences Prague;State Key Laboratory of Vegetation and Environmental Change, Institute of Botany, Chinese Academy of Sciences, Beijing 100093, China;p;"";""
10.18419/darus-4117;CULS;Czech University of Life Sciences Prague;Czech University of Life Sciences;p;"";""
10.48580/dgtg4;PELC;P.E.L.C. - Private Entomological Laboratory and Collection;;pp;"";""
10.5281/zenodo.17162242;CULS;Czech University of Life Sciences Prague;University of Oulu;p;"";""
10.6084/m9.figshare.c.7075180.v1;Palacký University, Olomouc;Palacký University, Olomouc;Mendel University in Brno;p;"";""
10.6084/m9.figshare.c.6585787.v1;University Hospital in Motol;University Hospital in Motol;Masaryk University;p;"";""
10.5281/zenodo.4516657;CEITEC ;Central European Institute of Technology;CEITEC MU;p;"";""
10.6084/m9.figshare.c.7953063.v1;FNUSA;St. Anne´s University Hospital;Jagiellonian University;p;"";""
10.6084/m9.figshare.c.7185629.v1;IKEM;Institute of Clinical and Experimental Medicine;Charles University;p;"";""
10.18419/darus-4117/2;CULS;Czech University of Life Sciences Prague;University of Novi Sad;p;"";""
10.48580/dgsv8;PELC;P.E.L.C. - Private Entomological Laboratory and Collection;Biofísica, Universidade do Estado do Rio de Janeiro (UERJ);pp;"";""
10.6084/m9.figshare.c.7057817.v1;Palacký University, Olomouc;Palacký University, Olomouc;German Cancer Research Center;p;"";""
10.48580/dgs4f;PELC;P.E.L.C. - Private Entomological Laboratory and Collection;Research Institute for Nature and Forest (INBO) / Butterfly Conservation Europe (BCE);pp;p;""
10.48580/dgtg4;PELC;P.E.L.C. - Private Entomological Laboratory and Collection;Florida State Collection of Arthropods;pp;p;""
10.6084/m9.figshare.c.7801480.v1;CEITEC ;Central European Institute of Technology;Innsbruck Medical University;p;"";""
10.6084/m9.figshare.c.6787450.v1;CEITEC ;Central European Institute of Technology;University of Turin;p;"";""
10.6084/m9.figshare.c.6892116.v1;VFN;General University Hospital in Prague;Centre for Biomedical Network Research on Rare Diseases;pp;"";""
10.14278/rodare.2568;ČVUT;Czech Technical University in Prague;Deutsches Zentrum für Luft- und Raumfahrt eV: Koln, Nordrhein-Westfalen, DE;p;"";""
10.6084/m9.figshare.c.7801480.v1;CEITEC ;Central European Institute of Technology;University of Vienna;p;"";""
10.6084/m9.figshare.c.7057817.v1;Palacký University, Olomouc;Palacký University, Olomouc;Lithuanian University of Health Sciences;p;"";""
10.48580/dgt98;PELC;P.E.L.C. - Private Entomological Laboratory and Collection;;pp;"";""
10.6084/m9.figshare.c.7953063.v1;FNUSA-ICRC;International Clinical Research Center of St. Anne's University Hospital Brno;;p;"";""
10.6084/m9.figshare.c.7149681.v1;VFN;General University Hospital in Prague;Palacký University, Olomouc;pp;p;""
10.18419/darus-4117/5;CULS;Czech University of Life Sciences Prague;Czech University of Life Sciences;p;"";""
10.48580/dgs4f;PELC;P.E.L.C. - Private Entomological Laboratory and Collection;Lyon College;pp;"";""
10.48580/dgsv8;PELC;P.E.L.C. - Private Entomological Laboratory and Collection;;pp;"";""
10.5281/zenodo.15137996;CRI;Crop Research Institute;Rudolfstetten, Switzerland;p;"";""
10.5281/zenodo.14025746;VFN;General University Hospital in Prague;BIOCEV - Biotechnology and Biomedicine Centre, First Faculty of Medicine, Charles University, Vestec, Czech Republic;pp;p;""
10.48580/dgtg4;PELC;P.E.L.C. - Private Entomological Laboratory and Collection;Smithsonian Institution;pp;"";""
10.48580/dgs4f;PELC;P.E.L.C. - Private Entomological Laboratory and Collection;Butterfly Conservation Europe (BCE);pp;p;""
10.48580/dgsv8;PELC;P.E.L.C. - Private Entomological Laboratory and Collection;;pp;"";""
10.48580/dgsv8;PELC;P.E.L.C. - Private Entomological Laboratory and Collection;Division of Invertebrate Zoology, American Museum of Natural History;pp;"";""
10.6084/m9.figshare.c.6040098.v1;CULS;Czech University of Life Sciences Prague;;p;"";""
10.18419/darus-4117/11;CULS;Czech University of Life Sciences Prague;University of Novi Sad;p;"";""
10.5281/zenodo.6505455;CEITEC MU;Central European Institute of Technology – Masaryk University;CEITEC Masaryk University;p;"";""
10.48580/dgt98;PELC;P.E.L.C. - Private Entomological Laboratory and Collection;Missouri Botanical Garden;pp;"";""
10.6084/m9.figshare.c.7079010.v1;IAB;Institute of Applied Biotechnologies (Czechia);Institute of Molecular Genetics;pp;"";""
10.48580/dgt98;PELC;P.E.L.C. - Private Entomological Laboratory and Collection;;pp;"";""
10.48580/dgsv8;PELC;P.E.L.C. - Private Entomological Laboratory and Collection;;pp;"";""
10.48580/dgs4f;PELC;P.E.L.C. - Private Entomological Laboratory and Collection;;pp;"";""
10.5285/3b077711-f183-42f1-bac6-c892922c81f4;CULS;Czech University of Life Sciences Prague;UK Centre for Ecology & Hydrology;p;"";""
10.6084/m9.figshare.c.6780806.v1;FNUSA;St. Anne´s University Hospital;Brno University of Technology;p;"";""
10.5281/zenodo.17083924;CULS;Czech University of Life Sciences Prague;University of Turin;p;"";""
10.48580/dgtg4;PELC;P.E.L.C. - Private Entomological Laboratory and Collection;Division of Invertebrate Zoology, American Museum of Natural History;pp;"";""
10.48580/dgtg4;PELC;P.E.L.C. - Private Entomological Laboratory and Collection;;pp;"";""
10.6084/m9.figshare.c.7563934.v1;Palacký University, Olomouc;Palacký University, Olomouc;Bangladesh University of Engineering and Technology;p;"";""
10.18419/darus-4117/1;CULS;Czech University of Life Sciences Prague;Czech University of Life Sciences;p;"";""
10.48580/dgtg4;PELC;P.E.L.C. - Private Entomological Laboratory and Collection;Asociación Colombiana de Ornitología;pp;"";""
10.6084/m9.figshare.c.5923208.v1;CEITEC MU;Central European Institute of Technology – Masaryk University;Medical University of Vienna;p;"";""
10.57760/sciencedb.j00104.00084;ČVUT;Czech Technical University in Prague;Belmont Forum;p;"";""
10.15468/m97sd2;PELC;P.E.L.C. - Private Entomological Laboratory and Collection;American Museum of Natural History;pp;"";""
10.6084/m9.figshare.c.6629419.v1;University Hospital Hradec Králové;University Hospital Hradec Králové;Charles University;p;"";""
10.48580/dgs4f;PELC;P.E.L.C. - Private Entomological Laboratory and Collection;;pp;"";""
10.6084/m9.figshare.c.7372004.v1;FNUSA-ICRC;International Clinical Research Center of St. Anne's University Hospital Brno;Masaryk University;p;"";""
10.5281/zenodo.15739421;University Hospital Brno;University Hospital Brno;Shemyakin and Ovchinnikov Institute of Bioorganic Chemistry, Moscow, Russia;p;"";""
10.48580/dgsv8;PELC;P.E.L.C. - Private Entomological Laboratory and Collection;;pp;"";""
10.48580/dgs4f;PELC;P.E.L.C. - Private Entomological Laboratory and Collection;Entomology, Staatliches Museum für Naturkunde Stuttgart;pp;"";""
10.6084/m9.figshare.c.6787450.v1;CEITEC MU;Central European Institute of Technology – Masaryk University;University of Nottingham;p;"";""
10.48580/dgs4f;PELC;P.E.L.C. - Private Entomological Laboratory and Collection;Asociación GAICA;pp;"";""
10.15468/m97sd2;PELC;P.E.L.C. - Private Entomological Laboratory and Collection;;pp;"";""
10.48580/dgt98;PELC;P.E.L.C. - Private Entomological Laboratory and Collection;;pp;"";""
10.6084/m9.figshare.c.7206675.v1;CULS;Czech University of Life Sciences Prague;City University of Hong Kong;p;"";""
10.48580/dgs4f;PELC;P.E.L.C. - Private Entomological Laboratory and Collection;Jardim Botânico, Museu Nacional de História Natural, Universidade de Lisboa;pp;"";""
10.6084/m9.figshare.c.7828330.v1;CEITEC ;Central European Institute of Technology;;p;"";""
10.48580/dgtg4;PELC;P.E.L.C. - Private Entomological Laboratory and Collection;Systematic Entomology Laboratory, Agricultural Research Service, USDA c/o National Museum of Natural History, Smithsonian Institution;pp;"";""
10.48580/dgs4f;PELC;P.E.L.C. - Private Entomological Laboratory and Collection;;pp;"";""
10.14473/csda/decebq;Institute of Philosophy;Institute of Philosophy;Tel Aviv University;pp;"";""
10.57760/sciencedb.psych.00107;Institute of Psychology;Institute of Psychology;Institute of Automation, CAS;p;"";""
10.6084/m9.figshare.c.6586648.v1;CULS;Czech University of Life Sciences Prague;;p;"";""
10.6084/m9.figshare.c.6770757.v1;CULS;Czech University of Life Sciences Prague;Mendel University in Brno;p;"";""
10.6084/m9.figshare.c.7372004.v1;FNUSA;St. Anne´s University Hospital;Masaryk University;p;"";""
10.6084/m9.figshare.c.6585379.v1;University Hospital Brno;University Hospital Brno;;p;"";""
10.48580/dgtg4;PELC;P.E.L.C. - Private Entomological Laboratory and Collection;Instituto de Biología, UNAM;pp;"";""
10.48580/dgtg4;PELC;P.E.L.C. - Private Entomological Laboratory and Collection;;pp;"";""
10.48580/dgs4f;PELC;P.E.L.C. - Private Entomological Laboratory and Collection;Helmholtz Centre for Environmental Research – UFZ, Department of Community Ecology;pp;p;""
10.6084/m9.figshare.c.7798513.v1;ČVUT;Czech Technical University in Prague;Joint Research Centre;p;"";""
10.48580/dgsv8;PELC;P.E.L.C. - Private Entomological Laboratory and Collection;;pp;"";""
10.6084/m9.figshare.c.5923208.v1;CEITEC ;Central European Institute of Technology;University of Veterinary Medicine Vienna;p;"";""
10.6084/m9.figshare.c.6218354.v2;University Hospital in Motol;University Hospital in Motol;German Cancer Research Center;p;"";""
10.48580/dgsv8;PELC;P.E.L.C. - Private Entomological Laboratory and Collection;Christian-Albrechts-Universität;pp;"";""
10.6084/m9.figshare.19470467.v1;CEITEC ;Central European Institute of Technology;University of Veterinary Medicine Vienna;p;"";""
10.5281/zenodo.10572480;CULS;Czech University of Life Sciences Prague;Ecological Sciences, The James Hutton Institute, Aberdeen, Scotland, UK AB15 8QH;p;"";""
10.6084/m9.figshare.c.6596467.v1;IKEM;Institute of Clinical and Experimental Medicine;University Medical Center Groningen;p;"";""
10.17632/tstnn6m75z.2;CULS;Czech University of Life Sciences Prague;J. Selye University in Komárno;p;"";""
10.15468/m97sd2;PELC;P.E.L.C. - Private Entomological Laboratory and Collection;;pp;"";""
10.6084/m9.figshare.c.7220407.v1;University Hospital Olomouc;University Hospital Olomouc;Institute of Biotechnology;p;"";""
10.48580/dgsv8;PELC;P.E.L.C. - Private Entomological Laboratory and Collection;;pp;"";""
10.48580/dgs4f;PELC;P.E.L.C. - Private Entomological Laboratory and Collection;Agricultural Research Organization;pp;"";""
10.48580/dgs4f;PELC;P.E.L.C. - Private Entomological Laboratory and Collection;Division of Invertebrate Zoology, American Museum of Natural History;pp;"";""
10.48580/dgtg4;PELC;P.E.L.C. - Private Entomological Laboratory and Collection;Institut National de la Recherche Agronomique, Zoologie Forestière, Centre de recherche d’Orléans;pp;"";""
10.5281/zenodo.6382216;CULS;Czech University of Life Sciences Prague;"Association for Nature Conservation ""Baltijos vilkas""";p;"";""
10.5281/zenodo.10680436;CULS;Czech University of Life Sciences Prague;AZTI, Marine Research, Basque and Technology Alliance (BRTA);p;"";""
10.5281/zenodo.16963740;FGÚ;Institute of Physiology;Institute of Biotechnology, Czech Academy of Sciences, Vestec, Czechia;p;"";""
10.48580/dgtg4;PELC;P.E.L.C. - Private Entomological Laboratory and Collection;"Faculty of Sciences; Departamento de Biología Animal, University of Málaga";pp;p;""
10.6084/m9.figshare.c.6050776.v1;University Hospital Brno;University Hospital Brno;Masaryk University;p;"";""
10.15468/m97sd2;PELC;P.E.L.C. - Private Entomological Laboratory and Collection;;pp;"";""
10.48580/dgtg4;PELC;P.E.L.C. - Private Entomological Laboratory and Collection;;pp;"";""
10.5281/zenodo.16736781;ČVUT;Czech Technical University in Prague;University of Chemistry and Technology;p;"";""
10.15468/m97sd2;PELC;P.E.L.C. - Private Entomological Laboratory and Collection;;pp;"";""
10.6084/m9.figshare.c.7206675.v1;CULS;Czech University of Life Sciences Prague;Charles University;p;"";""
10.6084/m9.figshare.c.6926742.v1;FNUSA;St. Anne´s University Hospital;"Cluster of Excellence ""Science of Intelligence""";p;"";""
10.5281/zenodo.15681034;CULS;Czech University of Life Sciences Prague;University of Turin;p;"";""
10.48580/dgt98;PELC;P.E.L.C. - Private Entomological Laboratory and Collection;;pp;"";""
10.15468/m97sd2;PELC;P.E.L.C. - Private Entomological Laboratory and Collection;Natural History Museum;pp;"";""
10.5281/zenodo.7764002;Palacký University, Olomouc;Palacký University, Olomouc;Albert Einstein College of Medicine, New York;p;"";""
10.6084/m9.figshare.20035649.v1;IEB;Institute of Experimental Botany;Rothamsted Research;p;"";""
10.6084/m9.figshare.20035637.v1;IEB;Institute of Experimental Botany;Rothamsted Research;p;"";""
10.15468/m97sd2;PELC;P.E.L.C. - Private Entomological Laboratory and Collection;;pp;"";""
10.48580/dgs4f;PELC;P.E.L.C. - Private Entomological Laboratory and Collection;;pp;"";""
10.6084/m9.figshare.c.7392838.v1;University Hospital Brno;University Hospital Brno;;p;"";""
10.48580/dgtg4;PELC;P.E.L.C. - Private Entomological Laboratory and Collection;;pp;"";""
10.15468/m97sd2;PELC;P.E.L.C. - Private Entomological Laboratory and Collection;;pp;"";""
10.48580/dgsv8;PELC;P.E.L.C. - Private Entomological Laboratory and Collection;;pp;"";""
10.48580/dgsv8;PELC;P.E.L.C. - Private Entomological Laboratory and Collection;;pp;"";""
10.15468/m97sd2;PELC;P.E.L.C. - Private Entomological Laboratory and Collection;Natural History Museum;pp;"";""
10.48580/dgsv8;PELC;P.E.L.C. - Private Entomological Laboratory and Collection;Natural History Museum;pp;"";""
10.6084/m9.figshare.c.6770757.v1;VFU;University of Veterinary and Pharmaceutical Sciences;Mendel University in Brno;p;"";""
10.5281/zenodo.10572480;CULS;Czech University of Life Sciences Prague;;p;"";""
10.18419/darus-4117/14;CULS;Czech University of Life Sciences Prague;Czech University of Life Sciences;p;"";""
10.5281/zenodo.14019130;CULS;Czech University of Life Sciences Prague;National Research Council;p;"";""
10.6084/m9.figshare.c.7880704.v1;VFN;General University Hospital in Prague;Lund University;pp;"";""
10.6084/m9.figshare.c.6958017.v1;CEITEC MU;Central European Institute of Technology – Masaryk University;Masaryk University;p;"";""
10.6084/m9.figshare.c.6714654.v1;CULS;Czech University of Life Sciences Prague;Mendel University in Brno;p;"";""
10.6084/m9.figshare.c.6218354.v2;University Hospital in Motol;University Hospital in Motol;University of Lausanne;p;"";""
10.48580/dgs4f;PELC;P.E.L.C. - Private Entomological Laboratory and Collection;Biologiezentrum, Oberösterreichisches Landesmuseum;pp;"";""
10.5281/zenodo.6382216;CULS;Czech University of Life Sciences Prague;University of Ljubljana;p;"";""
10.6084/m9.figshare.c.6787807.v1;University Hospital Olomouc;University Hospital Olomouc;German Cancer Research Center;p;"";""
10.48580/dgt98;PELC;P.E.L.C. - Private Entomological Laboratory and Collection;;pp;"";""
10.5281/zenodo.10888833;Palacký University, Olomouc;Palacký University, Olomouc;;p;"";""
10.5281/zenodo.7568260;Silesian University in Opava;Silesian University in Opava;Silesian University;p;"";""
10.6084/m9.figshare.c.7178144.v1;VFN;General University Hospital in Prague;Institute of Clinical and Experimental Medicine;pp;p;""
10.6084/m9.figshare.c.6804718.v1;CEITEC MU;Central European Institute of Technology – Masaryk University;Masaryk University;p;"";""
10.48580/dgsv8;PELC;P.E.L.C. - Private Entomological Laboratory and Collection;;pp;"";""
10.48580/dgtg4;PELC;P.E.L.C. - Private Entomological Laboratory and Collection;;pp;"";""
10.6084/m9.figshare.c.6588328.v1;University Hospital Brno;University Hospital Brno;Brno University of Technology;p;"";""
10.48580/dgsv8;PELC;P.E.L.C. - Private Entomological Laboratory and Collection;Departamento de Biología, Universidad de Sucre;pp;p;""
10.6084/m9.figshare.19470467.v1;CEITEC ;Central European Institute of Technology;Center For Biomarker Research In Medicine;p;"";""
10.6084/m9.figshare.c.6683881.v1;FNUSA-ICRC;International Clinical Research Center of St. Anne's University Hospital Brno;Masaryk University;p;"";""
10.6084/m9.figshare.c.6926742.v1;FNUSA-ICRC;International Clinical Research Center of St. Anne's University Hospital Brno;University of Ljubljana;p;"";""
10.6084/m9.figshare.c.5399421.v1;CULS;Czech University of Life Sciences Prague;Nanjing Forestry University;p;"";""
10.6084/m9.figshare.c.6596467.v1;IKEM;Institute of Clinical and Experimental Medicine;;p;"";""
10.6084/m9.figshare.c.7591303.v1;VFU;University of Veterinary and Pharmaceutical Sciences;Korea University;p;"";""
10.5281/zenodo.10680436;CULS;Czech University of Life Sciences Prague;3edata ingenieria ambiental;p;"";""
10.6084/m9.figshare.c.6872952.v1;Institute of Parasitology;Institute of Parasitology;Charles University;p;"";""
10.6084/m9.figshare.c.7940448.v1;CULS;Czech University of Life Sciences Prague;Masaryk University;p;"";""
10.6084/m9.figshare.c.7323343.v1;University Hospital Brno;University Hospital Brno;Semmelweis University;p;"";""
10.6084/m9.figshare.c.7057817.v1;Palacký University, Olomouc;Palacký University, Olomouc;Universität Hamburg;p;"";""
10.48580/dgtg4;PELC;P.E.L.C. - Private Entomological Laboratory and Collection;;pp;"";""
10.48580/dgt98;PELC;P.E.L.C. - Private Entomological Laboratory and Collection;;pp;"";""
10.5281/zenodo.15137976;CRI;Crop Research Institute;Rudolfstetten, Switzerland;p;"";""
10.57760/sciencedb.07380;FZU;Institute of Physics;Science Island Branch of Graduate School, University of Science and Technology of China, Hefei, Anhui 230026, China;p;"";""
10.48580/dgtg4;PELC;P.E.L.C. - Private Entomological Laboratory and Collection;;pp;"";""
10.5281/zenodo.8245750;CRI;Crop Research Institute;Agricultural Institute of Slovenia, Ljubljana, Slovenia;p;"";""
10.48580/dgtg4;PELC;P.E.L.C. - Private Entomological Laboratory and Collection;Australian National Botanic Gardens;pp;"";""
10.48580/dgs4f;PELC;P.E.L.C. - Private Entomological Laboratory and Collection;Universidad de Antioquia;pp;"";""
10.48580/dgtg4;PELC;P.E.L.C. - Private Entomological Laboratory and Collection;Université de Reims;pp;"";""
10.6084/m9.figshare.c.6690909.v1;University Hospital in Motol;University Hospital in Motol;Charles University;p;"";""
10.5281/zenodo.7194756;IKEM;Institute of Clinical and Experimental Medicine;Diakonessenhuis, Utrecht;p;"";""
10.6084/m9.figshare.c.5931041.v1;CULS;Czech University of Life Sciences Prague;Nazarbayev University;p;"";""
10.18419/darus-4117/10;CULS;Czech University of Life Sciences Prague;University of Novi Sad;p;"";""
10.15468/m97sd2;PELC;P.E.L.C. - Private Entomological Laboratory and Collection;;pp;"";""
10.6084/m9.figshare.c.6596467.v1;IKEM;Institute of Clinical and Experimental Medicine;Medical University of Vienna;p;"";""
10.5281/zenodo.16942982;VFN;General University Hospital in Prague;Department of Biomedicine, DBM Bioinformatics Core Facility, University of Basel, Switzerland;pp;p;""
10.6084/m9.figshare.c.6787807.v1;Palacký University, Olomouc;Palacký University, Olomouc;Lithuanian University of Health Sciences;p;"";""
10.48580/dgs4f;PELC;P.E.L.C. - Private Entomological Laboratory and Collection;GBIF;pp;"";""
10.6084/m9.figshare.c.6690909.v1;VFN;General University Hospital in Prague;Charles University;pp;"";""
10.14473/csda/9alxny/hi39z0;Institute of Philosophy;Institute of Philosophy;(International Center for Defense and Security, Tallinn, Estonia);pp;"";""
10.48580/dgsv8;PELC;P.E.L.C. - Private Entomological Laboratory and Collection;;pp;"";""
10.6084/m9.figshare.c.7976865.v1;University Hospital Hradec Králové;University Hospital Hradec Králové;Charles University;p;"";""
10.6084/m9.figshare.c.7953063.v1;FNUSA-ICRC;International Clinical Research Center of St. Anne's University Hospital Brno;;p;"";""
10.5281/zenodo.6037503;J. Heyrovsky Institute of Physical Chemistry;J. Heyrovsky Institute of Physical Chemistry;University of Bern;p;"";""
10.48580/dgtg4;PELC;P.E.L.C. - Private Entomological Laboratory and Collection;Royal Botanic Garden Edinburgh;pp;"";""
10.6084/m9.figshare.19518443.v1;CULS;Czech University of Life Sciences Prague;University of Helsinki;p;"";""
10.15468/m97sd2;PELC;P.E.L.C. - Private Entomological Laboratory and Collection;;pp;"";""
10.15468/m97sd2;PELC;P.E.L.C. - Private Entomological Laboratory and Collection;;pp;"";""
10.6084/m9.figshare.c.7372004.v1;FNUSA-ICRC;International Clinical Research Center of St. Anne's University Hospital Brno;Masaryk University;p;"";""
10.6084/m9.figshare.c.6629419.v1;University Hospital in Motol;University Hospital in Motol;;p;"";""
10.48580/dgsv8;PELC;P.E.L.C. - Private Entomological Laboratory and Collection;;pp;"";""
10.48580/dgt98;PELC;P.E.L.C. - Private Entomological Laboratory and Collection;Charles Darwin University;pp;"";""
10.18419/darus-4117/10;ČVUT;Czech Technical University in Prague;Czech University of Life Sciences;p;"";""
10.5281/zenodo.15154499;University Hospital Hradec Králové;University Hospital Hradec Králové;;p;"";""
10.5281/zenodo.7415164;CRI;Crop Research Institute;University of Hohenheim;p;"";""
10.6084/m9.figshare.c.6917421.v1;CULS;Czech University of Life Sciences Prague;University of Osijek;p;"";""
10.5281/zenodo.15138016;CRI;Crop Research Institute;Rudolfstetten, Switzerland;p;"";""
10.48580/dgtg4;PELC;P.E.L.C. - Private Entomological Laboratory and Collection;;pp;"";""
10.6084/m9.figshare.c.6804718.v1;CEITEC MU;Central European Institute of Technology – Masaryk University;Masaryk University;p;"";""
10.14473/csda/nyxqpt/o1kp75;Institute of Philosophy;Institute of Philosophy;(Tel-Hai College, University of Haifa);pp;"";""
10.5285/3b077711-f183-42f1-bac6-c892922c81f4;CULS;Czech University of Life Sciences Prague;Gdansk University of Technology;p;"";""
10.6084/m9.figshare.19470467.v1;CEITEC ;Central European Institute of Technology;University of Veterinary Medicine Vienna;p;"";""
10.48580/dgt98;PELC;P.E.L.C. - Private Entomological Laboratory and Collection;;pp;"";""
10.6084/m9.figshare.c.7828330.v1;CEITEC MU;Central European Institute of Technology – Masaryk University;;p;"";""
10.14278/rodare.1330;NPI;Nuclear Physics Institute;;p;"";""
10.15468/m97sd2;PELC;P.E.L.C. - Private Entomological Laboratory and Collection;;pp;"";""
10.48580/dgs4f;PELC;P.E.L.C. - Private Entomological Laboratory and Collection;Bishop Museum;pp;p;""
10.6084/m9.figshare.c.7149681.v1;VSE;University of Economics Prague;University of Nantes;p;"";""
10.5281/zenodo.5801249;CULS;Czech University of Life Sciences Prague;Czech University of Life Sciences;p;"";""
10.5281/zenodo.16984360;CRI;Crop Research Institute;Julius Kühn-Institut;p;"";""
10.48580/dgs4f;PELC;P.E.L.C. - Private Entomological Laboratory and Collection;Centre for Ecology, Evolution and Environmental Changes (cE3c)/Azorean Biodiversity Group, CHANGE – Global Change and Sustainability Institute;pp;p;""
10.6084/m9.figshare.c.6580484.v1;CULS;Czech University of Life Sciences Prague;;p;"";""
10.6084/m9.figshare.c.6728458.v1;University Hospital Brno;University Hospital Brno;Masaryk University;p;"";""
10.18419/darus-4117/15;ČVUT;Czech Technical University in Prague;Czech University of Life Sciences;p;"";""
10.6084/m9.figshare.c.7307956.v1;Fakultní Nemocnice Plzeň;Fakultní Nemocnice Plzeň;Charles University;p;"";""
10.6084/m9.figshare.c.7358677.v1;Palacký University, Olomouc;Palacký University, Olomouc;University of Bonn;p;"";""
10.48580/dgtg4;PELC;P.E.L.C. - Private Entomological Laboratory and Collection;;pp;"";""
10.48580/dgtg4;PELC;P.E.L.C. - Private Entomological Laboratory and Collection;Laboratory Biodiversity and Ecosysteme Functioning, University of Metz;pp;"";""
10.5281/zenodo.5801249;CULS;Czech University of Life Sciences Prague;UFZ;p;"";""
10.6084/m9.figshare.c.6851848.v1;Palacký University, Olomouc;Palacký University, Olomouc;Charles University;p;"";""
10.48580/dgs4f;PELC;P.E.L.C. - Private Entomological Laboratory and Collection;;pp;"";""
10.15468/zt8g2r;CULS;Czech University of Life Sciences Prague;Czech University of Life Sciences;p;"";""
10.5281/zenodo.15138012;CRI;Crop Research Institute;Rudolfstetten, Switzerland;p;"";""
10.15468/m97sd2;PELC;P.E.L.C. - Private Entomological Laboratory and Collection;;pp;"";""
10.48580/dgs4f;PELC;P.E.L.C. - Private Entomological Laboratory and Collection;;pp;"";""
10.6084/m9.figshare.c.6596467.v1;IKEM;Institute of Clinical and Experimental Medicine;Medical University of Vienna;p;"";""
10.6084/m9.figshare.c.7079010.v1;VFN;General University Hospital in Prague;Institute of Molecular Genetics;pp;"";""
10.5281/zenodo.10680436;Jan Evangelista Purkyně University in Ústí nad Labem;Jan Evangelista Purkyně University in Ústí nad Labem;German Centre for Integrative Biodiversity Research (iDiv);p;"";""
10.5281/zenodo.15138010;CRI;Crop Research Institute;Rudolfstetten, Switzerland;p;"";""
10.48580/dgt98;PELC;P.E.L.C. - Private Entomological Laboratory and Collection;;pp;"";""
10.48580/dgs4f;PELC;P.E.L.C. - Private Entomological Laboratory and Collection;;pp;"";""
10.5285/3b077711-f183-42f1-bac6-c892922c81f4;CULS;Czech University of Life Sciences Prague;UK Centre for Ecology & Hydrology;p;"";""
10.5281/zenodo.5801249;CULS;Czech University of Life Sciences Prague;UFZ;p;"";""
10.5281/zenodo.14882506;CULS;Czech University of Life Sciences Prague;Mendel University in Brno;p;"";""
10.48580/dgtg4;PELC;P.E.L.C. - Private Entomological Laboratory and Collection;;pp;"";""
10.6084/m9.figshare.c.7649648.v1;CEITEC MU;Central European Institute of Technology – Masaryk University;Masaryk University;p;"";""
10.6084/m9.figshare.c.6903195.v1;University Hospital in Motol;University Hospital in Motol;;p;"";""
10.48580/dgs4f;PELC;P.E.L.C. - Private Entomological Laboratory and Collection;National Centre for Advanced Bio-Protection Technologies;pp;p;""
10.6084/m9.figshare.c.7649648.v1;FNUSA-ICRC;International Clinical Research Center of St. Anne's University Hospital Brno;Masaryk University;p;"";""
10.57770/0vwdx3;IKEM;Institute of Clinical and Experimental Medicine;(Institute of Clinical Medicine);p;"";""
10.5281/zenodo.15681034;CULS;Czech University of Life Sciences Prague;Ilia State University;p;"";""
10.48580/dgt98;PELC;P.E.L.C. - Private Entomological Laboratory and Collection;Natural History Museum of Denmark, University of Copenhagen;pp;p;""
10.48580/dgs4f;PELC;P.E.L.C. - Private Entomological Laboratory and Collection;Forest Research Institute - Bulgarian Academy of Sciences;pp;"";""
10.6084/m9.figshare.c.7828330.v1;CEITEC MU;Central European Institute of Technology – Masaryk University;;p;"";""
10.57745/uj1pio;VŠÚO;Research and Breeding Institute of Pomology Holovousy;(INRAE, IRHS);p;"";""
10.5281/zenodo.15681034;CULS;Czech University of Life Sciences Prague;Yerevan State University;p;"";""
10.6084/m9.figshare.c.7953063.v1;FNUSA;St. Anne´s University Hospital;University of Coimbra;p;"";""
10.6084/m9.figshare.c.6650182.v1;FNUSA-ICRC;International Clinical Research Center of St. Anne's University Hospital Brno;Aarhus University;p;"";""
10.6084/m9.figshare.c.6778873.v1;Palacký University, Olomouc;Palacký University, Olomouc;National Academy of Sciences of Armenia;p;"";""
10.5281/zenodo.4453185;ARUP;Institute of Archaeology of the Czech Academy of Sciences, Prague;Institute of Archaeology, University of South Bohemia in České Budějovice;p;"";""
10.6084/m9.figshare.c.6581221.v1;University Hospital in Motol;University Hospital in Motol;Charles University;p;"";""
10.15468/m97sd2;PELC;P.E.L.C. - Private Entomological Laboratory and Collection;;pp;"";""
10.5281/zenodo.5139523;ČVUT;Czech Technical University in Prague;Scientific Knowledge Services;p;"";""
10.6084/m9.figshare.c.7316543.v1;University Hospital Brno;University Hospital Brno;Masaryk University;p;"";""
10.5281/zenodo.10680436;CULS;Czech University of Life Sciences Prague;Aarhus University;p;"";""
10.48580/dgt98;PELC;P.E.L.C. - Private Entomological Laboratory and Collection;;pp;"";""
10.5281/zenodo.7786270;IAP;Institute of Atmospheric Physics;ONERA/DPHY, Université de Toulouse, Toulouse, France;pp;p;""
10.15468/m97sd2;PELC;P.E.L.C. - Private Entomological Laboratory and Collection;;pp;"";""
10.48580/dgtg4;PELC;P.E.L.C. - Private Entomological Laboratory and Collection;;pp;"";""
10.6084/m9.figshare.c.6669738.v1;CULS;Czech University of Life Sciences Prague;University of Duisburg-Essen;p;"";""
10.6084/m9.figshare.c.7591224.v1;CULS;Czech University of Life Sciences Prague;University of California, Berkeley;p;"";""
10.5281/zenodo.14882506;Palacký University, Olomouc;Palacký University, Olomouc;Mendel University in Brno;p;"";""
10.15468/m97sd2;PELC;P.E.L.C. - Private Entomological Laboratory and Collection;;pp;"";""
10.48580/dgsv8;PELC;P.E.L.C. - Private Entomological Laboratory and Collection;Illinois Natural History Survey, University of Illinois;pp;"";""
10.6084/m9.figshare.c.6596467.v1;IKEM;Institute of Clinical and Experimental Medicine;University of Groningen;p;"";""
10.6084/m9.figshare.20035637.v1;Palacký University, Olomouc;Palacký University, Olomouc;Rothamsted Research;p;"";""
10.5281/zenodo.10680436;CULS;Czech University of Life Sciences Prague;Arctic Centre, Arhus University;p;"";""
10.48580/dgs4f;PELC;P.E.L.C. - Private Entomological Laboratory and Collection;;pp;"";""
10.48580/dgs4f;PELC;P.E.L.C. - Private Entomological Laboratory and Collection;Virginia Commonwealth University;pp;"";""
10.6084/m9.figshare.c.7040196.v1;Palacký University, Olomouc;Palacký University, Olomouc;University of Vienna;p;"";""
10.48580/dgt98;PELC;P.E.L.C. - Private Entomological Laboratory and Collection;;pp;"";""
10.5281/zenodo.4453185;ARUP;Institute of Archaeology of the Czech Academy of Sciences, Prague;Institute of Archaeology, University of South Bohemia in České Budějovice;p;"";""
10.6084/m9.figshare.c.6583742.v1;University Hospital Brno;University Hospital Brno;Hadassah Medical Center;p;"";""
10.6084/m9.figshare.c.6962539.v1;VFN;General University Hospital in Prague;Revmatologický Ústav;pp;"";""
10.48580/dgtg4;PELC;P.E.L.C. - Private Entomological Laboratory and Collection;Laboratory of Entomology and Zoology, DIVAPRA, University of Turin;pp;p;""
10.48580/dgtg4;PELC;P.E.L.C. - Private Entomological Laboratory and Collection;;pp;"";""
10.48580/dgs4f;PELC;P.E.L.C. - Private Entomological Laboratory and Collection;Zoological Museum, Natural History Museum of Denmark;pp;"";""
10.48580/dgt98;PELC;P.E.L.C. - Private Entomological Laboratory and Collection;;pp;"";""
10.6084/m9.figshare.c.6830133.v1;University Hospital Ostrava;University Hospital Ostrava;Nature Research Centre;p;"";""
10.6084/m9.figshare.c.6780806.v1;FNUSA;St. Anne´s University Hospital;Aix-Marseille University;p;"";""
10.15468/m97sd2;PELC;P.E.L.C. - Private Entomological Laboratory and Collection;;pp;"";""
10.48580/dgtg4;PELC;P.E.L.C. - Private Entomological Laboratory and Collection;Asociación Colombiana de Ornitología;pp;"";""
10.6084/m9.figshare.c.6957969.v1;Palacký University, Olomouc;Palacký University, Olomouc;University of Ostrava;p;"";""
10.6084/m9.figshare.c.6629419.v1;Hospital Jihlava;Hospital Jihlava;Masaryk University;p;"";""
10.6084/m9.figshare.c.7828330.v1;CEITEC MU;Central European Institute of Technology – Masaryk University;University of Vienna;p;"";""
10.48580/dgs4f;PELC;P.E.L.C. - Private Entomological Laboratory and Collection;;pp;"";""
10.48580/dgtg4;PELC;P.E.L.C. - Private Entomological Laboratory and Collection;;pp;"";""
10.48580/dgt98;PELC;P.E.L.C. - Private Entomological Laboratory and Collection;;pp;"";""
10.48580/dgtg4;PELC;P.E.L.C. - Private Entomological Laboratory and Collection;;pp;"";""
10.6084/m9.figshare.c.7185544.v1;VFN;General University Hospital in Prague;Czech Technical University in Prague;pp;p;""
10.6084/m9.figshare.c.7392838.v1;University Hospital Brno;University Hospital Brno;;p;"";""
10.14473/csda/nyxqpt/eolmcq;Institute of Philosophy;Institute of Philosophy;(Faculty of Communication, Vilnius University, Vilnius, Lithuania);pp;"";""
10.48580/dgtg4;PELC;P.E.L.C. - Private Entomological Laboratory and Collection;Universidad de Magallanes;pp;"";""
10.48580/dgtg4;PELC;P.E.L.C. - Private Entomological Laboratory and Collection;Université de Reims;pp;"";""
10.48580/dgs4f;PELC;P.E.L.C. - Private Entomological Laboratory and Collection;;pp;"";""
10.15468/t53vdw;Palacký University, Olomouc;Palacký University, Olomouc;University of Warsaw;p;"";""
10.48580/dgt98;PELC;P.E.L.C. - Private Entomological Laboratory and Collection;Australian National Botanic Gardens;pp;"";""
10.6084/m9.figshare.c.6787450.v1;CEITEC MU;Central European Institute of Technology – Masaryk University;Medical University of Vienna;p;"";""
10.5281/zenodo.10888833;Palacký University, Olomouc;Palacký University, Olomouc;;p;"";""
10.48580/dgt98;PELC;P.E.L.C. - Private Entomological Laboratory and Collection;Natural History Museum, Zoology, University of Oslo;pp;"";""
10.48580/dgs4f;PELC;P.E.L.C. - Private Entomological Laboratory and Collection;University of Ljubljana / Butterfly Conservation Europe (BCE);pp;p;""
10.48580/dgtg4;PELC;P.E.L.C. - Private Entomological Laboratory and Collection;Cornell University. Cornell Laboratory of Ornithology;pp;"";""
10.48580/dgs4f;PELC;P.E.L.C. - Private Entomological Laboratory and Collection;Museu de Zoologia da Universidade de São Paulo;pp;p;""
10.48580/dgt98;PELC;P.E.L.C. - Private Entomological Laboratory and Collection;;pp;"";""
10.6084/m9.figshare.c.6629419.v1;Hospital Jihlava;Hospital Jihlava;University of Ostrava;p;"";""
10.48580/dgtg4;PELC;P.E.L.C. - Private Entomological Laboratory and Collection;Zoological Institute RAS;pp;"";""
10.48580/dgt98;PELC;P.E.L.C. - Private Entomological Laboratory and Collection;;pp;"";""
10.6084/m9.figshare.c.6590218.v1;IKEM;Institute of Clinical and Experimental Medicine;;p;"";""
10.6084/m9.figshare.c.6711871.v1;Jan Evangelista Purkyně University in Ústí nad Labem;Jan Evangelista Purkyně University in Ústí nad Labem;Charles University;p;"";""
10.48580/dgs4f;PELC;P.E.L.C. - Private Entomological Laboratory and Collection;iNaturalist;pp;"";""
10.5281/zenodo.5711706;CULS;Czech University of Life Sciences Prague;University of Arizona;p;"";""
10.48580/dgtg4;PELC;P.E.L.C. - Private Entomological Laboratory and Collection;NIWA;pp;"";""
10.48580/dgt98;PELC;P.E.L.C. - Private Entomological Laboratory and Collection;Division of Invertebrate Zoology, American Museum of Natural History;pp;"";""
10.6084/m9.figshare.c.6585701.v1;Palacký University, Olomouc;Palacký University, Olomouc;Charles University;p;"";""
10.48580/dgsv8;PELC;P.E.L.C. - Private Entomological Laboratory and Collection;;pp;"";""
10.15468/m97sd2;PELC;P.E.L.C. - Private Entomological Laboratory and Collection;Nortern Arizona University;pp;"";""
10.5281/zenodo.17083924;CULS;Czech University of Life Sciences Prague;;p;"";""
10.5281/zenodo.11454277;CULS;Czech University of Life Sciences Prague;Vytautas Magnus University, Institute of Forest Biology and Silviculture, Lithuania;p;"";""
10.6084/m9.figshare.c.6218354.v2;University Hospital in Motol;University Hospital in Motol;Charles University;p;"";""
10.14278/rodare.1538;Institute of Pharmacology;Institute of Pharmacology;;p;"";""
10.48580/dgtg4;PELC;P.E.L.C. - Private Entomological Laboratory and Collection;;pp;"";""
10.6084/m9.figshare.c.7040196.v1;Palacký University, Olomouc;Palacký University, Olomouc;Celica (Slovenia);p;"";""
10.14473/csda/nyxqpt/eolmcq;Institute of Philosophy;Institute of Philosophy;(International Center for Defense and Security, Tallinn, Estonia);pp;"";""
10.5281/zenodo.10680436;Jan Evangelista Purkyně University in Ústí nad Labem;Jan Evangelista Purkyně University in Ústí nad Labem;Sensing Clues Foundation;p;"";""
10.6084/m9.figshare.c.6787450.v1;CEITEC ;Central European Institute of Technology;Queen's University Belfast;p;"";""
10.48580/dgs4f;PELC;P.E.L.C. - Private Entomological Laboratory and Collection;Laboratory of Entomology and Zoology, DIVAPRA, University of Turin;pp;p;""
10.14473/csda/nyxqpt/doo8cb;Institute of Philosophy;Institute of Philosophy;(Tel Aviv University);pp;"";""
10.48580/dgsv8;PELC;P.E.L.C. - Private Entomological Laboratory and Collection;FADA, Royal Belgian Institute of Natural Sciences (RBINS);pp;"";""
10.48580/dgtg4;PELC;P.E.L.C. - Private Entomological Laboratory and Collection;;pp;"";""
10.6084/m9.figshare.c.7563934.v1;Palacký University, Olomouc;Palacký University, Olomouc;Australian Catholic University;p;"";""
10.48580/dgtg4;PELC;P.E.L.C. - Private Entomological Laboratory and Collection;;pp;"";""
10.48580/dgt98;PELC;P.E.L.C. - Private Entomological Laboratory and Collection;;pp;"";""
10.48580/dgtg4;PELC;P.E.L.C. - Private Entomological Laboratory and Collection;Royal Botanic Gardens;pp;"";""
10.6084/m9.figshare.c.6765736.v1;VFN;General University Hospital in Prague;Charles University;pp;"";""
10.48580/dgtg4;PELC;P.E.L.C. - Private Entomological Laboratory and Collection;Agricultural Research Council;pp;"";""
10.5281/zenodo.14468499;ČVUT;Czech Technical University in Prague;Lancaster University, Lancaster Environment Centre, Lancaster, LA1 4YQ, UK;p;"";""
10.48580/dgs4f;PELC;P.E.L.C. - Private Entomological Laboratory and Collection;;pp;"";""
10.5281/zenodo.16894917;CULS;Czech University of Life Sciences Prague;Inagro vzw;p;"";""
10.48580/dgsv8;PELC;P.E.L.C. - Private Entomological Laboratory and Collection;;pp;"";""
10.15468/m97sd2;PELC;P.E.L.C. - Private Entomological Laboratory and Collection;American Museum of Natural History;pp;"";""
10.6084/m9.figshare.c.6792969.v1;University Hospital Brno;University Hospital Brno;Charles University;p;"";""
10.15468/m97sd2;PELC;P.E.L.C. - Private Entomological Laboratory and Collection;Museo de La Plata;pp;p;""
10.48580/dgs4f;PELC;P.E.L.C. - Private Entomological Laboratory and Collection;;pp;"";""
10.5281/zenodo.5742718;CULS;Czech University of Life Sciences Prague;MILCOM Co Ltd;p;"";""
10.6084/m9.figshare.c.6629419.v1;Hospital Jihlava;Hospital Jihlava;University of Ostrava;p;"";""
10.15468/t53vdw;Palacký University, Olomouc;Palacký University, Olomouc;Charles University;p;"";""
10.48580/dgsv8;PELC;P.E.L.C. - Private Entomological Laboratory and Collection;;pp;"";""
10.5281/zenodo.10888833;Palacký University, Olomouc;Palacký University, Olomouc;;p;"";""
10.48580/dgt98;PELC;P.E.L.C. - Private Entomological Laboratory and Collection;Missouri Botanical Garden;pp;"";""
10.48580/dgtg4;PELC;P.E.L.C. - Private Entomological Laboratory and Collection;Smithsonian Institution;pp;"";""
10.18419/darus-4117/8;CULS;Czech University of Life Sciences Prague;Coll Coll;p;"";""
10.48580/dgtg4;PELC;P.E.L.C. - Private Entomological Laboratory and Collection;;pp;"";""
10.5285/3b077711-f183-42f1-bac6-c892922c81f4;CULS;Czech University of Life Sciences Prague;Stellenbosch University;p;"";""
10.6084/m9.figshare.c.7953063.v1;FNUSA;St. Anne´s University Hospital;Humboldt-Universität zu Berlin;p;"";""
10.15468/m97sd2;PELC;P.E.L.C. - Private Entomological Laboratory and Collection;;pp;"";""
10.6084/m9.figshare.c.6830133.v1;CEITEC MU;Central European Institute of Technology – Masaryk University;University of Ostrava;p;"";""
10.6084/m9.figshare.c.6770757.v1;VFU;University of Veterinary and Pharmaceutical Sciences;Mendel University in Brno;p;"";""
10.5281/zenodo.16894917;CULS;Czech University of Life Sciences Prague;Trakia University;p;"";""
10.6084/m9.figshare.c.6787807.v1;University Hospital Olomouc;University Hospital Olomouc;Casa Sollievo della Sofferenza;p;"";""
10.6084/m9.figshare.c.6903195.v1;University Hospital in Motol;University Hospital in Motol;Medical University of Graz;p;"";""
10.5281/zenodo.4551727;SZU;National Institute of Public Health;Health Service Executive, Ireland;p;"";""
10.6084/m9.figshare.c.6728494.v1;CULS;Czech University of Life Sciences Prague;Masaryk University;p;"";""
10.5281/zenodo.8375552;CULS;Czech University of Life Sciences Prague;Teagasc;p;"";""
10.6084/m9.figshare.c.7732283.v1;FNUSA;St. Anne´s University Hospital;Masaryk University;p;"";""
10.6084/m9.figshare.c.6958017.v1;CEITEC ;Central European Institute of Technology;Masaryk University;p;"";""
10.48580/dgs4f;PELC;P.E.L.C. - Private Entomological Laboratory and Collection;Université de Reims;pp;"";""
10.6084/m9.figshare.c.6892116.v1;VFN;General University Hospital in Prague;Dalhousie University;pp;"";""
10.48580/dgt98;PELC;P.E.L.C. - Private Entomological Laboratory and Collection;;pp;"";""
10.6084/m9.figshare.c.6787807.v1;University Hospital Olomouc;University Hospital Olomouc;German Cancer Research Center;p;"";""
10.48580/dgtg4;PELC;P.E.L.C. - Private Entomological Laboratory and Collection;;pp;"";""
10.48580/dgtg4;PELC;P.E.L.C. - Private Entomological Laboratory and Collection;;pp;"";""
10.5281/zenodo.10888833;Palacký University, Olomouc;Palacký University, Olomouc;Universität Wien;p;"";""
10.6084/m9.figshare.c.7079010.v1;VFN;General University Hospital in Prague;;pp;"";""
10.18419/darus-4117;ČVUT;Czech Technical University in Prague;Coll Coll;p;"";""
10.5281/zenodo.17083924;CULS;Czech University of Life Sciences Prague;;p;"";""
10.6084/m9.figshare.c.6787408.v1;University Hospital Ostrava;University Hospital Ostrava;Czech Academy of Sciences;p;"";""
10.18419/darus-4117/6;ČVUT;Czech Technical University in Prague;Czech University of Life Sciences;p;"";""
10.5281/zenodo.11454277;CULS;Czech University of Life Sciences Prague;Hellenic Agricultural Organization DIMITRA, Vassilika, Greece;p;"";""
10.48580/dgtg4;PELC;P.E.L.C. - Private Entomological Laboratory and Collection;Biodiversity Research Center, Academia Sinica;pp;"";""
10.48580/dgs4f;PELC;P.E.L.C. - Private Entomological Laboratory and Collection;;pp;"";""
10.48580/dgt98;PELC;P.E.L.C. - Private Entomological Laboratory and Collection;;pp;"";""
10.6084/m9.figshare.c.6261502.v1;University Hospital Hradec Králové;University Hospital Hradec Králové;Lund University;p;"";""
10.6084/m9.figshare.c.6650182.v1;FNUSA;St. Anne´s University Hospital;Aarhus University;p;"";""
10.48580/dgs4f;PELC;P.E.L.C. - Private Entomological Laboratory and Collection;;pp;"";""
10.6084/m9.figshare.c.7185629.v1;IKEM;Institute of Clinical and Experimental Medicine;Charles University;p;"";""
10.48580/dgs4f;PELC;P.E.L.C. - Private Entomological Laboratory and Collection;;pp;"";""
10.6084/m9.figshare.c.7595338.v1;University Hospital Brno;University Hospital Brno;Mendel University in Brno;p;"";""
10.48580/dgs4f;PELC;P.E.L.C. - Private Entomological Laboratory and Collection;;pp;"";""
10.6084/m9.figshare.c.7953063.v1;FNUSA;St. Anne´s University Hospital;Humboldt-Universität zu Berlin;p;"";""
10.6084/m9.figshare.c.7828330.v1;CEITEC ;Central European Institute of Technology;KU Leuven;p;"";""
10.48580/dgsv8;PELC;P.E.L.C. - Private Entomological Laboratory and Collection;;pp;"";""
10.14278/rodare.1330;NPI;Nuclear Physics Institute;;p;"";""
10.48580/dgtg4;PELC;P.E.L.C. - Private Entomological Laboratory and Collection;;pp;"";""
10.5281/zenodo.6475798;ARUP;Institute of Archaeology of the Czech Academy of Sciences, Prague;Institute of Archaeology, Faculty of Arts, South Bohemian University in České Budějovice;p;"";""
10.48580/dgtg4;PELC;P.E.L.C. - Private Entomological Laboratory and Collection;Royal Belgian Institute of Natural Sciences;pp;"";""
10.6084/m9.figshare.c.6787807.v1;University Hospital Olomouc;University Hospital Olomouc;Heidelberg University;p;"";""
10.6084/m9.figshare.c.6870567.v1;University Hospital in Motol;University Hospital in Motol;University of Milan;p;"";""
10.5281/zenodo.6037503;J. Heyrovsky Institute of Physical Chemistry;J. Heyrovsky Institute of Physical Chemistry;University of Bern;p;"";""
10.6084/m9.figshare.c.6317439.v1;VSE;University of Economics Prague;GN Store Nord (Denmark);p;"";""
10.6084/m9.figshare.c.7038268.v1;University Hospital Brno;University Hospital Brno;Charles University;p;"";""
10.15468/m97sd2;PELC;P.E.L.C. - Private Entomological Laboratory and Collection;University of Illinois;pp;"";""
10.6084/m9.figshare.c.7149681.v1;VSE;University of Economics Prague;Charles University;p;"";""
10.15468/m97sd2;PELC;P.E.L.C. - Private Entomological Laboratory and Collection;;pp;"";""
10.5281/zenodo.10888833;Palacký University, Olomouc;Palacký University, Olomouc;Central Connecticut State University;p;"";""
10.5281/zenodo.14468499;ČVUT;Czech Technical University in Prague;;p;"";""
10.17632/y6f9ykp4dt;Palacký University, Olomouc;Palacký University, Olomouc;;p;"";""
10.6084/m9.figshare.c.7801480.v1;CEITEC MU;Central European Institute of Technology – Masaryk University;University of Veterinary Medicine Vienna;p;"";""
10.14473/csda/nyxqpt/eolmcq;Institute of Philosophy;Institute of Philosophy;(Tel Aviv University);pp;"";""
10.57745/uj1pio;VŠÚO;Research and Breeding Institute of Pomology Holovousy;(INRAE, IRHS);p;"";""
10.60534/46qra-6bw98;Center for Advanced Preclinical Imaging (CAPI);Center for Advanced Preclinical Imaging (CAPI);Heinrich Heine University, Biology;pp;"";""
10.14473/csda/wbooe4;Institute of Philosophy;Institute of Philosophy;(Tel Aviv University);pp;"";""
10.48580/dgtg4;PELC;P.E.L.C. - Private Entomological Laboratory and Collection;A Rocha Kenya;pp;"";""
10.6084/m9.figshare.c.6872952.v1;Institute of Parasitology;Institute of Parasitology;Charles University;p;"";""
10.15468/m97sd2;PELC;P.E.L.C. - Private Entomological Laboratory and Collection;;pp;"";""
10.48580/dgs4f;PELC;P.E.L.C. - Private Entomological Laboratory and Collection;;pp;"";""
10.5281/zenodo.15154499;University Hospital Hradec Králové;University Hospital Hradec Králové;;p;"";""
10.14278/rodare.2568;ČVUT;Czech Technical University in Prague;;p;"";""
10.6084/m9.figshare.c.6792969.v1;VFN;General University Hospital in Prague;;pp;"";""
10.5281/zenodo.10680436;Jan Evangelista Purkyně University in Ústí nad Labem;Jan Evangelista Purkyně University in Ústí nad Labem;Brockmann Geomatics Sweden AB;p;"";""
10.6084/m9.figshare.c.7232058.v1;VFN;General University Hospital in Prague;Charles University;pp;"";""
10.48580/dgtg4;PELC;P.E.L.C. - Private Entomological Laboratory and Collection;;pp;"";""
10.48580/dgt98;PELC;P.E.L.C. - Private Entomological Laboratory and Collection;;pp;"";""
10.48623/aperta.262992;CULS;Czech University of Life Sciences Prague;Ondokuz Mayis University;p;"";""
10.5281/zenodo.13897824;Palacký University, Olomouc;Palacký University, Olomouc;;p;"";""
10.6084/m9.figshare.c.6787450.v1;CEITEC ;Central European Institute of Technology;University of Veterinary Medicine Vienna;p;"";""
10.6084/m9.figshare.c.7801480.v1;CEITEC MU;Central European Institute of Technology – Masaryk University;Innsbruck Medical University;p;"";""
10.48580/dgsv8;PELC;P.E.L.C. - Private Entomological Laboratory and Collection;;pp;"";""
10.6084/m9.figshare.c.7185629.v1;IKEM;Institute of Clinical and Experimental Medicine;Czech Academy of Sciences;p;"";""
10.6084/m9.figshare.c.6585379.v1;University Hospital Brno;University Hospital Brno;University of Oslo;p;"";""
10.48580/dgsv8;PELC;P.E.L.C. - Private Entomological Laboratory and Collection;;pp;"";""
10.6084/m9.figshare.c.7798513.v1;ČVUT;Czech Technical University in Prague;Joint Research Centre;p;"";""
10.6084/m9.figshare.20035640.v1;Palacký University, Olomouc;Palacký University, Olomouc;Rothamsted Research;p;"";""
10.15454/knecms;VŠÚO;Research and Breeding Institute of Pomology Holovousy;(INRAE, IRHS);p;"";""
10.6084/m9.figshare.c.6319614.v1;IKEM;Institute of Clinical and Experimental Medicine;Charles University;p;"";""
10.5281/zenodo.17083924;CULS;Czech University of Life Sciences Prague;;p;"";""
10.48580/dgt98;PELC;P.E.L.C. - Private Entomological Laboratory and Collection;The Royal Botanic Gardens, Kew;pp;"";""
10.6084/m9.figshare.c.6787450.v1;CEITEC ;Central European Institute of Technology;Medical University of Vienna;p;"";""
10.6084/m9.figshare.c.7728409.v1;Jan Evangelista Purkyně University in Ústí nad Labem;Jan Evangelista Purkyně University in Ústí nad Labem;Istituto Giannina Gaslini;p;"";""
10.48580/dgsv8;PELC;P.E.L.C. - Private Entomological Laboratory and Collection;;pp;"";""
10.6084/m9.figshare.c.6787450.v1;CEITEC MU;Central European Institute of Technology – Masaryk University;Medical University of Graz;p;"";""
10.18419/darus-4117/7;ČVUT;Czech Technical University in Prague;Czech University of Life Sciences;p;"";""
10.6084/m9.figshare.c.7220407.v1;Palacký University, Olomouc;Palacký University, Olomouc;Institute of Biotechnology;p;"";""
10.48580/dgtg4;PELC;P.E.L.C. - Private Entomological Laboratory and Collection;;pp;"";""
10.48580/dgtg4;PELC;P.E.L.C. - Private Entomological Laboratory and Collection;USDA ARS, Cattle Fever Tick Research Laboratory;pp;"";""
10.48580/dgs4f;PELC;P.E.L.C. - Private Entomological Laboratory and Collection;;pp;"";""
10.48580/dgtg4;PELC;P.E.L.C. - Private Entomological Laboratory and Collection;;pp;"";""
10.6084/m9.figshare.c.7040196.v1;Palacký University, Olomouc;Palacký University, Olomouc;University of Catania;p;"";""
10.6084/m9.figshare.c.6261502.v1;University Hospital Hradec Králové;University Hospital Hradec Králové;Monash University;p;"";""
10.48580/dgtg4;PELC;P.E.L.C. - Private Entomological Laboratory and Collection;Universidad de Caldas;pp;"";""
10.48580/dgtg4;PELC;P.E.L.C. - Private Entomological Laboratory and Collection;INHS, University of Illinois;pp;"";""
10.6084/m9.figshare.c.7264690.v1;CEITEC MU;Central European Institute of Technology – Masaryk University;Czech Academy of Sciences;p;"";""
10.48580/dgtg4;PELC;P.E.L.C. - Private Entomological Laboratory and Collection;Universidad Nacional de Colombia;pp;"";""
10.6084/m9.figshare.c.6629419.v1;Hospital Jihlava;Hospital Jihlava;Krajská Zdravotní;p;"";""
10.48580/dgtg4;PELC;P.E.L.C. - Private Entomological Laboratory and Collection;;pp;"";""
10.48580/dgtg4;PELC;P.E.L.C. - Private Entomological Laboratory and Collection;Núcleo de Entomologia, Laboratório Agrícola da Madeira;pp;"";""
10.6084/m9.figshare.c.6787807.v1;University Hospital Olomouc;University Hospital Olomouc;Semmelweis University;p;"";""
10.18419/darus-4117/4;ČVUT;Czech Technical University in Prague;University of Novi Sad;p;"";""
10.48580/dgt98;PELC;P.E.L.C. - Private Entomological Laboratory and Collection;;pp;"";""
10.6084/m9.figshare.c.7953063.v1;FNUSA;St. Anne´s University Hospital;University of Turin;p;"";""
10.6084/m9.figshare.c.7040196.v1;FNUSA-ICRC;International Clinical Research Center of St. Anne's University Hospital Brno;University of Ljubljana;p;"";""
10.24355/dbbs.084-202105030818-0;CULS;Czech University of Life Sciences Prague;Institut für Geoökologie, Abt. Bodenkunde;p;"";""
10.6084/m9.figshare.c.6317120.v1;VFN;General University Hospital in Prague;Universität Innsbruck;pp;"";""
10.5281/zenodo.6622877;Palacký University, Olomouc;Palacký University, Olomouc;Comenius University;p;"";""
10.48580/dgsv8;PELC;P.E.L.C. - Private Entomological Laboratory and Collection;;pp;"";""
10.48580/dgt98;PELC;P.E.L.C. - Private Entomological Laboratory and Collection;;pp;"";""
10.5281/zenodo.10888833;Palacký University, Olomouc;Palacký University, Olomouc;;p;"";""
10.6084/m9.figshare.c.6926742.v1;FNUSA-ICRC;International Clinical Research Center of St. Anne's University Hospital Brno;University of Helsinki;p;"";""
10.48580/dgtg4;PELC;P.E.L.C. - Private Entomological Laboratory and Collection;Parque Natural da Madeira/CEM;pp;p;""
10.6084/m9.figshare.c.7823284.v1;Palacký University, Olomouc;Palacký University, Olomouc;;p;"";""
10.48580/dgtg4;PELC;P.E.L.C. - Private Entomological Laboratory and Collection;;pp;"";""
10.48580/dgtg4;PELC;P.E.L.C. - Private Entomological Laboratory and Collection;;pp;"";""
10.5281/zenodo.15137988;CRI;Crop Research Institute;Rudolfstetten, Switzerland;p;"";""
10.14473/csda/nyxqpt/eolmcq;Institute of Philosophy;Institute of Philosophy;(ResWell Research Collaboration, Tel Aviv University, Tel Aviv, Israel);pp;"";""
10.5281/zenodo.7002917;J. Heyrovsky Institute of Physical Chemistry;J. Heyrovsky Institute of Physical Chemistry;NCCR Catalysis, University of Bern;p;"";""
10.6084/m9.figshare.c.5923208.v1;CEITEC MU;Central European Institute of Technology – Masaryk University;Center For Biomarker Research In Medicine;p;"";""
10.15468/m97sd2;PELC;P.E.L.C. - Private Entomological Laboratory and Collection;;pp;"";""
10.5281/zenodo.4726030;NPI;Nuclear Physics Institute;Helmholtz Zentrum München, Institute of Radiation Medicine;p;"";""
10.48580/dgtg4;PELC;P.E.L.C. - Private Entomological Laboratory and Collection;;pp;"";""
10.6084/m9.figshare.c.6787807.v1;University Hospital Olomouc;University Hospital Olomouc;University of Verona;p;"";""
10.15468/m97sd2;PELC;P.E.L.C. - Private Entomological Laboratory and Collection;;pp;"";""
10.6084/m9.figshare.c.6103083.v1;University Hospital Brno;University Hospital Brno;Masaryk University;p;"";""
10.15468/m97sd2;PELC;P.E.L.C. - Private Entomological Laboratory and Collection;;pp;"";""
10.48580/dgs4f;PELC;P.E.L.C. - Private Entomological Laboratory and Collection;A Rocha Kenya;pp;"";""
10.6084/m9.figshare.c.6830133.v1;CEITEC ;Central European Institute of Technology;University of Alberta;p;"";""
10.6084/m9.figshare.c.6728458.v1;University Hospital Brno;University Hospital Brno;Masaryk University;p;"";""
10.18419/darus-4117;VŠUP;Academy of Arts, Architecture and Design in Prague;Universität Stuttgart;p;"";""
10.15468/m97sd2;PELC;P.E.L.C. - Private Entomological Laboratory and Collection;;pp;"";""
10.6084/m9.figshare.c.5923208.v1;CEITEC ;Central European Institute of Technology;University of Veterinary Medicine Vienna;p;"";""
10.5281/zenodo.15154495;University Hospital Hradec Králové;University Hospital Hradec Králové;;p;"";""
10.6084/m9.figshare.c.6198401.v1;University Hospital in Motol;University Hospital in Motol;Federal Almazov North-West Medical Research Centre;p;"";""
10.15468/m97sd2;PELC;P.E.L.C. - Private Entomological Laboratory and Collection;Muséum National d'Histoire Naturelle;pp;"";""
10.48580/dgsv8;PELC;P.E.L.C. - Private Entomological Laboratory and Collection;;pp;"";""
10.15468/m97sd2;PELC;P.E.L.C. - Private Entomological Laboratory and Collection;;pp;"";""
10.18419/darus-4117/15;CULS;Czech University of Life Sciences Prague;Universität Stuttgart;p;"";""
10.6084/m9.figshare.c.6629419.v1;University Hospital Hradec Králové;University Hospital Hradec Králové;;p;"";""
10.48580/dgs4f;PELC;P.E.L.C. - Private Entomological Laboratory and Collection;;pp;"";""
10.5281/zenodo.15154499;University Hospital Hradec Králové;University Hospital Hradec Králové;;p;"";""
10.48580/dgtg4;PELC;P.E.L.C. - Private Entomological Laboratory and Collection;The Royal Botanic Gardens, Kew;pp;"";""
10.6084/m9.figshare.c.7307920.v1;IKEM;Institute of Clinical and Experimental Medicine;University of Chemistry and Technology;p;"";""
10.48580/dgt98;PELC;P.E.L.C. - Private Entomological Laboratory and Collection;;pp;"";""
10.5281/zenodo.10888833;Palacký University, Olomouc;Palacký University, Olomouc;;p;"";""
10.48580/dgt98;PELC;P.E.L.C. - Private Entomological Laboratory and Collection;;pp;"";""
10.6084/m9.figshare.c.6806308.v1;Public Health Institute Ostrava;Public Health Institute Ostrava;University of Ostrava;p;"";""
10.15468/m97sd2;PELC;P.E.L.C. - Private Entomological Laboratory and Collection;;pp;"";""
10.6084/m9.figshare.19470467.v1;CEITEC MU;Central European Institute of Technology – Masaryk University;University of Veterinary Medicine Vienna;p;"";""
10.48580/dgtg4;PELC;P.E.L.C. - Private Entomological Laboratory and Collection;;pp;"";""
10.48580/dgt98;PELC;P.E.L.C. - Private Entomological Laboratory and Collection;Natural History Museum;pp;"";""
10.5281/zenodo.5711706;CULS;Czech University of Life Sciences Prague;Forest Research Institute;p;"";""
10.15468/m97sd2;PELC;P.E.L.C. - Private Entomological Laboratory and Collection;;pp;"";""
10.6084/m9.figshare.c.6853696.v1;CULS;Czech University of Life Sciences Prague;Czech Academy of Sciences;p;"";""
10.48580/dgtg4;PELC;P.E.L.C. - Private Entomological Laboratory and Collection;;pp;"";""
10.48580/dgs4f;PELC;P.E.L.C. - Private Entomological Laboratory and Collection;;pp;"";""
10.48580/dgt98;PELC;P.E.L.C. - Private Entomological Laboratory and Collection;;pp;"";""
10.48580/dgs4f;PELC;P.E.L.C. - Private Entomological Laboratory and Collection;USDA ARS, Cattle Fever Tick Research Laboratory;pp;"";""
10.6084/m9.figshare.19470467.v1;CEITEC MU;Central European Institute of Technology – Masaryk University;Medical University of Vienna;p;"";""
10.48580/dgs4f;PELC;P.E.L.C. - Private Entomological Laboratory and Collection;EIS Kenniscentrum insecten en andere ongewervelden;pp;"";""
10.48580/dgtg4;PELC;P.E.L.C. - Private Entomological Laboratory and Collection;Muséum National d’Histoire Naturelle, Département Ecologie et Gestion de la Biodiversité;pp;p;""
10.48580/dgt98;PELC;P.E.L.C. - Private Entomological Laboratory and Collection;;pp;"";""
10.6084/m9.figshare.c.7885117.v1;University Hospital Olomouc;University Hospital Olomouc;Helmholtz-Zentrum Dresden-Rossendorf;p;"";""
10.5281/zenodo.11454277;CULS;Czech University of Life Sciences Prague;Technical University in Zvolen, Faculty of Ecology and Environmental Sciences, Zvolen, Slovakia;p;"";""
10.6084/m9.figshare.c.7149681.v1;VSE;University of Economics Prague;Charles University;p;"";""
10.48580/dgtg4;PELC;P.E.L.C. - Private Entomological Laboratory and Collection;;pp;"";""
10.6084/m9.figshare.19518443.v1;CULS;Czech University of Life Sciences Prague;Institute of Botany;p;"";""
10.6084/m9.figshare.c.6830133.v1;CEITEC MU;Central European Institute of Technology – Masaryk University;University of Ostrava;p;"";""
10.48580/dgtg4;PELC;P.E.L.C. - Private Entomological Laboratory and Collection;;pp;"";""
10.6084/m9.figshare.c.6780806.v1;FNUSA;St. Anne´s University Hospital;Aix-Marseille University;p;"";""
10.6084/m9.figshare.20484741.v1;Biopticka Laborator (Czechia);Biopticka Laborator (Czechia);Charles University;p;"";""
10.5281/zenodo.17083924;CULS;Czech University of Life Sciences Prague;Wageningen University;p;"";""
10.6084/m9.figshare.c.7880704.v1;VFN;General University Hospital in Prague;Skåne University Hospital;pp;p;""
10.5281/zenodo.10680436;CULS;Czech University of Life Sciences Prague;Water Research Institute (CNR-IRSA), National Research Council;p;"";""
10.6084/m9.figshare.c.6851848.v1;VFN;General University Hospital in Prague;Eunice Kennedy Shriver National Institute of Child Health and Human Development;pp;p;""
10.6084/m9.figshare.c.7953063.v1;FNUSA;St. Anne´s University Hospital;Humboldt-Universität zu Berlin;p;"";""
10.6084/m9.figshare.c.7704113.v1;University Hospital Brno;University Hospital Brno;Masaryk University;p;"";""
10.6084/m9.figshare.c.7801480.v1;CEITEC ;Central European Institute of Technology;University of Cambridge;p;"";""
10.48580/dgt98;PELC;P.E.L.C. - Private Entomological Laboratory and Collection;;pp;"";""
10.6084/m9.figshare.c.6830133.v1;CEITEC ;Central European Institute of Technology;Czech Academy of Sciences;p;"";""
10.6084/m9.figshare.c.7801480.v1;CEITEC MU;Central European Institute of Technology – Masaryk University;Medical University of Vienna;p;"";""
10.18419/darus-4117/9;CULS;Czech University of Life Sciences Prague;Czech University of Life Sciences;p;"";""
10.6084/m9.figshare.c.5449871.v1;University Hospital Brno;University Hospital Brno;;p;"";""
10.48580/dgsv8;PELC;P.E.L.C. - Private Entomological Laboratory and Collection;;pp;"";""
10.5281/zenodo.5711706;CULS;Czech University of Life Sciences Prague;Technical University in Zvolen;p;"";""
10.6084/m9.figshare.c.6593980.v1;University Hospital Brno;University Hospital Brno;Charles University;p;"";""
10.48580/dgtg4;PELC;P.E.L.C. - Private Entomological Laboratory and Collection;;pp;"";""
10.6084/m9.figshare.c.6650182.v1;FNUSA-ICRC;International Clinical Research Center of St. Anne's University Hospital Brno;Masaryk University;p;"";""
10.48580/dgs4f;PELC;P.E.L.C. - Private Entomological Laboratory and Collection;Muséum National d’Histoire Naturelle, Département Ecologie et Gestion de la Biodiversité;pp;p;""
10.5285/3b077711-f183-42f1-bac6-c892922c81f4;CULS;Czech University of Life Sciences Prague;Tohoku University;p;"";""
10.6084/m9.figshare.c.7279053.v1;Palacký University, Olomouc;Palacký University, Olomouc;Charles University;p;"";""
10.6084/m9.figshare.c.6787450.v1;CEITEC ;Central European Institute of Technology;Medical University of Vienna;p;"";""
10.6084/m9.figshare.c.6926742.v1;FNUSA;St. Anne´s University Hospital;"Cluster of Excellence ""Science of Intelligence""";p;"";""
10.48580/dgsv8;PELC;P.E.L.C. - Private Entomological Laboratory and Collection;;pp;"";""
10.18419/darus-4117/11;CULS;Czech University of Life Sciences Prague;Czech University of Life Sciences;p;"";""
10.6084/m9.figshare.c.6629419.v1;University Hospital Hradec Králové;University Hospital Hradec Králové;;p;"";""
10.15468/m97sd2;PELC;P.E.L.C. - Private Entomological Laboratory and Collection;Natural History Museum;pp;"";""
10.5281/zenodo.14295543;VFN;General University Hospital in Prague;International Clinical Research Center, Faculty of Medicine, Masaryk University, Brno, Czech Republic.;pp;p;""
10.48580/dgt98;PELC;P.E.L.C. - Private Entomological Laboratory and Collection;;pp;"";""
10.6084/m9.figshare.c.7563934.v1;Palacký University, Olomouc;Palacký University, Olomouc;Australian Catholic University;p;"";""
10.48580/dgs4f;PELC;P.E.L.C. - Private Entomological Laboratory and Collection;CONABIO;pp;"";""
10.48580/dgtg4;PELC;P.E.L.C. - Private Entomological Laboratory and Collection;;pp;"";""
10.5281/zenodo.17083924;CULS;Czech University of Life Sciences Prague;University of Sassari;p;"";""
10.5281/zenodo.5711706;CULS;Czech University of Life Sciences Prague;Mendel University;p;"";""
10.6084/m9.figshare.20341680.v1;University Hospital Brno;University Hospital Brno;Masaryk University;p;"";""
10.6084/m9.figshare.c.7649648.v1;CEITEC MU;Central European Institute of Technology – Masaryk University;Masaryk Memorial Cancer Institute;p;"";""
10.15468/m97sd2;PELC;P.E.L.C. - Private Entomological Laboratory and Collection;Rutgers University;pp;"";""
10.48580/dgsv8;PELC;P.E.L.C. - Private Entomological Laboratory and Collection;;pp;"";""
10.6084/m9.figshare.c.7953063.v1;FNUSA;St. Anne´s University Hospital;Humboldt-Universität zu Berlin;p;"";""
10.6084/m9.figshare.c.7358677.v1;ÚKZÚZ;Central Institute for Supervising and Testing in Agriculture;University of Bonn;p;"";""
10.6084/m9.figshare.c.7953063.v1;FNUSA-ICRC;International Clinical Research Center of St. Anne's University Hospital Brno;Cleveland Clinic;p;"";""
10.6084/m9.figshare.c.6089047.v1;CULS;Czech University of Life Sciences Prague;Kansas State University;p;"";""
10.18419/darus-4117/5;ČVUT;Czech Technical University in Prague;Coll Coll;p;"";""
10.6084/m9.figshare.c.6770757.v1;Palacký University, Olomouc;Palacký University, Olomouc;Mendel University in Brno;p;"";""
10.48580/dgt98;PELC;P.E.L.C. - Private Entomological Laboratory and Collection;;pp;"";""
10.48580/dgs4f;PELC;P.E.L.C. - Private Entomological Laboratory and Collection;;pp;"";""
10.5281/zenodo.15154495;University Hospital Hradec Králové;University Hospital Hradec Králové;;p;"";""
10.48580/dgs4f;PELC;P.E.L.C. - Private Entomological Laboratory and Collection;Jardim Botânico, Museu Nacional de História Natural, Universidade de Lisboa;pp;"";""
10.5281/zenodo.15154492;University Hospital Hradec Králové;University Hospital Hradec Králové;;p;"";""
10.48580/dgs4f;PELC;P.E.L.C. - Private Entomological Laboratory and Collection;National Biodiversity Centre;pp;"";""
10.15468/m97sd2;PELC;P.E.L.C. - Private Entomological Laboratory and Collection;;pp;"";""
10.48580/dgs4f;PELC;P.E.L.C. - Private Entomological Laboratory and Collection;BrachNet;pp;"";""
10.6084/m9.figshare.c.5923208.v1;CEITEC MU;Central European Institute of Technology – Masaryk University;Medical University of Vienna;p;"";""
10.48580/dgs4f;PELC;P.E.L.C. - Private Entomological Laboratory and Collection;Systematic Entomology Laboratory, Agricultural Research Service, USDA c/o National Museum of Natural History, Smithsonian Institution;pp;"";""
10.6084/m9.figshare.c.7615430.v1;VFN;General University Hospital in Prague;Autonomous University of Barcelona;pp;"";""
10.6084/m9.figshare.c.6787807.v1;Palacký University, Olomouc;Palacký University, Olomouc;Humanitas University;p;"";""
10.5281/zenodo.17083924;CULS;Czech University of Life Sciences Prague;Yerevan State University;p;"";""
10.5281/zenodo.5711706;CULS;Czech University of Life Sciences Prague;Wageningen University and Research;p;"";""
10.6084/m9.figshare.c.6103083.v1;University Hospital Brno;University Hospital Brno;;p;"";""
10.5281/zenodo.16527416;ČVUT;Czech Technical University in Prague;University of Chemistry and Technology;p;"";""
10.6084/m9.figshare.c.6792969.v1;University Hospital Brno;University Hospital Brno;Charles University;p;"";""
10.48580/dgs4f;PELC;P.E.L.C. - Private Entomological Laboratory and Collection;;pp;"";""
10.15468/zt8g2r;CULS;Czech University of Life Sciences Prague;US Forest Service;p;"";""
10.48580/dgtg4;PELC;P.E.L.C. - Private Entomological Laboratory and Collection;Zoological Institute RAS;pp;"";""
10.5281/zenodo.15175619;Palacký University, Olomouc;Palacký University, Olomouc;Instituto de Biología, Universidad Nacional Autónoma de México, Mexico City, Mexico;p;"";""
10.5281/zenodo.15154492;University Hospital Hradec Králové;University Hospital Hradec Králové;;p;"";""
10.5281/zenodo.10680436;Jan Evangelista Purkyně University in Ústí nad Labem;Jan Evangelista Purkyně University in Ústí nad Labem;CCMAR, University of the Algarve;p;"";""
10.6084/m9.figshare.c.7221971.v1;Jan Evangelista Purkyně University in Ústí nad Labem;Jan Evangelista Purkyně University in Ústí nad Labem;Institute of Biotechnology;p;"";""
10.6084/m9.figshare.c.7206675.v1;VFU;University of Veterinary and Pharmaceutical Sciences;Charles University;p;"";""
10.15468/m97sd2;PELC;P.E.L.C. - Private Entomological Laboratory and Collection;;pp;"";""
10.48580/dgtg4;PELC;P.E.L.C. - Private Entomological Laboratory and Collection;;pp;"";""
10.6084/m9.figshare.c.5923208.v1;CEITEC ;Central European Institute of Technology;Medical University of Vienna;p;"";""
10.15468/m97sd2;PELC;P.E.L.C. - Private Entomological Laboratory and Collection;;pp;"";""
10.15468/m97sd2;PELC;P.E.L.C. - Private Entomological Laboratory and Collection;Norwegian University of Science & Technology;pp;"";""
10.6084/m9.figshare.c.7292241.v1;Palacký University, Olomouc;Palacký University, Olomouc;University of Veterinary Medicine in Košice;p;"";""
10.18419/darus-4117/9;ČVUT;Czech Technical University in Prague;University of Novi Sad;p;"";""
10.15468/m97sd2;PELC;P.E.L.C. - Private Entomological Laboratory and Collection;The Natural History Museum;pp;"";""
10.5061/dryad.xksn02vkr;VFU;University of Veterinary and Pharmaceutical Sciences;University of Oulu;p;"";""
10.15468/m97sd2;PELC;P.E.L.C. - Private Entomological Laboratory and Collection;National Museum of Natural History, Smithsonian Institution;pp;"";""
10.6084/m9.figshare.c.6225449.v1;Palacký University, Olomouc;Palacký University, Olomouc;Trinity College Dublin;p;"";""
10.6084/m9.figshare.c.6577006.v1;Jan Evangelista Purkyně University in Ústí nad Labem;Jan Evangelista Purkyně University in Ústí nad Labem;Autonomous University of Barcelona;p;"";""
10.5281/zenodo.10839047;RI;Research Centre for Toxic Compounds in the Environment;;p;"";""
10.6084/m9.figshare.c.6714654.v1;CULS;Czech University of Life Sciences Prague;Brno University of Technology;p;"";""
10.6084/m9.figshare.c.7040196.v1;FNUSA;St. Anne´s University Hospital;University of Catania;p;"";""
10.6084/m9.figshare.c.6673724.v4;CULS;Czech University of Life Sciences Prague;;p;"";""
10.5281/zenodo.10888833;Palacký University, Olomouc;Palacký University, Olomouc;;p;"";""
10.48580/dgsv8;PELC;P.E.L.C. - Private Entomological Laboratory and Collection;;pp;"";""
10.6084/m9.figshare.c.7760601.v1;CULS;Czech University of Life Sciences Prague;Royal Horticultural Society;p;"";""
10.48580/dgs4f;PELC;P.E.L.C. - Private Entomological Laboratory and Collection;The Natural History Museum;pp;"";""
10.6084/m9.figshare.c.7226433.v1;Palacký University, Olomouc;Palacký University, Olomouc;Nuclear Institute for Agriculture and Biology;p;"";""
10.5061/dryad.sbcc2frj9;CRI;Crop Research Institute;CSIR - Savanna Agricultural Research Institute;p;"";""
10.6084/m9.figshare.c.7153870.v1;University Hospital Olomouc;University Hospital Olomouc;Slovak Academy of Sciences;p;"";""
10.6084/m9.figshare.c.7206714.v1;University Hospital Hradec Králové;University Hospital Hradec Králové;Tel Aviv University;p;"";""
10.6084/m9.figshare.c.7563934.v1;Palacký University, Olomouc;Palacký University, Olomouc;Deakin University;p;"";""
10.6084/m9.figshare.19518437.v1;CULS;Czech University of Life Sciences Prague;Institute of Botany;p;"";""
10.6084/m9.figshare.c.6256842.v1;CULS;Czech University of Life Sciences Prague;Charles University;p;"";""
10.48580/dgtg4;PELC;P.E.L.C. - Private Entomological Laboratory and Collection;;pp;"";""
10.6084/m9.figshare.c.7595338.v1;VFU;University of Veterinary and Pharmaceutical Sciences;Brno University of Technology;p;"";""
10.48580/dgtg4;PELC;P.E.L.C. - Private Entomological Laboratory and Collection;;pp;"";""
10.6084/m9.figshare.c.7062853.v1;University Hospital Brno;University Hospital Brno;Masaryk University;p;"";""
10.48580/dgs4f;PELC;P.E.L.C. - Private Entomological Laboratory and Collection;Universidade dos Açores;pp;"";""
10.48580/dgsv8;PELC;P.E.L.C. - Private Entomological Laboratory and Collection;;pp;"";""
10.15468/m97sd2;PELC;P.E.L.C. - Private Entomological Laboratory and Collection;;pp;"";""
10.48580/dgsv8;PELC;P.E.L.C. - Private Entomological Laboratory and Collection;;pp;"";""
10.48580/dgt98;PELC;P.E.L.C. - Private Entomological Laboratory and Collection;;pp;"";""
10.6084/m9.figshare.c.7079010.v1;VFN;General University Hospital in Prague;Masaryk University;pp;"";""
10.48580/dgsv8;PELC;P.E.L.C. - Private Entomological Laboratory and Collection;División Entomología, Museo de La Plata;pp;p;""
10.6084/m9.figshare.c.6585701.v1;Palacký University, Olomouc;Palacký University, Olomouc;Charles University;p;"";""
10.6084/m9.figshare.c.7823284.v1;Palacký University, Olomouc;Palacký University, Olomouc;Arizona State University;p;"";""
10.15468/t53vdw;Palacký University, Olomouc;Palacký University, Olomouc;Ghent University;p;"";""
10.6084/m9.figshare.c.6581221.v1;University Hospital in Motol;University Hospital in Motol;Charles University;p;"";""
10.6084/m9.figshare.c.7040196.v1;FNUSA-ICRC;International Clinical Research Center of St. Anne's University Hospital Brno;University of Catania;p;"";""
10.48580/dgt98;PELC;P.E.L.C. - Private Entomological Laboratory and Collection;;pp;"";""
10.6084/m9.figshare.c.6765670.v1;CULS;Czech University of Life Sciences Prague;Masaryk University;p;"";""
10.6084/m9.figshare.c.7221971.v1;Jan Evangelista Purkyně University in Ústí nad Labem;Jan Evangelista Purkyně University in Ústí nad Labem;Institute of Biotechnology;p;"";""
10.6084/m9.figshare.c.7095033.v1;CRI;Crop Research Institute;University of Ljubljana;p;"";""
10.5281/zenodo.10888833;Palacký University, Olomouc;Palacký University, Olomouc;;p;"";""
10.6084/m9.figshare.c.6787408.v1;VFU;University of Veterinary and Pharmaceutical Sciences;Czech Academy of Sciences;p;"";""
10.6084/m9.figshare.c.6669738.v1;CULS;Czech University of Life Sciences Prague;University of Duisburg-Essen;p;"";""
10.6084/m9.figshare.19470467.v1;CEITEC ;Central European Institute of Technology;Medical University of Vienna;p;"";""
10.5281/zenodo.15866507;FZU;Institute of Physics;University of Cambridge;p;"";""
10.6084/m9.figshare.19586881.v1;ČVUT;Czech Technical University in Prague;Institute of Molecular Genetics;p;"";""
10.5281/zenodo.5711706;CULS;Czech University of Life Sciences Prague;University of Innsbruck;p;"";""
10.6084/m9.figshare.c.7095033.v1;CRI;Crop Research Institute;;p;"";""
10.6084/m9.figshare.c.6830133.v1;CEITEC MU;Central European Institute of Technology – Masaryk University;University of Ostrava;p;"";""
10.48580/dgt98;PELC;P.E.L.C. - Private Entomological Laboratory and Collection;;pp;"";""
10.5281/zenodo.15681034;CULS;Czech University of Life Sciences Prague;Mammal Research Institute;p;"";""
10.18419/darus-4117/15;ČVUT;Czech Technical University in Prague;Coll Coll;p;"";""
10.18419/darus-4117/10;ČVUT;Czech Technical University in Prague;Universität Stuttgart;p;"";""
10.48580/dgtg4;PELC;P.E.L.C. - Private Entomological Laboratory and Collection;Departamento de Zoologia, Universidade Federal do Rio de Janeiro;pp;p;""
10.48580/dgs4f;PELC;P.E.L.C. - Private Entomological Laboratory and Collection;Universidad del Valle;pp;"";""
10.7910/dvn/ikm7jh;Palacký University, Olomouc;Palacký University, Olomouc;University of Hradec Králové;p;"";""
10.6084/m9.figshare.c.6804718.v1;CEITEC ;Central European Institute of Technology;Masaryk University;p;"";""
10.48580/dgtg4;PELC;P.E.L.C. - Private Entomological Laboratory and Collection;Smithsonian Institution;pp;"";""
10.6084/m9.figshare.c.7196998.v1;Military University Hospital Prague;Military University Hospital Prague;University Hospital Hradec Králové;pp;p;""
10.5281/zenodo.8301796;University Hospital Brno;University Hospital Brno;CEITEC, Brno University of Technology;p;"";""
10.5281/zenodo.5711706;CULS;Czech University of Life Sciences Prague;Office National des Forêts;p;"";""
10.48580/dgtg4;PELC;P.E.L.C. - Private Entomological Laboratory and Collection;Université Paul Sabatier, Laboratoire Evolution & Diversité Biologique;pp;p;""
10.48580/dgtg4;PELC;P.E.L.C. - Private Entomological Laboratory and Collection;;pp;"";""
10.48580/dgtg4;PELC;P.E.L.C. - Private Entomological Laboratory and Collection;Global Biodiversity Information Facility;pp;"";""
10.48580/dgtg4;PELC;P.E.L.C. - Private Entomological Laboratory and Collection;;pp;"";""
10.48580/dgs4f;PELC;P.E.L.C. - Private Entomological Laboratory and Collection;Nortern Arizona University;pp;"";""
10.48580/dgs4f;PELC;P.E.L.C. - Private Entomological Laboratory and Collection;;pp;"";""
10.48580/dgt98;PELC;P.E.L.C. - Private Entomological Laboratory and Collection;;pp;"";""
10.5281/zenodo.10680436;CULS;Czech University of Life Sciences Prague;Universidad de Sevilla;p;"";""
10.5281/zenodo.11212280;NPI;Nuclear Physics Institute;Institute of Rock Structure and Mechanics of the Czech Academy of Sciences;p;"";""
10.18419/darus-4117/7;CULS;Czech University of Life Sciences Prague;Coll Coll;p;"";""
10.15468/m97sd2;PELC;P.E.L.C. - Private Entomological Laboratory and Collection;;pp;"";""
10.5281/zenodo.10949371;University Hospital Hradec Králové;University Hospital Hradec Králové;National Institute of Mental Health;p;"";""
10.18419/darus-4117/4;CULS;Czech University of Life Sciences Prague;University of Novi Sad;p;"";""
10.5281/zenodo.6497069;UPA;University of Pardubice;University of Tartu;p;"";""
10.6084/m9.figshare.20035637.v1;Palacký University, Olomouc;Palacký University, Olomouc;Rothamsted Research;p;"";""
10.6084/m9.figshare.c.6830133.v1;University Hospital Ostrava;University Hospital Ostrava;University of Ostrava;p;"";""
10.5281/zenodo.15682344;ČVUT;Czech Technical University in Prague;Durham University;p;"";""
10.6084/m9.figshare.c.7075180.v1;Palacký University, Olomouc;Palacký University, Olomouc;Warsaw University of Life Sciences;p;"";""
10.6084/m9.figshare.c.6585787.v1;VFN;General University Hospital in Prague;Belfast Health and Social Care Trust;pp;"";""
10.48580/dgs4f;PELC;P.E.L.C. - Private Entomological Laboratory and Collection;A Rocha Kenya;pp;"";""
10.48580/dgt98;PELC;P.E.L.C. - Private Entomological Laboratory and Collection;;pp;"";""
10.6084/m9.figshare.c.7945178.v1;IKEM;Institute of Clinical and Experimental Medicine;;p;"";""
10.6084/m9.figshare.c.7823284.v1;Palacký University, Olomouc;Palacký University, Olomouc;Auckland University of Technology;p;"";""
10.48580/dgt98;PELC;P.E.L.C. - Private Entomological Laboratory and Collection;Royal Belgian Institute of Natural Sciences;pp;"";""
10.48580/dgtg4;PELC;P.E.L.C. - Private Entomological Laboratory and Collection;;pp;"";""
10.18419/darus-4117/13;ČVUT;Czech Technical University in Prague;Czech University of Life Sciences;p;"";""
10.48580/dgs4f;PELC;P.E.L.C. - Private Entomological Laboratory and Collection;;pp;"";""
10.5281/zenodo.10888833;Palacký University, Olomouc;Palacký University, Olomouc;;p;"";""
10.48580/dgs4f;PELC;P.E.L.C. - Private Entomological Laboratory and Collection;;pp;"";""
10.48580/dgtg4;PELC;P.E.L.C. - Private Entomological Laboratory and Collection;Entomology, Staatliches Museum für Naturkunde Stuttgart;pp;"";""
10.6084/m9.figshare.c.7153870.v1;Palacký University, Olomouc;Palacký University, Olomouc;Slovak Academy of Sciences;p;"";""
10.48580/dgtg4;PELC;P.E.L.C. - Private Entomological Laboratory and Collection;;pp;"";""
10.6084/m9.figshare.c.5995626.v1;University Hospital Brno;University Hospital Brno;Universitätsklinikum Erlangen;p;"";""
10.15468/m97sd2;PELC;P.E.L.C. - Private Entomological Laboratory and Collection;;pp;"";""
10.6084/m9.figshare.c.6787807.v1;Palacký University, Olomouc;Palacký University, Olomouc;;p;"";""
10.5281/zenodo.10680436;Jan Evangelista Purkyně University in Ústí nad Labem;Jan Evangelista Purkyně University in Ústí nad Labem;Middle East Technical University;p;"";""
10.6084/m9.figshare.c.7153870.v1;University Hospital Olomouc;University Hospital Olomouc;Slovak Academy of Sciences;p;"";""
10.14473/csda/nyxqpt/o3clj1;Institute of Philosophy;Institute of Philosophy;(Faculty of Communication, Vilnius University, Vilnius, Lithuania);pp;"";""
10.6084/m9.figshare.c.7220407.v1;Palacký University, Olomouc;Palacký University, Olomouc;Institute of Biotechnology;p;"";""
10.5281/zenodo.15095308;IREAS;Institute for Structural Policy;Helmholtz Centre for Environmental Research;p;"";""
10.6084/m9.figshare.c.6785308.v1;Comenius Museum in Přerov;Comenius Museum in Přerov;Hebei Normal University;p;"";""
10.48580/dgs4f;PELC;P.E.L.C. - Private Entomological Laboratory and Collection;;pp;"";""
10.48580/dgs4f;PELC;P.E.L.C. - Private Entomological Laboratory and Collection;;pp;"";""
10.6084/m9.figshare.c.7798513.v1;ČVUT;Czech Technical University in Prague;National Centre for Nuclear Research;p;"";""
10.5281/zenodo.14468499;ČVUT;Czech Technical University in Prague;;p;"";""
10.5285/3b077711-f183-42f1-bac6-c892922c81f4;CULS;Czech University of Life Sciences Prague;National Water and Sanitation Agency (ANA);p;"";""
10.48580/dgtg4;PELC;P.E.L.C. - Private Entomological Laboratory and Collection;Royal Belgian Institute of Natural Sciences;pp;"";""
10.48580/dgsv8;PELC;P.E.L.C. - Private Entomological Laboratory and Collection;;pp;"";""
10.48580/dgtg4;PELC;P.E.L.C. - Private Entomological Laboratory and Collection;;pp;"";""
10.48580/dgs4f;PELC;P.E.L.C. - Private Entomological Laboratory and Collection;;pp;"";""
10.6084/m9.figshare.c.6787450.v1;CEITEC ;Central European Institute of Technology;Kiel University;p;"";""
10.6084/m9.figshare.20484741.v1;Biopticka Laborator (Czechia);Biopticka Laborator (Czechia);Charles University;p;"";""
10.6084/m9.figshare.c.6586648.v1;CULS;Czech University of Life Sciences Prague;;p;"";""
10.48580/dgt98;PELC;P.E.L.C. - Private Entomological Laboratory and Collection;;pp;"";""
10.6084/m9.figshare.c.6787450.v1;CEITEC MU;Central European Institute of Technology – Masaryk University;Medical University of Vienna;p;"";""
10.57760/sciencedb.j00104.00075;ČVUT;Czech Technical University in Prague;Stanford Center for Biomedical Informatics Research;p;"";""
10.6084/m9.figshare.c.6892116.v1;VFN;General University Hospital in Prague;Haukeland University Hospital;pp;p;""
10.15468/m97sd2;PELC;P.E.L.C. - Private Entomological Laboratory and Collection;Smithsonian Institution;pp;"";""
10.5281/zenodo.15154495;University Hospital Hradec Králové;University Hospital Hradec Králové;;p;"";""
10.48580/dgtg4;PELC;P.E.L.C. - Private Entomological Laboratory and Collection;Instituto de Ciencias del Mar y Limnología, UNAM;pp;"";""
10.48580/dgs4f;PELC;P.E.L.C. - Private Entomological Laboratory and Collection;;pp;"";""
10.5281/zenodo.15064532;CULS;Czech University of Life Sciences Prague;Generalitat Valenciana;p;"";""
10.48580/dgt98;PELC;P.E.L.C. - Private Entomological Laboratory and Collection;Department of Ecology and Evolution, Rutgers University;pp;p;""
10.48580/dgsv8;PELC;P.E.L.C. - Private Entomological Laboratory and Collection;Division of Invertebrate Zoology, American Museum of Natural History;pp;"";""
10.48580/dgs4f;PELC;P.E.L.C. - Private Entomological Laboratory and Collection;;pp;"";""
10.5281/zenodo.11212280;NPI;Nuclear Physics Institute;Czech Geological Survey;p;"";""
10.15468/m97sd2;PELC;P.E.L.C. - Private Entomological Laboratory and Collection;;pp;"";""
10.6084/m9.figshare.c.6787450.v1;CEITEC ;Central European Institute of Technology;University of Veterinary Medicine Vienna;p;"";""
10.5281/zenodo.8287792;CULS;Czech University of Life Sciences Prague;Norwegian Institute of Bioeconomy Research (NIBIO), Høgskoleveien 8, 1430 Ås Norway;p;"";""
10.48580/dgt98;PELC;P.E.L.C. - Private Entomological Laboratory and Collection;Entomology Division, Museo de La Plata, Consejo Nacional de Investigaciones Científicas y Técnicas;pp;p;""
10.48580/dgtg4;PELC;P.E.L.C. - Private Entomological Laboratory and Collection;Sociedad Colombiana de Mastozoología;pp;"";""
10.6084/m9.figshare.c.7953063.v1;FNUSA-ICRC;International Clinical Research Center of St. Anne's University Hospital Brno;;p;"";""
10.5281/zenodo.11454277;CULS;Czech University of Life Sciences Prague;Centre for Ecological Research, Institute of Ecology and Botany, Vácrátót, Hungary;p;"";""
10.6084/m9.figshare.c.7811402.v1;University Hospital Brno;University Hospital Brno;Masaryk University;p;"";""
10.48580/dgt98;PELC;P.E.L.C. - Private Entomological Laboratory and Collection;;pp;"";""
10.6084/m9.figshare.c.7828330.v1;CEITEC ;Central European Institute of Technology;Masaryk University;p;"";""
10.6084/m9.figshare.c.5919401.v1;CULS;Czech University of Life Sciences Prague;University of Chemistry and Technology;p;"";""
10.48580/dgtg4;PELC;P.E.L.C. - Private Entomological Laboratory and Collection;;pp;"";""
10.14473/csda/9alxny/rm7gk2;Institute of Philosophy;Institute of Philosophy;(Vilnius University, Lithuania);pp;"";""
10.5281/zenodo.6382216;CULS;Czech University of Life Sciences Prague;Transylvania University;p;"";""
10.48580/dgtg4;PELC;P.E.L.C. - Private Entomological Laboratory and Collection;Biofísica, Universidade do Estado do Rio de Janeiro (UERJ);pp;"";""
10.6084/m9.figshare.c.7801480.v1;CEITEC MU;Central European Institute of Technology – Masaryk University;University of Cambridge;p;"";""
10.48580/dgtg4;PELC;P.E.L.C. - Private Entomological Laboratory and Collection;Illinois Natural History Survey, University of Illinois;pp;"";""
10.5281/zenodo.11454277;CULS;Czech University of Life Sciences Prague;Centre for Ecological Research, Institute of Ecology and Botany, Vácrátót, Hungary;p;"";""
10.48580/dgsv8;PELC;P.E.L.C. - Private Entomological Laboratory and Collection;;pp;"";""
10.6084/m9.figshare.c.5265220.v1;CRI;Crop Research Institute;University of Warmia and Mazury in Olsztyn;p;"";""
10.48580/dgt98;PELC;P.E.L.C. - Private Entomological Laboratory and Collection;;pp;"";""
10.6084/m9.figshare.c.6699355.v1;Palacký University, Olomouc;Palacký University, Olomouc;University of South Australia;p;"";""
10.6084/m9.figshare.c.6146679.v1;Biopticka Laborator (Czechia);Biopticka Laborator (Czechia);Charles University;p;"";""
10.48580/dgt98;PELC;P.E.L.C. - Private Entomological Laboratory and Collection;;pp;"";""
10.5281/zenodo.6810569;CULS;Czech University of Life Sciences Prague;University of Göttingen;p;"";""
10.48580/dgt98;PELC;P.E.L.C. - Private Entomological Laboratory and Collection;;pp;"";""
10.6084/m9.figshare.c.6870567.v1;University Hospital in Motol;University Hospital in Motol;;p;"";""
10.5281/zenodo.4516657;CEITEC ;Central European Institute of Technology;CEITEC MU;p;"";""
10.5281/zenodo.6505455;CEITEC ;Central European Institute of Technology;CEITEC Masaryk University;p;"";""
10.5281/zenodo.7495802;CULS;Czech University of Life Sciences Prague;Czech University of Life Sciences;p;"";""
10.48580/dgt98;PELC;P.E.L.C. - Private Entomological Laboratory and Collection;;pp;"";""
10.6084/m9.figshare.c.6926742.v1;FNUSA;St. Anne´s University Hospital;Federal Institute for Risk Assessment;p;"";""
10.57760/sciencedb.ecodb.00170;CULS;Czech University of Life Sciences Prague;Faculty of Forestry and Wood Sciences, Czech University of Life Sciences;p;"";""
10.48580/dgs4f;PELC;P.E.L.C. - Private Entomological Laboratory and Collection;;pp;"";""
10.6084/m9.figshare.c.7953063.v1;FNUSA-ICRC;International Clinical Research Center of St. Anne's University Hospital Brno;Kuwait University;p;"";""
10.15468/m97sd2;PELC;P.E.L.C. - Private Entomological Laboratory and Collection;;pp;"";""
10.17632/pngtj6ymnp;Palacký University, Olomouc;Palacký University, Olomouc;;p;"";""
10.6084/m9.figshare.c.6577337.v1;University Hospital Ostrava;University Hospital Ostrava;Universitair Ziekenhuis Leuven;p;"";""
10.5281/zenodo.10680436;Jan Evangelista Purkyně University in Ústí nad Labem;Jan Evangelista Purkyně University in Ústí nad Labem;University of Reading;p;"";""
10.14278/rodare.2568;ČVUT;Czech Technical University in Prague;;p;"";""
10.6084/m9.figshare.c.6957969.v1;Palacký University, Olomouc;Palacký University, Olomouc;University of Ostrava;p;"";""
10.48580/dgs4f;PELC;P.E.L.C. - Private Entomological Laboratory and Collection;GBIF;pp;"";""
10.48580/dgs4f;PELC;P.E.L.C. - Private Entomological Laboratory and Collection;;pp;"";""
10.14278/rodare.2568;ČVUT;Czech Technical University in Prague;;p;"";""
10.48580/dgt98;PELC;P.E.L.C. - Private Entomological Laboratory and Collection;;pp;"";""
10.15468/m97sd2;PELC;P.E.L.C. - Private Entomological Laboratory and Collection;Royal Belgian Institute of Natural Sciences;pp;"";""
10.48580/dgsv8;PELC;P.E.L.C. - Private Entomological Laboratory and Collection;;pp;"";""
10.6084/m9.figshare.c.7062853.v1;University Hospital Brno;University Hospital Brno;Masaryk University;p;"";""
10.5281/zenodo.5711706;CULS;Czech University of Life Sciences Prague;Czech Academy of Sciences;p;"";""
10.48580/dgsv8;PELC;P.E.L.C. - Private Entomological Laboratory and Collection;;pp;"";""
10.5281/zenodo.10888833;Palacký University, Olomouc;Palacký University, Olomouc;;p;"";""
10.14473/csda/nyxqpt/eolmcq;Institute of Philosophy;Institute of Philosophy;(Vilnius University, Lithuania);pp;"";""
10.5281/zenodo.10680436;CULS;Czech University of Life Sciences Prague;Research Centre for Forestry and Wood, Council for Agricultural Research and Economics (CREA);p;"";""
10.6084/m9.figshare.c.6673915.v1;UPMD;Ústav pro péči o matku a dítě;Charles University;pp;"";""
10.48580/dgt98;PELC;P.E.L.C. - Private Entomological Laboratory and Collection;;pp;"";""
10.6084/m9.figshare.c.7971703.v1;University Hospital Hradec Králové;University Hospital Hradec Králové;Charles University;p;"";""
10.15468/m97sd2;PELC;P.E.L.C. - Private Entomological Laboratory and Collection;;pp;"";""
10.15468/zt8g2r;CULS;Czech University of Life Sciences Prague;Czech University of Life Sciences;p;"";""
10.5281/zenodo.13897824;FZU;Institute of Physics;;p;"";""
10.6084/m9.figshare.c.6787450.v1;CEITEC ;Central European Institute of Technology;Institut Necker Enfants Malades;p;"";""
10.5061/dryad.pg4f4qrqn;Palacký University, Olomouc;Palacký University, Olomouc;Helmholtz Centre for Environmental Research;p;"";""
10.48580/dgs4f;PELC;P.E.L.C. - Private Entomological Laboratory and Collection;;pp;"";""
10.5281/zenodo.10949371;Institute of Experimental Medicine;Institute of Experimental Medicine;Third Faculty of Medicine, Charles University;p;"";""
10.15468/m97sd2;PELC;P.E.L.C. - Private Entomological Laboratory and Collection;;pp;"";""
10.6084/m9.figshare.c.6869925.v1;Palacký University, Olomouc;Palacký University, Olomouc;Mendel University in Brno;p;"";""
10.48580/dgtg4;PELC;P.E.L.C. - Private Entomological Laboratory and Collection;;pp;"";""
10.6084/m9.figshare.c.7220407.v1;Palacký University, Olomouc;Palacký University, Olomouc;Institute of Biotechnology;p;"";""
10.5281/zenodo.10680436;Jan Evangelista Purkyně University in Ústí nad Labem;Jan Evangelista Purkyně University in Ústí nad Labem;Aranzadi Science Society;p;"";""
10.48580/dgtg4;PELC;P.E.L.C. - Private Entomological Laboratory and Collection;;pp;"";""
10.48580/dgt98;PELC;P.E.L.C. - Private Entomological Laboratory and Collection;Real Jardín Botánico de Madrid, CSIC;pp;"";""
10.5281/zenodo.8171432;ČVUT;Czech Technical University in Prague;Albert-Ludwigs-Universität Freiburg;p;"";""
10.5281/zenodo.15154492;University Hospital Hradec Králové;University Hospital Hradec Králové;;p;"";""
10.6084/m9.figshare.c.6830133.v1;CEITEC ;Central European Institute of Technology;University of Ostrava;p;"";""
10.48580/dgtg4;PELC;P.E.L.C. - Private Entomological Laboratory and Collection;Instituto de Biología, UNAM;pp;"";""
10.6084/m9.figshare.c.6792969.v1;VFN;General University Hospital in Prague;Charles University;pp;"";""
10.6084/m9.figshare.c.6683881.v1;FNUSA-ICRC;International Clinical Research Center of St. Anne's University Hospital Brno;Masaryk University;p;"";""
10.6084/m9.figshare.c.6629419.v1;University Hospital in Motol;University Hospital in Motol;Charles University;p;"";""
10.5281/zenodo.10563098;FZU;Institute of Physics;Swiss Federal Laboratories for Materials Science and Technology;p;"";""
10.6084/m9.figshare.c.7503929.v1;University Hospital Brno;University Hospital Brno;Masaryk University;p;"";""
10.6084/m9.figshare.19470467.v1;CEITEC ;Central European Institute of Technology;Medical University of Vienna;p;"";""
10.5281/zenodo.5711706;CULS;Czech University of Life Sciences Prague;Wageningen University and Research;p;"";""
10.6084/m9.figshare.c.6261502.v1;University Hospital Hradec Králové;University Hospital Hradec Králové;;p;"";""
10.6084/m9.figshare.c.7615573.v1;Institute of Parasitology;Institute of Parasitology;University of Cambridge;p;"";""
10.48580/dgsv8;PELC;P.E.L.C. - Private Entomological Laboratory and Collection;;pp;"";""
10.15468/m97sd2;PELC;P.E.L.C. - Private Entomological Laboratory and Collection;;pp;"";""
10.5281/zenodo.6637599;CULS;Czech University of Life Sciences Prague;Faculty of Forestry, University of British Columbia, 2424 Main Mall, BC, V6T 1Z4, Vancouver, Canada;p;"";""
10.48580/dgt98;PELC;P.E.L.C. - Private Entomological Laboratory and Collection;;pp;"";""
10.5281/zenodo.17083924;CULS;Czech University of Life Sciences Prague;UCLM;p;"";""
10.48580/dgt98;PELC;P.E.L.C. - Private Entomological Laboratory and Collection;;pp;"";""
10.6084/m9.figshare.c.7323343.v1;University Hospital Brno;University Hospital Brno;Sheba Medical Center;p;"";""
10.48580/dgtg4;PELC;P.E.L.C. - Private Entomological Laboratory and Collection;Facultad de Ciencias, UNAM;pp;"";""
10.6084/m9.figshare.c.6787450.v1;CEITEC MU;Central European Institute of Technology – Masaryk University;Medical University of Vienna;p;"";""
10.15468/m97sd2;PELC;P.E.L.C. - Private Entomological Laboratory and Collection;;pp;"";""
10.6084/m9.figshare.21009561.v1;IPVZ;Institute for Postgraduate Medical Education;Charles University;p;"";""
10.48580/dgtg4;PELC;P.E.L.C. - Private Entomological Laboratory and Collection;Department of Entomology, National Museum of Natural History, Smithsonian Institution;pp;p;""
10.48580/dgs4f;PELC;P.E.L.C. - Private Entomological Laboratory and Collection;FADA, Royal Belgian Institute of Natural Sciences (RBINS);pp;"";""
10.6084/m9.figshare.c.7595338.v1;VFU;University of Veterinary and Pharmaceutical Sciences;Mendel University in Brno;p;"";""
10.5281/zenodo.5711706;CULS;Czech University of Life Sciences Prague;Mendel University;p;"";""
10.48580/dgsv8;PELC;P.E.L.C. - Private Entomological Laboratory and Collection;;pp;"";""
10.6084/m9.figshare.c.7295760.v1;MoE;Ministry of the Environment of the Czech Republic;Institute of Microbiology;p;"";""
10.15468/m97sd2;PELC;P.E.L.C. - Private Entomological Laboratory and Collection;;pp;"";""
10.6084/m9.figshare.c.6585787.v1;VFN;General University Hospital in Prague;Masaryk Memorial Cancer Institute;pp;"";""
10.6084/m9.figshare.c.6787807.v1;University Hospital Olomouc;University Hospital Olomouc;Heidelberg University;p;"";""
10.18419/darus-4117;ČVUT;Czech Technical University in Prague;University of Novi Sad;p;"";""
10.48580/dgt98;PELC;P.E.L.C. - Private Entomological Laboratory and Collection;;pp;"";""
10.6084/m9.figshare.c.6787807.v1;Palacký University, Olomouc;Palacký University, Olomouc;Heidelberg University;p;"";""
10.15468/m97sd2;PELC;P.E.L.C. - Private Entomological Laboratory and Collection;;pp;"";""
10.6084/m9.figshare.c.6787450.v1;CEITEC ;Central European Institute of Technology;Medical University of Vienna;p;"";""
10.6084/m9.figshare.c.7206675.v1;Palacký University, Olomouc;Palacký University, Olomouc;University of Bari Aldo Moro;p;"";""
10.6084/m9.figshare.c.6683881.v1;FNUSA-ICRC;International Clinical Research Center of St. Anne's University Hospital Brno;Masaryk University;p;"";""
10.48580/dgs4f;PELC;P.E.L.C. - Private Entomological Laboratory and Collection;Asociación Colombiana de Ornitología;pp;"";""
10.48580/dgtg4;PELC;P.E.L.C. - Private Entomological Laboratory and Collection;;pp;"";""
10.14473/csda/9alxny/odvxmw;Institute of Philosophy;Institute of Philosophy;(Tel Aviv University);pp;"";""
10.5281/zenodo.10680436;Jan Evangelista Purkyně University in Ústí nad Labem;Jan Evangelista Purkyně University in Ústí nad Labem;Norwegian Institute for Nature Research (NINA);p;"";""
10.15468/qnrsen;CULS;Czech University of Life Sciences Prague;Czech University of Life Sciences;p;"";""
10.6084/m9.figshare.c.7476183.v1;Palacký University, Olomouc;Palacký University, Olomouc;Institute of Biotechnology;p;"";""
10.6084/m9.figshare.c.6218354.v2;University Hospital in Motol;University Hospital in Motol;Charles University;p;"";""
10.48580/dgtg4;PELC;P.E.L.C. - Private Entomological Laboratory and Collection;;pp;"";""
10.48580/dgtg4;PELC;P.E.L.C. - Private Entomological Laboratory and Collection;Instituto de Ciencias Naturales, Universidad Nacional de Colombia;pp;"";""
10.48580/dgsv8;PELC;P.E.L.C. - Private Entomological Laboratory and Collection;;pp;"";""
10.6084/m9.figshare.c.7976865.v1;University Hospital Hradec Králové;University Hospital Hradec Králové;University of Hradec Králové;p;"";""
10.6084/m9.figshare.c.6629419.v1;University Hospital Hradec Králové;University Hospital Hradec Králové;University of Ostrava;p;"";""
10.6084/m9.figshare.c.5265220.v1;CRI;Crop Research Institute;Chinese Academy of Agricultural Sciences;p;"";""
10.6084/m9.figshare.20035649.v1;Palacký University, Olomouc;Palacký University, Olomouc;Rothamsted Research;p;"";""
10.48580/dgs4f;PELC;P.E.L.C. - Private Entomological Laboratory and Collection;;pp;"";""
10.5281/zenodo.4551727;SZU;National Institute of Public Health;Assessment and Registration Agency of Food and Veterinary Service of Latvia, Latvia;p;"";""
10.48580/dgtg4;PELC;P.E.L.C. - Private Entomological Laboratory and Collection;Natural History Museum;pp;"";""
10.48580/dgs4f;PELC;P.E.L.C. - Private Entomological Laboratory and Collection;African Butterfly Research Institute;pp;"";""
10.6084/m9.figshare.c.6962539.v1;Palacký University, Olomouc;Palacký University, Olomouc;Revmatologický Ústav;p;"";""
10.6084/m9.figshare.c.7358677.v1;ÚKZÚZ;Central Institute for Supervising and Testing in Agriculture;University of Bonn;p;"";""
10.48580/dgtg4;PELC;P.E.L.C. - Private Entomological Laboratory and Collection;;pp;"";""
10.48580/dgs4f;PELC;P.E.L.C. - Private Entomological Laboratory and Collection;Departamento de Biología, Universidad de Sucre;pp;p;""
10.48580/dgsv8;PELC;P.E.L.C. - Private Entomological Laboratory and Collection;Systematic Entomology Laboratory, US Department of Agriculture;pp;p;""
10.6084/m9.figshare.c.6596173.v1;CULS;Czech University of Life Sciences Prague;University of Namur;p;"";""
10.48580/dgsv8;PELC;P.E.L.C. - Private Entomological Laboratory and Collection;;pp;"";""
10.48580/dgtg4;PELC;P.E.L.C. - Private Entomological Laboratory and Collection;;pp;"";""
10.6084/m9.figshare.c.6787408.v1;University Hospital Ostrava;University Hospital Ostrava;Czech Academy of Sciences;p;"";""
10.48580/dgsv8;PELC;P.E.L.C. - Private Entomological Laboratory and Collection;;pp;"";""
10.48580/dgsv8;PELC;P.E.L.C. - Private Entomological Laboratory and Collection;;pp;"";""
10.48580/dgs4f;PELC;P.E.L.C. - Private Entomological Laboratory and Collection;;pp;"";""
10.6084/m9.figshare.19586869.v1;ČVUT;Czech Technical University in Prague;Institute of Molecular Genetics;p;"";""
10.48580/dgt98;PELC;P.E.L.C. - Private Entomological Laboratory and Collection;;pp;"";""
10.48580/dgs4f;PELC;P.E.L.C. - Private Entomological Laboratory and Collection;Investigador Independiente;pp;p;""
10.48580/dgs4f;PELC;P.E.L.C. - Private Entomological Laboratory and Collection;;pp;"";""
10.6084/m9.figshare.c.6585379.v1;University Hospital Brno;University Hospital Brno;Inserm;p;"";""
10.57760/sciencedb.j00104.00084;ČVUT;Czech Technical University in Prague;Dutch Techcentre for Life Sciences;p;"";""
10.6084/m9.figshare.c.6583742.v1;University Hospital Brno;University Hospital Brno;Maria Skłodowska-Curie Memorial Cancer Center and Institute of Oncology;p;"";""
10.6084/m9.figshare.c.6683881.v1;FNUSA;St. Anne´s University Hospital;Masaryk University;p;"";""
10.6084/m9.figshare.c.7953063.v1;FNUSA-ICRC;International Clinical Research Center of St. Anne's University Hospital Brno;University of Coimbra;p;"";""
10.6084/m9.figshare.c.5413891.v1;Palacký University, Olomouc;Palacký University, Olomouc;Biomedical Research Foundation of the Academy of Athens;p;"";""
10.48580/dgsv8;PELC;P.E.L.C. - Private Entomological Laboratory and Collection;;pp;"";""
10.48580/dgs4f;PELC;P.E.L.C. - Private Entomological Laboratory and Collection;Illinois Natural History Survey;pp;"";""
10.6084/m9.figshare.c.6770757.v1;VFU;University of Veterinary and Pharmaceutical Sciences;Mendel University in Brno;p;"";""
10.6084/m9.figshare.c.6804718.v1;CEITEC ;Central European Institute of Technology;Masaryk University;p;"";""
10.6084/m9.figshare.c.5923208.v1;CEITEC ;Central European Institute of Technology;Medical University of Vienna;p;"";""
10.18419/darus-4117/5;CULS;Czech University of Life Sciences Prague;University of Novi Sad;p;"";""
10.48580/dgs4f;PELC;P.E.L.C. - Private Entomological Laboratory and Collection;;pp;"";""
10.6084/m9.figshare.c.6714654.v1;CULS;Czech University of Life Sciences Prague;Mendel University in Brno;p;"";""
10.6084/m9.figshare.c.7057817.v1;Palacký University, Olomouc;Palacký University, Olomouc;Lithuanian University of Health Sciences;p;"";""
10.48580/dgtg4;PELC;P.E.L.C. - Private Entomological Laboratory and Collection;University of Bucharest;pp;"";""
10.5281/zenodo.8301043;ČVUT;Czech Technical University in Prague;CESNET, a.l.e.;p;"";""
10.48580/dgsv8;PELC;P.E.L.C. - Private Entomological Laboratory and Collection;;pp;"";""
10.6084/m9.figshare.c.6699355.v1;Palacký University, Olomouc;Palacký University, Olomouc;Murdoch Children's Research Institute;p;"";""
10.15468/m97sd2;PELC;P.E.L.C. - Private Entomological Laboratory and Collection;;pp;"";""
10.48580/dgtg4;PELC;P.E.L.C. - Private Entomological Laboratory and Collection;Missouri Botanical Garden;pp;"";""
10.48580/dgs4f;PELC;P.E.L.C. - Private Entomological Laboratory and Collection;;pp;"";""
10.6084/m9.figshare.c.6787450.v1;CEITEC ;Central European Institute of Technology;University of Salzburg;p;"";""
10.48580/dgsv8;PELC;P.E.L.C. - Private Entomological Laboratory and Collection;;pp;"";""
10.48580/dgtg4;PELC;P.E.L.C. - Private Entomological Laboratory and Collection;;pp;"";""
10.6084/m9.figshare.c.7953063.v1;FNUSA-ICRC;International Clinical Research Center of St. Anne's University Hospital Brno;;p;"";""
10.6084/m9.figshare.c.7062853.v1;University Hospital Brno;University Hospital Brno;Masaryk University;p;"";""
10.6084/m9.figshare.c.7415533.v1;IKEM;Institute of Clinical and Experimental Medicine;Charles University;p;"";""
10.14473/csda/nyxqpt/o1kp75;Institute of Philosophy;Institute of Philosophy;(Faculty of Communication, Vilnius University, Vilnius, Lithuania);pp;"";""
10.14473/csda/9alxny/edv8qp;Institute of Philosophy;Institute of Philosophy;(Tel Aviv University);pp;"";""
10.5061/dryad.xksn02vkr;VFU;University of Veterinary and Pharmaceutical Sciences;LOEWE Centre for Translational Biodiversity Genomics;p;"";""
10.48580/dgs4f;PELC;P.E.L.C. - Private Entomological Laboratory and Collection;;pp;"";""
10.14473/csda/9alxny/qm4pmv;Institute of Philosophy;Institute of Philosophy;(Vilnius University, Lithuania);pp;"";""
10.6084/m9.figshare.c.7704113.v1;University Hospital Brno;University Hospital Brno;Masaryk University;p;"";""
10.5281/zenodo.14638896;VFN;General University Hospital in Prague;IRCCS Istituto Auxologico Italiano;pp;"";""
10.6084/m9.figshare.c.6958017.v1;CEITEC ;Central European Institute of Technology;Masaryk University;p;"";""
10.6084/m9.figshare.20035646.v1;Palacký University, Olomouc;Palacký University, Olomouc;Rothamsted Research;p;"";""
10.6084/m9.figshare.c.6787450.v1;CEITEC ;Central European Institute of Technology;Swedish University of Agricultural Sciences;p;"";""
10.5281/zenodo.6289588;FZU;Institute of Physics;University College London;p;"";""
10.48580/dgs4f;PELC;P.E.L.C. - Private Entomological Laboratory and Collection;Missouri Botanical Garden;pp;"";""
10.5281/zenodo.15681034;CULS;Czech University of Life Sciences Prague;University of Turin;p;"";""
10.48580/dgsv8;PELC;P.E.L.C. - Private Entomological Laboratory and Collection;;pp;"";""
10.5281/zenodo.10888833;Palacký University, Olomouc;Palacký University, Olomouc;;p;"";""
10.15468/m97sd2;PELC;P.E.L.C. - Private Entomological Laboratory and Collection;;pp;"";""
10.6084/m9.figshare.c.6004076.v1;Fakultní Nemocnice Plzeň;Fakultní Nemocnice Plzeň;;p;"";""
10.5281/zenodo.7390416;SZU;National Institute of Public Health;National Food Institute - The Technical University of Denmark, Denmark;p;"";""
10.6084/m9.figshare.c.6585379.v1;University Hospital Brno;University Hospital Brno;;p;"";""
10.6084/m9.figshare.c.7945178.v1;IKEM;Institute of Clinical and Experimental Medicine;University of Cologne;p;"";""
10.6084/m9.figshare.c.6787408.v1;VFU;University of Veterinary and Pharmaceutical Sciences;Czech Academy of Sciences;p;"";""
10.6084/m9.figshare.c.7221971.v1;Jan Evangelista Purkyně University in Ústí nad Labem;Jan Evangelista Purkyně University in Ústí nad Labem;Charles University;p;"";""
10.6084/m9.figshare.c.6872952.v1;CULS;Czech University of Life Sciences Prague;Masaryk University;p;"";""
10.15468/m97sd2;PELC;P.E.L.C. - Private Entomological Laboratory and Collection;;pp;"";""
10.6084/m9.figshare.c.7595338.v1;VFU;University of Veterinary and Pharmaceutical Sciences;Mendel University in Brno;p;"";""
10.48580/dgsv8;PELC;P.E.L.C. - Private Entomological Laboratory and Collection;;pp;"";""
10.18419/darus-4117;VŠUP;Academy of Arts, Architecture and Design in Prague;Coll Coll;p;"";""
10.6084/m9.figshare.c.7595498.v1;University Hospital Brno;University Hospital Brno;Masaryk University;p;"";""
10.6084/m9.figshare.c.7875701.v1;Institute of Parasitology;Institute of Parasitology;Leiden University;p;"";""
10.6084/m9.figshare.c.7278936.v1;Palacký University, Olomouc;Palacký University, Olomouc;Deakin University;p;"";""
10.5281/zenodo.10888833;Palacký University, Olomouc;Palacký University, Olomouc;;p;"";""
10.48580/dgs4f;PELC;P.E.L.C. - Private Entomological Laboratory and Collection;;pp;"";""
10.17632/x2cz59gn58;Science & Technology Park (Czechia);Science & Technology Park (Czechia);Institute of Geology and Geochemistry of Combustible Minerals of NAS of Ukraine;p;"";""
10.14473/csda/9alxny/hi39z0;Institute of Philosophy;Institute of Philosophy;(ResWell Research Collaboration, Tel Aviv University, Tel Aviv, Israel);pp;"";""
10.48580/dgt98;PELC;P.E.L.C. - Private Entomological Laboratory and Collection;;pp;"";""
10.15468/m97sd2;PELC;P.E.L.C. - Private Entomological Laboratory and Collection;The Natural History Museum;pp;"";""
10.6084/m9.figshare.c.6596173.v1;CULS;Czech University of Life Sciences Prague;University of Namur;p;"";""
10.48580/dgsv8;PELC;P.E.L.C. - Private Entomological Laboratory and Collection;;pp;"";""
10.6084/m9.figshare.c.7185629.v1;IKEM;Institute of Clinical and Experimental Medicine;Charles University;p;"";""
10.5281/zenodo.15175619;Palacký University, Olomouc;Palacký University, Olomouc;Senckenberg Deutsches Entomologisches Institut, Müncheberg, Germany;p;"";""
10.5281/zenodo.10680436;Jan Evangelista Purkyně University in Ústí nad Labem;Jan Evangelista Purkyně University in Ústí nad Labem;Council for Agricultural Research and Economics;p;"";""
10.48580/dgsv8;PELC;P.E.L.C. - Private Entomological Laboratory and Collection;;pp;"";""
10.48580/dgtg4;PELC;P.E.L.C. - Private Entomological Laboratory and Collection;Dipartimento di Biologia Evoluzionistica, Università di Firenze;pp;p;""
10.48580/dgtg4;PELC;P.E.L.C. - Private Entomological Laboratory and Collection;;pp;"";""
10.6084/m9.figshare.c.7953063.v1;FNUSA-ICRC;International Clinical Research Center of St. Anne's University Hospital Brno;University of Hong Kong;p;"";""
10.48580/dgs4f;PELC;P.E.L.C. - Private Entomological Laboratory and Collection;Plazi;pp;p;""
10.48580/dgtg4;PELC;P.E.L.C. - Private Entomological Laboratory and Collection;Plazi;pp;p;""
10.48580/dgsv8;PELC;P.E.L.C. - Private Entomological Laboratory and Collection;;pp;"";""
10.1594/pangaea.979678;Institute of Geophysics;Institute of Geophysics;;p;"";""
10.6084/m9.figshare.c.6830133.v1;University Hospital Ostrava;University Hospital Ostrava;University of Veterinary Medicine in Košice;p;"";""
10.15468/m97sd2;PELC;P.E.L.C. - Private Entomological Laboratory and Collection;;pp;"";""
10.6084/m9.figshare.c.7232063.v1;University Hospital Hradec Králové;University Hospital Hradec Králové;University of Hradec Králové;p;"";""
10.48580/dgtg4;PELC;P.E.L.C. - Private Entomological Laboratory and Collection;Universidad Nacional de Colombia;pp;"";""
10.6084/m9.figshare.c.7049258.v1;Biopticka Laborator (Czechia);Biopticka Laborator (Czechia);Charles University;p;"";""
10.6084/m9.figshare.c.6787450.v1;CEITEC MU;Central European Institute of Technology – Masaryk University;University of Veterinary Medicine Vienna;p;"";""
10.48580/dgsv8;PELC;P.E.L.C. - Private Entomological Laboratory and Collection;GBIF;pp;"";""
10.48580/dgs4f;PELC;P.E.L.C. - Private Entomological Laboratory and Collection;;pp;"";""
10.15468/m97sd2;PELC;P.E.L.C. - Private Entomological Laboratory and Collection;Centro de Estudos dos Quelônios da Amazônia - CEQUA;pp;"";""
10.48580/dgs4f;PELC;P.E.L.C. - Private Entomological Laboratory and Collection;;pp;"";""
10.5281/zenodo.5615357;CULS;Czech University of Life Sciences Prague;School of Agriculture, Faculty of Agriculture, Forestry, and Natural Environment, Aristotle University of Thessaloniki, 54123 Thessaloniki;p;"";""
10.6084/m9.figshare.c.6146679.v1;Biopticka Laborator (Czechia);Biopticka Laborator (Czechia);Charles University;p;"";""
10.7910/dvn/fvpdfb;VSE;University of Economics Prague;University of Bonn;p;"";""
10.6084/m9.figshare.c.7476183.v1;Palacký University, Olomouc;Palacký University, Olomouc;Institute of Biotechnology;p;"";""
10.15468/m97sd2;PELC;P.E.L.C. - Private Entomological Laboratory and Collection;;pp;"";""
10.15468/m97sd2;PELC;P.E.L.C. - Private Entomological Laboratory and Collection;Arizona State University;pp;"";""
10.15468/m97sd2;PELC;P.E.L.C. - Private Entomological Laboratory and Collection;;pp;"";""
10.6084/m9.figshare.c.7307920.v1;IKEM;Institute of Clinical and Experimental Medicine;Charles University;p;"";""
10.15468/m97sd2;PELC;P.E.L.C. - Private Entomological Laboratory and Collection;Muséum National d'Histoire Naturelle;pp;"";""
10.5281/zenodo.7390416;SZU;National Institute of Public Health;Ministry for Agriculture, Fisheries and Animal Rights, Malta;p;"";""
10.6084/m9.figshare.c.7017686.v1;VFN;General University Hospital in Prague;Maastricht University;pp;"";""
10.6084/m9.figshare.c.6218354.v2;University Hospital in Motol;University Hospital in Motol;Charles University;p;"";""
10.15468/t53vdw;Palacký University, Olomouc;Palacký University, Olomouc;University of Warsaw;p;"";""
10.48580/dgt98;PELC;P.E.L.C. - Private Entomological Laboratory and Collection;;pp;"";""
10.6084/m9.figshare.c.7828330.v1;CEITEC ;Central European Institute of Technology;University of Tartu;p;"";""
10.57760/sciencedb.j00104.00075;ČVUT;Czech Technical University in Prague;TIB Leibniz Information Centre for Science and Technology;p;"";""
10.6084/m9.figshare.c.7811402.v1;University Hospital Brno;University Hospital Brno;Masaryk University;p;"";""
10.6084/m9.figshare.c.7075282.v1;University Hospital in Motol;University Hospital in Motol;Radboud University Nijmegen Medical Centre;p;"";""
10.6084/m9.figshare.c.7372004.v1;FNUSA-ICRC;International Clinical Research Center of St. Anne's University Hospital Brno;Masaryk University;p;"";""
10.5281/zenodo.11454277;CULS;Czech University of Life Sciences Prague;Vytautas Magnus University, Institute of Forest Biology and Silviculture, Lithuania;p;"";""
10.48580/dgs4f;PELC;P.E.L.C. - Private Entomological Laboratory and Collection;;pp;"";""
10.48580/dgsv8;PELC;P.E.L.C. - Private Entomological Laboratory and Collection;Entomology Division, Museo de La Plata, Consejo Nacional de Investigaciones Científicas y Técnicas;pp;p;""
10.6084/m9.figshare.c.6690909.v1;VFN;General University Hospital in Prague;Charles University;pp;"";""
10.6084/m9.figshare.19470467.v1;CEITEC ;Central European Institute of Technology;Medical University of Vienna;p;"";""
10.5281/zenodo.4603685;Jan Evangelista Purkyně University in Ústí nad Labem;Jan Evangelista Purkyně University in Ústí nad Labem;BOKU;p;"";""
10.6084/m9.figshare.c.6261502.v1;University Hospital Hradec Králové;University Hospital Hradec Králové;University of Gothenburg;p;"";""
10.6084/m9.figshare.c.7040196.v1;FNUSA-ICRC;International Clinical Research Center of St. Anne's University Hospital Brno;University of Vienna;p;"";""
10.6084/m9.figshare.c.6198401.v1;University Hospital in Motol;University Hospital in Motol;Federal Almazov North-West Medical Research Centre;p;"";""
10.6084/m9.figshare.c.5449871.v1;University Hospital Brno;University Hospital Brno;Janssen (United States);p;"";""
10.48580/dgs4f;PELC;P.E.L.C. - Private Entomological Laboratory and Collection;University of Athens, Faculty of Biology, Department of Botany;pp;p;""
10.48580/dgtg4;PELC;P.E.L.C. - Private Entomological Laboratory and Collection;;pp;"";""
10.5285/3b077711-f183-42f1-bac6-c892922c81f4;CULS;Czech University of Life Sciences Prague;South African Environmental Observation Network;p;"";""
10.48580/dgsv8;PELC;P.E.L.C. - Private Entomological Laboratory and Collection;;pp;"";""
10.15468/m97sd2;PELC;P.E.L.C. - Private Entomological Laboratory and Collection;;pp;"";""
10.18419/darus-4117/3;ČVUT;Czech Technical University in Prague;Coll Coll;p;"";""
10.6084/m9.figshare.c.6306286.v1;IEB;Institute of Experimental Botany;University of Amsterdam;p;"";""
10.6084/m9.figshare.c.6586648.v1;CULS;Czech University of Life Sciences Prague;;p;"";""
10.6084/m9.figshare.c.7476183.v1;Palacký University, Olomouc;Palacký University, Olomouc;Institute of Biotechnology;p;"";""
10.6084/m9.figshare.c.7766437.v1;University Hospital Hradec Králové;University Hospital Hradec Králové;Comenius University;p;"";""
10.48580/dgsv8;PELC;P.E.L.C. - Private Entomological Laboratory and Collection;US Geological Survey / Smithsonian Institution;pp;"";""
10.48580/dgs4f;PELC;P.E.L.C. - Private Entomological Laboratory and Collection;;pp;"";""
10.6084/m9.figshare.c.6317120.v1;VFN;General University Hospital in Prague;Universität Innsbruck;pp;"";""
10.14473/csda/9alxny/u4jimo;Institute of Philosophy;Institute of Philosophy;(Faculty of Communication, Vilnius University, Vilnius, Lithuania);pp;"";""
10.5281/zenodo.10888833;Palacký University, Olomouc;Palacký University, Olomouc;;p;"";""
10.6084/m9.figshare.c.5399421.v1;CULS;Czech University of Life Sciences Prague;Mansoura University;p;"";""
10.6084/m9.figshare.c.6673915.v1;UPMD;Ústav pro péči o matku a dítě;Charles University;pp;"";""
10.48580/dgt98;PELC;P.E.L.C. - Private Entomological Laboratory and Collection;;pp;"";""
10.6084/m9.figshare.c.7316543.v1;University Hospital Brno;University Hospital Brno;Osmaniye Korkut Ata University;p;"";""
10.5281/zenodo.10888833;Palacký University, Olomouc;Palacký University, Olomouc;;p;"";""
10.6084/m9.figshare.c.7595338.v1;VFU;University of Veterinary and Pharmaceutical Sciences;Mendel University in Brno;p;"";""
10.48580/dgs4f;PELC;P.E.L.C. - Private Entomological Laboratory and Collection;;pp;"";""
10.6084/m9.figshare.c.7057817.v1;Palacký University, Olomouc;Palacký University, Olomouc;Semmelweis University;p;"";""
10.15468/t53vdw;Palacký University, Olomouc;Palacký University, Olomouc;Heidelberg University;p;"";""
10.48580/dgsv8;PELC;P.E.L.C. - Private Entomological Laboratory and Collection;The Natural History Museum;pp;"";""
10.48580/dgtg4;PELC;P.E.L.C. - Private Entomological Laboratory and Collection;;pp;"";""
10.48580/dgtg4;PELC;P.E.L.C. - Private Entomological Laboratory and Collection;;pp;"";""
10.14473/csda/nyxqpt/o1kp75;Institute of Philosophy;Institute of Philosophy;(International Center for Defense and Security, Tallinn, Estonia);pp;"";""
10.48580/dgs4f;PELC;P.E.L.C. - Private Entomological Laboratory and Collection;;pp;"";""
10.18419/darus-4117/12;ČVUT;Czech Technical University in Prague;University of Novi Sad;p;"";""
10.48580/dgs4f;PELC;P.E.L.C. - Private Entomological Laboratory and Collection;Helmholtz Centre for Environmental Research – UFZ, Department of Community Ecology;pp;p;""
10.48580/dgs4f;PELC;P.E.L.C. - Private Entomological Laboratory and Collection;Université de Montréal Biodiversity Centre;pp;"";""
10.6084/m9.figshare.c.6585787.v1;VFN;General University Hospital in Prague;University of Debrecen;pp;"";""
10.15468/m97sd2;PELC;P.E.L.C. - Private Entomological Laboratory and Collection;;pp;"";""
10.6084/m9.figshare.c.6892116.v1;VFN;General University Hospital in Prague;Chiesi (Italy);pp;"";""
10.6084/m9.figshare.c.6585379.v1;University Hospital Brno;University Hospital Brno;Instituto de Salud Carlos III;p;"";""
10.6084/m9.figshare.c.6317439.v1;VSE;University of Economics Prague;University of Nigeria;p;"";""
10.48580/dgt98;PELC;P.E.L.C. - Private Entomological Laboratory and Collection;Grupo de Entomología , Universidad de Antioquia;pp;p;""
10.5281/zenodo.10888833;Palacký University, Olomouc;Palacký University, Olomouc;;p;"";""
10.48580/dgsv8;PELC;P.E.L.C. - Private Entomological Laboratory and Collection;;pp;"";""
10.6084/m9.figshare.c.6830045.v1;University Hospital Brno;University Hospital Brno;Masaryk University;p;"";""
10.5281/zenodo.10888833;Palacký University, Olomouc;Palacký University, Olomouc;;p;"";""
10.48580/dgsv8;PELC;P.E.L.C. - Private Entomological Laboratory and Collection;Missouri Botanical Garden;pp;"";""
10.48580/dgs4f;PELC;P.E.L.C. - Private Entomological Laboratory and Collection;;pp;"";""
10.48580/dgs4f;PELC;P.E.L.C. - Private Entomological Laboratory and Collection;;pp;"";""
10.48580/dgt98;PELC;P.E.L.C. - Private Entomological Laboratory and Collection;Nortern Arizona University;pp;"";""
10.48580/dgtg4;PELC;P.E.L.C. - Private Entomological Laboratory and Collection;Departamento de Meteorologia, Fundação Cearense de Meteorologia e Recursos Hídricos (FUNCEME);pp;p;""
10.6084/m9.figshare.c.6728458.v1;University Hospital Brno;University Hospital Brno;Masaryk University;p;"";""
10.6084/m9.figshare.c.6629419.v1;Fakultní Nemocnice Plzeň;Fakultní Nemocnice Plzeň;;p;"";""
10.48580/dgtg4;PELC;P.E.L.C. - Private Entomological Laboratory and Collection;Department of Biology, Ecology & Evolution Unit, University of Fribourg;pp;p;""
10.48580/dgs4f;PELC;P.E.L.C. - Private Entomological Laboratory and Collection;Translation Bureau (Government of Canada);pp;"";""
10.6084/m9.figshare.c.7372004.v1;FNUSA-ICRC;International Clinical Research Center of St. Anne's University Hospital Brno;Masaryk University;p;"";""
10.6084/m9.figshare.c.7649648.v1;FNUSA-ICRC;International Clinical Research Center of St. Anne's University Hospital Brno;Masaryk University;p;"";""
10.6084/m9.figshare.c.7732283.v1;FNUSA-ICRC;International Clinical Research Center of St. Anne's University Hospital Brno;Masaryk University;p;"";""
10.6084/m9.figshare.c.5413891.v1;Palacký University, Olomouc;Palacký University, Olomouc;Foundation for Research and Technology Hellas;p;"";""
10.6084/m9.figshare.c.6669738.v1;CULS;Czech University of Life Sciences Prague;Heinrich Heine University Düsseldorf;p;"";""
10.48580/dgs4f;PELC;P.E.L.C. - Private Entomological Laboratory and Collection;;pp;"";""
10.48580/dgtg4;PELC;P.E.L.C. - Private Entomological Laboratory and Collection;;pp;"";""
10.6084/m9.figshare.c.6596467.v1;IKEM;Institute of Clinical and Experimental Medicine;Medical University of Vienna;p;"";""
10.6084/m9.figshare.c.7828330.v1;CEITEC MU;Central European Institute of Technology – Masaryk University;KU Leuven;p;"";""
10.6084/m9.figshare.c.6787450.v1;CEITEC MU;Central European Institute of Technology – Masaryk University;Medical University of Vienna;p;"";""
10.6084/m9.figshare.c.6319614.v1;IKEM;Institute of Clinical and Experimental Medicine;Charles University;p;"";""
10.6084/m9.figshare.c.6096199.v1;Palacký University, Olomouc;Palacký University, Olomouc;University of California, San Diego;p;"";""
10.6084/m9.figshare.c.6146679.v1;Biopticka Laborator (Czechia);Biopticka Laborator (Czechia);Charles University;p;"";""
10.6084/m9.figshare.c.6926742.v1;FNUSA;St. Anne´s University Hospital;Charité - University Medicine Berlin;p;"";""
10.1594/pangaea.979680;Institute of Geophysics;Institute of Geophysics;;p;"";""
10.6084/m9.figshare.c.6780806.v1;FNUSA-ICRC;International Clinical Research Center of St. Anne's University Hospital Brno;Brno University of Technology;p;"";""
10.15468/m97sd2;PELC;P.E.L.C. - Private Entomological Laboratory and Collection;;pp;"";""
10.48580/dgt98;PELC;P.E.L.C. - Private Entomological Laboratory and Collection;;pp;"";""
10.6084/m9.figshare.c.6261502.v1;University Hospital Hradec Králové;University Hospital Hradec Králové;Lund University;p;"";""
10.6084/m9.figshare.c.7221971.v1;Palacký University, Olomouc;Palacký University, Olomouc;Charles University;p;"";""
10.5281/zenodo.10888833;Palacký University, Olomouc;Palacký University, Olomouc;;p;"";""
10.5281/zenodo.12551947;Palacký University, Olomouc;Palacký University, Olomouc;New Guinea Binatang Research Center;p;"";""
10.6084/m9.figshare.c.6903195.v1;University Hospital in Motol;University Hospital in Motol;University of Milan;p;"";""
10.6084/m9.figshare.c.7823284.v1;Palacký University, Olomouc;Palacký University, Olomouc;University of California, San Diego;p;"";""
10.5281/zenodo.8301796;University Hospital Brno;University Hospital Brno;CEITEC, Brno University of Technology;p;"";""
10.48580/dgsv8;PELC;P.E.L.C. - Private Entomological Laboratory and Collection;;pp;"";""
10.6084/m9.figshare.c.7801480.v1;CEITEC ;Central European Institute of Technology;Medical University of Vienna;p;"";""
10.5061/dryad.xksn02vkr;VFU;University of Veterinary and Pharmaceutical Sciences;University of Veterinary Medicine Vienna;p;"";""
10.48580/dgt98;PELC;P.E.L.C. - Private Entomological Laboratory and Collection;;pp;"";""
10.6084/m9.figshare.c.7149681.v1;Palacký University, Olomouc;Palacký University, Olomouc;Charles University;p;"";""
10.48580/dgt98;PELC;P.E.L.C. - Private Entomological Laboratory and Collection;University of Auckland;pp;"";""
10.6084/m9.figshare.c.7206714.v1;University Hospital Hradec Králové;University Hospital Hradec Králové;Medical University of Vienna;p;"";""
10.48580/dgs4f;PELC;P.E.L.C. - Private Entomological Laboratory and Collection;Department of Ecology, Systematics and Evolution, The Institute of Life Sciences, The Hebrew University of Jerusalem;pp;p;""
10.14278/rodare.1330;CEITEC ;Central European Institute of Technology;;p;"";""
10.6084/m9.figshare.c.6317439.v1;VSE;University of Economics Prague;University of Tehran;p;"";""
10.48580/dgt98;PELC;P.E.L.C. - Private Entomological Laboratory and Collection;;pp;"";""
10.6084/m9.figshare.c.7595338.v1;University Hospital Brno;University Hospital Brno;Biomedicínske Centrum;p;"";""
10.6084/m9.figshare.c.7358677.v1;Palacký University, Olomouc;Palacký University, Olomouc;University of Bonn;p;"";""
10.6084/m9.figshare.c.5931041.v1;CULS;Czech University of Life Sciences Prague;University of Helsinki;p;"";""
10.5281/zenodo.15156895;CULS;Czech University of Life Sciences Prague;School of Biological Sciences, University of Utah, 257 S. 1400 E., Salt Lake City, Utah, 84112, USA.;p;"";""
10.48580/dgtg4;PELC;P.E.L.C. - Private Entomological Laboratory and Collection;;pp;"";""
10.5285/3b077711-f183-42f1-bac6-c892922c81f4;CULS;Czech University of Life Sciences Prague;University of Danang;p;"";""
10.48580/dgs4f;PELC;P.E.L.C. - Private Entomological Laboratory and Collection;;pp;"";""
10.14473/csda/9alxny/mf6m0r;Institute of Philosophy;Institute of Philosophy;(International Center for Defense and Security, Tallinn, Estonia);pp;"";""
10.15468/m97sd2;PELC;P.E.L.C. - Private Entomological Laboratory and Collection;;pp;"";""
10.24355/dbbs.084-202105030818-0;CULS;Czech University of Life Sciences Prague;Institut für Geoökologie, Abt. Bodenkunde;p;"";""
10.15468/m97sd2;PELC;P.E.L.C. - Private Entomological Laboratory and Collection;;pp;"";""
10.48580/dgsv8;PELC;P.E.L.C. - Private Entomological Laboratory and Collection;;pp;"";""
10.48580/dgtg4;PELC;P.E.L.C. - Private Entomological Laboratory and Collection;Artsdatabanken;pp;"";""
10.48580/dgs4f;PELC;P.E.L.C. - Private Entomological Laboratory and Collection;;pp;"";""
10.48580/dgtg4;PELC;P.E.L.C. - Private Entomological Laboratory and Collection;Universidad del Valle;pp;"";""
10.48580/dgt98;PELC;P.E.L.C. - Private Entomological Laboratory and Collection;;pp;"";""
10.6084/m9.figshare.c.6869925.v1;Palacký University, Olomouc;Palacký University, Olomouc;Mendel University in Brno;p;"";""
10.48580/dgsv8;PELC;P.E.L.C. - Private Entomological Laboratory and Collection;Illinois Natural History Survey;pp;"";""
10.48580/dgs4f;PELC;P.E.L.C. - Private Entomological Laboratory and Collection;;pp;"";""
10.48580/dgtg4;PELC;P.E.L.C. - Private Entomological Laboratory and Collection;Christian-Albrechts-Universität;pp;"";""
10.57760/sciencedb.psych.00366;Institute of Psychology;Institute of Psychology;中国科学院心理研究所;p;"";""
10.48580/dgt98;PELC;P.E.L.C. - Private Entomological Laboratory and Collection;;pp;"";""
10.6084/m9.figshare.c.6787450.v1;CEITEC ;Central European Institute of Technology;Medical University of Vienna;p;"";""
10.6084/m9.figshare.c.7057817.v1;Palacký University, Olomouc;Palacký University, Olomouc;University of Amsterdam;p;"";""
10.6084/m9.figshare.c.7220407.v1;Palacký University, Olomouc;Palacký University, Olomouc;Institute of Biotechnology;p;"";""
10.6084/m9.figshare.c.6872952.v1;VFU;University of Veterinary and Pharmaceutical Sciences;Mendel University in Brno;p;"";""
10.5281/zenodo.4603685;Jan Evangelista Purkyně University in Ústí nad Labem;Jan Evangelista Purkyně University in Ústí nad Labem;Forest Research;p;"";""
10.6084/m9.figshare.c.7880704.v1;VFN;General University Hospital in Prague;Essex Cardiothoracic Centre;pp;"";""
10.48580/dgt98;PELC;P.E.L.C. - Private Entomological Laboratory and Collection;;pp;"";""
10.6084/m9.figshare.c.6792969.v1;VFN;General University Hospital in Prague;University Hospital Olomouc;pp;p;""
10.48580/dgsv8;PELC;P.E.L.C. - Private Entomological Laboratory and Collection;;pp;"";""
10.48580/dgsv8;PELC;P.E.L.C. - Private Entomological Laboratory and Collection;;pp;"";""
10.6084/m9.figshare.c.6271279.v1;University Hospital Brno;University Hospital Brno;Masaryk University;p;"";""
10.6084/m9.figshare.c.7801480.v1;CEITEC MU;Central European Institute of Technology – Masaryk University;University of Veterinary Medicine Vienna;p;"";""
10.48580/dgtg4;PELC;P.E.L.C. - Private Entomological Laboratory and Collection;Estación Biológica de Doñana;pp;"";""
10.48580/dgs4f;PELC;P.E.L.C. - Private Entomological Laboratory and Collection;;pp;"";""
10.48580/dgtg4;PELC;P.E.L.C. - Private Entomological Laboratory and Collection;Hawaii Institute of Marine Biology;pp;"";""
10.6084/m9.figshare.c.6830133.v1;University Hospital Ostrava;University Hospital Ostrava;Czech Academy of Sciences;p;"";""
10.15468/m97sd2;PELC;P.E.L.C. - Private Entomological Laboratory and Collection;;pp;"";""
10.48580/dgt98;PELC;P.E.L.C. - Private Entomological Laboratory and Collection;;pp;"";""
10.5281/zenodo.11109087;Silesian University in Opava;Silesian University in Opava;Univerzita Mateja Bela v Banskej Bystrici Filozofická fakulta;p;"";""
10.48580/dgt98;PELC;P.E.L.C. - Private Entomological Laboratory and Collection;;pp;"";""
10.15468/t53vdw;Palacký University, Olomouc;Palacký University, Olomouc;University of Warsaw;p;"";""
10.6084/m9.figshare.19915375.v1;CULS;Czech University of Life Sciences Prague;University of Sydney;p;"";""
10.6084/m9.figshare.c.6629419.v1;Fakultní Nemocnice Plzeň;Fakultní Nemocnice Plzeň;;p;"";""
10.6084/m9.figshare.19586875.v1;ČVUT;Czech Technical University in Prague;Institute of Molecular Genetics;p;"";""
10.48580/dgt98;PELC;P.E.L.C. - Private Entomological Laboratory and Collection;UA Museums, The University of Alabama;pp;"";""
10.48580/dgsv8;PELC;P.E.L.C. - Private Entomological Laboratory and Collection;Medicine and Health Library, Norwegian University of Science & Technology;pp;"";""
10.6084/m9.figshare.20341686.v1;University Hospital Brno;University Hospital Brno;Masaryk University;p;"";""
10.48580/dgtg4;PELC;P.E.L.C. - Private Entomological Laboratory and Collection;Field Museum of Natural History;pp;"";""
10.15468/m97sd2;PELC;P.E.L.C. - Private Entomological Laboratory and Collection;Museum of Texas Tech University;pp;"";""
10.5281/zenodo.6637599;CULS;Czech University of Life Sciences Prague;Faculty of Life Science and Technology, Central South University of Forestry and Technology, Changsha 410004, Hunan, China;p;"";""
10.48580/dgsv8;PELC;P.E.L.C. - Private Entomological Laboratory and Collection;Monte L. Bean Life Science Museum, Brigham Young University;pp;"";""
10.6084/m9.figshare.c.7905949.v1;University Hospital Ostrava;University Hospital Ostrava;University of Ostrava;p;"";""
10.5281/zenodo.10888833;Palacký University, Olomouc;Palacký University, Olomouc;İzmir University of Economics;p;"";""
10.14473/csda/9alxny/mxvqgh;Institute of Philosophy;Institute of Philosophy;(Tel-Hai College, University of Haifa);pp;"";""
10.48580/dgs4f;PELC;P.E.L.C. - Private Entomological Laboratory and Collection;Florida Museum of Natural History, University of Florida;pp;"";""
10.6084/m9.figshare.c.6853696.v1;CULS;Czech University of Life Sciences Prague;Czech Academy of Sciences;p;"";""
10.6084/m9.figshare.c.7658291.v1;University Hospital Brno;University Hospital Brno;Masaryk University;p;"";""
10.48580/dgs4f;PELC;P.E.L.C. - Private Entomological Laboratory and Collection;Naturalis Biodiversity Center;pp;"";""
10.18419/darus-4117/7;ČVUT;Czech Technical University in Prague;Czech University of Life Sciences;p;"";""
10.6084/m9.figshare.c.6830133.v1;CEITEC MU;Central European Institute of Technology – Masaryk University;University of South Bohemia in České Budějovice;p;"";""
10.48580/dgs4f;PELC;P.E.L.C. - Private Entomological Laboratory and Collection;Fiocruz;pp;"";""
10.48580/dgsv8;PELC;P.E.L.C. - Private Entomological Laboratory and Collection;Illinois Natural History Survey;pp;"";""
10.60534/46qra-6bw98;Center for Advanced Preclinical Imaging (CAPI);Center for Advanced Preclinical Imaging (CAPI);University of Hohenheim, Plant Systems Biology;pp;p;""
10.6084/m9.figshare.c.6804718.v1;CEITEC ;Central European Institute of Technology;Masaryk University;p;"";""
10.5281/zenodo.7415164;CRI;Crop Research Institute;Aarhus University;p;"";""
10.6084/m9.figshare.c.7880704.v1;VFN;General University Hospital in Prague;University of Paris;pp;p;""
10.48580/dgsv8;PELC;P.E.L.C. - Private Entomological Laboratory and Collection;;pp;"";""
10.5281/zenodo.10888833;Palacký University, Olomouc;Palacký University, Olomouc;;p;"";""
10.48580/dgsv8;PELC;P.E.L.C. - Private Entomological Laboratory and Collection;Nortern Arizona University;pp;"";""
10.6084/m9.figshare.19586881.v1;ČVUT;Czech Technical University in Prague;Institute of Molecular Genetics;p;"";""
10.48580/dgt98;PELC;P.E.L.C. - Private Entomological Laboratory and Collection;INHS, University of Illinois;pp;"";""
10.48580/dgtg4;PELC;P.E.L.C. - Private Entomological Laboratory and Collection;Research Institute for Nature and Forest (INBO);pp;"";""
10.15468/m97sd2;PELC;P.E.L.C. - Private Entomological Laboratory and Collection;American Museum of Natural History;pp;"";""
10.14278/rodare.1330;IPP;Institute of Plasma Physics;;pp;"";""
10.14473/csda/wbooe4/olkzwn;Institute of Philosophy;Institute of Philosophy;(Faculty of Communication, Vilnius University, Vilnius, Lithuania);pp;"";""
10.5281/zenodo.6382216;CULS;Czech University of Life Sciences Prague;Latvian State Forest Research Institute SILAVA;p;"";""
10.5281/zenodo.15064532;CULS;Czech University of Life Sciences Prague;University of Sassari;p;"";""
10.15468/m97sd2;PELC;P.E.L.C. - Private Entomological Laboratory and Collection;Christian-Albrechts-Universität;pp;"";""
10.5281/zenodo.7390416;SZU;National Institute of Public Health;Federal Food Safety and Veterinary Office, Switzerland;p;"";""
10.48580/dgs4f;PELC;P.E.L.C. - Private Entomological Laboratory and Collection;;pp;"";""
10.6084/m9.figshare.c.7740082.v1;FNUSA;St. Anne´s University Hospital;Aix-Marseille University;p;"";""
10.5281/zenodo.11454277;CULS;Czech University of Life Sciences Prague;Bundesforschungs- und Ausbildungszentrum für Wald, Naturgefahren und Landschaft;p;"";""
10.6084/m9.figshare.19470467.v1;CEITEC ;Central European Institute of Technology;Innsbruck Medical University;p;"";""
10.6084/m9.figshare.c.7728320.v1;FNUSA;St. Anne´s University Hospital;Masaryk University;p;"";""
10.48580/dgs4f;PELC;P.E.L.C. - Private Entomological Laboratory and Collection;Australian National Botanic Gardens;pp;"";""
10.6084/m9.figshare.c.6926742.v1;FNUSA-ICRC;International Clinical Research Center of St. Anne's University Hospital Brno;Freie Universität Berlin;p;"";""
10.48580/dgt98;PELC;P.E.L.C. - Private Entomological Laboratory and Collection;Entomology, Staatliches Museum für Naturkunde Stuttgart;pp;"";""
10.48580/dgt98;PELC;P.E.L.C. - Private Entomological Laboratory and Collection;Volunteer for Catalogue of Life;pp;"";""
10.6084/m9.figshare.c.7221971.v1;Palacký University, Olomouc;Palacký University, Olomouc;Institute of Biotechnology;p;"";""
10.5281/zenodo.4516657;CEITEC ;Central European Institute of Technology;CEITEC MU;p;"";""
10.5281/zenodo.5711706;CULS;Czech University of Life Sciences Prague;Mendel University;p;"";""
10.5281/zenodo.4516657;CEITEC MU;Central European Institute of Technology – Masaryk University;CEITEC MU;p;"";""
10.48580/dgs4f;PELC;P.E.L.C. - Private Entomological Laboratory and Collection;Northern Arizona University;pp;"";""
10.15468/qnrsen;CULS;Czech University of Life Sciences Prague;USDA Forest Service Northern Research Station;p;"";""
10.48580/dgsv8;PELC;P.E.L.C. - Private Entomological Laboratory and Collection;;pp;"";""
10.6084/m9.figshare.c.6787807.v1;Palacký University, Olomouc;Palacký University, Olomouc;German Cancer Research Center;p;"";""
10.6084/m9.figshare.c.7953063.v1;FNUSA-ICRC;International Clinical Research Center of St. Anne's University Hospital Brno;;p;"";""
10.14473/csda/wbooe4;Institute of Philosophy;Institute of Philosophy;(Tel-Hai College, University of Haifa);pp;"";""
10.48580/dgsv8;PELC;P.E.L.C. - Private Entomological Laboratory and Collection;;pp;"";""
10.14473/csda/xydnb6;CULS;Czech University of Life Sciences Prague;(Česká zemědělská univerzita);p;"";""
10.48580/dgt98;PELC;P.E.L.C. - Private Entomological Laboratory and Collection;;pp;"";""
10.48580/dgs4f;PELC;P.E.L.C. - Private Entomological Laboratory and Collection;;pp;"";""
10.15468/m97sd2;PELC;P.E.L.C. - Private Entomological Laboratory and Collection;University of Montreal;pp;"";""
10.6084/m9.figshare.c.6218354.v2;University Hospital in Motol;University Hospital in Motol;German Cancer Research Center;p;"";""
10.48580/dgs4f;PELC;P.E.L.C. - Private Entomological Laboratory and Collection;Dipartimento di Biologia Evoluzionistica, Università di Firenze;pp;p;""
10.3886/e203621v1;VSE;University of Economics Prague;CUNEF University;p;"";""
10.48580/dgt98;PELC;P.E.L.C. - Private Entomological Laboratory and Collection;;pp;"";""
10.5061/dryad.vmcvdncsz;IEB;Institute of Experimental Botany;University of Helsinki;p;"";""
10.14473/csda/9alxny/u4jimo;Institute of Philosophy;Institute of Philosophy;(Tel Aviv University);pp;"";""
10.15468/m97sd2;PELC;P.E.L.C. - Private Entomological Laboratory and Collection;USDA APHIS;pp;p;""
10.6084/m9.figshare.c.6787807.v1;Palacký University, Olomouc;Palacký University, Olomouc;Lithuanian University of Health Sciences;p;"";""
10.6084/m9.figshare.c.7953063.v1;FNUSA;St. Anne´s University Hospital;Western Sydney University;p;"";""
10.6084/m9.figshare.c.6592046.v1;FNUSA-ICRC;International Clinical Research Center of St. Anne's University Hospital Brno;Masaryk University;p;"";""
10.48580/dgs4f;PELC;P.E.L.C. - Private Entomological Laboratory and Collection;;pp;"";""
10.6084/m9.figshare.c.6926742.v1;FNUSA-ICRC;International Clinical Research Center of St. Anne's University Hospital Brno;"Cluster of Excellence ""Science of Intelligence""";p;"";""
10.6084/m9.figshare.c.6872952.v1;Institute of Parasitology;Institute of Parasitology;Masaryk University;p;"";""
10.48580/dgs4f;PELC;P.E.L.C. - Private Entomological Laboratory and Collection;;pp;"";""
10.48580/dgtg4;PELC;P.E.L.C. - Private Entomological Laboratory and Collection;Catalogue of Life;pp;"";""
10.48580/dgs4f;PELC;P.E.L.C. - Private Entomological Laboratory and Collection;;pp;"";""
10.48580/dgs4f;PELC;P.E.L.C. - Private Entomological Laboratory and Collection;;pp;"";""
10.6084/m9.figshare.c.7040196.v1;FNUSA-ICRC;International Clinical Research Center of St. Anne's University Hospital Brno;University of Ljubljana;p;"";""
10.18419/darus-4117/6;ČVUT;Czech Technical University in Prague;Czech University of Life Sciences;p;"";""
10.48580/dgsv8;PELC;P.E.L.C. - Private Entomological Laboratory and Collection;;pp;"";""
10.48580/dgs4f;PELC;P.E.L.C. - Private Entomological Laboratory and Collection;National University of Colombia;pp;"";""
10.5281/zenodo.6637599;CULS;Czech University of Life Sciences Prague;School of Biological Sciences, University of Bristol, Bristol, BS8 1TQ, UK;p;"";""
10.48580/dgtg4;PELC;P.E.L.C. - Private Entomological Laboratory and Collection;Pennsylvania State University;pp;p;""
10.48580/dgsv8;PELC;P.E.L.C. - Private Entomological Laboratory and Collection;;pp;"";""
10.5281/zenodo.14468499;ČVUT;Czech Technical University in Prague;Lancaster University, Lancaster Environment Centre, Lancaster, LA1 4YQ, UK;p;"";""
10.15468/m97sd2;PELC;P.E.L.C. - Private Entomological Laboratory and Collection;;pp;"";""
10.6084/m9.figshare.c.5923208.v1;CEITEC ;Central European Institute of Technology;Medical University of Vienna;p;"";""
10.6084/m9.figshare.c.6830133.v1;CEITEC ;Central European Institute of Technology;University of South Bohemia in České Budějovice;p;"";""
10.6084/m9.figshare.19586881.v1;ČVUT;Czech Technical University in Prague;Institute of Molecular Genetics;p;"";""
10.5281/zenodo.15137984;CRI;Crop Research Institute;Rudolfstetten, Switzerland;p;"";""
10.48580/dgsv8;PELC;P.E.L.C. - Private Entomological Laboratory and Collection;;pp;"";""
10.6084/m9.figshare.c.7149681.v1;VSE;University of Economics Prague;Czech Academy of Sciences;p;"";""
10.15468/m97sd2;PELC;P.E.L.C. - Private Entomological Laboratory and Collection;;pp;"";""
10.5285/3b077711-f183-42f1-bac6-c892922c81f4;CULS;Czech University of Life Sciences Prague;Czech Hydrometeorological Institute;p;"";""
10.48580/dgs4f;PELC;P.E.L.C. - Private Entomological Laboratory and Collection;Finnish Museum of Natural History, University of Helsinki;pp;"";""
10.6084/m9.figshare.c.7885117.v1;Palacký University, Olomouc;Palacký University, Olomouc;Helmholtz-Zentrum Dresden-Rossendorf;p;"";""
10.48580/dgs4f;PELC;P.E.L.C. - Private Entomological Laboratory and Collection;;pp;"";""
10.48580/dgsv8;PELC;P.E.L.C. - Private Entomological Laboratory and Collection;;pp;"";""
10.48580/dgs4f;PELC;P.E.L.C. - Private Entomological Laboratory and Collection;;pp;"";""
10.5281/zenodo.14638896;VFN;General University Hospital in Prague;University of Milan;pp;"";""
10.48580/dgs4f;PELC;P.E.L.C. - Private Entomological Laboratory and Collection;;pp;"";""
10.48580/dgt98;PELC;P.E.L.C. - Private Entomological Laboratory and Collection;;pp;"";""
10.48580/dgs4f;PELC;P.E.L.C. - Private Entomological Laboratory and Collection;The Natural History Museum;pp;"";""
10.6084/m9.figshare.c.5923208.v1;CEITEC MU;Central European Institute of Technology – Masaryk University;Medical University of Vienna;p;"";""
10.6084/m9.figshare.c.7075282.v1;University Hospital in Motol;University Hospital in Motol;;p;"";""
10.5285/3b077711-f183-42f1-bac6-c892922c81f4;CULS;Czech University of Life Sciences Prague;UK Centre for Ecology & Hydrology;p;"";""
10.5281/zenodo.15154492;University Hospital Hradec Králové;University Hospital Hradec Králové;;p;"";""
10.5281/zenodo.11454277;CULS;Czech University of Life Sciences Prague;INRAE, UR EFNO, Nogent-sur-Vernisson, France;p;"";""
10.6084/m9.figshare.19470467.v1;CEITEC ;Central European Institute of Technology;Medical University of Vienna;p;"";""
10.15468/m97sd2;PELC;P.E.L.C. - Private Entomological Laboratory and Collection;Vlaams Instituut voor de Zee (VLIZ);pp;"";""
10.6084/m9.figshare.c.6787807.v1;Palacký University, Olomouc;Palacký University, Olomouc;German Cancer Research Center;p;"";""
10.6084/m9.figshare.c.7017686.v1;VFN;General University Hospital in Prague;Oslo University Hospital;pp;p;""
10.48580/dgt98;PELC;P.E.L.C. - Private Entomological Laboratory and Collection;;pp;"";""
10.6084/m9.figshare.c.6673915.v1;UPMD;Ústav pro péči o matku a dítě;National Institute of Public Health;pp;p;""
10.15468/m97sd2;PELC;P.E.L.C. - Private Entomological Laboratory and Collection;Real Jardín Botánico de Madrid, CSIC;pp;"";""
10.18434/mds2-3727;FZU;Institute of Physics;National Institute of Standards and Technology, Materials Measurement Laboratory;p;"";""
10.48580/dgtg4;PELC;P.E.L.C. - Private Entomological Laboratory and Collection;Muséum National d'Histoire Naturelle;pp;"";""
10.6084/m9.figshare.c.6728458.v1;University Hospital Brno;University Hospital Brno;Masaryk University;p;"";""
10.48580/dgsv8;PELC;P.E.L.C. - Private Entomological Laboratory and Collection;Oberostereichisches Landesmuseum;pp;"";""
10.14473/csda/9alxny/u4jimo;Institute of Philosophy;Institute of Philosophy;(International Center for Defense and Security, Tallinn, Estonia);pp;"";""
10.6084/m9.figshare.20035646.v1;IEB;Institute of Experimental Botany;Rothamsted Research;p;"";""
10.48580/dgtg4;PELC;P.E.L.C. - Private Entomological Laboratory and Collection;cE3c- Centre for Ecology, Evolution and Environmental Changes, Azorean Biodiversity Group, CHANGE – Global Change and Sustainability Institute, Faculty of Sciences and Technology, University of the Azores;pp;p;""
10.48580/dgtg4;PELC;P.E.L.C. - Private Entomological Laboratory and Collection;Natural History Museum, Zoology, University of Oslo;pp;"";""
10.48580/dgtg4;PELC;P.E.L.C. - Private Entomological Laboratory and Collection;Biodiversity Knowledge Integration Center, Arizona State University;pp;"";""
10.18419/darus-4117/3;ČVUT;Czech Technical University in Prague;Coll Coll;p;"";""
10.6084/m9.figshare.c.5837529.v2;CULS;Czech University of Life Sciences Prague;Chinese Academy of Sciences;p;"";""
10.6084/m9.figshare.c.6787408.v1;University Hospital Ostrava;University Hospital Ostrava;Masaryk University;p;"";""
10.48580/dgs4f;PELC;P.E.L.C. - Private Entomological Laboratory and Collection;;pp;"";""
10.15468/m97sd2;PELC;P.E.L.C. - Private Entomological Laboratory and Collection;US Geological Survey / Smithsonian Institution;pp;"";""
10.48580/dgs4f;PELC;P.E.L.C. - Private Entomological Laboratory and Collection;cE3c- Centre for Ecology, Evolution and Environmental Changes, Azorean Biodiversity Group, CHANGE – Global Change and Sustainability Institute, Faculty of Sciences and Technology, University of the Azores;pp;p;""
10.6084/m9.figshare.c.7017686.v1;VFN;General University Hospital in Prague;Maastricht University;pp;"";""
10.5281/zenodo.6421142;J. Heyrovsky Institute of Physical Chemistry;J. Heyrovsky Institute of Physical Chemistry;University of Bern, Bern, Switzerland;p;"";""
10.5281/zenodo.10680436;Jan Evangelista Purkyně University in Ústí nad Labem;Jan Evangelista Purkyně University in Ústí nad Labem;Norwegian Institute for Water Research (NIVA);p;"";""
10.6084/m9.figshare.c.6146679.v1;Biopticka Laborator (Czechia);Biopticka Laborator (Czechia);Charles University;p;"";""
10.6084/m9.figshare.c.7240904.v1;University Hospital Brno;University Hospital Brno;University of Thessaly;p;"";""
10.48580/dgsv8;PELC;P.E.L.C. - Private Entomological Laboratory and Collection;;pp;"";""
10.48580/dgtg4;PELC;P.E.L.C. - Private Entomological Laboratory and Collection;;pp;"";""
10.5061/dryad.sbcc2frj9;CRI;Crop Research Institute;University of Ghana;p;"";""
10.48580/dgtg4;PELC;P.E.L.C. - Private Entomological Laboratory and Collection;;pp;"";""
10.6084/m9.figshare.c.7295760.v1;NCA CR;Nature Conservation Agency of the Czech Republic;Institute of Microbiology;p;"";""
10.5281/zenodo.15792089;CULS;Czech University of Life Sciences Prague;Institute for Terrestrial and Aquatic Wildlife Research, University of Veterinary Medicine Hannover, Hannover, Germany;p;"";""
10.48580/dgs4f;PELC;P.E.L.C. - Private Entomological Laboratory and Collection;Division of Invertebrate Zoology, American Museum of Natural History;pp;"";""
10.5281/zenodo.11454277;CULS;Czech University of Life Sciences Prague;National Research Council, Institute of Bioeconomy, Rome, Italy;p;"";""
10.48580/dgtg4;PELC;P.E.L.C. - Private Entomological Laboratory and Collection;Asociación GAICA;pp;"";""
10.6084/m9.figshare.c.6068033.v1;CASRI;Sports Research Institute Of Czech Armed Forces;Charles University;p;"";""
10.6084/m9.figshare.c.7953063.v1;FNUSA;St. Anne´s University Hospital;;p;"";""
10.15468/m97sd2;PELC;P.E.L.C. - Private Entomological Laboratory and Collection;Pennsylvania State University;pp;p;""
10.48580/dgt98;PELC;P.E.L.C. - Private Entomological Laboratory and Collection;;pp;"";""
10.48580/dgtg4;PELC;P.E.L.C. - Private Entomological Laboratory and Collection;Sorbonne Paris Nord University;pp;p;""
10.6084/m9.figshare.c.6830133.v1;CEITEC ;Central European Institute of Technology;University of Ostrava;p;"";""
10.48580/dgs4f;PELC;P.E.L.C. - Private Entomological Laboratory and Collection;;pp;"";""
10.48580/dgtg4;PELC;P.E.L.C. - Private Entomological Laboratory and Collection;;pp;"";""
10.48580/dgt98;PELC;P.E.L.C. - Private Entomological Laboratory and Collection;GBIF;pp;"";""
10.48580/dgs4f;PELC;P.E.L.C. - Private Entomological Laboratory and Collection;;pp;"";""
10.5281/zenodo.10680436;CULS;Czech University of Life Sciences Prague;University of Amsterdam;p;"";""
10.6084/m9.figshare.c.7264690.v1;CEITEC MU;Central European Institute of Technology – Masaryk University;Masaryk University;p;"";""
10.6084/m9.figshare.c.5413891.v1;Palacký University, Olomouc;Palacký University, Olomouc;Biomedical Research Foundation of the Academy of Athens;p;"";""
10.15151/esrf-es-1830158808;FZU;Institute of Physics;Czech Academy of Science;p;"";""
10.5281/zenodo.8287792;CULS;Czech University of Life Sciences Prague;Norwegian Institute of Bioeconomy Research (NIBIO), Høgskoleveien 8, 1430 Ås Norway;p;"";""
10.6084/m9.figshare.c.6787807.v1;University Hospital Olomouc;University Hospital Olomouc;Erasmus MC;p;"";""
10.48580/dgt98;PELC;P.E.L.C. - Private Entomological Laboratory and Collection;;pp;"";""
10.48580/dgt98;PELC;P.E.L.C. - Private Entomological Laboratory and Collection;The Natural History Museum;pp;"";""
10.48580/dgsv8;PELC;P.E.L.C. - Private Entomological Laboratory and Collection;;pp;"";""
10.6084/m9.figshare.c.7149681.v1;Palacký University, Olomouc;Palacký University, Olomouc;Czech Academy of Sciences;p;"";""
10.48580/dgsv8;PELC;P.E.L.C. - Private Entomological Laboratory and Collection;Montgomery Botanical Center;pp;"";""
10.48580/dgsv8;PELC;P.E.L.C. - Private Entomological Laboratory and Collection;;pp;"";""
10.48580/dgt98;PELC;P.E.L.C. - Private Entomological Laboratory and Collection;;pp;"";""
10.5281/zenodo.6637599;CULS;Czech University of Life Sciences Prague;Laboratoire de Biomathématiques et d'Estimations Forestières, Faculté des Sciences Agronomiques, Université d'Abomey Calavi, Cotonou, Benin;p;"";""
10.6084/m9.figshare.c.5449871.v1;University Hospital Brno;University Hospital Brno;Janssen (United States);p;"";""
10.48580/dgt98;PELC;P.E.L.C. - Private Entomological Laboratory and Collection;Individual custodian in cooperation with the Botanical Garden of the Karlsruhe Institute of Technology;pp;p;""
10.6084/m9.figshare.c.7038268.v1;University Hospital Brno;University Hospital Brno;Institute of Haematology and Blood Transfusion;p;"";""
10.6084/m9.figshare.c.6926742.v1;FNUSA-ICRC;International Clinical Research Center of St. Anne's University Hospital Brno;Charité - University Medicine Berlin;p;"";""
10.6084/m9.figshare.c.5413891.v1;Palacký University, Olomouc;Palacký University, Olomouc;Medical University of Lodz;p;"";""
10.6084/m9.figshare.20341683.v1;University Hospital Brno;University Hospital Brno;;p;"";""
10.15468/m97sd2;PELC;P.E.L.C. - Private Entomological Laboratory and Collection;;pp;"";""
10.48580/dgt98;PELC;P.E.L.C. - Private Entomological Laboratory and Collection;;pp;"";""
10.15468/m97sd2;PELC;P.E.L.C. - Private Entomological Laboratory and Collection;;pp;"";""
10.6084/m9.figshare.c.7906234.v1;University Hospital Hradec Králové;University Hospital Hradec Králové;Umeå University;p;"";""
10.6084/m9.figshare.c.6872952.v1;Institute of Parasitology;Institute of Parasitology;Mendel University in Brno;p;"";""
10.6084/m9.figshare.c.6673915.v1;UPMD;Ústav pro péči o matku a dítě;National Institute of Public Health;pp;p;""
10.5281/zenodo.10680436;CULS;Czech University of Life Sciences Prague;Institute of Marine Sciences, National Research Council (CNR-ISMAR);p;"";""
10.48580/dgs4f;PELC;P.E.L.C. - Private Entomological Laboratory and Collection;;pp;"";""
10.6084/m9.figshare.c.7940448.v1;CULS;Czech University of Life Sciences Prague;;p;"";""
10.17632/pngtj6ymnp;Palacký University, Olomouc;Palacký University, Olomouc;Lunds Universitet Biologiska institutionen;p;"";""
10.48580/dgsv8;PELC;P.E.L.C. - Private Entomological Laboratory and Collection;;pp;"";""
10.5281/zenodo.10888833;Palacký University, Olomouc;Palacký University, Olomouc;;p;"";""
10.6084/m9.figshare.c.7801480.v1;CEITEC ;Central European Institute of Technology;Medical University of Vienna;p;"";""
10.18419/darus-4117/5;ČVUT;Czech Technical University in Prague;Czech University of Life Sciences;p;"";""
10.6084/m9.figshare.c.6792969.v1;University Hospital Brno;University Hospital Brno;Masaryk University;p;"";""
10.6084/m9.figshare.c.6787450.v1;CEITEC MU;Central European Institute of Technology – Masaryk University;Medical University of Vienna;p;"";""
10.6084/m9.figshare.c.7953063.v1;FNUSA;St. Anne´s University Hospital;University of Toronto;p;"";""
10.48580/dgsv8;PELC;P.E.L.C. - Private Entomological Laboratory and Collection;;pp;"";""
10.6084/m9.figshare.c.7940448.v1;CULS;Czech University of Life Sciences Prague;;p;"";""
10.14473/csda/wbooe4;Institute of Philosophy;Institute of Philosophy;(International Center for Defense and Security, Tallinn, Estonia);pp;"";""
10.6084/m9.figshare.c.6583742.v1;University Hospital Brno;University Hospital Brno;Tufts Medical Center;p;"";""
10.5281/zenodo.7275143;ITAM AS CR;Institute of Theoretical and Applied Mechanics;Institute for Building Materials, ETH Zurich, Switzerland;pp;"";""
10.48580/dgs4f;PELC;P.E.L.C. - Private Entomological Laboratory and Collection;Universidad de Magallanes;pp;"";""
10.6084/m9.figshare.c.7358677.v1;ÚKZÚZ;Central Institute for Supervising and Testing in Agriculture;University of Bonn;p;"";""
10.48580/dgtg4;PELC;P.E.L.C. - Private Entomological Laboratory and Collection;cE3c—Centre for Ecology, Evolution and Environmental Changes, CHANGE – Global Change and Sustainability Institute, Departamento de Biologia Animal, Faculdade de Ciências da Universidade de Lisboa;pp;p;""
10.15468/m97sd2;PELC;P.E.L.C. - Private Entomological Laboratory and Collection;;pp;"";""
10.48580/dgtg4;PELC;P.E.L.C. - Private Entomological Laboratory and Collection;Science Group, Natural History Museum;pp;p;""
10.15468/m97sd2;PELC;P.E.L.C. - Private Entomological Laboratory and Collection;;pp;"";""
10.48580/dgs4f;PELC;P.E.L.C. - Private Entomological Laboratory and Collection;;pp;"";""
10.48580/dgs4f;PELC;P.E.L.C. - Private Entomological Laboratory and Collection;Community Ecology, Zoological Institute, University of Bern;pp;"";""
10.48580/dgsv8;PELC;P.E.L.C. - Private Entomological Laboratory and Collection;;pp;"";""
10.48580/dgtg4;PELC;P.E.L.C. - Private Entomological Laboratory and Collection;Division of Invertebrate Zoology, American Museum of Natural History;pp;"";""
10.5285/3b077711-f183-42f1-bac6-c892922c81f4;CULS;Czech University of Life Sciences Prague;United States Geological Survey;p;"";""
10.5281/zenodo.16942982;VFN;General University Hospital in Prague;Department of Biomedicine, DBM Bioinformatics Core Facility, University of Basel, Switzerland;pp;p;""
10.48580/dgtg4;PELC;P.E.L.C. - Private Entomological Laboratory and Collection;;pp;"";""
10.5285/3b077711-f183-42f1-bac6-c892922c81f4;CULS;Czech University of Life Sciences Prague;UK Centre for Ecology & Hydrology;p;"";""
10.6084/m9.figshare.c.6629419.v1;Hospital Jihlava;Hospital Jihlava;University of Ostrava;p;"";""
10.15468/m97sd2;PELC;P.E.L.C. - Private Entomological Laboratory and Collection;Universidad Nacional de La Plata;pp;p;""
10.5281/zenodo.10888833;Palacký University, Olomouc;Palacký University, Olomouc;;p;"";""
10.48580/dgtg4;PELC;P.E.L.C. - Private Entomological Laboratory and Collection;;pp;"";""
10.48580/dgsv8;PELC;P.E.L.C. - Private Entomological Laboratory and Collection;French National Institute for Agriculture, Food, and Environment (INRAE);pp;"";""
10.48580/dgt98;PELC;P.E.L.C. - Private Entomological Laboratory and Collection;Biologiezentrum, Oberösterreichisches Landesmuseum;pp;"";""
10.48580/dgtg4;PELC;P.E.L.C. - Private Entomological Laboratory and Collection;;pp;"";""
10.6084/m9.figshare.c.7040196.v1;FNUSA;St. Anne´s University Hospital;University of Catania;p;"";""
10.6084/m9.figshare.19470467.v1;CEITEC ;Central European Institute of Technology;Center For Biomarker Research In Medicine;p;"";""
10.6084/m9.figshare.c.7732283.v1;FNUSA-ICRC;International Clinical Research Center of St. Anne's University Hospital Brno;Masaryk University;p;"";""
10.48580/dgs4f;PELC;P.E.L.C. - Private Entomological Laboratory and Collection;Universidad Arturo Prat;pp;p;""
10.6084/m9.figshare.c.6853696.v1;CULS;Czech University of Life Sciences Prague;Nazarbayev University;p;"";""
10.14278/rodare.1330;FZU;Institute of Physics;;p;"";""
10.5281/zenodo.15095308;Jan Evangelista Purkyně University in Ústí nad Labem;Jan Evangelista Purkyně University in Ústí nad Labem;Helmholtz Centre for Environmental Research;p;"";""
10.6084/m9.figshare.c.6982167.v1;University Hospital Brno;University Hospital Brno;Masaryk University;p;"";""
10.48580/dgtg4;PELC;P.E.L.C. - Private Entomological Laboratory and Collection;Universidad de Guadalajara;pp;"";""
10.5281/zenodo.4603685;Jan Evangelista Purkyně University in Ústí nad Labem;Jan Evangelista Purkyně University in Ústí nad Labem;University of Zagreb;p;"";""
10.6084/m9.figshare.20035643.v1;IEB;Institute of Experimental Botany;Rothamsted Research;p;"";""
10.5281/zenodo.10680436;CULS;Czech University of Life Sciences Prague;Ovidius University of Constanta;p;"";""
10.48580/dgsv8;PELC;P.E.L.C. - Private Entomological Laboratory and Collection;;pp;"";""
10.5281/zenodo.10888833;Palacký University, Olomouc;Palacký University, Olomouc;;p;"";""
10.48436/5042s-tkt46;FZU;Institute of Physics;TU Wien;p;"";""
10.60534/46qra-6bw98;Center for Advanced Preclinical Imaging (CAPI);Center for Advanced Preclinical Imaging (CAPI);Heinrich Heine Universität, Düsseldorf;pp;"";""
10.6084/m9.figshare.c.6592046.v1;FNUSA;St. Anne´s University Hospital;Masaryk University;p;"";""
10.5281/zenodo.15681034;CULS;Czech University of Life Sciences Prague;University of Zagreb;p;"";""
10.6084/m9.figshare.c.7953063.v1;FNUSA;St. Anne´s University Hospital;Medical University of Vienna;p;"";""
10.48580/dgt98;PELC;P.E.L.C. - Private Entomological Laboratory and Collection;;pp;"";""
10.6084/m9.figshare.c.7075180.v1;Palacký University, Olomouc;Palacký University, Olomouc;Mendel University in Brno;p;"";""
10.6084/m9.figshare.c.7372004.v1;FNUSA-ICRC;International Clinical Research Center of St. Anne's University Hospital Brno;Masaryk University;p;"";""
10.5281/zenodo.14638896;VFN;General University Hospital in Prague;University of Milan;pp;"";""
10.6084/m9.figshare.c.7040196.v1;Palacký University, Olomouc;Palacký University, Olomouc;University of Ljubljana;p;"";""
10.6084/m9.figshare.c.6037946.v1;IEB;Institute of Experimental Botany;Rothamsted Research;p;"";""
10.48580/dgs4f;PELC;P.E.L.C. - Private Entomological Laboratory and Collection;;pp;"";""
10.48580/dgt98;PELC;P.E.L.C. - Private Entomological Laboratory and Collection;;pp;"";""
10.6084/m9.figshare.c.7726012.v1;Palacký University, Olomouc;Palacký University, Olomouc;Foro Italico University of Rome;p;"";""
10.48580/dgt98;PELC;P.E.L.C. - Private Entomological Laboratory and Collection;;pp;"";""
10.48580/dgt98;PELC;P.E.L.C. - Private Entomological Laboratory and Collection;;pp;"";""
10.6084/m9.figshare.c.7392838.v1;University Hospital Brno;University Hospital Brno;Medical University of Vienna;p;"";""
10.5281/zenodo.15154492;University Hospital Hradec Králové;University Hospital Hradec Králové;;p;"";""
10.6084/m9.figshare.c.6830133.v1;CEITEC ;Central European Institute of Technology;University of Ostrava;p;"";""
10.6084/m9.figshare.20341686.v1;University Hospital Brno;University Hospital Brno;Masaryk University;p;"";""
10.6084/m9.figshare.c.6317120.v1;VFN;General University Hospital in Prague;Institut Català d'Oncologia;pp;"";""
10.48580/dgt98;PELC;P.E.L.C. - Private Entomological Laboratory and Collection;Arizona State University;pp;"";""
10.6084/m9.figshare.c.6629419.v1;Fakultní Nemocnice Plzeň;Fakultní Nemocnice Plzeň;Masaryk University;p;"";""
10.6084/m9.figshare.c.7409075.v1;University Hospital Brno;University Hospital Brno;Masaryk University;p;"";""
10.48580/dgtg4;PELC;P.E.L.C. - Private Entomological Laboratory and Collection;;pp;"";""
10.5281/zenodo.10680436;Jan Evangelista Purkyně University in Ústí nad Labem;Jan Evangelista Purkyně University in Ústí nad Labem;Research Institute Nature and Forest (INBO);p;"";""
10.14473/csda/nyxqpt/o3clj1;Institute of Philosophy;Institute of Philosophy;(Tel Aviv University);pp;"";""
10.48580/dgtg4;PELC;P.E.L.C. - Private Entomological Laboratory and Collection;Asociación Colombiana de Ornitología;pp;"";""
10.5281/zenodo.14017853;CULS;Czech University of Life Sciences Prague;National Research Council;p;"";""
10.15468/m97sd2;PELC;P.E.L.C. - Private Entomological Laboratory and Collection;Max Planck Institute;pp;p;""
10.6084/m9.figshare.c.5413891.v1;Palacký University, Olomouc;Palacký University, Olomouc;Danish Cancer Society;p;"";""
10.48580/dgtg4;PELC;P.E.L.C. - Private Entomological Laboratory and Collection;;pp;"";""
10.5281/zenodo.10888833;Palacký University, Olomouc;Palacký University, Olomouc;;p;"";""
10.48580/dgt98;PELC;P.E.L.C. - Private Entomological Laboratory and Collection;;pp;"";""
10.6084/m9.figshare.c.7206675.v1;CULS;Czech University of Life Sciences Prague;Masaryk University;p;"";""
10.15468/m97sd2;PELC;P.E.L.C. - Private Entomological Laboratory and Collection;;pp;"";""
10.15468/m97sd2;PELC;P.E.L.C. - Private Entomological Laboratory and Collection;BrachNet;pp;"";""
10.6084/m9.figshare.c.6787450.v1;CEITEC ;Central European Institute of Technology;Innsbruck Medical University;p;"";""
10.5281/zenodo.4601450;CULS;Czech University of Life Sciences Prague;Czech University of Life Sciences;p;"";""
10.6084/m9.figshare.c.6792969.v1;University Hospital Hradec Králové;University Hospital Hradec Králové;;p;"";""
10.48580/dgsv8;PELC;P.E.L.C. - Private Entomological Laboratory and Collection;;pp;"";""
10.48580/dgs4f;PELC;P.E.L.C. - Private Entomological Laboratory and Collection;División Entomología, Museo de La Plata;pp;p;""
10.15468/m97sd2;PELC;P.E.L.C. - Private Entomological Laboratory and Collection;;pp;"";""
10.5281/zenodo.10888833;Palacký University, Olomouc;Palacký University, Olomouc;;p;"";""
10.48580/dgsv8;PELC;P.E.L.C. - Private Entomological Laboratory and Collection;University of Gdansk;pp;"";""
10.6084/m9.figshare.c.7215790.v1;CULS;Czech University of Life Sciences Prague;Guizhou Minzu University;p;"";""
10.6084/m9.figshare.c.7149681.v1;VFN;General University Hospital in Prague;University of Economics Prague;pp;p;""
10.6084/m9.figshare.c.7953063.v1;FNUSA-ICRC;International Clinical Research Center of St. Anne's University Hospital Brno;Western Sydney University;p;"";""
10.48580/dgsv8;PELC;P.E.L.C. - Private Entomological Laboratory and Collection;The Royal Botanic Gardens, Kew;pp;"";""
10.6084/m9.figshare.c.6711871.v1;University Hospital Hradec Králové;University Hospital Hradec Králové;Charles University;p;"";""
10.48580/dgs4f;PELC;P.E.L.C. - Private Entomological Laboratory and Collection;"University of Rome ""Sapienza""";pp;p;""
10.6084/m9.figshare.c.7828330.v1;CEITEC ;Central European Institute of Technology;University of Tartu;p;"";""
10.48580/dgs4f;PELC;P.E.L.C. - Private Entomological Laboratory and Collection;;pp;"";""
10.6084/m9.figshare.c.7976865.v1;University Hospital Hradec Králové;University Hospital Hradec Králové;Charles University;p;"";""
10.48580/dgtg4;PELC;P.E.L.C. - Private Entomological Laboratory and Collection;;pp;"";""
10.14278/rodare.1330;FZU;Institute of Physics;;p;"";""
10.48580/dgs4f;PELC;P.E.L.C. - Private Entomological Laboratory and Collection;;pp;"";""
10.15468/m97sd2;PELC;P.E.L.C. - Private Entomological Laboratory and Collection;;pp;"";""
10.6084/m9.figshare.c.7040196.v1;FNUSA-ICRC;International Clinical Research Center of St. Anne's University Hospital Brno;University of Ljubljana;p;"";""
10.48580/dgt98;PELC;P.E.L.C. - Private Entomological Laboratory and Collection;Division of Invertebrate Zoology, American Museum of Natural History;pp;"";""
10.6084/m9.figshare.c.6585379.v1;University Hospital Brno;University Hospital Brno;University of Oslo;p;"";""
10.6084/m9.figshare.c.7038268.v1;University Hospital Brno;University Hospital Brno;Charles University;p;"";""
10.48580/dgtg4;PELC;P.E.L.C. - Private Entomological Laboratory and Collection;;pp;"";""
10.48580/dgs4f;PELC;P.E.L.C. - Private Entomological Laboratory and Collection;Missouri Botanical Garden;pp;"";""
10.48580/dgsv8;PELC;P.E.L.C. - Private Entomological Laboratory and Collection;;pp;"";""
10.5281/zenodo.10680436;Jan Evangelista Purkyně University in Ústí nad Labem;Jan Evangelista Purkyně University in Ústí nad Labem;Cavanilles Institute of Biodiversity and Evolutionary Biology, University of Valencia;p;"";""
10.48580/dgs4f;PELC;P.E.L.C. - Private Entomological Laboratory and Collection;Sorbonne Paris Nord University;pp;p;""
10.48580/dgsv8;PELC;P.E.L.C. - Private Entomological Laboratory and Collection;;pp;"";""
10.5281/zenodo.10680436;Jan Evangelista Purkyně University in Ústí nad Labem;Jan Evangelista Purkyně University in Ústí nad Labem;Norwegian Institute for Nature Research (NINA);p;"";""
10.48580/dgtg4;PELC;P.E.L.C. - Private Entomological Laboratory and Collection;Institut National de la Recherche Agronomique, SCRIBE, IFR 140, Campus de Beaulieu;pp;p;""
10.5281/zenodo.10680436;CULS;Czech University of Life Sciences Prague;UK Centre for Ecology & Hydrology;p;"";""
10.6084/m9.figshare.c.6778873.v1;Palacký University, Olomouc;Palacký University, Olomouc;Technical University of Ostrava;p;"";""
10.6084/m9.figshare.c.7828330.v1;CEITEC MU;Central European Institute of Technology – Masaryk University;Flemish Organization for Immovable Heritage;p;"";""
10.15468/m97sd2;PELC;P.E.L.C. - Private Entomological Laboratory and Collection;;pp;"";""
10.48580/dgs4f;PELC;P.E.L.C. - Private Entomological Laboratory and Collection;;pp;"";""
10.48580/dgt98;PELC;P.E.L.C. - Private Entomological Laboratory and Collection;;pp;"";""
10.48580/dgt98;PELC;P.E.L.C. - Private Entomological Laboratory and Collection;;pp;"";""
10.6084/m9.figshare.c.7232063.v1;University Hospital Hradec Králové;University Hospital Hradec Králové;University of Hradec Králové;p;"";""
10.48580/dgs4f;PELC;P.E.L.C. - Private Entomological Laboratory and Collection;Helmholtz Centre for Environmental Research – UFZ, Department of Community Ecology;pp;p;""
10.5061/dryad.sbcc2frj9;CRI;Crop Research Institute;University of Ghana;p;"";""
10.6084/m9.figshare.c.6711871.v1;Jan Evangelista Purkyně University in Ústí nad Labem;Jan Evangelista Purkyně University in Ústí nad Labem;Charles University;p;"";""
10.6084/m9.figshare.c.6830133.v1;University Hospital Ostrava;University Hospital Ostrava;Slovak Academy of Sciences;p;"";""
10.48580/dgsv8;PELC;P.E.L.C. - Private Entomological Laboratory and Collection;;pp;"";""
10.48580/dgs4f;PELC;P.E.L.C. - Private Entomological Laboratory and Collection;School of Biological Sciences (Tamaki Campus), University of Auckland;pp;p;""
10.48580/dgt98;PELC;P.E.L.C. - Private Entomological Laboratory and Collection;;pp;"";""
10.5281/zenodo.10680436;CULS;Czech University of Life Sciences Prague;Norwegian Institute for Water Research (NIVA);p;"";""
10.6084/m9.figshare.c.6319614.v1;IKEM;Institute of Clinical and Experimental Medicine;Charles University;p;"";""
10.5281/zenodo.7908650;CULS;Czech University of Life Sciences Prague;Czech University of Life Sciences;p;"";""
10.14278/rodare.1330;IPP;Institute of Plasma Physics;;pp;"";""
10.48580/dgt98;PELC;P.E.L.C. - Private Entomological Laboratory and Collection;;pp;"";""
10.6084/m9.figshare.c.6787807.v1;University Hospital Olomouc;University Hospital Olomouc;University of Warsaw;p;"";""
10.6084/m9.figshare.c.6830133.v1;CEITEC ;Central European Institute of Technology;University of Ostrava;p;"";""
10.6084/m9.figshare.c.6317120.v1;VFN;General University Hospital in Prague;UMIT - Private Universität für Gesundheitswissenschaften, Medizinische Informatik und Technik;pp;p;""
10.57760/sciencedb.j00104.00084;ČVUT;Czech Technical University in Prague;Technische Universität Wien;p;"";""
10.48580/dgt98;PELC;P.E.L.C. - Private Entomological Laboratory and Collection;;pp;"";""
10.48580/dgs4f;PELC;P.E.L.C. - Private Entomological Laboratory and Collection;;pp;"";""
10.5281/zenodo.10680436;CULS;Czech University of Life Sciences Prague;Institute of Biodiversity, Friedrich Schiller University Jena;p;"";""
10.48580/dgs4f;PELC;P.E.L.C. - Private Entomological Laboratory and Collection;teresa.cunha@ec.europa.eu;pp;p;""
10.48580/dgs4f;PELC;P.E.L.C. - Private Entomological Laboratory and Collection;;pp;"";""
10.5281/zenodo.6382216;CULS;Czech University of Life Sciences Prague;Aarhus University;p;"";""
10.48580/dgtg4;PELC;P.E.L.C. - Private Entomological Laboratory and Collection;Canadian National Collection of Insects, Arachnids and Nematodes, Agriculture and Agri-Food Canada;pp;"";""
10.6084/m9.figshare.c.7801480.v1;CEITEC MU;Central European Institute of Technology – Masaryk University;Umeå University;p;"";""
10.6084/m9.figshare.20484741.v1;Biopticka Laborator (Czechia);Biopticka Laborator (Czechia);Charles University;p;"";""
10.15468/m97sd2;PELC;P.E.L.C. - Private Entomological Laboratory and Collection;;pp;"";""
10.48580/dgs4f;PELC;P.E.L.C. - Private Entomological Laboratory and Collection;;pp;"";""
10.48580/dgtg4;PELC;P.E.L.C. - Private Entomological Laboratory and Collection;Entomological Laboratory, Graduate School of Bioresource and Bioenvironmental Sciences, Kyushu University;pp;"";""
10.48580/dgtg4;PELC;P.E.L.C. - Private Entomological Laboratory and Collection;Natural History Museum;pp;"";""
10.48580/dgtg4;PELC;P.E.L.C. - Private Entomological Laboratory and Collection;;pp;"";""
10.6084/m9.figshare.c.6770757.v1;VFU;University of Veterinary and Pharmaceutical Sciences;Mendel University in Brno;p;"";""
10.6084/m9.figshare.c.6319614.v1;IKEM;Institute of Clinical and Experimental Medicine;Charles University;p;"";""
10.15468/m97sd2;PELC;P.E.L.C. - Private Entomological Laboratory and Collection;Natural History Museum;pp;"";""
10.48580/dgtg4;PELC;P.E.L.C. - Private Entomological Laboratory and Collection;;pp;"";""
10.15468/m97sd2;PELC;P.E.L.C. - Private Entomological Laboratory and Collection;;pp;"";""
10.48580/dgs4f;PELC;P.E.L.C. - Private Entomological Laboratory and Collection;;pp;"";""
10.18419/darus-4117;CULS;Czech University of Life Sciences Prague;Universität Stuttgart;p;"";""
10.48580/dgsv8;PELC;P.E.L.C. - Private Entomological Laboratory and Collection;;pp;"";""
10.15468/m97sd2;PELC;P.E.L.C. - Private Entomological Laboratory and Collection;University of British Columbia;pp;"";""
10.6084/m9.figshare.c.7264690.v1;CEITEC ;Central European Institute of Technology;Masaryk University;p;"";""
10.14473/csda/nyxqpt/avvhwb;Institute of Philosophy;Institute of Philosophy;(International Center for Defense and Security, Tallinn, Estonia);pp;"";""
10.5281/zenodo.15154495;University Hospital Hradec Králové;University Hospital Hradec Králové;;p;"";""
10.15468/hv3p8a;CRI;Crop Research Institute;Agency for Nature and Forest (ANB), LIFE DUNIAS;p;"";""
10.15468/m97sd2;PELC;P.E.L.C. - Private Entomological Laboratory and Collection;;pp;"";""
10.48580/dgtg4;PELC;P.E.L.C. - Private Entomological Laboratory and Collection;;pp;"";""
10.48580/dgsv8;PELC;P.E.L.C. - Private Entomological Laboratory and Collection;;pp;"";""
10.6084/m9.figshare.c.7206675.v1;Palacký University, Olomouc;Palacký University, Olomouc;Charles University;p;"";""
10.48580/dgtg4;PELC;P.E.L.C. - Private Entomological Laboratory and Collection;Universidad de Caldas;pp;"";""
10.48580/dgs4f;PELC;P.E.L.C. - Private Entomological Laboratory and Collection;;pp;"";""
10.5281/zenodo.14019130;CULS;Czech University of Life Sciences Prague;Wageningen University & Research;p;"";""
10.5281/zenodo.10680436;CULS;Czech University of Life Sciences Prague;ICTS-RBD, Estación Biológica de Doñana-CSIC;p;"";""
10.6084/m9.figshare.c.7149681.v1;VSE;University of Economics Prague;Charles University;p;"";""
10.6084/m9.figshare.c.7075282.v1;University Hospital in Motol;University Hospital in Motol;Erasmus MC;p;"";""
10.15468/m97sd2;PELC;P.E.L.C. - Private Entomological Laboratory and Collection;Natural History Museum;pp;"";""
10.5281/zenodo.15069069;Institute of Experimental Medicine;Institute of Experimental Medicine;Gustave Roussy, Villejuif, France;p;"";""
10.6084/m9.figshare.c.6872952.v1;Palacký University, Olomouc;Palacký University, Olomouc;Mendel University in Brno;p;"";""
10.5281/zenodo.5711706;CULS;Czech University of Life Sciences Prague;Trinity College Dublin;p;"";""
10.6084/m9.figshare.c.6847082.v1;Palacký University, Olomouc;Palacký University, Olomouc;University of Silesia;p;"";""
10.48580/dgtg4;PELC;P.E.L.C. - Private Entomological Laboratory and Collection;;pp;"";""
10.6084/m9.figshare.c.7563934.v1;Palacký University, Olomouc;Palacký University, Olomouc;University of California, San Diego;p;"";""
10.48580/dgtg4;PELC;P.E.L.C. - Private Entomological Laboratory and Collection;;pp;"";""
10.15468/m97sd2;PELC;P.E.L.C. - Private Entomological Laboratory and Collection;;pp;"";""
10.15468/m97sd2;PELC;P.E.L.C. - Private Entomological Laboratory and Collection;;pp;"";""
10.5281/zenodo.17083924;CULS;Czech University of Life Sciences Prague;Ilia State University;p;"";""
10.6084/m9.figshare.c.6830133.v1;CEITEC MU;Central European Institute of Technology – Masaryk University;Charles University;p;"";""
10.48580/dgs4f;PELC;P.E.L.C. - Private Entomological Laboratory and Collection;Fundación Biodiversa Colombia, Institute of Microbiology, ETH Zürich, Switzerland;pp;"";""
10.48580/dgtg4;PELC;P.E.L.C. - Private Entomological Laboratory and Collection;;pp;"";""
10.15468/m97sd2;PELC;P.E.L.C. - Private Entomological Laboratory and Collection;The Natural History Museum;pp;"";""
10.5281/zenodo.5711706;CULS;Czech University of Life Sciences Prague;Mendel University;p;"";""
10.6084/m9.figshare.c.7040196.v1;Palacký University, Olomouc;Palacký University, Olomouc;University of Catania;p;"";""
10.48580/dgs4f;PELC;P.E.L.C. - Private Entomological Laboratory and Collection;;pp;"";""
10.48580/dgt98;PELC;P.E.L.C. - Private Entomological Laboratory and Collection;;pp;"";""
10.6084/m9.figshare.c.6806308.v1;Public Health Institute Ostrava;Public Health Institute Ostrava;;p;"";""
10.48580/dgtg4;PELC;P.E.L.C. - Private Entomological Laboratory and Collection;;pp;"";""
10.18419/darus-4117/15;ČVUT;Czech Technical University in Prague;Coll Coll;p;"";""
10.5281/zenodo.10888833;Palacký University, Olomouc;Palacký University, Olomouc;;p;"";""
10.48580/dgt98;PELC;P.E.L.C. - Private Entomological Laboratory and Collection;Pennsylvania State University;pp;p;""
10.48580/dgt98;PELC;P.E.L.C. - Private Entomological Laboratory and Collection;;pp;"";""
10.6084/m9.figshare.c.7514541.v1;CULS;Czech University of Life Sciences Prague;University of Duisburg-Essen;p;"";""
10.6084/m9.figshare.c.7278936.v1;Palacký University, Olomouc;Palacký University, Olomouc;Deakin University;p;"";""
10.6084/m9.figshare.c.7295760.v1;NCA CR;Nature Conservation Agency of the Czech Republic;Institute of Microbiology;p;"";""
10.48580/dgt98;PELC;P.E.L.C. - Private Entomological Laboratory and Collection;;pp;"";""
10.5281/zenodo.5711706;CULS;Czech University of Life Sciences Prague;University College Dublin;p;"";""
10.6084/m9.figshare.19470467.v1;CEITEC ;Central European Institute of Technology;Medical University of Vienna;p;"";""
10.48580/dgtg4;PELC;P.E.L.C. - Private Entomological Laboratory and Collection;Institut National de la Recherche Agronomique, Domaine de la Grande Ferrade, UMR 1202 BIOGECO, Pathologie forestière;pp;p;""
10.48580/dgt98;PELC;P.E.L.C. - Private Entomological Laboratory and Collection;;pp;"";""
10.5281/zenodo.6035345;University Hospital in Motol;University Hospital in Motol;;p;"";""
10.6084/m9.figshare.c.6787450.v1;CEITEC ;Central European Institute of Technology;Karl Landsteiner University of Health Sciences;p;"";""
10.48580/dgsv8;PELC;P.E.L.C. - Private Entomological Laboratory and Collection;;pp;"";""
10.6084/m9.figshare.c.7279053.v1;Palacký University, Olomouc;Palacký University, Olomouc;Charles University;p;"";""
10.6084/m9.figshare.c.6785308.v1;Comenius Museum in Přerov;Comenius Museum in Přerov;Hebei Normal University;p;"";""
10.5281/zenodo.16410976;FZU;Institute of Physics;Taiwan Instrument Research Institute;p;"";""
10.48580/dgsv8;PELC;P.E.L.C. - Private Entomological Laboratory and Collection;Science Group, Natural History Museum;pp;p;""
10.5281/zenodo.17083924;CULS;Czech University of Life Sciences Prague;;p;"";""
10.5281/zenodo.15137980;CRI;Crop Research Institute;Rudolfstetten, Switzerland;p;"";""
10.6084/m9.figshare.c.6830133.v1;CEITEC MU;Central European Institute of Technology – Masaryk University;University of Ostrava;p;"";""
10.6084/m9.figshare.c.6792969.v1;University Hospital Brno;University Hospital Brno;Charles University;p;"";""
10.15468/m97sd2;PELC;P.E.L.C. - Private Entomological Laboratory and Collection;;pp;"";""
10.48580/dgsv8;PELC;P.E.L.C. - Private Entomological Laboratory and Collection;;pp;"";""
10.48580/dgsv8;PELC;P.E.L.C. - Private Entomological Laboratory and Collection;;pp;"";""
10.14473/csda/9alxny/hi39z0;Institute of Philosophy;Institute of Philosophy;(Tel Aviv University);pp;"";""
10.6084/m9.figshare.c.7953063.v1;FNUSA-ICRC;International Clinical Research Center of St. Anne's University Hospital Brno;Masaryk University;p;"";""
10.48580/dgtg4;PELC;P.E.L.C. - Private Entomological Laboratory and Collection;;pp;"";""
10.5281/zenodo.14094542;ČVUT;Czech Technical University in Prague;University of Chemistry and Technology;p;"";""
10.48580/dgt98;PELC;P.E.L.C. - Private Entomological Laboratory and Collection;Illinois Natural History Survey, University of Illinois;pp;"";""
10.6084/m9.figshare.24131367.v2;Palacký University, Olomouc;Palacký University, Olomouc;;p;"";""
10.6084/m9.figshare.c.7828330.v1;CEITEC MU;Central European Institute of Technology – Masaryk University;;p;"";""
10.6084/m9.figshare.c.6958017.v1;CEITEC MU;Central European Institute of Technology – Masaryk University;Masaryk University;p;"";""
10.5281/zenodo.10680436;Jan Evangelista Purkyně University in Ústí nad Labem;Jan Evangelista Purkyně University in Ústí nad Labem;Université catholique de Louvain;p;"";""
10.6084/m9.figshare.c.7801480.v1;CEITEC MU;Central European Institute of Technology – Masaryk University;Swedish University of Agricultural Sciences;p;"";""
10.6084/m9.figshare.c.6690909.v1;VFN;General University Hospital in Prague;Charles University;pp;"";""
10.48580/dgt98;PELC;P.E.L.C. - Private Entomological Laboratory and Collection;;pp;"";""
10.48580/dgt98;PELC;P.E.L.C. - Private Entomological Laboratory and Collection;;pp;"";""
10.48580/dgtg4;PELC;P.E.L.C. - Private Entomological Laboratory and Collection;University of Ljubljana / Butterfly Conservation Europe (BCE);pp;p;""
10.48580/dgs4f;PELC;P.E.L.C. - Private Entomological Laboratory and Collection;MNHN - UMS 2006 Patrimoine Naturel;pp;p;""
10.57760/sciencedb.j00104.00084;ČVUT;Czech Technical University in Prague;Belmont Forum;p;"";""
10.5281/zenodo.7415164;CRI;Crop Research Institute;Research Institute for Soil Science and Agrochemistry;p;"";""
10.5281/zenodo.10888833;Palacký University, Olomouc;Palacký University, Olomouc;;p;"";""
10.6084/m9.figshare.c.6926742.v1;FNUSA-ICRC;International Clinical Research Center of St. Anne's University Hospital Brno;Mouse Clinical Insitute;p;"";""
10.5281/zenodo.10818591;CULS;Czech University of Life Sciences Prague;Institute of Meteorology, Freie Universität Berlin, Berlin, Germany;p;"";""
10.6084/m9.figshare.c.7206675.v1;VFU;University of Veterinary and Pharmaceutical Sciences;Masaryk University;p;"";""
10.5281/zenodo.15064532;CULS;Czech University of Life Sciences Prague;University of Zagreb;p;"";""
10.5281/zenodo.10680436;CULS;Czech University of Life Sciences Prague;Council for Agricultural Research and Economics, Research Centre for Forestry and Wood (CREA-FL);p;"";""
10.6084/m9.figshare.c.7953063.v1;FNUSA-ICRC;International Clinical Research Center of St. Anne's University Hospital Brno;Jagiellonian University;p;"";""
10.48580/dgtg4;PELC;P.E.L.C. - Private Entomological Laboratory and Collection;;pp;"";""
10.48580/dgs4f;PELC;P.E.L.C. - Private Entomological Laboratory and Collection;Facultad de Ciencias, UNAM;pp;"";""
10.6084/m9.figshare.c.7595338.v1;University Hospital Brno;University Hospital Brno;Mendel University in Brno;p;"";""
10.48580/dgt98;PELC;P.E.L.C. - Private Entomological Laboratory and Collection;;pp;"";""
10.6084/m9.figshare.c.5923208.v1;CEITEC MU;Central European Institute of Technology – Masaryk University;Innsbruck Medical University;p;"";""
10.6084/m9.figshare.c.7801480.v1;CEITEC ;Central European Institute of Technology;University of Vienna;p;"";""
10.15468/m97sd2;PELC;P.E.L.C. - Private Entomological Laboratory and Collection;Montgomery Botanical Center;pp;"";""
10.5281/zenodo.13993402;Palacký University, Olomouc;Palacký University, Olomouc;Vysoká škola báňská - Technická univerzita Ostrava;p;"";""
10.5285/3b077711-f183-42f1-bac6-c892922c81f4;CULS;Czech University of Life Sciences Prague;UK Centre for Ecology & Hydrology;p;"";""
10.6084/m9.figshare.c.6184902.v1;IPVZ;Institute for Postgraduate Medical Education;Charles University;p;"";""
10.48580/dgtg4;PELC;P.E.L.C. - Private Entomological Laboratory and Collection;;pp;"";""
10.5281/zenodo.10888833;Palacký University, Olomouc;Palacký University, Olomouc;Jagiellonian University;p;"";""
10.15468/m97sd2;PELC;P.E.L.C. - Private Entomological Laboratory and Collection;;pp;"";""
10.6084/m9.figshare.20035646.v1;Palacký University, Olomouc;Palacký University, Olomouc;Rothamsted Research;p;"";""
10.48580/dgtg4;PELC;P.E.L.C. - Private Entomological Laboratory and Collection;;pp;"";""
10.6084/m9.figshare.c.6780806.v1;FNUSA;St. Anne´s University Hospital;;p;"";""
10.5061/dryad.vmcvdncsz;IEB;Institute of Experimental Botany;Voronezh State University;p;"";""
10.6084/m9.figshare.c.6018502.v1;CULS;Czech University of Life Sciences Prague;Okinawa Institute of Science and Technology;p;"";""
10.48580/dgs4f;PELC;P.E.L.C. - Private Entomological Laboratory and Collection;;pp;"";""
10.5281/zenodo.10680436;Jan Evangelista Purkyně University in Ústí nad Labem;Jan Evangelista Purkyně University in Ústí nad Labem;Deltares;p;"";""
10.6084/m9.figshare.c.7811402.v1;University Hospital Brno;University Hospital Brno;Masaryk University;p;"";""
10.6084/m9.figshare.c.6585787.v1;University Hospital in Motol;University Hospital in Motol;Queen Mary University of London;p;"";""
10.6084/m9.figshare.c.7190610.v1;Fakultní Nemocnice Plzeň;Fakultní Nemocnice Plzeň;Charles University;p;"";""
10.5281/zenodo.13897824;FZU;Institute of Physics;;p;"";""
10.6084/m9.figshare.c.7279053.v1;Palacký University, Olomouc;Palacký University, Olomouc;Charles University;p;"";""
10.6084/m9.figshare.c.6770757.v1;Palacký University, Olomouc;Palacký University, Olomouc;Mendel University in Brno;p;"";""
10.5281/zenodo.15064532;CULS;Czech University of Life Sciences Prague;Wageningen University;p;"";""
10.5281/zenodo.10949371;University Hospital Hradec Králové;University Hospital Hradec Králové;National Institute of Mental Health;p;"";""
10.5285/3b077711-f183-42f1-bac6-c892922c81f4;CULS;Czech University of Life Sciences Prague;Warsaw University of Life Sciences;p;"";""
10.48580/dgt98;PELC;P.E.L.C. - Private Entomological Laboratory and Collection;Key Laboratory of Animal Ecology and Conservation Biology, Chinese Academy of Sciences;pp;"";""
10.48580/dgs4f;PELC;P.E.L.C. - Private Entomological Laboratory and Collection;;pp;"";""
10.5281/zenodo.13884524;CEITEC ;Central European Institute of Technology;Faculty of Chemistry and Chemical Technology, University of Ljubljana;p;"";""
10.48580/dgt98;PELC;P.E.L.C. - Private Entomological Laboratory and Collection;;pp;"";""
10.6084/m9.figshare.c.6585379.v1;University Hospital Brno;University Hospital Brno;University of Bergen;p;"";""
10.5281/zenodo.4603685;Jan Evangelista Purkyně University in Ústí nad Labem;Jan Evangelista Purkyně University in Ústí nad Labem;Thuenen Institute of International Forestry and Forest Economics;p;"";""
10.14473/csda/wbooe4/3ylzfp;Institute of Philosophy;Institute of Philosophy;(Tel Aviv University);pp;"";""
10.15468/m97sd2;PELC;P.E.L.C. - Private Entomological Laboratory and Collection;;pp;"";""
10.48580/dgtg4;PELC;P.E.L.C. - Private Entomological Laboratory and Collection;;pp;"";""
10.6084/m9.figshare.c.6596467.v1;IKEM;Institute of Clinical and Experimental Medicine;TU Dresden;p;"";""
10.6084/m9.figshare.c.6787450.v1;CEITEC ;Central European Institute of Technology;Università della Svizzera Italiana;p;"";""
10.5281/zenodo.5615357;CULS;Czech University of Life Sciences Prague;Georges Lemaître Centre for Earth and Climate Research, Earth and Life Institute, Université Catholique de Louvain, 1348 Louvain-la-Neuve, Belgium;p;"";""
10.48580/dgsv8;PELC;P.E.L.C. - Private Entomological Laboratory and Collection;;pp;"";""
10.6084/m9.figshare.c.7823284.v1;Palacký University, Olomouc;Palacký University, Olomouc;Auckland University of Technology;p;"";""
10.15468/m97sd2;PELC;P.E.L.C. - Private Entomological Laboratory and Collection;The Natural History Museum;pp;"";""
10.6084/m9.figshare.20484741.v1;Biopticka Laborator (Czechia);Biopticka Laborator (Czechia);Charles University;p;"";""
10.6084/m9.figshare.c.6629419.v1;Hospital Jihlava;Hospital Jihlava;;p;"";""
10.6084/m9.figshare.c.7307920.v1;IKEM;Institute of Clinical and Experimental Medicine;Charles University;p;"";""
10.15468/m97sd2;PELC;P.E.L.C. - Private Entomological Laboratory and Collection;University of Illinois;pp;"";""
10.6084/m9.figshare.c.7658291.v1;University Hospital Brno;University Hospital Brno;Masaryk University;p;"";""
10.6084/m9.figshare.c.6787807.v1;Palacký University, Olomouc;Palacký University, Olomouc;Semmelweis University;p;"";""
10.18419/darus-4117/16;ČVUT;Czech Technical University in Prague;Coll Coll;p;"";""
10.6084/m9.figshare.c.7040196.v1;FNUSA;St. Anne´s University Hospital;University of Ljubljana;p;"";""
10.48580/dgs4f;PELC;P.E.L.C. - Private Entomological Laboratory and Collection;Individual custodian in cooperation with the Botanical Garden of the Karlsruhe Institute of Technology;pp;p;""
10.7910/dvn/5de1lc;MUP;Metropolitan University Prague;Istanbul Aydın University;pp;"";""
10.6084/m9.figshare.c.6872952.v1;VFU;University of Veterinary and Pharmaceutical Sciences;Institute of Vertebrate Biology;p;"";""
10.48580/dgtg4;PELC;P.E.L.C. - Private Entomological Laboratory and Collection;Vlaams Instituut voor de Zee (VLIZ);pp;"";""
10.48580/dgs4f;PELC;P.E.L.C. - Private Entomological Laboratory and Collection;;pp;"";""
10.48580/dgsv8;PELC;P.E.L.C. - Private Entomological Laboratory and Collection;Natural History Museum;pp;"";""
10.18419/darus-4117/6;ČVUT;Czech Technical University in Prague;Coll Coll;p;"";""
10.15468/zt8g2r;CULS;Czech University of Life Sciences Prague;Czech University of Life Sciences;p;"";""
10.5281/zenodo.15154499;University Hospital Hradec Králové;University Hospital Hradec Králové;;p;"";""
10.6084/m9.figshare.c.6830045.v1;University Hospital Brno;University Hospital Brno;Masaryk University;p;"";""
10.6084/m9.figshare.c.6830133.v1;CEITEC MU;Central European Institute of Technology – Masaryk University;University of Ostrava;p;"";""
10.48580/dgtg4;PELC;P.E.L.C. - Private Entomological Laboratory and Collection;Museo Nacional de Ciencias Naturales;pp;"";""
10.15454/knecms;VŠÚO;Research and Breeding Institute of Pomology Holovousy;(INRAE, IRHS);p;"";""
10.48580/dgsv8;PELC;P.E.L.C. - Private Entomological Laboratory and Collection;University of Auckland;pp;"";""
10.48580/dgs4f;PELC;P.E.L.C. - Private Entomological Laboratory and Collection;Departamento de Invertebrados, Museu Nacional, Universidade Federal do Rio de Janeiro;pp;p;""
10.25345/c5d50g70w;Palacký University, Olomouc;Palacký University, Olomouc;Institute of Neuroimmunology;p;"";""
10.6084/m9.figshare.c.6650182.v1;FNUSA;St. Anne´s University Hospital;Masaryk University;p;"";""
10.18419/darus-4117/14;ČVUT;Czech Technical University in Prague;Czech University of Life Sciences;p;"";""
10.6084/m9.figshare.c.6683881.v1;FNUSA;St. Anne´s University Hospital;Masaryk University;p;"";""
10.48580/dgtg4;PELC;P.E.L.C. - Private Entomological Laboratory and Collection;University of Athens;pp;"";""
10.48580/dgs4f;PELC;P.E.L.C. - Private Entomological Laboratory and Collection;cE3c—Centre for Ecology, Evolution and Environmental Changes, CHANGE – Global Change and Sustainability Institute, Departamento de Biologia Animal, Faculdade de Ciências da Universidade de Lisboa;pp;p;""
10.48580/dgs4f;PELC;P.E.L.C. - Private Entomological Laboratory and Collection;;pp;"";""
10.48580/dgsv8;PELC;P.E.L.C. - Private Entomological Laboratory and Collection;UA Museums, The University of Alabama;pp;"";""
10.48580/dgsv8;PELC;P.E.L.C. - Private Entomological Laboratory and Collection;Natural History Museum and Department of Ecology and Evolutionary Biology, University of Kansas;pp;p;""
10.18419/darus-4117/2;CULS;Czech University of Life Sciences Prague;Universität Stuttgart;p;"";""
10.18419/darus-4117/4;CULS;Czech University of Life Sciences Prague;Czech University of Life Sciences;p;"";""
10.48580/dgtg4;PELC;P.E.L.C. - Private Entomological Laboratory and Collection;BrachNet;pp;"";""
10.5281/zenodo.6421142;J. Heyrovsky Institute of Physical Chemistry;J. Heyrovsky Institute of Physical Chemistry;University of Bern, Bern, Switzerland;p;"";""
10.5281/zenodo.15154495;University Hospital Hradec Králové;University Hospital Hradec Králové;;p;"";""
10.6084/m9.figshare.c.6683881.v1;FNUSA;St. Anne´s University Hospital;Masaryk University;p;"";""
10.48580/dgt98;PELC;P.E.L.C. - Private Entomological Laboratory and Collection;;pp;"";""
10.5281/zenodo.10888833;Palacký University, Olomouc;Palacký University, Olomouc;;p;"";""
10.14473/csda/9alxny/mf6m0r;Institute of Philosophy;Institute of Philosophy;(Tel-Hai College, University of Haifa);pp;"";""
10.57760/sciencedb.j00104.00075;ČVUT;Czech Technical University in Prague;Environment Agency Austria;p;"";""
10.5281/zenodo.13884524;CEITEC ;Central European Institute of Technology;Faculty of Mechanical Engineering, Brno University of Technology;p;"";""
10.48580/dgtg4;PELC;P.E.L.C. - Private Entomological Laboratory and Collection;University of Alaska Museum;pp;"";""
10.48580/dgs4f;PELC;P.E.L.C. - Private Entomological Laboratory and Collection;;pp;"";""
10.15468/m97sd2;PELC;P.E.L.C. - Private Entomological Laboratory and Collection;;pp;"";""
10.48580/dgs4f;PELC;P.E.L.C. - Private Entomological Laboratory and Collection;Muséum National d'Histoire Naturelle;pp;"";""
10.5281/zenodo.10888833;Palacký University, Olomouc;Palacký University, Olomouc;;p;"";""
10.5281/zenodo.11115776;University Hospital in Motol;University Hospital in Motol;Second Faculty of Medicine, Charles University;p;"";""
10.6084/m9.figshare.c.5923208.v1;CEITEC ;Central European Institute of Technology;University of Veterinary Medicine Vienna;p;"";""
10.6084/m9.figshare.c.7595338.v1;VFU;University of Veterinary and Pharmaceutical Sciences;Veterinary Research Institute;p;"";""
10.5285/3b077711-f183-42f1-bac6-c892922c81f4;CULS;Czech University of Life Sciences Prague;University of Adelaide;p;"";""
10.6084/m9.figshare.20035649.v1;IEB;Institute of Experimental Botany;Rothamsted Research;p;"";""
10.6084/m9.figshare.c.7953063.v1;FNUSA-ICRC;International Clinical Research Center of St. Anne's University Hospital Brno;Centro Universitário Fundação Assis Gurgacz;p;"";""
10.48580/dgs4f;PELC;P.E.L.C. - Private Entomological Laboratory and Collection;;pp;"";""
10.48580/dgs4f;PELC;P.E.L.C. - Private Entomological Laboratory and Collection;Centre for Ecology, Evolution and Environmental Changes (cE3c)/Azorean Biodiversity Group, CHANGE – Global Change and Sustainability Institute;pp;p;""
10.48580/dgtg4;PELC;P.E.L.C. - Private Entomological Laboratory and Collection;Entomology, State Museum of Natural History;pp;"";""
10.5281/zenodo.10888833;Palacký University, Olomouc;Palacký University, Olomouc;Consejo Nacional de Investigaciones Cientificas y Tecnicas;p;"";""
10.5281/zenodo.6637599;CULS;Czech University of Life Sciences Prague;Shintō Labs, Torenallee 42-56, 5617 BD Eindhoven, The Netherlands;p;"";""
10.6084/m9.figshare.c.6768681.v1;University Hospital Brno;University Hospital Brno;Masaryk University;p;"";""
10.48580/dgsv8;PELC;P.E.L.C. - Private Entomological Laboratory and Collection;Volunteer for Catalogue of Life;pp;"";""
10.6084/m9.figshare.c.6785308.v1;Comenius Museum in Přerov;Comenius Museum in Přerov;Hebei Normal University;p;"";""
10.5281/zenodo.10371468;FZU;Institute of Physics;;p;"";""
10.6084/m9.figshare.c.6770757.v1;CULS;Czech University of Life Sciences Prague;Mendel University in Brno;p;"";""
10.6084/m9.figshare.c.6770757.v1;Palacký University, Olomouc;Palacký University, Olomouc;Mendel University in Brno;p;"";""
10.6084/m9.figshare.c.7206675.v1;CULS;Czech University of Life Sciences Prague;Czech Academy of Sciences;p;"";""
10.5281/zenodo.10888833;Palacký University, Olomouc;Palacký University, Olomouc;;p;"";""
10.5281/zenodo.15681034;CULS;Czech University of Life Sciences Prague;;p;"";""
10.18419/darus-4117/3;ČVUT;Czech Technical University in Prague;University of Novi Sad;p;"";""
10.48580/dgsv8;PELC;P.E.L.C. - Private Entomological Laboratory and Collection;;pp;"";""
10.5281/zenodo.17083924;CULS;Czech University of Life Sciences Prague;;p;"";""
10.48580/dgt98;PELC;P.E.L.C. - Private Entomological Laboratory and Collection;;pp;"";""
10.15468/m97sd2;PELC;P.E.L.C. - Private Entomological Laboratory and Collection;French National Institute for Agriculture, Food, and Environment (INRAE);pp;"";""
10.48580/dgt98;PELC;P.E.L.C. - Private Entomological Laboratory and Collection;Muséum National d'Histoire Naturelle;pp;"";""
10.6084/m9.figshare.c.5944552.v1;ČVUT;Czech Technical University in Prague;Institute of Molecular Genetics;p;"";""
10.6084/m9.figshare.c.6830133.v1;CEITEC ;Central European Institute of Technology;Slovak Academy of Sciences;p;"";""
10.48580/dgtg4;PELC;P.E.L.C. - Private Entomological Laboratory and Collection;;pp;"";""
10.6084/m9.figshare.c.6903195.v1;University Hospital in Motol;University Hospital in Motol;University College Cork;p;"";""
10.14473/csda/nyxqpt;Institute of Philosophy;Institute of Philosophy;(International Center for Defense and Security, Tallinn, Estonia);pp;"";""
10.6084/m9.figshare.c.7297436.v1;Palacký University, Olomouc;Palacký University, Olomouc;Charles University;p;"";""
10.6084/m9.figshare.19586869.v1;ČVUT;Czech Technical University in Prague;Institute of Molecular Genetics;p;"";""
10.6084/m9.figshare.c.6650182.v1;FNUSA-ICRC;International Clinical Research Center of St. Anne's University Hospital Brno;Masaryk University;p;"";""
10.5281/zenodo.15154499;University Hospital Hradec Králové;University Hospital Hradec Králové;;p;"";""
10.6084/m9.figshare.c.7316543.v1;University Hospital Brno;University Hospital Brno;;p;"";""
10.48580/dgtg4;PELC;P.E.L.C. - Private Entomological Laboratory and Collection;National Biodiversity Centre;pp;"";""
10.48580/dgt98;PELC;P.E.L.C. - Private Entomological Laboratory and Collection;;pp;"";""
10.6084/m9.figshare.19470467.v1;CEITEC ;Central European Institute of Technology;Medical University of Vienna;p;"";""
10.6084/m9.figshare.c.6958017.v1;CEITEC MU;Central European Institute of Technology – Masaryk University;Masaryk University;p;"";""
10.48580/dgt98;PELC;P.E.L.C. - Private Entomological Laboratory and Collection;Departamento de Zoologia, Instituto de Biologia Roberto de Alcantara Gomes, Universidade do Estado do Rio de Janeiro (UERJ);pp;p;""
10.48580/dgsv8;PELC;P.E.L.C. - Private Entomological Laboratory and Collection;;pp;"";""
10.5281/zenodo.10888833;Palacký University, Olomouc;Palacký University, Olomouc;;p;"";""
10.48580/dgs4f;PELC;P.E.L.C. - Private Entomological Laboratory and Collection;;pp;"";""
10.6084/m9.figshare.c.6830133.v1;University Hospital Ostrava;University Hospital Ostrava;University of Ostrava;p;"";""
10.6084/m9.figshare.c.7766437.v1;University Hospital Hradec Králové;University Hospital Hradec Králové;Comenius University;p;"";""
10.15468/m97sd2;PELC;P.E.L.C. - Private Entomological Laboratory and Collection;;pp;"";""
10.6084/m9.figshare.c.6728494.v1;CULS;Czech University of Life Sciences Prague;;p;"";""
10.18419/darus-4117/1;ČVUT;Czech Technical University in Prague;Universität Stuttgart;p;"";""
10.6084/m9.figshare.c.7740082.v1;FNUSA;St. Anne´s University Hospital;Aix-Marseille University;p;"";""
10.48580/dgt98;PELC;P.E.L.C. - Private Entomological Laboratory and Collection;Max Planck Institute;pp;p;""
10.6084/m9.figshare.c.7732283.v1;FNUSA;St. Anne´s University Hospital;Masaryk University;p;"";""
10.48580/dgsv8;PELC;P.E.L.C. - Private Entomological Laboratory and Collection;;pp;"";""
10.6084/m9.figshare.c.6787408.v1;University Hospital Ostrava;University Hospital Ostrava;Czech Academy of Sciences;p;"";""
10.48580/dgsv8;PELC;P.E.L.C. - Private Entomological Laboratory and Collection;;pp;"";""
10.48580/dgsv8;PELC;P.E.L.C. - Private Entomological Laboratory and Collection;;pp;"";""
10.57760/sciencedb.07380;FZU;Institute of Physics;Science Island Branch of Graduate School, University of Science and Technology of China, Hefei, Anhui 230026, China;p;"";""
10.48580/dgs4f;PELC;P.E.L.C. - Private Entomological Laboratory and Collection;;pp;"";""
10.48580/dgtg4;PELC;P.E.L.C. - Private Entomological Laboratory and Collection;;pp;"";""
10.48580/dgt98;PELC;P.E.L.C. - Private Entomological Laboratory and Collection;;pp;"";""
10.5281/zenodo.14019130;CULS;Czech University of Life Sciences Prague;Instituto de la Grasa (CSIC);p;"";""
10.5281/zenodo.7415164;CRI;Crop Research Institute;Norwegian Institute of Bioeconomy Research;p;"";""
10.15468/m97sd2;PELC;P.E.L.C. - Private Entomological Laboratory and Collection;;pp;"";""
10.5281/zenodo.10680436;CULS;Czech University of Life Sciences Prague;Flemish Institute for Technology Research (VITO);p;"";""
10.6084/m9.figshare.c.7040196.v1;FNUSA-ICRC;International Clinical Research Center of St. Anne's University Hospital Brno;Celica (Slovenia);p;"";""
10.15468/m97sd2;PELC;P.E.L.C. - Private Entomological Laboratory and Collection;;pp;"";""
10.15468/m97sd2;PELC;P.E.L.C. - Private Entomological Laboratory and Collection;;pp;"";""
10.6084/m9.figshare.c.7206675.v1;Palacký University, Olomouc;Palacký University, Olomouc;City University of Hong Kong;p;"";""
10.48580/dgtg4;PELC;P.E.L.C. - Private Entomological Laboratory and Collection;;pp;"";""
10.6084/m9.figshare.c.6787450.v1;CEITEC ;Central European Institute of Technology;University of Nottingham;p;"";""
10.48580/dgs4f;PELC;P.E.L.C. - Private Entomological Laboratory and Collection;University of Pretoria;pp;p;""
10.48580/dgt98;PELC;P.E.L.C. - Private Entomological Laboratory and Collection;Biofísica, Universidade do Estado do Rio de Janeiro (UERJ);pp;"";""
10.5281/zenodo.15069069;IKEM;Institute of Clinical and Experimental Medicine;Gustave Roussy, Villejuif, France;p;"";""
10.6084/m9.figshare.c.7040196.v1;FNUSA;St. Anne´s University Hospital;University of Catania;p;"";""
10.5281/zenodo.7495802;CULS;Czech University of Life Sciences Prague;University of Vienna;p;"";""
10.5281/zenodo.11212280;ITAM AS CR;Institute of Theoretical and Applied Mechanics;Institute of Rock Structure and Mechanics of the Czech Academy of Sciences;pp;"";""
10.6084/m9.figshare.c.6580580.v1;CULS;Czech University of Life Sciences Prague;Czech Academy of Sciences;p;"";""
10.48580/dgtg4;PELC;P.E.L.C. - Private Entomological Laboratory and Collection;Sofia University, Faculty of Biology;pp;"";""
10.48580/dgtg4;PELC;P.E.L.C. - Private Entomological Laboratory and Collection;;pp;"";""
10.5281/zenodo.15681034;CULS;Czech University of Life Sciences Prague;Jagiellonian University;p;"";""
10.6084/m9.figshare.c.6806308.v1;Public Health Institute Ostrava;Public Health Institute Ostrava;University of Ostrava;p;"";""
10.6084/m9.figshare.c.7640687.v1;ČVUT;Czech Technical University in Prague;Institute of Haematology and Blood Transfusion;p;"";""
10.6084/m9.figshare.c.6690909.v1;University Hospital in Motol;University Hospital in Motol;Charles University;p;"";""
10.6084/m9.figshare.c.7649648.v1;FNUSA;St. Anne´s University Hospital;Masaryk University;p;"";""
10.15468/m97sd2;PELC;P.E.L.C. - Private Entomological Laboratory and Collection;Natural History Museum;pp;"";""
10.6084/m9.figshare.c.6792969.v1;University Hospital Hradec Králové;University Hospital Hradec Králové;Charles University;p;"";""
10.6084/m9.figshare.c.5837529.v2;CULS;Czech University of Life Sciences Prague;Yunnan University;p;"";""
10.48580/dgsv8;PELC;P.E.L.C. - Private Entomological Laboratory and Collection;;pp;"";""
10.48580/dgsv8;PELC;P.E.L.C. - Private Entomological Laboratory and Collection;Slater Museum, University of Puget Sound;pp;p;""
10.48580/dgs4f;PELC;P.E.L.C. - Private Entomological Laboratory and Collection;Biofísica, Universidade do Estado do Rio de Janeiro (UERJ);pp;"";""
10.14278/rodare.1624;FZU;Institute of Physics;;p;"";""
10.48580/dgs4f;PELC;P.E.L.C. - Private Entomological Laboratory and Collection;Turku Game and Fisheries Research;pp;"";""
10.6084/m9.figshare.c.7297436.v1;University Hospital in Motol;University Hospital in Motol;Charles University;p;"";""
10.57770/9laax7;IKEM;Institute of Clinical and Experimental Medicine;(Institute of Clinical Medicine, School of Medicine, National Yang Ming Chiao Tung University);p;"";""
10.6084/m9.figshare.c.6926742.v1;FNUSA-ICRC;International Clinical Research Center of St. Anne's University Hospital Brno;Federal Institute for Risk Assessment;p;"";""
10.48580/dgs4f;PELC;P.E.L.C. - Private Entomological Laboratory and Collection;University of Illinois;pp;"";""
10.6084/m9.figshare.c.5995626.v1;University Hospital Brno;University Hospital Brno;German Cancer Research Center;p;"";""
10.6084/m9.figshare.c.7649648.v1;FNUSA;St. Anne´s University Hospital;Masaryk University;p;"";""
10.6084/m9.figshare.c.7732283.v1;FNUSA-ICRC;International Clinical Research Center of St. Anne's University Hospital Brno;Masaryk University;p;"";""
10.6084/m9.figshare.c.7953063.v1;FNUSA-ICRC;International Clinical Research Center of St. Anne's University Hospital Brno;Humboldt-Universität zu Berlin;p;"";""
10.5281/zenodo.7415164;CRI;Crop Research Institute;Aarhus University;p;"";""
10.5281/zenodo.10680436;Jan Evangelista Purkyně University in Ústí nad Labem;Jan Evangelista Purkyně University in Ústí nad Labem;Aarhus University;p;"";""
10.6084/m9.figshare.c.7153870.v1;Palacký University, Olomouc;Palacký University, Olomouc;Slovak Academy of Sciences;p;"";""
10.6084/m9.figshare.c.7880704.v1;VFN;General University Hospital in Prague;University Hospital of Wales;pp;p;""
10.48580/dgs4f;PELC;P.E.L.C. - Private Entomological Laboratory and Collection;;pp;"";""
10.6084/m9.figshare.c.7292241.v1;Palacký University, Olomouc;Palacký University, Olomouc;University of Veterinary Medicine in Košice;p;"";""
10.5281/zenodo.10680436;Jan Evangelista Purkyně University in Ústí nad Labem;Jan Evangelista Purkyně University in Ústí nad Labem;Cavanilles Institute of Biodiversity and Evolutionary Biology, Universitat de València;p;"";""
10.48580/dgtg4;PELC;P.E.L.C. - Private Entomological Laboratory and Collection;;pp;"";""
10.6084/m9.figshare.c.7040196.v1;Palacký University, Olomouc;Palacký University, Olomouc;University of Ljubljana;p;"";""
10.18419/darus-4117/6;ČVUT;Czech Technical University in Prague;Coll Coll;p;"";""
10.48580/dgtg4;PELC;P.E.L.C. - Private Entomological Laboratory and Collection;Natural History Museum;pp;"";""
10.5281/zenodo.14019130;CULS;Czech University of Life Sciences Prague;Swedish University of Agricultural Sciences;p;"";""
10.6084/m9.figshare.c.6830133.v1;University Hospital Ostrava;University Hospital Ostrava;University of Ostrava;p;"";""
10.6084/m9.figshare.c.6926742.v1;FNUSA;St. Anne´s University Hospital;Freie Universität Berlin;p;"";""
10.5281/zenodo.15154492;University Hospital Hradec Králové;University Hospital Hradec Králové;;p;"";""
10.48580/dgsv8;PELC;P.E.L.C. - Private Entomological Laboratory and Collection;;pp;"";""
10.6084/m9.figshare.c.7196998.v1;Military University Hospital Prague;Military University Hospital Prague;Charles University;pp;"";""
10.48580/dgt98;PELC;P.E.L.C. - Private Entomological Laboratory and Collection;;pp;"";""
10.48580/dgs4f;PELC;P.E.L.C. - Private Entomological Laboratory and Collection;;pp;"";""
10.6084/m9.figshare.c.6925570.v1;CULS;Czech University of Life Sciences Prague;Masaryk University;p;"";""
10.57760/sciencedb.01299;Institute of Psychology;Institute of Psychology;Beijing Normal University;p;"";""
10.48580/dgt98;PELC;P.E.L.C. - Private Entomological Laboratory and Collection;;pp;"";""
10.48580/dgsv8;PELC;P.E.L.C. - Private Entomological Laboratory and Collection;;pp;"";""
10.48580/dgs4f;PELC;P.E.L.C. - Private Entomological Laboratory and Collection;;pp;"";""
10.18419/darus-4117/13;ČVUT;Czech Technical University in Prague;Coll Coll;p;"";""
10.6084/m9.figshare.c.7595338.v1;VFU;University of Veterinary and Pharmaceutical Sciences;Mendel University in Brno;p;"";""
10.5281/zenodo.8301043;ČVUT;Czech Technical University in Prague;CESNET, a.l.e.;p;"";""
10.6084/m9.figshare.c.7828330.v1;CEITEC ;Central European Institute of Technology;The Alan Turing Institute;p;"";""
10.6084/m9.figshare.c.6157734.v1;IKEM;Institute of Clinical and Experimental Medicine;Thomayerova nemocnice;p;"";""
10.48580/dgt98;PELC;P.E.L.C. - Private Entomological Laboratory and Collection;;pp;"";""
10.6084/m9.figshare.c.6787807.v1;Palacký University, Olomouc;Palacký University, Olomouc;Semmelweis University;p;"";""
10.5281/zenodo.6637599;CULS;Czech University of Life Sciences Prague;State Key Laboratory of Vegetation and Environmental Change, Institute of Botany, Chinese Academy of Sciences, Beijing 100093, China;p;"";""
10.5281/zenodo.6382216;CULS;Czech University of Life Sciences Prague;University of Zvolen;p;"";""
10.6084/m9.figshare.c.7649648.v1;CEITEC MU;Central European Institute of Technology – Masaryk University;Masaryk University;p;"";""
10.6084/m9.figshare.c.6787450.v1;CEITEC ;Central European Institute of Technology;University of Cambridge;p;"";""
10.5281/zenodo.15154499;University Hospital Hradec Králové;University Hospital Hradec Králové;;p;"";""
10.48580/dgt98;PELC;P.E.L.C. - Private Entomological Laboratory and Collection;Department of Entomology, National Museum of Natural History, Smithsonian Institution;pp;p;""
10.6084/m9.figshare.c.7017686.v1;VFN;General University Hospital in Prague;University of Oslo;pp;"";""
10.6084/m9.figshare.c.6650182.v1;FNUSA;St. Anne´s University Hospital;Masaryk University;p;"";""
10.48580/dgtg4;PELC;P.E.L.C. - Private Entomological Laboratory and Collection;;pp;"";""
10.48580/dgs4f;PELC;P.E.L.C. - Private Entomological Laboratory and Collection;;pp;"";""
10.6084/m9.figshare.c.7906234.v1;University Hospital Hradec Králové;University Hospital Hradec Králové;Umeå University;p;"";""
10.14473/csda/9alxny;Institute of Philosophy;Institute of Philosophy;(ResWell Research Collaboration, Tel Aviv University, Tel Aviv, Israel);pp;"";""
10.48580/dgs4f;PELC;P.E.L.C. - Private Entomological Laboratory and Collection;Asociación Colombiana de Ornitología;pp;"";""
10.48580/dgsv8;PELC;P.E.L.C. - Private Entomological Laboratory and Collection;;pp;"";""
10.48580/dgtg4;PELC;P.E.L.C. - Private Entomological Laboratory and Collection;Research Institute for Nature and Forest (INBO);pp;"";""
10.48580/dgsv8;PELC;P.E.L.C. - Private Entomological Laboratory and Collection;;pp;"";""
10.48580/dgt98;PELC;P.E.L.C. - Private Entomological Laboratory and Collection;Natural History Museum;pp;"";""
10.6084/m9.figshare.c.6629419.v1;Fakultní Nemocnice Plzeň;Fakultní Nemocnice Plzeň;;p;"";""
10.15468/m97sd2;PELC;P.E.L.C. - Private Entomological Laboratory and Collection;;pp;"";""
10.17632/x2cz59gn58;Science & Technology Park (Czechia);Science & Technology Park (Czechia);Uniwersytet Warszawski;p;"";""
10.6084/m9.figshare.c.7732283.v1;FNUSA;St. Anne´s University Hospital;Masaryk University;p;"";""
10.48580/dgt98;PELC;P.E.L.C. - Private Entomological Laboratory and Collection;;pp;"";""
10.48580/dgsv8;PELC;P.E.L.C. - Private Entomological Laboratory and Collection;;pp;"";""
10.6084/m9.figshare.c.7358677.v1;Palacký University, Olomouc;Palacký University, Olomouc;University of Bonn;p;"";""
10.6084/m9.figshare.c.7153870.v1;University Hospital Olomouc;University Hospital Olomouc;Slovak Academy of Sciences;p;"";""
10.5281/zenodo.15138004;CRI;Crop Research Institute;Rudolfstetten, Switzerland;p;"";""
10.15468/m97sd2;PELC;P.E.L.C. - Private Entomological Laboratory and Collection;University of Puget Sound;pp;p;""
10.6084/m9.figshare.c.7153870.v1;Palacký University, Olomouc;Palacký University, Olomouc;Slovak Academy of Sciences;p;"";""
10.5281/zenodo.17162242;CULS;Czech University of Life Sciences Prague;University of Turin;p;"";""
10.6084/m9.figshare.c.7953063.v1;FNUSA-ICRC;International Clinical Research Center of St. Anne's University Hospital Brno;CSL (Switzerland);p;"";""
10.18419/darus-4117/1;CULS;Czech University of Life Sciences Prague;Coll Coll;p;"";""
10.6084/m9.figshare.c.7649648.v1;CEITEC ;Central European Institute of Technology;Masaryk University;p;"";""
10.6084/m9.figshare.c.5944552.v1;ČVUT;Czech Technical University in Prague;Institute of Molecular Genetics;p;"";""
10.6084/m9.figshare.c.7976865.v1;University Hospital Hradec Králové;University Hospital Hradec Králové;Charles University;p;"";""
10.6084/m9.figshare.c.6629419.v1;Fakultní Nemocnice Plzeň;Fakultní Nemocnice Plzeň;;p;"";""
10.6084/m9.figshare.c.7622696.v1;VSE;University of Economics Prague;Charles University;p;"";""
10.48580/dgs4f;PELC;P.E.L.C. - Private Entomological Laboratory and Collection;;pp;"";""
10.48580/dgs4f;PELC;P.E.L.C. - Private Entomological Laboratory and Collection;;pp;"";""
10.48580/dgt98;PELC;P.E.L.C. - Private Entomological Laboratory and Collection;Naturalis Biodiversity Center;pp;"";""
10.6084/m9.figshare.c.7880704.v1;VFN;General University Hospital in Prague;Monash University;pp;"";""
10.6084/m9.figshare.c.7040196.v1;Palacký University, Olomouc;Palacký University, Olomouc;University of Ljubljana;p;"";""
10.5281/zenodo.5483762;ČVUT;Czech Technical University in Prague;Czech Technical University;p;"";""
10.5281/zenodo.7415164;CRI;Crop Research Institute;University of Almería;p;"";""
10.6084/m9.figshare.c.6683881.v1;FNUSA-ICRC;International Clinical Research Center of St. Anne's University Hospital Brno;Masaryk University;p;"";""
10.15468/m97sd2;PELC;P.E.L.C. - Private Entomological Laboratory and Collection;;pp;"";""
10.48580/dgsv8;PELC;P.E.L.C. - Private Entomological Laboratory and Collection;;pp;"";""
10.6084/m9.figshare.c.6780806.v1;FNUSA;St. Anne´s University Hospital;Aix-Marseille University;p;"";""
10.48580/dgsv8;PELC;P.E.L.C. - Private Entomological Laboratory and Collection;;pp;"";""
10.5281/zenodo.10680436;CULS;Czech University of Life Sciences Prague;Norwegian Institute for Nature Research (NINA);p;"";""
10.5281/zenodo.5801249;CULS;Czech University of Life Sciences Prague;UFZ;p;"";""
10.15468/m97sd2;PELC;P.E.L.C. - Private Entomological Laboratory and Collection;University of Auckland;pp;"";""
10.48580/dgsv8;PELC;P.E.L.C. - Private Entomological Laboratory and Collection;;pp;"";""
10.48580/dgs4f;PELC;P.E.L.C. - Private Entomological Laboratory and Collection;DanBIF, Natural History Museum of Denmark;pp;"";""
10.6084/m9.figshare.c.7880704.v1;VFN;General University Hospital in Prague;Lund University;pp;"";""
10.6084/m9.figshare.c.6629419.v1;University Hospital Hradec Králové;University Hospital Hradec Králové;Nemocnice Na Bulovce;p;"";""
10.6084/m9.figshare.c.7206714.v1;University Hospital Hradec Králové;University Hospital Hradec Králové;University of Lübeck;p;"";""
10.6084/m9.figshare.c.7120489.v1;University Hospital Brno;University Hospital Brno;Masaryk University;p;"";""
10.6084/m9.figshare.20035646.v1;Palacký University, Olomouc;Palacký University, Olomouc;Rothamsted Research;p;"";""
10.6084/m9.figshare.c.7372004.v1;FNUSA;St. Anne´s University Hospital;Masaryk University;p;"";""
10.15468/m97sd2;PELC;P.E.L.C. - Private Entomological Laboratory and Collection;University of Illinois;pp;"";""
10.6084/m9.figshare.c.7057817.v1;Palacký University, Olomouc;Palacký University, Olomouc;Casa Sollievo della Sofferenza;p;"";""
10.18419/darus-4117/3;ČVUT;Czech Technical University in Prague;Universität Stuttgart;p;"";""
10.15468/m97sd2;PELC;P.E.L.C. - Private Entomological Laboratory and Collection;;pp;"";""
10.18419/darus-4117/8;ČVUT;Czech Technical University in Prague;University of Novi Sad;p;"";""
10.6084/m9.figshare.c.7149681.v1;Palacký University, Olomouc;Palacký University, Olomouc;Charles University;p;"";""
10.48580/dgsv8;PELC;P.E.L.C. - Private Entomological Laboratory and Collection;;pp;"";""
10.48580/dgs4f;PELC;P.E.L.C. - Private Entomological Laboratory and Collection;cE3c—Centre for Ecology, Evolution and Environmental Changes, CHANGE – Global Change and Sustainability Institute, Departamento de Biologia Animal, Faculdade de Ciências da Universidade de Lisboa;pp;p;""
10.6084/m9.figshare.c.6004076.v1;Fakultní Nemocnice Plzeň;Fakultní Nemocnice Plzeň;Medical University of Vienna;p;"";""
10.6084/m9.figshare.c.7017686.v1;VFN;General University Hospital in Prague;Oslo University Hospital;pp;p;""
10.6084/m9.figshare.20018045.v1;ČVUT;Czech Technical University in Prague;;p;"";""
10.6084/m9.figshare.c.7740082.v1;FNUSA;St. Anne´s University Hospital;Aix-Marseille University;p;"";""
10.6084/m9.figshare.c.6040098.v1;CULS;Czech University of Life Sciences Prague;;p;"";""
10.48580/dgt98;PELC;P.E.L.C. - Private Entomological Laboratory and Collection;;pp;"";""
10.48580/dgs4f;PELC;P.E.L.C. - Private Entomological Laboratory and Collection;Muséum National d’Histoire Naturelle;pp;"";""
10.48580/dgs4f;PELC;P.E.L.C. - Private Entomological Laboratory and Collection;;pp;"";""
10.5281/zenodo.10680436;Jan Evangelista Purkyně University in Ústí nad Labem;Jan Evangelista Purkyně University in Ústí nad Labem;Flemish Institute for Technology Research (VITO);p;"";""
10.5281/zenodo.10888833;Palacký University, Olomouc;Palacký University, Olomouc;;p;"";""
10.5281/zenodo.14589282;CULS;Czech University of Life Sciences Prague;Institute of Biology/Geobotany and Botanical Garden, Martin Luther University Halle-Wittenberg, Halle, Germany;p;"";""
10.15468/m97sd2;PELC;P.E.L.C. - Private Entomological Laboratory and Collection;;pp;"";""
10.48580/dgs4f;PELC;P.E.L.C. - Private Entomological Laboratory and Collection;Smithsonian Institution;pp;"";""
10.6084/m9.figshare.19470467.v1;CEITEC ;Central European Institute of Technology;University of Veterinary Medicine Vienna;p;"";""
10.5281/zenodo.10888833;Palacký University, Olomouc;Palacký University, Olomouc;;p;"";""
10.6084/m9.figshare.c.6582923.v1;CULS;Czech University of Life Sciences Prague;Charles University;p;"";""
10.6084/m9.figshare.c.7297436.v1;University Hospital in Motol;University Hospital in Motol;Charles University;p;"";""
10.48580/dgsv8;PELC;P.E.L.C. - Private Entomological Laboratory and Collection;;pp;"";""
10.6084/m9.figshare.c.6596173.v1;CULS;Czech University of Life Sciences Prague;Université Libre de Bruxelles;p;"";""
10.5281/zenodo.14638896;VFN;General University Hospital in Prague;;pp;"";""
10.48580/dgs4f;PELC;P.E.L.C. - Private Entomological Laboratory and Collection;;pp;"";""
10.6084/m9.figshare.c.6690909.v1;University Hospital in Motol;University Hospital in Motol;Charles University;p;"";""
10.15468/m97sd2;PELC;P.E.L.C. - Private Entomological Laboratory and Collection;;pp;"";""
10.6084/m9.figshare.c.7953063.v1;FNUSA-ICRC;International Clinical Research Center of St. Anne's University Hospital Brno;Svendborg Sygehus;p;"";""
10.6084/m9.figshare.c.6787450.v1;CEITEC MU;Central European Institute of Technology – Masaryk University;Medical University of Vienna;p;"";""
10.48580/dgtg4;PELC;P.E.L.C. - Private Entomological Laboratory and Collection;Universidad de Antioquia;pp;"";""
10.6084/m9.figshare.c.6787807.v1;Palacký University, Olomouc;Palacký University, Olomouc;Erasmus MC;p;"";""
10.48580/dgtg4;PELC;P.E.L.C. - Private Entomological Laboratory and Collection;;pp;"";""
10.5281/zenodo.15064532;CULS;Czech University of Life Sciences Prague;Wildlife Montengro;p;"";""
10.14473/csda/wbooe4/3ylzfp;Institute of Philosophy;Institute of Philosophy;(ResWell Research Collaboration, Tel Aviv University, Tel Aviv, Israel);pp;"";""
10.57770/9laax7;IKEM;Institute of Clinical and Experimental Medicine;(Institute of Clinical Medicine, School of Medicine, National Yang Ming Chiao Tung University);p;"";""
10.48580/dgs4f;PELC;P.E.L.C. - Private Entomological Laboratory and Collection;;pp;"";""
10.6084/m9.figshare.c.6585787.v1;VFN;General University Hospital in Prague;Masaryk University;pp;"";""
10.14473/csda/wbooe4/3ylzfp;Institute of Philosophy;Institute of Philosophy;(Tel-Hai College, University of Haifa);pp;"";""
10.48580/dgsv8;PELC;P.E.L.C. - Private Entomological Laboratory and Collection;;pp;"";""
10.15468/m97sd2;PELC;P.E.L.C. - Private Entomological Laboratory and Collection;Universidade do Estado do Rio de Janeiro (UERJ);pp;"";""
10.6084/m9.figshare.c.6096199.v1;Palacký University, Olomouc;Palacký University, Olomouc;Technical University of Liberec;p;"";""
10.5281/zenodo.10888833;Palacký University, Olomouc;Palacký University, Olomouc;;p;"";""
10.48580/dgtg4;PELC;P.E.L.C. - Private Entomological Laboratory and Collection;Association Cistude Nature;pp;"";""
10.6084/m9.figshare.19915375.v1;CULS;Czech University of Life Sciences Prague;University of the Ryukyus;p;"";""
10.6084/m9.figshare.20035643.v1;IEB;Institute of Experimental Botany;Rothamsted Research;p;"";""
10.6084/m9.figshare.c.7953063.v1;FNUSA-ICRC;International Clinical Research Center of St. Anne's University Hospital Brno;Medical University of Vienna;p;"";""
10.6084/m9.figshare.c.7945178.v1;IKEM;Institute of Clinical and Experimental Medicine;Charité - University Medicine Berlin;p;"";""
10.6084/m9.figshare.c.6787807.v1;University Hospital Olomouc;University Hospital Olomouc;Heidelberg University;p;"";""
10.6084/m9.figshare.c.6596467.v1;IKEM;Institute of Clinical and Experimental Medicine;Medical University of Vienna;p;"";""
10.48580/dgsv8;PELC;P.E.L.C. - Private Entomological Laboratory and Collection;;pp;"";""
10.6084/m9.figshare.c.7885117.v1;University Hospital Olomouc;University Hospital Olomouc;Helmholtz-Zentrum Dresden-Rossendorf;p;"";""
10.18419/darus-4117;CULS;Czech University of Life Sciences Prague;Czech University of Life Sciences;p;"";""
10.48580/dgtg4;PELC;P.E.L.C. - Private Entomological Laboratory and Collection;Laboratory of Entomology, Faculty of Agriculture, Tokyo University of Agriculture;pp;"";""
10.5281/zenodo.10680436;CULS;Czech University of Life Sciences Prague;Danube Delta National Research Institute;p;"";""
10.6084/m9.figshare.c.6780806.v1;FNUSA;St. Anne´s University Hospital;Brno University of Technology;p;"";""
10.6084/m9.figshare.c.6780806.v1;FNUSA-ICRC;International Clinical Research Center of St. Anne's University Hospital Brno;Brno University of Technology;p;"";""
10.5281/zenodo.14019130;CULS;Czech University of Life Sciences Prague;Aarhus University;p;"";""
10.48580/dgsv8;PELC;P.E.L.C. - Private Entomological Laboratory and Collection;;pp;"";""
10.48580/dgtg4;PELC;P.E.L.C. - Private Entomological Laboratory and Collection;;pp;"";""
10.6084/m9.figshare.c.6830133.v1;CEITEC MU;Central European Institute of Technology – Masaryk University;Zoological Institute;p;"";""
10.48580/dgs4f;PELC;P.E.L.C. - Private Entomological Laboratory and Collection;;pp;"";""
10.48580/dgsv8;PELC;P.E.L.C. - Private Entomological Laboratory and Collection;;pp;"";""
10.6084/m9.figshare.c.7953063.v1;FNUSA-ICRC;International Clinical Research Center of St. Anne's University Hospital Brno;Humboldt-Universität zu Berlin;p;"";""
10.15468/m97sd2;PELC;P.E.L.C. - Private Entomological Laboratory and Collection;;pp;"";""
10.6084/m9.figshare.c.7264690.v1;CEITEC MU;Central European Institute of Technology – Masaryk University;Masaryk University;p;"";""
10.5281/zenodo.6037503;J. Heyrovsky Institute of Physical Chemistry;J. Heyrovsky Institute of Physical Chemistry;Eötvös Loránd University;p;"";""
10.48580/dgt98;PELC;P.E.L.C. - Private Entomological Laboratory and Collection;;pp;"";""
10.5281/zenodo.7434786;Palacký University, Olomouc;Palacký University, Olomouc;Swiss Ornithological Institute;p;"";""
10.48580/dgsv8;PELC;P.E.L.C. - Private Entomological Laboratory and Collection;;pp;"";""
10.18419/darus-4117/9;CULS;Czech University of Life Sciences Prague;University of Novi Sad;p;"";""
10.14473/csda/nyxqpt/doo8cb;Institute of Philosophy;Institute of Philosophy;(Vilnius University, Lithuania);pp;"";""
10.48580/dgs4f;PELC;P.E.L.C. - Private Entomological Laboratory and Collection;;pp;"";""
10.5281/zenodo.10680436;CULS;Czech University of Life Sciences Prague;Botanic Garden and Botanical Museum, Freie Universität Berlin;p;"";""
10.5281/zenodo.5142371;CEITEC MU;Central European Institute of Technology – Masaryk University;Magnetic Resonance Center (CERM), University of Florence;p;"";""
10.6084/m9.figshare.c.7316543.v1;University Hospital Brno;University Hospital Brno;Selçuk University;p;"";""
10.6084/m9.figshare.c.7057817.v1;Palacký University, Olomouc;Palacký University, Olomouc;;p;"";""
10.48580/dgs4f;PELC;P.E.L.C. - Private Entomological Laboratory and Collection;Volunteer for Catalogue of Life;pp;"";""
10.15468/zt8g2r;CULS;Czech University of Life Sciences Prague;Czech University of Life Sciences;p;"";""
10.15468/m97sd2;PELC;P.E.L.C. - Private Entomological Laboratory and Collection;;pp;"";""
10.15468/m97sd2;PELC;P.E.L.C. - Private Entomological Laboratory and Collection;Universidade Federal do Rio de Janeiro;pp;"";""
10.6084/m9.figshare.c.6317439.v1;VSE;University of Economics Prague;1 Decembrie 1918 University;p;"";""
10.5281/zenodo.5788186;VSE;University of Economics Prague;Centre for Social Informatics, Faculty of Social Sciences, University of Ljubljana, Ljubljana, Slovenia;p;"";""
10.6084/m9.figshare.c.7595338.v1;VFU;University of Veterinary and Pharmaceutical Sciences;Mendel University in Brno;p;"";""
10.6084/m9.figshare.c.6962539.v1;VFN;General University Hospital in Prague;Revmatologický Ústav;pp;"";""
10.18419/darus-4117/1;CULS;Czech University of Life Sciences Prague;Coll Coll;p;"";""
10.18419/darus-4117/13;CULS;Czech University of Life Sciences Prague;University of Novi Sad;p;"";""
10.17632/dfbssz47mp.1;Palacký University, Olomouc;Palacký University, Olomouc;Masarykova univerzita Ustav archeologie a muzeologie;p;"";""
10.6084/m9.figshare.c.5923208.v1;CEITEC ;Central European Institute of Technology;University of Veterinary Medicine Vienna;p;"";""
10.15468/m97sd2;PELC;P.E.L.C. - Private Entomological Laboratory and Collection;;pp;"";""
10.6084/m9.figshare.c.7240904.v1;University Hospital Brno;University Hospital Brno;Charles University;p;"";""
10.48580/dgt98;PELC;P.E.L.C. - Private Entomological Laboratory and Collection;;pp;"";""
10.6084/m9.figshare.c.5923208.v1;CEITEC ;Central European Institute of Technology;Medical University of Vienna;p;"";""
10.48580/dgtg4;PELC;P.E.L.C. - Private Entomological Laboratory and Collection;Asociación Colombiana de Ornitología;pp;"";""
10.6084/m9.figshare.c.5919401.v1;CULS;Czech University of Life Sciences Prague;;p;"";""
10.48580/dgt98;PELC;P.E.L.C. - Private Entomological Laboratory and Collection;Natural History Museum;pp;"";""
10.6084/m9.figshare.c.6596467.v1;IKEM;Institute of Clinical and Experimental Medicine;Medical University of Vienna;p;"";""
10.5281/zenodo.6037503;J. Heyrovsky Institute of Physical Chemistry;J. Heyrovsky Institute of Physical Chemistry;University of Bern (NCCR Catalysis);p;"";""
10.5281/zenodo.10949371;University Hospital Hradec Králové;University Hospital Hradec Králové;National Institute of Mental Health;p;"";""
10.6084/m9.figshare.c.7057817.v1;Palacký University, Olomouc;Palacký University, Olomouc;Erasmus MC;p;"";""
10.6084/m9.figshare.c.6925570.v1;CULS;Czech University of Life Sciences Prague;Masaryk University;p;"";""
10.5281/zenodo.15154492;University Hospital Hradec Králové;University Hospital Hradec Králové;;p;"";""
10.48580/dgtg4;PELC;P.E.L.C. - Private Entomological Laboratory and Collection;A Rocha Kenya;pp;"";""
10.5281/zenodo.6382216;CULS;Czech University of Life Sciences Prague;University of Forestry, Sofia;p;"";""
10.5061/dryad.vmcvdncsz;IEB;Institute of Experimental Botany;Institute of Biology of Komi Scientific Centre;p;"";""
10.48580/dgtg4;PELC;P.E.L.C. - Private Entomological Laboratory and Collection;The Natural History Museum;pp;"";""
10.48580/dgs4f;PELC;P.E.L.C. - Private Entomological Laboratory and Collection;;pp;"";""
10.48580/dgsv8;PELC;P.E.L.C. - Private Entomological Laboratory and Collection;;pp;"";""
10.48580/dgs4f;PELC;P.E.L.C. - Private Entomological Laboratory and Collection;;pp;"";""
10.5281/zenodo.10680436;Jan Evangelista Purkyně University in Ústí nad Labem;Jan Evangelista Purkyně University in Ústí nad Labem;Marine and Environmental Sciences Centre (MARE), Faculdade de Ciências, Universidade de Lisboa;p;"";""
10.48580/dgtg4;PELC;P.E.L.C. - Private Entomological Laboratory and Collection;Agriculture and Agri-Food Canada;pp;"";""
10.48580/dgsv8;PELC;P.E.L.C. - Private Entomological Laboratory and Collection;Individual custodian in cooperation with the Botanical Garden of the Karlsruhe Institute of Technology;pp;p;""
10.48580/dgsv8;PELC;P.E.L.C. - Private Entomological Laboratory and Collection;;pp;"";""
10.48580/dgt98;PELC;P.E.L.C. - Private Entomological Laboratory and Collection;;pp;"";""
10.48580/dgs4f;PELC;P.E.L.C. - Private Entomological Laboratory and Collection;;pp;"";""
10.5281/zenodo.15154499;University Hospital Hradec Králové;University Hospital Hradec Králové;;p;"";""
10.48580/dgtg4;PELC;P.E.L.C. - Private Entomological Laboratory and Collection;Institut National de la Recherche Agronomique, UMR ESE, INRA;pp;"";""
10.5281/zenodo.6382216;CULS;Czech University of Life Sciences Prague;Geonatura;p;"";""
10.6084/m9.figshare.c.6319614.v1;ČVUT;Czech Technical University in Prague;Charles University;p;"";""
10.6084/m9.figshare.c.6787450.v1;CEITEC ;Central European Institute of Technology;Masaryk University;p;"";""
10.6084/m9.figshare.c.6787807.v1;Palacký University, Olomouc;Palacký University, Olomouc;Medical University of Lodz;p;"";""
10.6084/m9.figshare.21009561.v1;IPVZ;Institute for Postgraduate Medical Education;Charles University;p;"";""
10.5281/zenodo.10680436;Jan Evangelista Purkyně University in Ústí nad Labem;Jan Evangelista Purkyně University in Ústí nad Labem;National Institute on Wildlife Research (IREC), University of Castilla-La Mancha;p;"";""
10.48580/dgs4f;PELC;P.E.L.C. - Private Entomological Laboratory and Collection;;pp;"";""
10.48580/dgtg4;PELC;P.E.L.C. - Private Entomological Laboratory and Collection;Museo di Storia Naturale, Sezione di Zoologia, Università d Firenze;pp;"";""
10.6084/m9.figshare.19470467.v1;CEITEC MU;Central European Institute of Technology – Masaryk University;Medical University of Vienna;p;"";""
10.15468/m97sd2;PELC;P.E.L.C. - Private Entomological Laboratory and Collection;Florida Museum of Natural History;pp;"";""
10.5281/zenodo.10680436;Jan Evangelista Purkyně University in Ústí nad Labem;Jan Evangelista Purkyně University in Ústí nad Labem;Swedish University of Agricultural Sciences;p;"";""
10.6084/m9.figshare.c.7828330.v1;CEITEC ;Central European Institute of Technology;University of Tartu;p;"";""
10.6084/m9.figshare.20035643.v1;IEB;Institute of Experimental Botany;Rothamsted Research;p;"";""
10.15468/m97sd2;PELC;P.E.L.C. - Private Entomological Laboratory and Collection;;pp;"";""
10.15468/m97sd2;PELC;P.E.L.C. - Private Entomological Laboratory and Collection;Smithsonian Institution;pp;"";""
10.48580/dgs4f;PELC;P.E.L.C. - Private Entomological Laboratory and Collection;;pp;"";""
10.6084/m9.figshare.20018045.v1;IKEM;Institute of Clinical and Experimental Medicine;;p;"";""
10.6084/m9.figshare.c.6830045.v1;University Hospital Brno;University Hospital Brno;Masaryk University;p;"";""
10.6084/m9.figshare.c.5923208.v1;CEITEC MU;Central European Institute of Technology – Masaryk University;Medical University of Vienna;p;"";""
10.18419/darus-4117/8;ČVUT;Czech Technical University in Prague;Universität Stuttgart;p;"";""
10.48580/dgt98;PELC;P.E.L.C. - Private Entomological Laboratory and Collection;Illinois Natural History Survey;pp;"";""
10.48580/dgs4f;PELC;P.E.L.C. - Private Entomological Laboratory and Collection;The Natural History Museum;pp;"";""
10.5281/zenodo.8375552;CULS;Czech University of Life Sciences Prague;Croatian Forest Research Institute;p;"";""
10.15468/m97sd2;PELC;P.E.L.C. - Private Entomological Laboratory and Collection;;pp;"";""
10.48580/dgt98;PELC;P.E.L.C. - Private Entomological Laboratory and Collection;;pp;"";""
10.6084/m9.figshare.19915375.v1;CULS;Czech University of Life Sciences Prague;Kangwon National University;p;"";""
10.48580/dgs4f;PELC;P.E.L.C. - Private Entomological Laboratory and Collection;;pp;"";""
10.15468/m97sd2;PELC;P.E.L.C. - Private Entomological Laboratory and Collection;;pp;"";""
10.6084/m9.figshare.19586869.v1;ČVUT;Czech Technical University in Prague;Institute of Molecular Genetics;p;"";""
10.14473/csda/nyxqpt/avvhwb;Institute of Philosophy;Institute of Philosophy;(Tel-Hai College, University of Haifa);pp;"";""
10.48580/dgtg4;PELC;P.E.L.C. - Private Entomological Laboratory and Collection;Zoological Institute RAS;pp;"";""
10.5281/zenodo.7697253;CULS;Czech University of Life Sciences Prague;Czech University of Life Sciences;p;"";""
10.48580/dgsv8;PELC;P.E.L.C. - Private Entomological Laboratory and Collection;;pp;"";""
10.48580/dgs4f;PELC;P.E.L.C. - Private Entomological Laboratory and Collection;;pp;"";""
10.6084/m9.figshare.c.7075282.v1;University Hospital in Motol;University Hospital in Motol;Maastricht University;p;"";""
10.6084/m9.figshare.c.6590218.v1;IKEM;Institute of Clinical and Experimental Medicine;;p;"";""
10.48580/dgsv8;PELC;P.E.L.C. - Private Entomological Laboratory and Collection;;pp;"";""
10.6084/m9.figshare.c.6728494.v1;CULS;Czech University of Life Sciences Prague;;p;"";""
10.5281/zenodo.11454277;CULS;Czech University of Life Sciences Prague;Centre for Ecological Research, Institute of Ecology and Botany, Vácrátót, Hungary;p;"";""
10.6084/m9.figshare.21009561.v1;IPVZ;Institute for Postgraduate Medical Education;Nemocnice Na Bulovce;p;"";""
10.6084/m9.figshare.c.7875701.v1;Institute of Parasitology;Institute of Parasitology;Technical University of Denmark;p;"";""
10.6084/m9.figshare.c.6780806.v1;FNUSA-ICRC;International Clinical Research Center of St. Anne's University Hospital Brno;Aix-Marseille University;p;"";""
10.48580/dgtg4;PELC;P.E.L.C. - Private Entomological Laboratory and Collection;CONABIO;pp;"";""
10.6084/m9.figshare.c.7040196.v1;FNUSA;St. Anne´s University Hospital;Celica (Slovenia);p;"";""
10.5281/zenodo.10888833;Palacký University, Olomouc;Palacký University, Olomouc;;p;"";""
10.6084/m9.figshare.c.7075282.v1;University Hospital in Motol;University Hospital in Motol;Sorbonne University;p;"";""
10.14473/csda/nyxqpt/o3clj1;Institute of Philosophy;Institute of Philosophy;(Vilnius University, Lithuania);pp;"";""
10.6084/m9.figshare.c.6872963.v1;University Hospital in Motol;University Hospital in Motol;;p;"";""
10.6084/m9.figshare.c.7190610.v1;Fakultní Nemocnice Plzeň;Fakultní Nemocnice Plzeň;Charles University;p;"";""
10.5281/zenodo.5139523;ČVUT;Czech Technical University in Prague;Scientific Knowledge Services;p;"";""
10.6084/m9.figshare.c.7075180.v1;Palacký University, Olomouc;Palacký University, Olomouc;Mendel University in Brno;p;"";""
10.48580/dgtg4;PELC;P.E.L.C. - Private Entomological Laboratory and Collection;;pp;"";""
10.57760/sciencedb.j00104.00075;ČVUT;Czech Technical University in Prague;Vrije Universiteit Amsterdam;p;"";""
10.48580/dgs4f;PELC;P.E.L.C. - Private Entomological Laboratory and Collection;;pp;"";""
10.6084/m9.figshare.c.7158337.v1;Palacký University, Olomouc;Palacký University, Olomouc;Charles University;p;"";""
10.6084/m9.figshare.c.6962539.v1;VFN;General University Hospital in Prague;Palacký University, Olomouc;pp;p;""
10.48580/dgtg4;PELC;P.E.L.C. - Private Entomological Laboratory and Collection;Agricultural Research Organization;pp;"";""
10.48580/dgt98;PELC;P.E.L.C. - Private Entomological Laboratory and Collection;Invertebrados, Museu Nacional/UFRJ;pp;"";""
10.6084/m9.figshare.c.7649648.v1;University Hospital Brno;University Hospital Brno;Masaryk University;p;"";""
10.5281/zenodo.10680436;Jan Evangelista Purkyně University in Ústí nad Labem;Jan Evangelista Purkyně University in Ústí nad Labem;Institute for Biodiversity and Ecosystem Dynamics, University of Amsterdam;p;"";""
10.48580/dgtg4;PELC;P.E.L.C. - Private Entomological Laboratory and Collection;;pp;"";""
10.6084/m9.figshare.c.6765736.v1;VFN;General University Hospital in Prague;Charles University;pp;"";""
10.48580/dgtg4;PELC;P.E.L.C. - Private Entomological Laboratory and Collection;French National Institute for Agriculture, Food, and Environment (INRAE);pp;"";""
10.14473/csda/9alxny/u4jimo;Institute of Philosophy;Institute of Philosophy;(Vilnius University, Lithuania);pp;"";""
10.14473/csda/9alxny;Institute of Philosophy;Institute of Philosophy;(International Center for Defense and Security, Tallinn, Estonia);pp;"";""
10.6084/m9.figshare.c.7057817.v1;Palacký University, Olomouc;Palacký University, Olomouc;Lithuanian University of Health Sciences;p;"";""
10.5281/zenodo.10888833;Palacký University, Olomouc;Palacký University, Olomouc;;p;"";""
10.48580/dgt98;PELC;P.E.L.C. - Private Entomological Laboratory and Collection;;pp;"";""
10.6084/m9.figshare.c.6770757.v1;Palacký University, Olomouc;Palacký University, Olomouc;Mendel University in Brno;p;"";""
10.5281/zenodo.10888833;Palacký University, Olomouc;Palacký University, Olomouc;;p;"";""
10.48580/dgsv8;PELC;P.E.L.C. - Private Entomological Laboratory and Collection;;pp;"";""
10.6084/m9.figshare.20341686.v1;University Hospital Brno;University Hospital Brno;Masaryk University;p;"";""
10.6084/m9.figshare.c.7828330.v1;CEITEC MU;Central European Institute of Technology – Masaryk University;KU Leuven;p;"";""
10.48580/dgsv8;PELC;P.E.L.C. - Private Entomological Laboratory and Collection;Invertebrados, Museu Nacional/UFRJ;pp;"";""
10.48580/dgt98;PELC;P.E.L.C. - Private Entomological Laboratory and Collection;;pp;"";""
10.14473/csda/9alxny/qm4pmv;Institute of Philosophy;Institute of Philosophy;(ResWell Research Collaboration, Tel Aviv University, Tel Aviv, Israel);pp;"";""
10.6084/m9.figshare.c.7595338.v1;University Hospital Brno;University Hospital Brno;Mendel University in Brno;p;"";""
10.6084/m9.figshare.c.7040196.v1;FNUSA;St. Anne´s University Hospital;Celica (Slovenia);p;"";""
10.6084/m9.figshare.c.7206675.v1;VFU;University of Veterinary and Pharmaceutical Sciences;City University of Hong Kong;p;"";""
10.6084/m9.figshare.c.7828330.v1;CEITEC ;Central European Institute of Technology;University of Vienna;p;"";""
10.5281/zenodo.15154492;University Hospital Hradec Králové;University Hospital Hradec Králové;;p;"";""
10.6084/m9.figshare.c.6787807.v1;University Hospital Olomouc;University Hospital Olomouc;Humanitas University;p;"";""
10.48580/dgtg4;PELC;P.E.L.C. - Private Entomological Laboratory and Collection;;pp;"";""
10.48580/dgs4f;PELC;P.E.L.C. - Private Entomological Laboratory and Collection;;pp;"";""
10.48580/dgsv8;PELC;P.E.L.C. - Private Entomological Laboratory and Collection;;pp;"";""
10.15468/m97sd2;PELC;P.E.L.C. - Private Entomological Laboratory and Collection;;pp;"";""
10.5281/zenodo.13897824;Palacký University, Olomouc;Palacký University, Olomouc;;p;"";""
10.14473/csda/wbooe4/3ylzfp;Institute of Philosophy;Institute of Philosophy;(Vilnius University, Lithuania);pp;"";""
10.6084/m9.figshare.c.7017686.v1;VFN;General University Hospital in Prague;Oslo University Hospital;pp;p;""
10.48580/dgt98;PELC;P.E.L.C. - Private Entomological Laboratory and Collection;;pp;"";""
10.48580/dgt98;PELC;P.E.L.C. - Private Entomological Laboratory and Collection;;pp;"";""
10.6084/m9.figshare.c.7563934.v1;Palacký University, Olomouc;Palacký University, Olomouc;University of Hong Kong;p;"";""
10.5281/zenodo.10680436;Jan Evangelista Purkyně University in Ústí nad Labem;Jan Evangelista Purkyně University in Ústí nad Labem;IEO-CSIC;p;"";""
10.48580/dgs4f;PELC;P.E.L.C. - Private Entomological Laboratory and Collection;;pp;"";""
10.48580/dgsv8;PELC;P.E.L.C. - Private Entomological Laboratory and Collection;;pp;"";""
10.6084/m9.figshare.c.8009479.v1;CULS;Czech University of Life Sciences Prague;Masaryk University;p;"";""
10.6084/m9.figshare.c.6962539.v1;VFN;General University Hospital in Prague;Revmatologický Ústav;pp;"";""
10.5285/3b077711-f183-42f1-bac6-c892922c81f4;CULS;Czech University of Life Sciences Prague;Norwegian Water Resources and Energy Directorate;p;"";""
10.48580/dgs4f;PELC;P.E.L.C. - Private Entomological Laboratory and Collection;;pp;"";""
10.6084/m9.figshare.c.5923208.v1;CEITEC MU;Central European Institute of Technology – Masaryk University;Medical University of Vienna;p;"";""
10.48580/dgs4f;PELC;P.E.L.C. - Private Entomological Laboratory and Collection;;pp;"";""
10.48580/dgtg4;PELC;P.E.L.C. - Private Entomological Laboratory and Collection;;pp;"";""
10.6084/m9.figshare.c.6958017.v1;CEITEC ;Central European Institute of Technology;Masaryk University;p;"";""
10.48580/dgs4f;PELC;P.E.L.C. - Private Entomological Laboratory and Collection;Max Planck Institute;pp;p;""
10.6084/m9.figshare.c.6787450.v1;CEITEC ;Central European Institute of Technology;Munich Leukemia Laboratory (Germany);p;"";""
10.6084/m9.figshare.c.6925570.v1;CULS;Czech University of Life Sciences Prague;TU Dresden;p;"";""
10.6084/m9.figshare.c.6317120.v1;VFN;General University Hospital in Prague;Charles University;pp;"";""
10.48580/dgtg4;PELC;P.E.L.C. - Private Entomological Laboratory and Collection;Western Australian Herbarium;pp;"";""
10.15468/m97sd2;PELC;P.E.L.C. - Private Entomological Laboratory and Collection;;pp;"";""
10.14473/csda/nyxqpt;Institute of Philosophy;Institute of Philosophy;(Tel Aviv University);pp;"";""
10.18419/darus-4117/4;CULS;Czech University of Life Sciences Prague;Czech University of Life Sciences;p;"";""
10.48580/dgt98;PELC;P.E.L.C. - Private Entomological Laboratory and Collection;;pp;"";""
10.6084/m9.figshare.c.6892116.v1;VFN;General University Hospital in Prague;Splošna Bolnišnica Slovenj Gradec;pp;p;""
10.5281/zenodo.7786270;IAP;Institute of Atmospheric Physics;Royal Belgian Institute for Space Aeronomy BIRA–IASB, Brussels, Belgium;pp;p;""
10.6084/m9.figshare.c.7945172.v1;University Hospital Hradec Králové;University Hospital Hradec Králové;University of Hradec Králové;p;"";""
10.5281/zenodo.14025746;VFN;General University Hospital in Prague;BIOCEV - Biotechnology and Biomedicine Centre,  Institute of Biotechnology, Czech Academy of Sciences, Vestec, Czech Republic;pp;p;""
10.6084/m9.figshare.c.7828330.v1;CEITEC ;Central European Institute of Technology;KU Leuven;p;"";""
10.6084/m9.figshare.19518443.v1;CULS;Czech University of Life Sciences Prague;Institute of Botany;p;"";""
10.48580/dgtg4;PELC;P.E.L.C. - Private Entomological Laboratory and Collection;;pp;"";""
10.6084/m9.figshare.c.6787807.v1;University Hospital Olomouc;University Hospital Olomouc;Casa Sollievo della Sofferenza;p;"";""
10.48580/dgtg4;PELC;P.E.L.C. - Private Entomological Laboratory and Collection;Natural History Museum, London;pp;"";""
10.48580/dgtg4;PELC;P.E.L.C. - Private Entomological Laboratory and Collection;;pp;"";""
10.6084/m9.figshare.c.6787807.v1;Palacký University, Olomouc;Palacký University, Olomouc;University of Verona;p;"";""
10.5281/zenodo.5711706;CULS;Czech University of Life Sciences Prague;Lund University;p;"";""
10.18419/darus-4117/12;ČVUT;Czech Technical University in Prague;Coll Coll;p;"";""
10.6084/m9.figshare.c.7906234.v1;University Hospital Hradec Králové;University Hospital Hradec Králové;Umeå University;p;"";""
10.48580/dgtg4;PELC;P.E.L.C. - Private Entomological Laboratory and Collection;;pp;"";""
10.48580/dgtg4;PELC;P.E.L.C. - Private Entomological Laboratory and Collection;Virginia Commonwealth University;pp;"";""
10.48580/dgtg4;PELC;P.E.L.C. - Private Entomological Laboratory and Collection;Division of Invertebrate Zoology, American Museum of Natural History;pp;"";""
10.6084/m9.figshare.c.6787807.v1;University Hospital Olomouc;University Hospital Olomouc;Charles University;p;"";""
10.5281/zenodo.11454277;CULS;Czech University of Life Sciences Prague;CREA - Research Centre for Forestry and Wood, Rome, Italy;p;"";""
10.18419/darus-4117/7;ČVUT;Czech Technical University in Prague;Coll Coll;p;"";""
10.5281/zenodo.10888833;Palacký University, Olomouc;Palacký University, Olomouc;;p;"";""
10.6084/m9.figshare.c.7297436.v1;Palacký University, Olomouc;Palacký University, Olomouc;Charles University;p;"";""
10.6084/m9.figshare.c.6629419.v1;Fakultní Nemocnice Plzeň;Fakultní Nemocnice Plzeň;University of Ostrava;p;"";""
10.21227/z36r-0m98;University Hospital Hradec Králové;University Hospital Hradec Králové;Charles University;p;"";""
10.48580/dgsv8;PELC;P.E.L.C. - Private Entomological Laboratory and Collection;Natural History Museum;pp;"";""
10.5061/dryad.vmcvdncsz;IEB;Institute of Experimental Botany;M.G. Kholodny Institute of Botany;p;"";""
10.48580/dgs4f;PELC;P.E.L.C. - Private Entomological Laboratory and Collection;;pp;"";""
10.5281/zenodo.15095308;Jan Evangelista Purkyně University in Ústí nad Labem;Jan Evangelista Purkyně University in Ústí nad Labem;Helmholtz Centre for Environmental Research;p;"";""
10.6084/m9.figshare.c.6585787.v1;University Hospital in Motol;University Hospital in Motol;University of California, San Diego;p;"";""
10.15468/m97sd2;PELC;P.E.L.C. - Private Entomological Laboratory and Collection;;pp;"";""
10.14473/csda/9alxny/edv8qp;Institute of Philosophy;Institute of Philosophy;(Faculty of Communication, Vilnius University, Vilnius, Lithuania);pp;"";""
10.6084/m9.figshare.c.7226433.v1;Palacký University, Olomouc;Palacký University, Olomouc;Rothamsted Research;p;"";""
10.5281/zenodo.15154495;University Hospital Hradec Králové;University Hospital Hradec Králové;;p;"";""
10.5281/zenodo.14295543;UPMD;Ústav pro péči o matku a dítě;International Clinical Research Center, Faculty of Medicine, Masaryk University, Brno, Czech Republic.;pp;p;""
10.6084/m9.figshare.c.6629419.v1;University Hospital in Motol;University Hospital in Motol;;p;"";""
10.48580/dgsv8;PELC;P.E.L.C. - Private Entomological Laboratory and Collection;;pp;"";""
10.6084/m9.figshare.c.6792969.v1;University Hospital Hradec Králové;University Hospital Hradec Králové;Charles University;p;"";""
10.48580/dgt98;PELC;P.E.L.C. - Private Entomological Laboratory and Collection;;pp;"";""
10.5281/zenodo.6289588;FZU;Institute of Physics;University of Geneva;p;"";""
10.6084/m9.figshare.c.6096199.v1;Palacký University, Olomouc;Palacký University, Olomouc;University of Southern Denmark;p;"";""
10.5281/zenodo.7390416;SZU;National Institute of Public Health;Veterinary Directorate - Ministry of Agriculture, Forestry and Water Management, Serbia;p;"";""
10.6084/m9.figshare.c.6596173.v1;CULS;Czech University of Life Sciences Prague;Université Libre de Bruxelles;p;"";""
10.5281/zenodo.14882506;Palacký University, Olomouc;Palacký University, Olomouc;Mendel University in Brno;p;"";""
10.48580/dgt98;PELC;P.E.L.C. - Private Entomological Laboratory and Collection;;pp;"";""
10.48580/dgtg4;PELC;P.E.L.C. - Private Entomological Laboratory and Collection;Nortern Arizona University;pp;"";""
10.6084/m9.figshare.c.6872952.v1;Palacký University, Olomouc;Palacký University, Olomouc;Masaryk University;p;"";""
10.6084/m9.figshare.20035643.v1;Palacký University, Olomouc;Palacký University, Olomouc;Rothamsted Research;p;"";""
10.5061/dryad.vmcvdncsz;IEB;Institute of Experimental Botany;Komarov Botanical Institute of the Russian Academy of Sciences;p;"";""
10.5281/zenodo.10680436;Jan Evangelista Purkyně University in Ústí nad Labem;Jan Evangelista Purkyně University in Ústí nad Labem;Flanders Marine Institute (VLIZ);p;"";""
10.6084/m9.figshare.c.7158337.v1;Palacký University, Olomouc;Palacký University, Olomouc;Charles University;p;"";""
10.48580/dgsv8;PELC;P.E.L.C. - Private Entomological Laboratory and Collection;;pp;"";""
10.21227/q8py-jm64;ČVUT;Czech Technical University in Prague;Tomas Bata University in Zlin;p;"";""
10.5281/zenodo.5711706;CULS;Czech University of Life Sciences Prague;Mendel University;p;"";""
10.6084/m9.figshare.c.6787450.v1;CEITEC MU;Central European Institute of Technology – Masaryk University;Medical University of Vienna;p;"";""
10.6084/m9.figshare.c.6806308.v1;Public Health Institute Ostrava;Public Health Institute Ostrava;University of Ostrava;p;"";""
10.48580/dgtg4;PELC;P.E.L.C. - Private Entomological Laboratory and Collection;;pp;"";""
10.5281/zenodo.10572480;CULS;Czech University of Life Sciences Prague;Center for Ecosystem Science and Society, Northern Arizona University, Flagstaff AZ USA;p;"";""
10.48580/dgsv8;PELC;P.E.L.C. - Private Entomological Laboratory and Collection;;pp;"";""
10.48580/dgsv8;PELC;P.E.L.C. - Private Entomological Laboratory and Collection;;pp;"";""
10.5281/zenodo.10888833;Palacký University, Olomouc;Palacký University, Olomouc;;p;"";""
10.48580/dgt98;PELC;P.E.L.C. - Private Entomological Laboratory and Collection;Departamento de Invertebrados, Museu Nacional, Universidade Federal do Rio de Janeiro;pp;p;""
10.6084/m9.figshare.c.6926742.v1;FNUSA;St. Anne´s University Hospital;Freie Universität Berlin;p;"";""
10.15468/m97sd2;PELC;P.E.L.C. - Private Entomological Laboratory and Collection;University of Illinois;pp;"";""
10.48580/dgtg4;PELC;P.E.L.C. - Private Entomological Laboratory and Collection;Department of Ecology, Systematics and Evolution, The Institute of Life Sciences, The Hebrew University of Jerusalem;pp;p;""
10.15468/m97sd2;PELC;P.E.L.C. - Private Entomological Laboratory and Collection;;pp;"";""
10.5281/zenodo.14017853;CULS;Czech University of Life Sciences Prague;Wageningen University & Research;p;"";""
10.48580/dgs4f;PELC;P.E.L.C. - Private Entomological Laboratory and Collection;Field Museum of Natural History;pp;"";""
10.48580/dgtg4;PELC;P.E.L.C. - Private Entomological Laboratory and Collection;;pp;"";""
10.6084/m9.figshare.c.7040196.v1;Palacký University, Olomouc;Palacký University, Olomouc;Celica (Slovenia);p;"";""
10.5281/zenodo.10680436;CULS;Czech University of Life Sciences Prague;University of Amsterdam;p;"";""
10.48580/dgs4f;PELC;P.E.L.C. - Private Entomological Laboratory and Collection;;pp;"";""
10.48580/dgtg4;PELC;P.E.L.C. - Private Entomological Laboratory and Collection;;pp;"";""
10.48580/dgs4f;PELC;P.E.L.C. - Private Entomological Laboratory and Collection;Natural History Museum, London;pp;"";""
10.48580/dgtg4;PELC;P.E.L.C. - Private Entomological Laboratory and Collection;;pp;"";""
10.48580/dgs4f;PELC;P.E.L.C. - Private Entomological Laboratory and Collection;;pp;"";""
10.14473/csda/wbooe4/olkzwn;Institute of Philosophy;Institute of Philosophy;(International Center for Defense and Security, Tallinn, Estonia);pp;"";""
10.48580/dgtg4;PELC;P.E.L.C. - Private Entomological Laboratory and Collection;;pp;"";""
10.5281/zenodo.17083924;CULS;Czech University of Life Sciences Prague;;p;"";""
10.48580/dgt98;PELC;P.E.L.C. - Private Entomological Laboratory and Collection;;pp;"";""
10.48580/dgtg4;PELC;P.E.L.C. - Private Entomological Laboratory and Collection;;pp;"";""
10.60534/46qra-6bw98;Center for Advanced Preclinical Imaging (CAPI);Center for Advanced Preclinical Imaging (CAPI);"Heinrich-Heine-Universität Düsseldorf, ;Max Planck Institute of Biochemistry,";pp;p;""
10.48580/dgtg4;PELC;P.E.L.C. - Private Entomological Laboratory and Collection;Jardim Botânico, Museu Nacional de História Natural, Universidade de Lisboa;pp;"";""
10.48580/dgs4f;PELC;P.E.L.C. - Private Entomological Laboratory and Collection;NIWA;pp;"";""
10.6084/m9.figshare.c.6580580.v1;CULS;Czech University of Life Sciences Prague;Charles University;p;"";""
10.15468/m97sd2;PELC;P.E.L.C. - Private Entomological Laboratory and Collection;USDA c/o National Museum of Natural History, Smithsonian Institution;pp;"";""
10.48580/dgt98;PELC;P.E.L.C. - Private Entomological Laboratory and Collection;;pp;"";""
10.15468/m97sd2;PELC;P.E.L.C. - Private Entomological Laboratory and Collection;;pp;"";""
10.48580/dgs4f;PELC;P.E.L.C. - Private Entomological Laboratory and Collection;;pp;"";""
10.48580/dgs4f;PELC;P.E.L.C. - Private Entomological Laboratory and Collection;Natural History Museum;pp;"";""
10.6084/m9.figshare.c.6690909.v1;University Hospital in Motol;University Hospital in Motol;Charles University;p;"";""
10.6084/m9.figshare.c.7307920.v1;IKEM;Institute of Clinical and Experimental Medicine;University of Chemistry and Technology;p;"";""
10.48580/dgtg4;PELC;P.E.L.C. - Private Entomological Laboratory and Collection;;pp;"";""
10.15468/m97sd2;PELC;P.E.L.C. - Private Entomological Laboratory and Collection;;pp;"";""
10.48580/dgtg4;PELC;P.E.L.C. - Private Entomological Laboratory and Collection;;pp;"";""
10.5281/zenodo.15064532;CULS;Czech University of Life Sciences Prague;;p;"";""
10.6084/m9.figshare.c.7658291.v1;University Hospital Brno;University Hospital Brno;Masaryk University;p;"";""
10.6084/m9.figshare.c.7149681.v1;VFN;General University Hospital in Prague;Palacký University, Olomouc;pp;p;""
10.6084/m9.figshare.c.6925570.v1;CULS;Czech University of Life Sciences Prague;TU Dresden;p;"";""
10.6084/m9.figshare.19518443.v1;CULS;Czech University of Life Sciences Prague;Institute of Botany;p;"";""
10.5281/zenodo.10680436;CULS;Czech University of Life Sciences Prague;CIBIO, Centro de Investigação em Biodiversidade e Recursos Genéticos;p;"";""
10.6084/m9.figshare.c.7149681.v1;VSE;University of Economics Prague;Charles University;p;"";""
10.48580/dgsv8;PELC;P.E.L.C. - Private Entomological Laboratory and Collection;Finnish Museum of Natural History, University of Helsinki;pp;"";""
10.48580/dgs4f;PELC;P.E.L.C. - Private Entomological Laboratory and Collection;Vlaams Instituut voor de Zee (VLIZ);pp;"";""
10.5281/zenodo.11212280;ITAM AS CR;Institute of Theoretical and Applied Mechanics;Nuclear Physics Institute of the Czech Academy of Sciences;pp;p;""
10.5281/zenodo.10680436;Jan Evangelista Purkyně University in Ústí nad Labem;Jan Evangelista Purkyně University in Ústí nad Labem;University of Amsterdam;p;"";""
10.48580/dgs4f;PELC;P.E.L.C. - Private Entomological Laboratory and Collection;;pp;"";""
10.48580/dgtg4;PELC;P.E.L.C. - Private Entomological Laboratory and Collection;Community Ecology, Zoological Institute, University of Bern;pp;"";""
10.18434/mds2-2602;FZU;Institute of Physics;Georgia Institute of Technology, Materials Science and Engineering;p;"";""
10.6084/m9.figshare.c.6765670.v1;CULS;Czech University of Life Sciences Prague;University of Bayreuth;p;"";""
10.6084/m9.figshare.c.6586648.v1;CULS;Czech University of Life Sciences Prague;Ghent University;p;"";""
10.6084/m9.figshare.c.5923208.v1;CEITEC MU;Central European Institute of Technology – Masaryk University;University of Veterinary Medicine Vienna;p;"";""
10.6084/m9.figshare.c.7358677.v1;ÚKZÚZ;Central Institute for Supervising and Testing in Agriculture;University of Bonn;p;"";""
10.5281/zenodo.6637599;CULS;Czech University of Life Sciences Prague;Swiss Federal Research Institute WSL, Zürcherstrasse 111, CH-8903 Birmensdorf, Switzerland;p;"";""
10.6084/m9.figshare.c.6872952.v1;CULS;Czech University of Life Sciences Prague;Masaryk University;p;"";""
10.6084/m9.figshare.20341680.v1;University Hospital Brno;University Hospital Brno;Masaryk University;p;"";""
10.6084/m9.figshare.c.7158337.v1;Palacký University, Olomouc;Palacký University, Olomouc;Charles University;p;"";""
10.48580/dgs4f;PELC;P.E.L.C. - Private Entomological Laboratory and Collection;;pp;"";""
10.6084/m9.figshare.19670032.v1;CULS;Czech University of Life Sciences Prague;University of Natural Resources and Life Sciences;p;"";""
10.6084/m9.figshare.c.6629419.v1;University Hospital Hradec Králové;University Hospital Hradec Králové;University of Ostrava;p;"";""
10.5281/zenodo.15154495;University Hospital Hradec Králové;University Hospital Hradec Králové;;p;"";""
10.6084/m9.figshare.c.6787450.v1;CEITEC MU;Central European Institute of Technology – Masaryk University;Medical University of Vienna;p;"";""
10.6084/m9.figshare.c.6577006.v1;Jan Evangelista Purkyně University in Ústí nad Labem;Jan Evangelista Purkyně University in Ústí nad Labem;Université Libre de Bruxelles;p;"";""
10.6084/m9.figshare.c.7323343.v1;University Hospital Brno;University Hospital Brno;Hadassah Medical Center;p;"";""
10.5281/zenodo.15069069;IKEM;Institute of Clinical and Experimental Medicine;Italian Institute for Genomic Medicine (IIGM), c/o IRCCS Candiolo, Italy;p;"";""
10.48580/dgsv8;PELC;P.E.L.C. - Private Entomological Laboratory and Collection;;pp;"";""
10.5281/zenodo.7908625;CULS;Czech University of Life Sciences Prague;Czech University of Life Sciences;p;"";""
10.48580/dgtg4;PELC;P.E.L.C. - Private Entomological Laboratory and Collection;;pp;"";""
10.6084/m9.figshare.c.6582923.v1;CULS;Czech University of Life Sciences Prague;;p;"";""
10.5285/3b077711-f183-42f1-bac6-c892922c81f4;CULS;Czech University of Life Sciences Prague;UK Centre for Ecology & Hydrology;p;"";""
10.6084/m9.figshare.c.7264690.v1;CEITEC MU;Central European Institute of Technology – Masaryk University;Masaryk University;p;"";""
10.48580/dgsv8;PELC;P.E.L.C. - Private Entomological Laboratory and Collection;;pp;"";""
10.48580/dgsv8;PELC;P.E.L.C. - Private Entomological Laboratory and Collection;Muséum national d'Histoire naturelle (MNHN);pp;"";""
10.6084/m9.figshare.c.6787807.v1;University Hospital Olomouc;University Hospital Olomouc;Lithuanian University of Health Sciences;p;"";""
10.5281/zenodo.6637599;CULS;Czech University of Life Sciences Prague;Université de Liège, Gembloux Agro-Bio Tech, Gembloux, Belgium;p;"";""
10.48580/dgsv8;PELC;P.E.L.C. - Private Entomological Laboratory and Collection;;pp;"";""
10.48580/dgtg4;PELC;P.E.L.C. - Private Entomological Laboratory and Collection;US Geological Survey / Smithsonian Institution;pp;"";""
10.48580/dgtg4;PELC;P.E.L.C. - Private Entomological Laboratory and Collection;;pp;"";""
10.6084/m9.figshare.c.6787450.v1;CEITEC MU;Central European Institute of Technology – Masaryk University;Innsbruck Medical University;p;"";""
10.48580/dgt98;PELC;P.E.L.C. - Private Entomological Laboratory and Collection;Royal Botanic Garden Edinburgh;pp;"";""
10.48580/dgt98;PELC;P.E.L.C. - Private Entomological Laboratory and Collection;;pp;"";""
10.48580/dgt98;PELC;P.E.L.C. - Private Entomological Laboratory and Collection;;pp;"";""
10.6084/m9.figshare.c.6690909.v1;University Hospital in Motol;University Hospital in Motol;Charles University;p;"";""
10.48580/dgtg4;PELC;P.E.L.C. - Private Entomological Laboratory and Collection;Royal Belgian Institute of Natural Sciences;pp;"";""
10.6084/m9.figshare.c.7149681.v1;Palacký University, Olomouc;Palacký University, Olomouc;University of Nantes;p;"";""
10.48580/dgs4f;PELC;P.E.L.C. - Private Entomological Laboratory and Collection;;pp;"";""
10.6084/m9.figshare.c.7971703.v1;University Hospital Hradec Králové;University Hospital Hradec Králové;Charles University;p;"";""
10.6084/m9.figshare.c.7226433.v1;Palacký University, Olomouc;Palacký University, Olomouc;Rothamsted Research;p;"";""
10.6084/m9.figshare.c.6765736.v1;VFN;General University Hospital in Prague;Norwegian Institute of Public Health;pp;p;""
10.6084/m9.figshare.c.6787450.v1;CEITEC MU;Central European Institute of Technology – Masaryk University;Swedish University of Agricultural Sciences;p;"";""
10.48580/dgt98;PELC;P.E.L.C. - Private Entomological Laboratory and Collection;;pp;"";""
10.6084/m9.figshare.c.7215790.v1;CULS;Czech University of Life Sciences Prague;Guizhou Minzu University;p;"";""
10.15468/m97sd2;PELC;P.E.L.C. - Private Entomological Laboratory and Collection;;pp;"";""
10.15468/m97sd2;PELC;P.E.L.C. - Private Entomological Laboratory and Collection;;pp;"";""
10.48580/dgs4f;PELC;P.E.L.C. - Private Entomological Laboratory and Collection;Universidad de Guadalajara;pp;"";""
10.6084/m9.figshare.c.7595338.v1;VFU;University of Veterinary and Pharmaceutical Sciences;Mendel University in Brno;p;"";""
10.48580/dgsv8;PELC;P.E.L.C. - Private Entomological Laboratory and Collection;;pp;"";""
10.48580/dgt98;PELC;P.E.L.C. - Private Entomological Laboratory and Collection;;pp;"";""
10.5281/zenodo.10888833;Palacký University, Olomouc;Palacký University, Olomouc;;p;"";""
10.48580/dgtg4;PELC;P.E.L.C. - Private Entomological Laboratory and Collection;;pp;"";""
10.48580/dgs4f;PELC;P.E.L.C. - Private Entomological Laboratory and Collection;;pp;"";""
10.15468/m97sd2;PELC;P.E.L.C. - Private Entomological Laboratory and Collection;Illinois Natural History Survey;pp;"";""
10.5281/zenodo.14017853;CULS;Czech University of Life Sciences Prague;Austrian Agency for Health and Food Safety;p;"";""
10.15468/m97sd2;PELC;P.E.L.C. - Private Entomological Laboratory and Collection;;pp;"";""
10.48580/dgs4f;PELC;P.E.L.C. - Private Entomological Laboratory and Collection;;pp;"";""
10.6084/m9.figshare.c.6585787.v1;University Hospital in Motol;University Hospital in Motol;Charles University;p;"";""
10.6084/m9.figshare.c.6792969.v1;University Hospital Olomouc;University Hospital Olomouc;Charles University;p;"";""
10.6084/m9.figshare.c.6037946.v1;Palacký University, Olomouc;Palacký University, Olomouc;Rothamsted Research;p;"";""
10.6084/m9.figshare.c.6780806.v1;FNUSA;St. Anne´s University Hospital;Foundation for Research on Information Technologies in Society;p;"";""
10.48580/dgsv8;PELC;P.E.L.C. - Private Entomological Laboratory and Collection;INHS, University of Illinois;pp;"";""
10.48580/dgsv8;PELC;P.E.L.C. - Private Entomological Laboratory and Collection;;pp;"";""
10.6084/m9.figshare.c.6596173.v1;CULS;Czech University of Life Sciences Prague;Water Research Institute;p;"";""
10.6084/m9.figshare.c.6787450.v1;CEITEC ;Central European Institute of Technology;Medical University of Vienna;p;"";""
10.5281/zenodo.10680436;CULS;Czech University of Life Sciences Prague;Norwegian Institute for Water Research (NIVA);p;"";""
10.6084/m9.figshare.c.6581221.v1;University Hospital in Motol;University Hospital in Motol;Charles University;p;"";""
10.6084/m9.figshare.c.6004076.v1;Fakultní Nemocnice Plzeň;Fakultní Nemocnice Plzeň;Medical University of Silesia;p;"";""
10.48580/dgs4f;PELC;P.E.L.C. - Private Entomological Laboratory and Collection;;pp;"";""
10.6084/m9.figshare.c.6577006.v1;Jan Evangelista Purkyně University in Ústí nad Labem;Jan Evangelista Purkyně University in Ústí nad Labem;Charles University;p;"";""
10.48580/dgs4f;PELC;P.E.L.C. - Private Entomological Laboratory and Collection;;pp;"";""
10.15468/m97sd2;PELC;P.E.L.C. - Private Entomological Laboratory and Collection;Academica Sinica;pp;"";""
10.15468/m97sd2;PELC;P.E.L.C. - Private Entomological Laboratory and Collection;Vlaams Instituut voor de Zee (VLIZ);pp;"";""
10.6084/m9.figshare.c.7185629.v1;IKEM;Institute of Clinical and Experimental Medicine;Czech Academy of Sciences;p;"";""
10.6084/m9.figshare.c.7409075.v1;University Hospital Brno;University Hospital Brno;Masaryk University;p;"";""
10.5281/zenodo.4603685;Jan Evangelista Purkyně University in Ústí nad Labem;Jan Evangelista Purkyně University in Ústí nad Labem;University of Minho;p;"";""
10.48580/dgtg4;PELC;P.E.L.C. - Private Entomological Laboratory and Collection;Department of Ecology and Evolutionary Biology, University of Connecticut;pp;p;""
10.15468/m97sd2;PELC;P.E.L.C. - Private Entomological Laboratory and Collection;;pp;"";""
10.6084/m9.figshare.c.6593432.v1;CULS;Czech University of Life Sciences Prague;;p;"";""
10.6084/m9.figshare.c.7880704.v1;VFN;General University Hospital in Prague;Lund University;pp;"";""
10.6084/m9.figshare.c.7945172.v1;University Hospital Hradec Králové;University Hospital Hradec Králové;University of Hradec Králové;p;"";""
10.18419/darus-4117/14;ČVUT;Czech Technical University in Prague;Coll Coll;p;"";""
10.48580/dgt98;PELC;P.E.L.C. - Private Entomological Laboratory and Collection;Catalogue of Life Foundation;pp;"";""
10.6084/m9.figshare.c.6596467.v1;IKEM;Institute of Clinical and Experimental Medicine;Leiden University Medical Center;p;"";""
10.6084/m9.figshare.c.6184902.v1;IPVZ;Institute for Postgraduate Medical Education;Nemocnice Na Bulovce;p;"";""
10.6084/m9.figshare.c.7295760.v1;NCA CR;Nature Conservation Agency of the Czech Republic;Institute of Microbiology;p;"";""
10.48580/dgt98;PELC;P.E.L.C. - Private Entomological Laboratory and Collection;;pp;"";""
10.6084/m9.figshare.19586875.v1;ČVUT;Czech Technical University in Prague;Institute of Molecular Genetics;p;"";""
10.5281/zenodo.10680436;Jan Evangelista Purkyně University in Ústí nad Labem;Jan Evangelista Purkyně University in Ústí nad Labem;Laboratoire d'Ecogeochimie des Environnements Benthiques, LECOB, Observatoire Océanologique de Banyuls sur Mer Centre National de la Recherche Scientifique (CNRS)-Sorbonne Université;p;"";""
10.6084/m9.figshare.c.6580580.v1;CULS;Czech University of Life Sciences Prague;University of California, San Diego;p;"";""
10.15468/m97sd2;PELC;P.E.L.C. - Private Entomological Laboratory and Collection;;pp;"";""
10.6084/m9.figshare.c.7017686.v1;VFN;General University Hospital in Prague;University of Oslo;pp;"";""
10.5281/zenodo.15175619;Palacký University, Olomouc;Palacký University, Olomouc;Montana Entomology Collection, Montana State University, Bozeman, MT, USA;p;"";""
10.5281/zenodo.10888833;Palacký University, Olomouc;Palacký University, Olomouc;;p;"";""
10.6084/m9.figshare.c.6870567.v1;University Hospital in Motol;University Hospital in Motol;University College Cork;p;"";""
10.5281/zenodo.7607070;ČVUT;Czech Technical University in Prague;Brno University of Technology;p;"";""
10.6084/m9.figshare.c.6650182.v1;FNUSA;St. Anne´s University Hospital;Masaryk University;p;"";""
10.48580/dgsv8;PELC;P.E.L.C. - Private Entomological Laboratory and Collection;;pp;"";""
10.48580/dgtg4;PELC;P.E.L.C. - Private Entomological Laboratory and Collection;;pp;"";""
10.48580/dgtg4;PELC;P.E.L.C. - Private Entomological Laboratory and Collection;;pp;"";""
10.6084/m9.figshare.c.6261502.v1;University Hospital Hradec Králové;University Hospital Hradec Králové;Karolinska Institutet Innovations (Sweden);p;"";""
10.48580/dgtg4;PELC;P.E.L.C. - Private Entomological Laboratory and Collection;CIEMEP - CONICET;pp;p;""
10.5281/zenodo.10680436;Jan Evangelista Purkyně University in Ústí nad Labem;Jan Evangelista Purkyně University in Ústí nad Labem;AZTI,  Marine Research, Basque Research and Technology Alliance (BRTA);p;"";""
10.5281/zenodo.10888833;Palacký University, Olomouc;Palacký University, Olomouc;;p;"";""
10.6084/m9.figshare.c.7120489.v1;University Hospital Brno;University Hospital Brno;University of Rochester Medical Center;p;"";""
10.48580/dgtg4;PELC;P.E.L.C. - Private Entomological Laboratory and Collection;;pp;"";""
10.6084/m9.figshare.c.6317120.v1;VFN;General University Hospital in Prague;Universität Innsbruck;pp;"";""
10.6084/m9.figshare.c.6673724.v4;CULS;Czech University of Life Sciences Prague;;p;"";""
10.48580/dgtg4;PELC;P.E.L.C. - Private Entomological Laboratory and Collection;;pp;"";""
10.15468/m97sd2;PELC;P.E.L.C. - Private Entomological Laboratory and Collection;;pp;"";""
10.5281/zenodo.10888833;Palacký University, Olomouc;Palacký University, Olomouc;Alex Ekwueme Federal University Ndufu-Alike;p;"";""
10.6084/m9.figshare.c.6629419.v1;University Hospital in Motol;University Hospital in Motol;University of Ostrava;p;"";""
10.48580/dgsv8;PELC;P.E.L.C. - Private Entomological Laboratory and Collection;;pp;"";""
10.15468/m97sd2;PELC;P.E.L.C. - Private Entomological Laboratory and Collection;;pp;"";""
10.48580/dgtg4;PELC;P.E.L.C. - Private Entomological Laboratory and Collection;;pp;"";""
10.6084/m9.figshare.c.5265220.v1;CRI;Crop Research Institute;Chinese Academy of Agricultural Sciences;p;"";""
10.48580/dgs4f;PELC;P.E.L.C. - Private Entomological Laboratory and Collection;Real Jardín Botánico de Madrid, CSIC;pp;"";""
10.6084/m9.figshare.c.6585787.v1;VFN;General University Hospital in Prague;;pp;"";""
10.48580/dgsv8;PELC;P.E.L.C. - Private Entomological Laboratory and Collection;;pp;"";""
10.48580/dgsv8;PELC;P.E.L.C. - Private Entomological Laboratory and Collection;;pp;"";""
10.48580/dgs4f;PELC;P.E.L.C. - Private Entomological Laboratory and Collection;Muséum National d’Histoire Naturelle, Département Ecologie et Gestion de la Biodiversité;pp;p;""
10.48580/dgs4f;PELC;P.E.L.C. - Private Entomological Laboratory and Collection;;pp;"";""
10.6084/m9.figshare.c.6830133.v1;University Hospital Ostrava;University Hospital Ostrava;Zoological Institute;p;"";""
10.15468/m97sd2;PELC;P.E.L.C. - Private Entomological Laboratory and Collection;Global Biodiversity Information Facility;pp;"";""
10.6084/m9.figshare.c.6925570.v1;CULS;Czech University of Life Sciences Prague;TU Dresden;p;"";""
10.48580/dgtg4;PELC;P.E.L.C. - Private Entomological Laboratory and Collection;School of Biology, University of Leeds;pp;"";""
10.15468/m97sd2;PELC;P.E.L.C. - Private Entomological Laboratory and Collection;;pp;"";""
10.6084/m9.figshare.c.7476183.v1;Palacký University, Olomouc;Palacký University, Olomouc;Institute of Microbiology;p;"";""
10.57760/sciencedb.07380;FZU;Institute of Physics;Science Island Branch of Graduate School, University of Science and Technology of China, Hefei, Anhui 230026, China;p;"";""
10.5281/zenodo.10680436;CULS;Czech University of Life Sciences Prague;UK Centre for Ecology & Hydrology;p;"";""
10.48580/dgs4f;PELC;P.E.L.C. - Private Entomological Laboratory and Collection;;pp;"";""
10.48580/dgt98;PELC;P.E.L.C. - Private Entomological Laboratory and Collection;;pp;"";""
10.15468/m97sd2;PELC;P.E.L.C. - Private Entomological Laboratory and Collection;;pp;"";""
10.6084/m9.figshare.c.7149681.v1;VSE;University of Economics Prague;Charles University;p;"";""
10.48580/dgs4f;PELC;P.E.L.C. - Private Entomological Laboratory and Collection;;pp;"";""
10.48580/dgtg4;PELC;P.E.L.C. - Private Entomological Laboratory and Collection;;pp;"";""
10.15468/m97sd2;PELC;P.E.L.C. - Private Entomological Laboratory and Collection;Museu Nacional/UFRJ;pp;"";""
10.48580/dgsv8;PELC;P.E.L.C. - Private Entomological Laboratory and Collection;;pp;"";""
10.6084/m9.figshare.20018045.v1;ČVUT;Czech Technical University in Prague;;p;"";""
10.5281/zenodo.10680436;CULS;Czech University of Life Sciences Prague;Stitching Deltares;p;"";""
10.5281/zenodo.10888833;Palacký University, Olomouc;Palacký University, Olomouc;;p;"";""
10.6084/m9.figshare.c.7040196.v1;FNUSA;St. Anne´s University Hospital;University of Ljubljana;p;"";""
10.14278/rodare.1330;FZU;Institute of Physics;;p;"";""
10.6084/m9.figshare.c.7732283.v1;FNUSA;St. Anne´s University Hospital;Masaryk University;p;"";""
10.48580/dgtg4;PELC;P.E.L.C. - Private Entomological Laboratory and Collection;;pp;"";""
10.48580/dgt98;PELC;P.E.L.C. - Private Entomological Laboratory and Collection;;pp;"";""
10.6084/m9.figshare.c.7595338.v1;University Hospital Brno;University Hospital Brno;Mendel University in Brno;p;"";""
10.6084/m9.figshare.c.7503929.v1;University Hospital Brno;University Hospital Brno;Masaryk University;p;"";""
10.48580/dgsv8;PELC;P.E.L.C. - Private Entomological Laboratory and Collection;;pp;"";""
10.6084/m9.figshare.c.7905949.v1;University Hospital Ostrava;University Hospital Ostrava;University of Ostrava;p;"";""
10.6084/m9.figshare.c.5413891.v1;Palacký University, Olomouc;Palacký University, Olomouc;Harvard University;p;"";""
10.48580/dgsv8;PELC;P.E.L.C. - Private Entomological Laboratory and Collection;;pp;"";""
10.6084/m9.figshare.c.7040196.v1;FNUSA;St. Anne´s University Hospital;University of Catania;p;"";""
10.48580/dgs4f;PELC;P.E.L.C. - Private Entomological Laboratory and Collection;;pp;"";""
10.5281/zenodo.15154492;University Hospital Hradec Králové;University Hospital Hradec Králové;;p;"";""
10.48580/dgsv8;PELC;P.E.L.C. - Private Entomological Laboratory and Collection;;pp;"";""
10.6084/m9.figshare.c.5923208.v1;CEITEC ;Central European Institute of Technology;Medical University of Vienna;p;"";""
10.48580/dgt98;PELC;P.E.L.C. - Private Entomological Laboratory and Collection;GBIF;pp;"";""
10.48580/dgt98;PELC;P.E.L.C. - Private Entomological Laboratory and Collection;Montgomery Botanical Center;pp;"";""
10.15468/m97sd2;PELC;P.E.L.C. - Private Entomological Laboratory and Collection;;pp;"";""
10.6084/m9.figshare.c.6806308.v1;Public Health Institute Ostrava;Public Health Institute Ostrava;Institute of Meteorology and Water Management;p;"";""
10.5281/zenodo.8245750;CRI;Crop Research Institute;Agricultural Institute of Slovenia, Ljubljana, Slovenia;p;"";""
10.6084/m9.figshare.c.6830133.v1;CEITEC MU;Central European Institute of Technology – Masaryk University;University of Veterinary Medicine in Košice;p;"";""
10.5281/zenodo.15064532;CULS;Czech University of Life Sciences Prague;University of Turin;p;"";""
10.48580/dgsv8;PELC;P.E.L.C. - Private Entomological Laboratory and Collection;Royal Belgian Institute of Natural Sciences;pp;"";""
10.48580/dgt98;PELC;P.E.L.C. - Private Entomological Laboratory and Collection;;pp;"";""
10.6084/m9.figshare.c.6830045.v1;FNUSA;St. Anne´s University Hospital;Masaryk University;p;"";""
10.48580/dgt98;PELC;P.E.L.C. - Private Entomological Laboratory and Collection;;pp;"";""
10.48580/dgtg4;PELC;P.E.L.C. - Private Entomological Laboratory and Collection;LIBRe – Laboratory for Integrative Biodiversity Research, Finnish Museum of Natural History Luomus, University of Helsinki;pp;"";""
10.6084/m9.figshare.c.6261502.v1;University Hospital Hradec Králové;University Hospital Hradec Králové;Innsbruck Medical University;p;"";""
10.48580/dgs4f;PELC;P.E.L.C. - Private Entomological Laboratory and Collection;Universidad del Valle;pp;"";""
10.6084/m9.figshare.c.7760601.v1;CULS;Czech University of Life Sciences Prague;Slovak University of Agriculture;p;"";""
10.48580/dgs4f;PELC;P.E.L.C. - Private Entomological Laboratory and Collection;;pp;"";""
10.6084/m9.figshare.c.6847082.v1;Palacký University, Olomouc;Palacký University, Olomouc;University of Alberta;p;"";""
10.6084/m9.figshare.c.7221971.v1;Palacký University, Olomouc;Palacký University, Olomouc;Institute of Biotechnology;p;"";""
10.6084/m9.figshare.c.7905949.v1;University Hospital Ostrava;University Hospital Ostrava;University of Ostrava;p;"";""
10.48580/dgs4f;PELC;P.E.L.C. - Private Entomological Laboratory and Collection;Universidad Nacional, Sede Medellín;pp;"";""
10.6084/m9.figshare.c.7649648.v1;FNUSA-ICRC;International Clinical Research Center of St. Anne's University Hospital Brno;Masaryk University;p;"";""
10.5281/zenodo.10888833;Palacký University, Olomouc;Palacký University, Olomouc;;p;"";""
10.6084/m9.figshare.c.7057817.v1;Palacký University, Olomouc;Palacký University, Olomouc;University of Verona;p;"";""
10.48580/dgtg4;PELC;P.E.L.C. - Private Entomological Laboratory and Collection;GoConsult;pp;"";""
10.6084/m9.figshare.c.7040196.v1;FNUSA-ICRC;International Clinical Research Center of St. Anne's University Hospital Brno;Celica (Slovenia);p;"";""
10.6084/m9.figshare.c.7798513.v1;ČVUT;Czech Technical University in Prague;Instytut Chemii i Techniki Jądrowej;p;"";""
10.6084/m9.figshare.c.6780806.v1;FNUSA-ICRC;International Clinical Research Center of St. Anne's University Hospital Brno;Aix-Marseille University;p;"";""
10.48580/dgs4f;PELC;P.E.L.C. - Private Entomological Laboratory and Collection;;pp;"";""
10.48580/dgs4f;PELC;P.E.L.C. - Private Entomological Laboratory and Collection;Department of Ecology and Evolutionary Biology, University of Connecticut;pp;p;""
10.5281/zenodo.5035480;CRI;Crop Research Institute;Universität für Bodenkultur Wien, Tulln an der Donau, Austria;p;"";""
10.48580/dgtg4;PELC;P.E.L.C. - Private Entomological Laboratory and Collection;;pp;"";""
10.6084/m9.figshare.c.6768681.v1;University Hospital Brno;University Hospital Brno;Masaryk University;p;"";""
10.14473/csda/nyxqpt/doo8cb;Institute of Philosophy;Institute of Philosophy;(International Center for Defense and Security, Tallinn, Estonia);pp;"";""
10.6084/m9.figshare.c.7649648.v1;University Hospital Brno;University Hospital Brno;Masaryk Memorial Cancer Institute;p;"";""
10.48580/dgsv8;PELC;P.E.L.C. - Private Entomological Laboratory and Collection;Illinois Natural History Survey, University of Illinois;pp;"";""
10.6084/m9.figshare.c.7801480.v1;CEITEC MU;Central European Institute of Technology – Masaryk University;University of Vienna;p;"";""
10.48580/dgs4f;PELC;P.E.L.C. - Private Entomological Laboratory and Collection;;pp;"";""
10.48580/dgsv8;PELC;P.E.L.C. - Private Entomological Laboratory and Collection;;pp;"";""
10.6084/m9.figshare.c.7040196.v1;Palacký University, Olomouc;Palacký University, Olomouc;University of Vienna;p;"";""
10.6084/m9.figshare.c.7153870.v1;Palacký University, Olomouc;Palacký University, Olomouc;Slovak Academy of Sciences;p;"";""
10.5281/zenodo.8221362;FZU;Institute of Physics;SISSA;p;"";""
10.6084/m9.figshare.c.6184902.v1;IPVZ;Institute for Postgraduate Medical Education;Nemocnice Na Bulovce;p;"";""
10.18419/darus-4117/7;ČVUT;Czech Technical University in Prague;Coll Coll;p;"";""
10.6084/m9.figshare.c.5995626.v1;University Hospital Brno;University Hospital Brno;Universitätsklinikum Aachen;p;"";""
10.48580/dgtg4;PELC;P.E.L.C. - Private Entomological Laboratory and Collection;;pp;"";""
10.6084/m9.figshare.c.7040196.v1;FNUSA-ICRC;International Clinical Research Center of St. Anne's University Hospital Brno;University of Ljubljana;p;"";""
10.5281/zenodo.10680436;CULS;Czech University of Life Sciences Prague;University of Natural Resources & Life Sciences, BOKU Vienna;p;"";""
10.5281/zenodo.5711706;CULS;Czech University of Life Sciences Prague;Czech Academy of Sciences;p;"";""
10.48580/dgt98;PELC;P.E.L.C. - Private Entomological Laboratory and Collection;;pp;"";""
10.6084/m9.figshare.c.6787450.v1;CEITEC ;Central European Institute of Technology;Medical University of Vienna;p;"";""
10.48580/dgt98;PELC;P.E.L.C. - Private Entomological Laboratory and Collection;California Academy of Sciences;pp;"";""
10.48580/dgsv8;PELC;P.E.L.C. - Private Entomological Laboratory and Collection;;pp;"";""
10.48580/dgsv8;PELC;P.E.L.C. - Private Entomological Laboratory and Collection;Department of the Environment, Australian Government;pp;p;""
10.6084/m9.figshare.c.7226433.v1;Palacký University, Olomouc;Palacký University, Olomouc;Rothamsted Research;p;"";""
10.5281/zenodo.7415164;CRI;Crop Research Institute;Technical University of Crete;p;"";""
10.48580/dgsv8;PELC;P.E.L.C. - Private Entomological Laboratory and Collection;;pp;"";""
10.6084/m9.figshare.c.7953063.v1;FNUSA;St. Anne´s University Hospital;University of Alberta;p;"";""
10.15468/m97sd2;PELC;P.E.L.C. - Private Entomological Laboratory and Collection;;pp;"";""
10.5281/zenodo.14020478;FGÚ;Institute of Physiology;Instituto de Química Física Blas Cabrera;p;"";""
10.6084/m9.figshare.c.7232058.v1;VFN;General University Hospital in Prague;Charles University;pp;"";""
10.6084/m9.figshare.c.6958017.v1;CEITEC ;Central European Institute of Technology;Masaryk University;p;"";""
10.6084/m9.figshare.20035646.v1;IEB;Institute of Experimental Botany;Rothamsted Research;p;"";""
10.6084/m9.figshare.c.5399421.v1;CULS;Czech University of Life Sciences Prague;Slovak University of Agriculture;p;"";""
10.48580/dgtg4;PELC;P.E.L.C. - Private Entomological Laboratory and Collection;;pp;"";""
10.6084/m9.figshare.c.7880704.v1;VFN;General University Hospital in Prague;Skåne University Hospital;pp;p;""
10.48580/dgtg4;PELC;P.E.L.C. - Private Entomological Laboratory and Collection;;pp;"";""
10.5285/3b077711-f183-42f1-bac6-c892922c81f4;CULS;Czech University of Life Sciences Prague;Swiss Federal Office for the Environment ;p;"";""
10.6084/m9.figshare.c.7158337.v1;Palacký University, Olomouc;Palacký University, Olomouc;University of Stirling;p;"";""
10.6084/m9.figshare.c.6926742.v1;FNUSA-ICRC;International Clinical Research Center of St. Anne's University Hospital Brno;Federal Institute for Risk Assessment;p;"";""
10.6084/m9.figshare.19470467.v1;CEITEC MU;Central European Institute of Technology – Masaryk University;University of Veterinary Medicine Vienna;p;"";""
10.6084/m9.figshare.c.7057817.v1;Palacký University, Olomouc;Palacký University, Olomouc;Universität Hamburg;p;"";""
10.48580/dgtg4;PELC;P.E.L.C. - Private Entomological Laboratory and Collection;;pp;"";""
10.6084/m9.figshare.c.6926742.v1;FNUSA-ICRC;International Clinical Research Center of St. Anne's University Hospital Brno;University of Belgrade;p;"";""
10.5281/zenodo.15154495;University Hospital Hradec Králové;University Hospital Hradec Králové;;p;"";""
10.5281/zenodo.10680436;Jan Evangelista Purkyně University in Ústí nad Labem;Jan Evangelista Purkyně University in Ústí nad Labem;Research Centre for Forestry and Wood, Council for Agricultural Research and Economics (CREA);p;"";""
10.48580/dgs4f;PELC;P.E.L.C. - Private Entomological Laboratory and Collection;Zoological Institute RAS;pp;"";""
10.6084/m9.figshare.c.6683881.v1;FNUSA;St. Anne´s University Hospital;Masaryk University;p;"";""
10.48580/dgsv8;PELC;P.E.L.C. - Private Entomological Laboratory and Collection;;pp;"";""
10.6084/m9.figshare.c.7828330.v1;CEITEC MU;Central European Institute of Technology – Masaryk University;;p;"";""
10.6084/m9.figshare.c.7760601.v1;CULS;Czech University of Life Sciences Prague;Slovak University of Agriculture;p;"";""
10.48580/dgt98;PELC;P.E.L.C. - Private Entomological Laboratory and Collection;;pp;"";""
10.5281/zenodo.10680436;Jan Evangelista Purkyně University in Ústí nad Labem;Jan Evangelista Purkyně University in Ústí nad Labem;Iecolab, Interuniversity Institute for Earth System Research (IISTA), University of Granada;p;"";""
10.5281/zenodo.11212280;ITAM AS CR;Institute of Theoretical and Applied Mechanics;Nuclear Physics Institute of the Czech Academy of Sciences;pp;p;""
10.6084/m9.figshare.c.6756018.v1;Biopticka Laborator (Czechia);Biopticka Laborator (Czechia);Czech Academy of Sciences;p;"";""
10.6084/m9.figshare.c.7372004.v1;FNUSA-ICRC;International Clinical Research Center of St. Anne's University Hospital Brno;Masaryk University;p;"";""
10.14473/csda/9alxny/rm7gk2;Institute of Philosophy;Institute of Philosophy;(ResWell Research Collaboration, Tel Aviv University, Tel Aviv, Israel);pp;"";""
10.14278/rodare.1330;FZU;Institute of Physics;;p;"";""
10.48580/dgsv8;PELC;P.E.L.C. - Private Entomological Laboratory and Collection;Muséum National d'Histoire Naturelle;pp;"";""
10.15468/hv3p8a;CRI;Crop Research Institute;Bulgarian Academy of Sciences;p;"";""
10.6084/m9.figshare.c.6629419.v1;Fakultní Nemocnice Plzeň;Fakultní Nemocnice Plzeň;University of Ostrava;p;"";""
10.18419/darus-4117/16;CULS;Czech University of Life Sciences Prague;Czech University of Life Sciences;p;"";""
10.15468/m97sd2;PELC;P.E.L.C. - Private Entomological Laboratory and Collection;;pp;"";""
10.48580/dgtg4;PELC;P.E.L.C. - Private Entomological Laboratory and Collection;;pp;"";""
10.48580/dgtg4;PELC;P.E.L.C. - Private Entomological Laboratory and Collection;;pp;"";""
10.60534/46qra-6bw98;Center for Advanced Preclinical Imaging (CAPI);Center for Advanced Preclinical Imaging (CAPI);University of Hohenheim;pp;"";""
10.6084/m9.figshare.20282209.v1;CULS;Czech University of Life Sciences Prague;Kansas State University;p;"";""
10.6084/m9.figshare.c.7153870.v1;University Hospital Olomouc;University Hospital Olomouc;Slovak Academy of Sciences;p;"";""
10.5281/zenodo.15154499;University Hospital Hradec Králové;University Hospital Hradec Králové;;p;"";""
10.6084/m9.figshare.c.6596467.v1;IKEM;Institute of Clinical and Experimental Medicine;University of Granada;p;"";""
10.48580/dgtg4;PELC;P.E.L.C. - Private Entomological Laboratory and Collection;Universidade de São Paulo;pp;p;""
10.6084/m9.figshare.c.6787450.v1;CEITEC MU;Central European Institute of Technology – Masaryk University;University of Veterinary Medicine Vienna;p;"";""
10.6084/m9.figshare.c.6629419.v1;University Hospital Hradec Králové;University Hospital Hradec Králové;;p;"";""
10.18419/darus-4117/10;ČVUT;Czech Technical University in Prague;Czech University of Life Sciences;p;"";""
10.6084/m9.figshare.c.6787807.v1;University Hospital Olomouc;University Hospital Olomouc;;p;"";""
10.6084/m9.figshare.c.7563934.v1;Palacký University, Olomouc;Palacký University, Olomouc;Auckland University of Technology;p;"";""
10.48580/dgtg4;PELC;P.E.L.C. - Private Entomological Laboratory and Collection;;pp;"";""
10.6084/m9.figshare.c.6962539.v1;VFN;General University Hospital in Prague;Revmatologický Ústav;pp;"";""
10.14473/csda/9alxny/rm7gk2;Institute of Philosophy;Institute of Philosophy;(International Center for Defense and Security, Tallinn, Estonia);pp;"";""
10.48580/dgtg4;PELC;P.E.L.C. - Private Entomological Laboratory and Collection;;pp;"";""
10.48580/dgtg4;PELC;P.E.L.C. - Private Entomological Laboratory and Collection;;pp;"";""
10.15468/m97sd2;PELC;P.E.L.C. - Private Entomological Laboratory and Collection;University of Kansas;pp;"";""
10.48580/dgs4f;PELC;P.E.L.C. - Private Entomological Laboratory and Collection;;pp;"";""
10.48580/dgt98;PELC;P.E.L.C. - Private Entomological Laboratory and Collection;;pp;"";""
10.48580/dgs4f;PELC;P.E.L.C. - Private Entomological Laboratory and Collection;;pp;"";""
10.48580/dgs4f;PELC;P.E.L.C. - Private Entomological Laboratory and Collection;;pp;"";""
10.48580/dgs4f;PELC;P.E.L.C. - Private Entomological Laboratory and Collection;;pp;"";""
10.5281/zenodo.10680436;Jan Evangelista Purkyně University in Ústí nad Labem;Jan Evangelista Purkyně University in Ústí nad Labem;Institut de Recerca de la Biodiversitat (IRBio), Universitat de Barcelona;p;"";""
10.6084/m9.figshare.c.6787450.v1;CEITEC ;Central European Institute of Technology;Medical University of Graz;p;"";""
10.6084/m9.figshare.c.5923208.v1;CEITEC MU;Central European Institute of Technology – Masaryk University;Medical University of Vienna;p;"";""
10.6084/m9.figshare.c.6853696.v1;CULS;Czech University of Life Sciences Prague;Czech Academy of Sciences;p;"";""
10.6084/m9.figshare.c.6830133.v1;CEITEC ;Central European Institute of Technology;Zoological Institute;p;"";""
10.5281/zenodo.10888833;Palacký University, Olomouc;Palacký University, Olomouc;;p;"";""
10.48580/dgsv8;PELC;P.E.L.C. - Private Entomological Laboratory and Collection;Nortern Arizona University;pp;"";""
10.48580/dgt98;PELC;P.E.L.C. - Private Entomological Laboratory and Collection;;pp;"";""
10.6084/m9.figshare.21009561.v1;IPVZ;Institute for Postgraduate Medical Education;Charles University;p;"";""
10.15468/m97sd2;PELC;P.E.L.C. - Private Entomological Laboratory and Collection;;pp;"";""
10.48580/dgt98;PELC;P.E.L.C. - Private Entomological Laboratory and Collection;;pp;"";""
10.6084/m9.figshare.c.7264690.v1;CEITEC ;Central European Institute of Technology;Masaryk University;p;"";""
10.6084/m9.figshare.c.6596173.v1;CULS;Czech University of Life Sciences Prague;University of Namur;p;"";""
10.6084/m9.figshare.20484741.v1;Biopticka Laborator (Czechia);Biopticka Laborator (Czechia);Charles University;p;"";""
10.6084/m9.figshare.c.7563934.v1;Palacký University, Olomouc;Palacký University, Olomouc;University of Southern Denmark;p;"";""
10.5281/zenodo.10680436;CULS;Czech University of Life Sciences Prague;Institute for Biodiversity and Ecosystem Dynamics, University of Amsterdam;p;"";""
10.48580/dgtg4;PELC;P.E.L.C. - Private Entomological Laboratory and Collection;;pp;"";""
10.5281/zenodo.7415164;CRI;Crop Research Institute;Technical University of Crete;p;"";""
10.6084/m9.figshare.c.5449871.v1;University Hospital Brno;University Hospital Brno;Université Catholique de Louvain;p;"";""
10.18419/darus-4117/8;CULS;Czech University of Life Sciences Prague;University of Novi Sad;p;"";""
10.48580/dgs4f;PELC;P.E.L.C. - Private Entomological Laboratory and Collection;CONABIO;pp;"";""
10.6084/m9.figshare.c.7885117.v1;Palacký University, Olomouc;Palacký University, Olomouc;Helmholtz-Zentrum Dresden-Rossendorf;p;"";""
10.6084/m9.figshare.c.6317439.v1;VSE;University of Economics Prague;University of Warsaw;p;"";""
10.6084/m9.figshare.c.6711871.v1;University Hospital Hradec Králové;University Hospital Hradec Králové;Charles University;p;"";""
10.6084/m9.figshare.c.7563934.v1;Palacký University, Olomouc;Palacký University, Olomouc;Atma Jaya University Yogyakarta;p;"";""
10.6084/m9.figshare.c.6225449.v1;Palacký University, Olomouc;Palacký University, Olomouc;University of Luxembourg;p;"";""
10.5281/zenodo.10680436;Jan Evangelista Purkyně University in Ústí nad Labem;Jan Evangelista Purkyně University in Ústí nad Labem;National Wildlife Research Institute, IREC (UCLM-CSIC-JCCM);p;"";""
10.6084/m9.figshare.c.7149681.v1;VSE;University of Economics Prague;Charles University;p;"";""
10.48580/dgtg4;PELC;P.E.L.C. - Private Entomological Laboratory and Collection;Asociación Colombiana de Ornitología;pp;"";""
10.48580/dgtg4;PELC;P.E.L.C. - Private Entomological Laboratory and Collection;;pp;"";""
10.48580/dgs4f;PELC;P.E.L.C. - Private Entomological Laboratory and Collection;Fundación Biodiversa Colombia, Institute of Microbiology, ETH Zürich, Switzerland;pp;"";""
10.48580/dgs4f;PELC;P.E.L.C. - Private Entomological Laboratory and Collection;Hungarian Natural History Museum;pp;"";""
10.5281/zenodo.10680436;CULS;Czech University of Life Sciences Prague;The Steinhardt Museum of Natural History, Tel Aviv University;p;"";""
10.48580/dgs4f;PELC;P.E.L.C. - Private Entomological Laboratory and Collection;;pp;"";""
10.48580/dgsv8;PELC;P.E.L.C. - Private Entomological Laboratory and Collection;Agricultural Research Organization;pp;"";""
10.48580/dgt98;PELC;P.E.L.C. - Private Entomological Laboratory and Collection;;pp;"";""
10.5281/zenodo.14019130;CULS;Czech University of Life Sciences Prague;;p;"";""
10.6084/m9.figshare.c.6787408.v1;VFU;University of Veterinary and Pharmaceutical Sciences;Czech Academy of Sciences;p;"";""
10.6084/m9.figshare.c.6585701.v1;Palacký University, Olomouc;Palacký University, Olomouc;Czech Society for Ornithology;p;"";""
10.5281/zenodo.15681034;CULS;Czech University of Life Sciences Prague;;p;"";""
10.6084/m9.figshare.c.6033685.v1;CULS;Czech University of Life Sciences Prague;Osnabrück University;p;"";""
10.48580/dgs4f;PELC;P.E.L.C. - Private Entomological Laboratory and Collection;SLU Swedish University of Agricultural Sciences;pp;"";""
10.6084/m9.figshare.c.7828330.v1;CEITEC ;Central European Institute of Technology;University of Tartu;p;"";""
10.21227/z36r-0m98;University Hospital Hradec Králové;University Hospital Hradec Králové;University of Defence;p;"";""
10.6084/m9.figshare.c.6317120.v1;VFN;General University Hospital in Prague;Charles University;pp;"";""
10.48580/dgtg4;PELC;P.E.L.C. - Private Entomological Laboratory and Collection;A Rocha Kenya;pp;"";""
10.5281/zenodo.10680436;CULS;Czech University of Life Sciences Prague;Thünen-Institute of Biodiversity;p;"";""
10.6084/m9.figshare.c.6926742.v1;FNUSA-ICRC;International Clinical Research Center of St. Anne's University Hospital Brno;Karolinska Institute;p;"";""
10.6084/m9.figshare.c.7149681.v1;Palacký University, Olomouc;Palacký University, Olomouc;Charles University;p;"";""
10.14278/rodare.1330;IPP;Institute of Plasma Physics;;pp;"";""
10.6084/m9.figshare.c.7040196.v1;Palacký University, Olomouc;Palacký University, Olomouc;Celica (Slovenia);p;"";""
10.6084/m9.figshare.c.6673724.v4;CULS;Czech University of Life Sciences Prague;Okinawa Institute of Science and Technology;p;"";""
10.48580/dgsv8;PELC;P.E.L.C. - Private Entomological Laboratory and Collection;;pp;"";""
10.14473/csda/nyxqpt/o3clj1;Institute of Philosophy;Institute of Philosophy;(Tel Aviv University);pp;"";""
10.14473/csda/9alxny/edv8qp;Institute of Philosophy;Institute of Philosophy;(International Center for Defense and Security, Tallinn, Estonia);pp;"";""
10.6084/m9.figshare.c.7945172.v1;University Hospital Hradec Králové;University Hospital Hradec Králové;University of Hradec Králové;p;"";""
10.15468/m97sd2;PELC;P.E.L.C. - Private Entomological Laboratory and Collection;;pp;"";""
10.6084/m9.figshare.c.7503929.v1;University Hospital Brno;University Hospital Brno;Masaryk University;p;"";""
10.48580/dgtg4;PELC;P.E.L.C. - Private Entomological Laboratory and Collection;;pp;"";""
10.48580/dgtg4;PELC;P.E.L.C. - Private Entomological Laboratory and Collection;;pp;"";""
10.48580/dgs4f;PELC;P.E.L.C. - Private Entomological Laboratory and Collection;Zoological Institute RAS;pp;"";""
10.6084/m9.figshare.c.6787450.v1;CEITEC ;Central European Institute of Technology;Medical University of Vienna;p;"";""
10.48580/dgsv8;PELC;P.E.L.C. - Private Entomological Laboratory and Collection;;pp;"";""
10.6084/m9.figshare.c.7295760.v1;MoE;Ministry of the Environment of the Czech Republic;Masaryk University;p;"";""
10.18419/darus-4117/12;ČVUT;Czech Technical University in Prague;Czech University of Life Sciences;p;"";""
10.48580/dgs4f;PELC;P.E.L.C. - Private Entomological Laboratory and Collection;Smithsonian Institution;pp;"";""
10.5281/zenodo.14638896;VFN;General University Hospital in Prague;Charles University, First Faculty of Medicine;pp;"";""
10.6084/m9.figshare.c.6872952.v1;Institute of Parasitology;Institute of Parasitology;Masaryk University;p;"";""
10.48580/dgtg4;PELC;P.E.L.C. - Private Entomological Laboratory and Collection;;pp;"";""
10.5281/zenodo.10680436;Jan Evangelista Purkyně University in Ústí nad Labem;Jan Evangelista Purkyně University in Ústí nad Labem;Atlantic International Research Centre (AIR Centre);p;"";""
10.6084/m9.figshare.c.6184902.v1;IPVZ;Institute for Postgraduate Medical Education;Charles University;p;"";""
10.48580/dgt98;PELC;P.E.L.C. - Private Entomological Laboratory and Collection;The Natural History Museum;pp;"";""
10.48580/dgsv8;PELC;P.E.L.C. - Private Entomological Laboratory and Collection;;pp;"";""
10.6084/m9.figshare.c.6218354.v2;University Hospital in Motol;University Hospital in Motol;Charles University;p;"";""
10.26106/p6jr-8318;IKEM;Institute of Clinical and Experimental Medicine;(Jagiellonian University in Kraków, Faculty of Health Sciences);p;"";""
10.48580/dgs4f;PELC;P.E.L.C. - Private Entomological Laboratory and Collection;Entomology, State Museum of Natural History;pp;"";""
10.6084/m9.figshare.c.6673915.v1;UPMD;Ústav pro péči o matku a dítě;National Institute of Public Health;pp;p;""
10.6084/m9.figshare.c.7392838.v1;University Hospital Brno;University Hospital Brno;Medical University of Vienna;p;"";""
10.48580/dgtg4;PELC;P.E.L.C. - Private Entomological Laboratory and Collection;Muséum national d'Histoire naturelle (MNHN);pp;"";""
10.5281/zenodo.15154499;University Hospital Hradec Králové;University Hospital Hradec Králové;;p;"";""
10.6084/m9.figshare.c.6319614.v1;IKEM;Institute of Clinical and Experimental Medicine;Charles University;p;"";""
10.6084/m9.figshare.c.7732283.v1;FNUSA;St. Anne´s University Hospital;Masaryk University;p;"";""
10.5281/zenodo.6382216;CULS;Czech University of Life Sciences Prague;University of Udine;p;"";""
10.6084/m9.figshare.c.6792969.v1;VFN;General University Hospital in Prague;Masaryk University;pp;"";""
10.15468/t53vdw;Palacký University, Olomouc;Palacký University, Olomouc;Botanic Garden, University of Warsaw;p;"";""
10.48580/dgsv8;PELC;P.E.L.C. - Private Entomological Laboratory and Collection;Departamento de Invertebrados, Museu Nacional, Universidade Federal do Rio de Janeiro;pp;p;""
10.6084/m9.figshare.c.6683881.v1;FNUSA-ICRC;International Clinical Research Center of St. Anne's University Hospital Brno;Masaryk University;p;"";""
10.48580/dgtg4;PELC;P.E.L.C. - Private Entomological Laboratory and Collection;MNHN - UMS 2006 Patrimoine Naturel;pp;p;""
10.5281/zenodo.15137986;CRI;Crop Research Institute;Rudolfstetten, Switzerland;p;"";""
10.6084/m9.figshare.c.6683881.v1;FNUSA;St. Anne´s University Hospital;Masaryk University;p;"";""
10.48580/dgt98;PELC;P.E.L.C. - Private Entomological Laboratory and Collection;Natural History Museum;pp;"";""
10.6084/m9.figshare.c.7057817.v1;Palacký University, Olomouc;Palacký University, Olomouc;Charles University;p;"";""
10.48580/dgs4f;PELC;P.E.L.C. - Private Entomological Laboratory and Collection;TaiCOL, TaiBIF, Academica Sinica;pp;"";""
10.6084/m9.figshare.c.6792969.v1;VFN;General University Hospital in Prague;Charles University;pp;"";""
10.6084/m9.figshare.c.6792969.v1;University Hospital Brno;University Hospital Brno;Charles University;p;"";""
10.5281/zenodo.15222346;ČVUT;Czech Technical University in Prague;University of Chemistry and Technology;p;"";""
10.48580/dgtg4;PELC;P.E.L.C. - Private Entomological Laboratory and Collection;;pp;"";""
10.6084/m9.figshare.c.7295760.v1;NCA CR;Nature Conservation Agency of the Czech Republic;Masaryk University;p;"";""
10.48580/dgs4f;PELC;P.E.L.C. - Private Entomological Laboratory and Collection;;pp;"";""
10.6084/m9.figshare.c.6580580.v1;CULS;Czech University of Life Sciences Prague;Czech Academy of Sciences;p;"";""
10.6084/m9.figshare.c.6629419.v1;University Hospital in Motol;University Hospital in Motol;;p;"";""
10.6084/m9.figshare.c.7075282.v1;University Hospital in Motol;University Hospital in Motol;University of Freiburg;p;"";""
10.6084/m9.figshare.c.6317439.v1;VSE;University of Economics Prague;Sofia University;p;"";""
10.6084/m9.figshare.c.6579182.v1;University Hospital in Motol;University Hospital in Motol;Karolinska Institute;p;"";""
10.48580/dgtg4;PELC;P.E.L.C. - Private Entomological Laboratory and Collection;Muséum National d’Histoire Naturelle, Département Ecologie et Gestion de la Biodiversité;pp;p;""
10.6084/m9.figshare.c.7801480.v1;CEITEC ;Central European Institute of Technology;University of Veterinary Medicine Vienna;p;"";""
10.5281/zenodo.10680436;Jan Evangelista Purkyně University in Ústí nad Labem;Jan Evangelista Purkyně University in Ústí nad Labem;Swiss Federal Research Institute WSL;p;"";""
10.5061/dryad.vmcvdncsz;IEB;Institute of Experimental Botany;Institute of Biology Ufa Science Center;p;"";""
10.6084/m9.figshare.c.6787807.v1;University Hospital Olomouc;University Hospital Olomouc;Semmelweis University;p;"";""
10.6084/m9.figshare.c.5399421.v1;CULS;Czech University of Life Sciences Prague;Zhejiang A & F University;p;"";""
10.6084/m9.figshare.c.7409075.v1;University Hospital Brno;University Hospital Brno;Masaryk University;p;"";""
10.5281/zenodo.5711706;CULS;Czech University of Life Sciences Prague;Beijing Academy of Agriculture and Forestry Sciences;p;"";""
10.6084/m9.figshare.c.5995626.v1;University Hospital Brno;University Hospital Brno;National Center for Tumor Diseases;p;"";""
10.6084/m9.figshare.c.7158337.v1;Palacký University, Olomouc;Palacký University, Olomouc;University of Leicester;p;"";""
10.5281/zenodo.7415164;CRI;Crop Research Institute;KU Leuven;p;"";""
10.48580/dgt98;PELC;P.E.L.C. - Private Entomological Laboratory and Collection;;pp;"";""
10.48580/dgtg4;PELC;P.E.L.C. - Private Entomological Laboratory and Collection;The Natural History Museum;pp;"";""
10.15468/m97sd2;PELC;P.E.L.C. - Private Entomological Laboratory and Collection;Royal Belgian Institute of Natural Sciences;pp;"";""
10.48580/dgs4f;PELC;P.E.L.C. - Private Entomological Laboratory and Collection;;pp;"";""
10.5281/zenodo.10949371;Institute of Experimental Medicine;Institute of Experimental Medicine;National Institute of Mental Health;p;"";""
10.15468/m97sd2;PELC;P.E.L.C. - Private Entomological Laboratory and Collection;;pp;"";""
10.48580/dgt98;PELC;P.E.L.C. - Private Entomological Laboratory and Collection;;pp;"";""
10.6084/m9.figshare.c.7801480.v1;CEITEC ;Central European Institute of Technology;University of Vienna;p;"";""
10.5281/zenodo.10680436;CULS;Czech University of Life Sciences Prague;German Centre for Integrative Biodiversity Research (iDiv);p;"";""
10.48580/dgtg4;PELC;P.E.L.C. - Private Entomological Laboratory and Collection;Department of Ecology, Systematics and Evolution, The Institute of Life Sciences, The Hebrew University of Jerusalem;pp;p;""
10.6084/m9.figshare.20035634.v1;Palacký University, Olomouc;Palacký University, Olomouc;Rothamsted Research;p;"";""
10.5281/zenodo.15135151;CULS;Czech University of Life Sciences Prague;School of Biological Sciences, University of Utah, 257 S. 1400 E., Salt Lake City, Utah 84112, USA.;p;"";""
10.5281/zenodo.17162242;CULS;Czech University of Life Sciences Prague;Vrije Universiteit Brussel;p;"";""
10.6084/m9.figshare.c.7906234.v1;University Hospital Hradec Králové;University Hospital Hradec Králové;Umeå University;p;"";""
10.5281/zenodo.10888833;Palacký University, Olomouc;Palacký University, Olomouc;;p;"";""
10.5281/zenodo.6382216;CULS;Czech University of Life Sciences Prague;Université de Toulouse, INRAE, CEFS;p;"";""
10.6084/m9.figshare.21009561.v1;IPVZ;Institute for Postgraduate Medical Education;Nemocnice Na Bulovce;p;"";""
10.6084/m9.figshare.c.6580580.v1;CULS;Czech University of Life Sciences Prague;Charles University;p;"";""
10.6084/m9.figshare.c.6830133.v1;CEITEC ;Central European Institute of Technology;University of Ostrava;p;"";""
10.48580/dgsv8;PELC;P.E.L.C. - Private Entomological Laboratory and Collection;;pp;"";""
10.6084/m9.figshare.c.7120489.v1;University Hospital Brno;University Hospital Brno;Shanghai University;p;"";""
10.48580/dgs4f;PELC;P.E.L.C. - Private Entomological Laboratory and Collection;;pp;"";""
10.6084/m9.figshare.20035649.v1;Palacký University, Olomouc;Palacký University, Olomouc;Rothamsted Research;p;"";""
10.6084/m9.figshare.c.7075282.v1;University Hospital in Motol;University Hospital in Motol;;p;"";""
10.6084/m9.figshare.c.7185544.v1;VFN;General University Hospital in Prague;Charles University;pp;"";""
10.18419/darus-4117/10;CULS;Czech University of Life Sciences Prague;Coll Coll;p;"";""
10.1594/pangaea.979678;Institute of Geophysics;Institute of Geophysics;;p;"";""
10.5281/zenodo.15135157;CULS;Czech University of Life Sciences Prague;School of Biological Sciences, University of Utah, 257 S. 1400 E., Salt Lake City, Utah 84112, USA.;p;"";""
10.6084/m9.figshare.c.6926742.v1;FNUSA-ICRC;International Clinical Research Center of St. Anne's University Hospital Brno;University of East Sarajevo;p;"";""
10.6084/m9.figshare.c.5413891.v1;Palacký University, Olomouc;Palacký University, Olomouc;Medical University of Lodz;p;"";""
10.48580/dgt98;PELC;P.E.L.C. - Private Entomological Laboratory and Collection;Nortern Arizona University;pp;"";""
10.6084/m9.figshare.c.7658291.v1;University Hospital Brno;University Hospital Brno;Masaryk University;p;"";""
10.6084/m9.figshare.c.5995626.v1;University Hospital Brno;University Hospital Brno;Dresden University of Technology;p;"";""
10.6084/m9.figshare.c.7264690.v1;CEITEC ;Central European Institute of Technology;;p;"";""
10.5281/zenodo.6637599;CULS;Czech University of Life Sciences Prague;Université de Liège, Gembloux Agro-Bio Tech, Gembloux, Belgium;p;"";""
10.18419/darus-4117/9;ČVUT;Czech Technical University in Prague;Coll Coll;p;"";""
10.6084/m9.figshare.c.7149681.v1;VFN;General University Hospital in Prague;Charles University;pp;"";""
10.6084/m9.figshare.c.6629419.v1;University Hospital in Motol;University Hospital in Motol;;p;"";""
10.57760/sciencedb.26336;Institute of Psychology;Institute of Psychology;Dali University;p;"";""
10.6084/m9.figshare.c.6792969.v1;VFN;General University Hospital in Prague;Charles University;pp;"";""
10.6084/m9.figshare.c.7038268.v1;University Hospital Brno;University Hospital Brno;Charles University;p;"";""
10.48580/dgs4f;PELC;P.E.L.C. - Private Entomological Laboratory and Collection;;pp;"";""
10.5281/zenodo.10888833;Palacký University, Olomouc;Palacký University, Olomouc;;p;"";""
10.6084/m9.figshare.c.7760601.v1;CULS;Czech University of Life Sciences Prague;Slovak University of Agriculture;p;"";""
10.5281/zenodo.11086594;ERUNI;European Research University;International Consortium of Research Staff Associations (ICoRSA);p;"";""
10.15468/m97sd2;PELC;P.E.L.C. - Private Entomological Laboratory and Collection;;pp;"";""
10.18419/darus-4117/12;CULS;Czech University of Life Sciences Prague;Coll Coll;p;"";""
10.6084/m9.figshare.c.7372004.v1;FNUSA;St. Anne´s University Hospital;Masaryk University;p;"";""
10.48580/dgt98;PELC;P.E.L.C. - Private Entomological Laboratory and Collection;;pp;"";""
10.5281/zenodo.10680436;Jan Evangelista Purkyně University in Ústí nad Labem;Jan Evangelista Purkyně University in Ústí nad Labem;Brockmann-Geomatics Sweden;p;"";""
10.6084/m9.figshare.c.7953063.v1;FNUSA;St. Anne´s University Hospital;CSL (Switzerland);p;"";""
10.48580/dgtg4;PELC;P.E.L.C. - Private Entomological Laboratory and Collection;Instituto Alexander von Humboldt;pp;"";""
10.5061/dryad.wh70rxwnv;Institute of Parasitology;Institute of Parasitology;Centro de Investigación en Materiales Avanzados;p;"";""
10.7910/dvn/krlzwl;Palacký University, Olomouc;Palacký University, Olomouc;;p;"";""
10.6084/m9.figshare.20341683.v1;University Hospital Brno;University Hospital Brno;Masaryk University;p;"";""
10.21227/w7ee-qf61;CULS;Czech University of Life Sciences Prague;;p;"";""
10.48580/dgs4f;PELC;P.E.L.C. - Private Entomological Laboratory and Collection;Museu de Zoologia da USP;pp;p;""
10.6084/m9.figshare.c.6629419.v1;Fakultní Nemocnice Plzeň;Fakultní Nemocnice Plzeň;;p;"";""
10.15468/m97sd2;PELC;P.E.L.C. - Private Entomological Laboratory and Collection;Volunteer for Catalogue of Life;pp;"";""
10.6084/m9.figshare.c.6768681.v1;University Hospital Brno;University Hospital Brno;Masaryk University;p;"";""
10.5281/zenodo.10888833;Palacký University, Olomouc;Palacký University, Olomouc;University of Iowa;p;"";""
10.5281/zenodo.6382216;CULS;Czech University of Life Sciences Prague;Zvolen National Forest Centre;p;"";""
10.48580/dgt98;PELC;P.E.L.C. - Private Entomological Laboratory and Collection;;pp;"";""
10.48580/dgt98;PELC;P.E.L.C. - Private Entomological Laboratory and Collection;;pp;"";""
10.48580/dgtg4;PELC;P.E.L.C. - Private Entomological Laboratory and Collection;Department of Entomology, University of Arkansas;pp;p;""
10.6084/m9.figshare.c.6830045.v1;University Hospital Brno;University Hospital Brno;Masaryk University;p;"";""
10.48580/dgsv8;PELC;P.E.L.C. - Private Entomological Laboratory and Collection;;pp;"";""
10.48580/dgs4f;PELC;P.E.L.C. - Private Entomological Laboratory and Collection;;pp;"";""
10.5281/zenodo.10888833;Palacký University, Olomouc;Palacký University, Olomouc;;p;"";""
10.15468/hv3p8a;CRI;Crop Research Institute;University of Agriculture in Krakow;p;"";""
10.48580/dgt98;PELC;P.E.L.C. - Private Entomological Laboratory and Collection;Medicine and Health Library, Norwegian University of Science & Technology;pp;"";""
10.15468/m97sd2;PELC;P.E.L.C. - Private Entomological Laboratory and Collection;Bossard Consulting;pp;"";""
10.6084/m9.figshare.c.7079010.v1;IAB;Institute of Applied Biotechnologies (Czechia);Masaryk University;pp;"";""
10.18419/darus-4117/16;ČVUT;Czech Technical University in Prague;Coll Coll;p;"";""
10.48580/dgsv8;PELC;P.E.L.C. - Private Entomological Laboratory and Collection;Terrestrial Invertebrate Research Laboratory, URESCOM, Davao Oriental State University;pp;"";""
10.5281/zenodo.13897824;FZU;Institute of Physics;Nanosurf Lab;p;"";""
10.15468/m97sd2;PELC;P.E.L.C. - Private Entomological Laboratory and Collection;;pp;"";""
10.48580/dgsv8;PELC;P.E.L.C. - Private Entomological Laboratory and Collection;;pp;"";""
10.18419/darus-4117/2;ČVUT;Czech Technical University in Prague;Czech University of Life Sciences;p;"";""
10.6084/m9.figshare.c.6926742.v1;FNUSA-ICRC;International Clinical Research Center of St. Anne's University Hospital Brno;Federal Institute for Risk Assessment;p;"";""
10.6084/m9.figshare.c.7880704.v1;VFN;General University Hospital in Prague;Université Libre de Bruxelles;pp;"";""
10.48580/dgs4f;PELC;P.E.L.C. - Private Entomological Laboratory and Collection;Institut National de la Recherche Agronomique, SCRIBE, IFR 140, Campus de Beaulieu;pp;p;""
10.48580/dgs4f;PELC;P.E.L.C. - Private Entomological Laboratory and Collection;Catalogue of Life;pp;"";""
10.17632/hsvv87ccj6;Palacký University, Olomouc;Palacký University, Olomouc;;p;"";""
10.6084/m9.figshare.c.6650182.v1;FNUSA;St. Anne´s University Hospital;Aarhus University;p;"";""
10.5281/zenodo.7368671;CRI;Crop Research Institute;Chinese Acadame of Agricultural Sciences, Beijing;p;"";""
10.15468/m97sd2;PELC;P.E.L.C. - Private Entomological Laboratory and Collection;Natural History Museum;pp;"";""
10.48580/dgsv8;PELC;P.E.L.C. - Private Entomological Laboratory and Collection;;pp;"";""
10.5281/zenodo.7415164;CRI;Crop Research Institute;WUR;p;"";""
10.48580/dgtg4;PELC;P.E.L.C. - Private Entomological Laboratory and Collection;;pp;"";""
10.57760/sciencedb.psych.00107;Institute of Psychology;Institute of Psychology;Institute of Automation, CAS;p;"";""
10.18419/darus-4117/8;CULS;Czech University of Life Sciences Prague;Czech University of Life Sciences;p;"";""
10.5281/zenodo.15594028;FZU;Institute of Physics;Jožef Stefan Institute, Jamova cesta 39, 1000 Ljubljana, Slovenia;p;"";""
10.5281/zenodo.15154495;University Hospital Hradec Králové;University Hospital Hradec Králové;;p;"";""
10.6084/m9.figshare.c.6851848.v1;Palacký University, Olomouc;Palacký University, Olomouc;Charles University;p;"";""
10.6084/m9.figshare.c.6770757.v1;VFU;University of Veterinary and Pharmaceutical Sciences;Mendel University in Brno;p;"";""
10.6084/m9.figshare.19586869.v1;ČVUT;Czech Technical University in Prague;Institute of Molecular Genetics;p;"";""
10.6084/m9.figshare.c.7221971.v1;Palacký University, Olomouc;Palacký University, Olomouc;Institute of Microbiology;p;"";""
10.5281/zenodo.10680436;CULS;Czech University of Life Sciences Prague;Centre d'Estudis Avançats de Blanes (CEAB-CSIC);p;"";""
10.5061/dryad.vmcvdncsz;IEB;Institute of Experimental Botany;V.I. Vernadsky Crimean Federal University;p;"";""
10.6084/m9.figshare.c.7206714.v1;University Hospital Hradec Králové;University Hospital Hradec Králové;Innsbruck Medical University;p;"";""
10.48580/dgt98;PELC;P.E.L.C. - Private Entomological Laboratory and Collection;Smithsonian Institution;pp;"";""
10.6084/m9.figshare.c.6957969.v1;Palacký University, Olomouc;Palacký University, Olomouc;University of Ostrava;p;"";""
10.6084/m9.figshare.c.5995626.v1;University Hospital Brno;University Hospital Brno;Universitätsklinikum Aachen;p;"";""
10.6084/m9.figshare.c.7057817.v1;Palacký University, Olomouc;Palacký University, Olomouc;Universität Hamburg;p;"";""
10.5281/zenodo.6637599;CULS;Czech University of Life Sciences Prague;Instituto de Investigaciones en Ecosistemas y Sustentabilidad, Universidad Nacional Autónoma de México, Morelia, Michoacán, Mexico;p;"";""
10.5281/zenodo.10572480;CULS;Czech University of Life Sciences Prague;School of Forest Sciences, University of Eastern Finland, Joensuu, Finland;p;"";""
10.5281/zenodo.16942982;University Hospital in Motol;University Hospital in Motol;DBM Bioinformatics Core Facility, Swiss Institute of Bioinformatics, Switzerland;p;"";""
10.48580/dgs4f;PELC;P.E.L.C. - Private Entomological Laboratory and Collection;;pp;"";""
10.6084/m9.figshare.c.7615573.v1;Institute of Parasitology;Institute of Parasitology;Lund University;p;"";""
10.5281/zenodo.15137974;CRI;Crop Research Institute;Rudolfstetten, Switzerland;p;"";""
10.48580/dgs4f;PELC;P.E.L.C. - Private Entomological Laboratory and Collection;Biological Records Centre, Centre for Ecology & Hydrology;pp;"";""
10.6084/m9.figshare.c.7649648.v1;CEITEC ;Central European Institute of Technology;Masaryk University;p;"";""
10.48580/dgs4f;PELC;P.E.L.C. - Private Entomological Laboratory and Collection;Unidade Acadêmica de Serra Talhada, Universidade Federal Rural de Pernambuco;pp;p;""
10.18419/darus-4117/12;CULS;Czech University of Life Sciences Prague;University of Novi Sad;p;"";""
10.5281/zenodo.13897824;FZU;Institute of Physics;;p;"";""
10.48580/dgsv8;PELC;P.E.L.C. - Private Entomological Laboratory and Collection;;pp;"";""
10.6084/m9.figshare.c.6271279.v1;University Hospital Brno;University Hospital Brno;Masaryk University;p;"";""
10.6084/m9.figshare.c.7615430.v1;VFN;General University Hospital in Prague;University of Naples Federico II;pp;p;""
10.48580/dgtg4;PELC;P.E.L.C. - Private Entomological Laboratory and Collection;Medicine and Health Library, Norwegian University of Science & Technology;pp;"";""
10.48580/dgsv8;PELC;P.E.L.C. - Private Entomological Laboratory and Collection;;pp;"";""
10.6084/m9.figshare.c.6579182.v1;University Hospital in Motol;University Hospital in Motol;Karolinska Institute;p;"";""
10.5281/zenodo.10572480;CULS;Czech University of Life Sciences Prague;Agricultural University of Iceland, Árleyni 22, 112 Reykjavik, Iceland;p;"";""
10.15468/m97sd2;PELC;P.E.L.C. - Private Entomological Laboratory and Collection;;pp;"";""
10.48580/dgs4f;PELC;P.E.L.C. - Private Entomological Laboratory and Collection;;pp;"";""
10.48580/dgsv8;PELC;P.E.L.C. - Private Entomological Laboratory and Collection;;pp;"";""
10.6084/m9.figshare.c.7057817.v1;Palacký University, Olomouc;Palacký University, Olomouc;University of Amsterdam;p;"";""
10.48580/dgt98;PELC;P.E.L.C. - Private Entomological Laboratory and Collection;;pp;"";""
10.6084/m9.figshare.c.7221971.v1;Jan Evangelista Purkyně University in Ústí nad Labem;Jan Evangelista Purkyně University in Ústí nad Labem;Institute of Biotechnology;p;"";""
10.48580/dgtg4;PELC;P.E.L.C. - Private Entomological Laboratory and Collection;;pp;"";""
10.6084/m9.figshare.c.6785308.v1;Comenius Museum in Přerov;Comenius Museum in Přerov;Hebei Normal University;p;"";""
10.48580/dgsv8;PELC;P.E.L.C. - Private Entomological Laboratory and Collection;;pp;"";""
10.48580/dgtg4;PELC;P.E.L.C. - Private Entomological Laboratory and Collection;SLU Swedish University of Agricultural Sciences;pp;"";""
10.5281/zenodo.14041626;VSE;University of Economics Prague;;p;"";""
10.15468/m97sd2;PELC;P.E.L.C. - Private Entomological Laboratory and Collection;;pp;"";""
10.48580/dgtg4;PELC;P.E.L.C. - Private Entomological Laboratory and Collection;;pp;"";""
10.6084/m9.figshare.c.7297436.v1;Palacký University, Olomouc;Palacký University, Olomouc;Charles University;p;"";""
10.48580/dgtg4;PELC;P.E.L.C. - Private Entomological Laboratory and Collection;The Natural History Museum;pp;"";""
10.6084/m9.figshare.c.6683881.v1;FNUSA;St. Anne´s University Hospital;Masaryk University;p;"";""
10.6084/m9.figshare.c.7221971.v1;Palacký University, Olomouc;Palacký University, Olomouc;Charles University;p;"";""
10.5281/zenodo.15154492;University Hospital Hradec Králové;University Hospital Hradec Králové;;p;"";""
10.48580/dgsv8;PELC;P.E.L.C. - Private Entomological Laboratory and Collection;Natural History Museum of Denmark, University of Copenhagen;pp;p;""
10.6084/m9.figshare.c.5995626.v1;University Hospital Brno;University Hospital Brno;;p;"";""
10.15468/m97sd2;PELC;P.E.L.C. - Private Entomological Laboratory and Collection;;pp;"";""
10.6084/m9.figshare.c.7206675.v1;VFU;University of Veterinary and Pharmaceutical Sciences;Charles University;p;"";""
10.6084/m9.figshare.c.6830133.v1;University Hospital Ostrava;University Hospital Ostrava;Czech Academy of Sciences;p;"";""
10.5281/zenodo.10680436;Jan Evangelista Purkyně University in Ústí nad Labem;Jan Evangelista Purkyně University in Ústí nad Labem;Dutch Butterfly Conservation;p;"";""
10.15468/m97sd2;PELC;P.E.L.C. - Private Entomological Laboratory and Collection;;pp;"";""
10.6084/m9.figshare.c.7149681.v1;VSE;University of Economics Prague;Charles University;p;"";""
10.5281/zenodo.5711706;CULS;Czech University of Life Sciences Prague;University of Innsbruck;p;"";""
10.6084/m9.figshare.c.7049258.v1;Biopticka Laborator (Czechia);Biopticka Laborator (Czechia);German Cancer Research Center;p;"";""
10.6084/m9.figshare.c.7640687.v1;ČVUT;Czech Technical University in Prague;Institute of Haematology and Blood Transfusion;p;"";""
10.48580/dgsv8;PELC;P.E.L.C. - Private Entomological Laboratory and Collection;;pp;"";""
10.48580/dgtg4;PELC;P.E.L.C. - Private Entomological Laboratory and Collection;;pp;"";""
10.14473/csda/nyxqpt;Institute of Philosophy;Institute of Philosophy;(Vilnius University, Lithuania);pp;"";""
10.48580/dgtg4;PELC;P.E.L.C. - Private Entomological Laboratory and Collection;Zoological Museum, Natural History Museum of Denmark;pp;"";""
10.48580/dgsv8;PELC;P.E.L.C. - Private Entomological Laboratory and Collection;;pp;"";""
10.5281/zenodo.10888833;Palacký University, Olomouc;Palacký University, Olomouc;;p;"";""
10.6084/m9.figshare.c.6787807.v1;University Hospital Olomouc;University Hospital Olomouc;Casa Sollievo della Sofferenza;p;"";""
10.18419/darus-4117/2;ČVUT;Czech Technical University in Prague;Universität Stuttgart;p;"";""
10.6084/m9.figshare.c.6581221.v1;VFN;General University Hospital in Prague;Charles University;pp;"";""
10.6084/m9.figshare.c.7823284.v1;Palacký University, Olomouc;Palacký University, Olomouc;University of California, San Diego;p;"";""
10.6084/m9.figshare.c.6261502.v1;University Hospital Hradec Králové;University Hospital Hradec Králové;;p;"";""
10.48580/dgtg4;PELC;P.E.L.C. - Private Entomological Laboratory and Collection;Universidad Arturo Prat;pp;p;""
10.48580/dgsv8;PELC;P.E.L.C. - Private Entomological Laboratory and Collection;;pp;"";""
10.6084/m9.figshare.c.6926742.v1;FNUSA;St. Anne´s University Hospital;Federal Institute for Risk Assessment;p;"";""
10.5285/3b077711-f183-42f1-bac6-c892922c81f4;CULS;Czech University of Life Sciences Prague;Gaston Berger University;p;"";""
10.48580/dgs4f;PELC;P.E.L.C. - Private Entomological Laboratory and Collection;Natural History Museum;pp;"";""
10.6084/m9.figshare.c.7823284.v1;Palacký University, Olomouc;Palacký University, Olomouc;Atma Jaya University Yogyakarta;p;"";""
10.5281/zenodo.5615357;CULS;Czech University of Life Sciences Prague;School of Agriculture, Faculty of Agriculture, Forestry, and Natural Environment, Aristotle University of Thessaloniki, 54123 Thessaloniki;p;"";""
10.6084/m9.figshare.21009561.v1;IPVZ;Institute for Postgraduate Medical Education;Nemocnice Na Bulovce;p;"";""
10.48580/dgs4f;PELC;P.E.L.C. - Private Entomological Laboratory and Collection;;pp;"";""
10.6084/m9.figshare.c.6787450.v1;CEITEC ;Central European Institute of Technology;University of Veterinary Medicine Vienna;p;"";""
10.48580/dgtg4;PELC;P.E.L.C. - Private Entomological Laboratory and Collection;;pp;"";""
10.6084/m9.figshare.c.6785308.v1;Comenius Museum in Přerov;Comenius Museum in Přerov;Hebei Normal University;p;"";""
10.5281/zenodo.17083924;CULS;Czech University of Life Sciences Prague;Wildlife Montengro;p;"";""
10.60534/46qra-6bw98;Center for Advanced Preclinical Imaging (CAPI);Center for Advanced Preclinical Imaging (CAPI);"Heinrich Heine University Düsseldorf, Center for Advanced Imaging;Heinrich Heine University Düsseldorf, Center for Advanced Imaging";pp;"";""
10.5281/zenodo.10680436;CULS;Czech University of Life Sciences Prague;University of Würzburg;p;"";""
10.48580/dgtg4;PELC;P.E.L.C. - Private Entomological Laboratory and Collection;;pp;"";""
10.6084/m9.figshare.c.6787807.v1;Palacký University, Olomouc;Palacký University, Olomouc;;p;"";""
10.6084/m9.figshare.c.5923208.v1;CEITEC MU;Central European Institute of Technology – Masaryk University;Medical University of Vienna;p;"";""
10.6084/m9.figshare.19470467.v1;CEITEC MU;Central European Institute of Technology – Masaryk University;Medical University of Vienna;p;"";""
10.14473/csda/nyxqpt/hckaho;Institute of Philosophy;Institute of Philosophy;(International Center for Defense and Security, Tallinn, Estonia);pp;"";""
10.5281/zenodo.15137978;CRI;Crop Research Institute;Rudolfstetten, Switzerland;p;"";""
10.15468/m97sd2;PELC;P.E.L.C. - Private Entomological Laboratory and Collection;;pp;"";""
10.6084/m9.figshare.c.6615102.v1;VFN;General University Hospital in Prague;Charles University;pp;"";""
10.48580/dgsv8;PELC;P.E.L.C. - Private Entomological Laboratory and Collection;;pp;"";""
10.5281/zenodo.15095308;Jan Evangelista Purkyně University in Ústí nad Labem;Jan Evangelista Purkyně University in Ústí nad Labem;Helmholtz Centre for Environmental Research;p;"";""
10.48580/dgs4f;PELC;P.E.L.C. - Private Entomological Laboratory and Collection;;pp;"";""
10.6084/m9.figshare.c.7476183.v1;Palacký University, Olomouc;Palacký University, Olomouc;Institute of Biotechnology;p;"";""
10.48580/dgt98;PELC;P.E.L.C. - Private Entomological Laboratory and Collection;;pp;"";""
10.6084/m9.figshare.c.6271279.v1;University Hospital Brno;University Hospital Brno;Masaryk University;p;"";""
10.6084/m9.figshare.c.5265220.v1;CRI;Crop Research Institute;National Agriculture and Food Research Organization;p;"";""
10.48580/dgt98;PELC;P.E.L.C. - Private Entomological Laboratory and Collection;;pp;"";""
10.6084/m9.figshare.c.6830133.v1;University Hospital Ostrava;University Hospital Ostrava;Charles University;p;"";""
10.48580/dgs4f;PELC;P.E.L.C. - Private Entomological Laboratory and Collection;Charles Darwin University;pp;"";""
10.14473/csda/9alxny/odvxmw;Institute of Philosophy;Institute of Philosophy;(ResWell Research Collaboration, Tel Aviv University, Tel Aviv, Israel);pp;"";""
10.48580/dgtg4;PELC;P.E.L.C. - Private Entomological Laboratory and Collection;;pp;"";""
10.48580/dgt98;PELC;P.E.L.C. - Private Entomological Laboratory and Collection;;pp;"";""
10.6084/m9.figshare.c.6261502.v1;University Hospital Hradec Králové;University Hospital Hradec Králové;;p;"";""
10.14473/csda/nyxqpt/doo8cb;Institute of Philosophy;Institute of Philosophy;(Tel Aviv University);pp;"";""
10.6084/m9.figshare.c.7811402.v1;University Hospital Brno;University Hospital Brno;Masaryk University;p;"";""
10.48580/dgt98;PELC;P.E.L.C. - Private Entomological Laboratory and Collection;Bossard Consulting;pp;"";""
10.48580/dgs4f;PELC;P.E.L.C. - Private Entomological Laboratory and Collection;;pp;"";""
10.18419/darus-4117/3;CULS;Czech University of Life Sciences Prague;Czech University of Life Sciences;p;"";""
10.6084/m9.figshare.c.6596173.v1;CULS;Czech University of Life Sciences Prague;University of Namur;p;"";""
10.6084/m9.figshare.24131367.v2;Palacký University, Olomouc;Palacký University, Olomouc;;p;"";""
10.6084/m9.figshare.c.6830133.v1;CEITEC ;Central European Institute of Technology;University of Veterinary Medicine in Košice;p;"";""
10.48580/dgt98;PELC;P.E.L.C. - Private Entomological Laboratory and Collection;National University of Colombia;pp;"";""
10.6084/m9.figshare.c.7057817.v1;Palacký University, Olomouc;Palacký University, Olomouc;German Cancer Research Center;p;"";""
10.48580/dgt98;PELC;P.E.L.C. - Private Entomological Laboratory and Collection;;pp;"";""
10.5281/zenodo.5711706;CULS;Czech University of Life Sciences Prague;University of Helsinki;p;"";""
10.48580/dgt98;PELC;P.E.L.C. - Private Entomological Laboratory and Collection;;pp;"";""
10.6084/m9.figshare.c.6198401.v1;University Hospital in Motol;University Hospital in Motol;Federal Almazov North-West Medical Research Centre;p;"";""
10.5281/zenodo.10680436;Jan Evangelista Purkyně University in Ústí nad Labem;Jan Evangelista Purkyně University in Ústí nad Labem;Institute of Biodiversity, Friedrich Schiller University Jena;p;"";""
10.6084/m9.figshare.c.7017686.v1;VFN;General University Hospital in Prague;University of Oslo;pp;"";""
10.5061/dryad.pg4f4qrqn;Palacký University, Olomouc;Palacký University, Olomouc;EcoLaVerna Integral Restoration Ecology, Universidad Católica del Maule;p;"";""
10.6084/m9.figshare.c.7476183.v1;Palacký University, Olomouc;Palacký University, Olomouc;Institute of Biotechnology;p;"";""
10.15468/m97sd2;PELC;P.E.L.C. - Private Entomological Laboratory and Collection;;pp;"";""
10.5281/zenodo.5711706;CULS;Czech University of Life Sciences Prague;University of Helsinki;p;"";""
10.48580/dgtg4;PELC;P.E.L.C. - Private Entomological Laboratory and Collection;;pp;"";""
10.6084/m9.figshare.c.7220407.v1;Palacký University, Olomouc;Palacký University, Olomouc;Institute of Biotechnology;p;"";""
10.5281/zenodo.13993402;Palacký University, Olomouc;Palacký University, Olomouc;;p;"";""
10.6084/m9.figshare.c.6787807.v1;Palacký University, Olomouc;Palacký University, Olomouc;;p;"";""
10.48580/dgs4f;PELC;P.E.L.C. - Private Entomological Laboratory and Collection;Metsähallitus (Natural Heritage Services);pp;"";""
10.48580/dgt98;PELC;P.E.L.C. - Private Entomological Laboratory and Collection;;pp;"";""
10.48580/dgs4f;PELC;P.E.L.C. - Private Entomological Laboratory and Collection;;pp;"";""
10.6084/m9.figshare.c.6581221.v1;VFN;General University Hospital in Prague;Masaryk Memorial Cancer Institute;pp;"";""
10.6084/m9.figshare.c.6917421.v1;CULS;Czech University of Life Sciences Prague;University of Zagreb;p;"";""
10.15468/m97sd2;PELC;P.E.L.C. - Private Entomological Laboratory and Collection;Individual custodian in cooperation with the Botanical Garden of the Karlsruhe Institute of Technology;pp;p;""
10.15468/m97sd2;PELC;P.E.L.C. - Private Entomological Laboratory and Collection;New York Botanical Garden;pp;"";""
10.15468/m97sd2;PELC;P.E.L.C. - Private Entomological Laboratory and Collection;Muséum National d’Histoire Naturelle;pp;"";""
10.48580/dgs4f;PELC;P.E.L.C. - Private Entomological Laboratory and Collection;;pp;"";""
10.6084/m9.figshare.c.6096199.v1;Palacký University, Olomouc;Palacký University, Olomouc;;p;"";""
10.5281/zenodo.5711706;CULS;Czech University of Life Sciences Prague;University of Bonn;p;"";""
10.48580/dgs4f;PELC;P.E.L.C. - Private Entomological Laboratory and Collection;Departamento de Meteorologia, Fundação Cearense de Meteorologia e Recursos Hídricos (FUNCEME);pp;p;""
10.6084/m9.figshare.c.6629419.v1;University Hospital Hradec Králové;University Hospital Hradec Králové;Thomayerova nemocnice;p;"";""
10.48580/dgs4f;PELC;P.E.L.C. - Private Entomological Laboratory and Collection;WWF;pp;"";""
10.48580/dgt98;PELC;P.E.L.C. - Private Entomological Laboratory and Collection;;pp;"";""
10.5281/zenodo.15656568;ČVUT;Czech Technical University in Prague;University of Chemistry and Technology;p;"";""
10.18419/darus-4117/4;ČVUT;Czech Technical University in Prague;Coll Coll;p;"";""
10.6084/m9.figshare.c.6576979.v1;Palacký University, Olomouc;Palacký University, Olomouc;University of Groningen;p;"";""
10.48580/dgtg4;PELC;P.E.L.C. - Private Entomological Laboratory and Collection;;pp;"";""
10.6084/m9.figshare.c.6585787.v1;University Hospital in Motol;University Hospital in Motol;;p;"";""
10.57760/sciencedb.26336;Institute of Psychology;Institute of Psychology;HSE University;p;"";""
10.57760/sciencedb.psych.00366;Institute of Psychology;Institute of Psychology;中国科学院心理研究所;p;"";""
10.18419/darus-4117/1;ČVUT;Czech Technical University in Prague;Coll Coll;p;"";""
10.48580/dgsv8;PELC;P.E.L.C. - Private Entomological Laboratory and Collection;;pp;"";""
10.48580/dgs4f;PELC;P.E.L.C. - Private Entomological Laboratory and Collection;Vlaams Instituut voor de Zee;pp;"";""
10.48580/dgs4f;PELC;P.E.L.C. - Private Entomological Laboratory and Collection;;pp;"";""
10.18419/darus-4117/7;ČVUT;Czech Technical University in Prague;University of Novi Sad;p;"";""
10.6084/m9.figshare.c.7885117.v1;Palacký University, Olomouc;Palacký University, Olomouc;Helmholtz-Zentrum Dresden-Rossendorf;p;"";""
10.48580/dgsv8;PELC;P.E.L.C. - Private Entomological Laboratory and Collection;;pp;"";""
10.5281/zenodo.8375552;CULS;Czech University of Life Sciences Prague;Teagasc;p;"";""
10.6084/m9.figshare.20341686.v1;University Hospital Brno;University Hospital Brno;;p;"";""
10.6084/m9.figshare.c.7953063.v1;FNUSA-ICRC;International Clinical Research Center of St. Anne's University Hospital Brno;University of Alberta;p;"";""
10.14473/csda/nyxqpt/o1kp75;Institute of Philosophy;Institute of Philosophy;(Vilnius University, Lithuania);pp;"";""
10.48580/dgtg4;PELC;P.E.L.C. - Private Entomological Laboratory and Collection;;pp;"";""
10.5281/zenodo.10888833;Palacký University, Olomouc;Palacký University, Olomouc;RMIT University;p;"";""
10.48580/dgs4f;PELC;P.E.L.C. - Private Entomological Laboratory and Collection;Universidad de Guadalajara;pp;"";""
10.5281/zenodo.10952750;Palacký University, Olomouc;Palacký University, Olomouc;Agricultural Research Ltd.;p;"";""
10.15468/m97sd2;PELC;P.E.L.C. - Private Entomological Laboratory and Collection;Universidad de Sucre;pp;"";""
10.6084/m9.figshare.c.5923208.v1;CEITEC ;Central European Institute of Technology;University of Veterinary Medicine Vienna;p;"";""
10.48580/dgs4f;PELC;P.E.L.C. - Private Entomological Laboratory and Collection;Royal Botanic Gardens Victoria;pp;"";""
10.15468/m97sd2;PELC;P.E.L.C. - Private Entomological Laboratory and Collection;;pp;"";""
10.5281/zenodo.10680436;CULS;Czech University of Life Sciences Prague;German Centre for Integrative Biodiversity Research (iDiv);p;"";""
10.6084/m9.figshare.c.6256842.v1;CRI;Crop Research Institute;Kansas State University;p;"";""
10.6084/m9.figshare.c.7153870.v1;University Hospital Olomouc;University Hospital Olomouc;Slovak Academy of Sciences;p;"";""
10.48580/dgtg4;PELC;P.E.L.C. - Private Entomological Laboratory and Collection;;pp;"";""
10.6084/m9.figshare.c.6585379.v1;University Hospital Brno;University Hospital Brno;University of Oslo;p;"";""
10.15468/m97sd2;PELC;P.E.L.C. - Private Entomological Laboratory and Collection;;pp;"";""
10.5281/zenodo.6637599;CULS;Czech University of Life Sciences Prague;School of GeoSciences, University of Edinburgh, Edinburgh, EH9 3FF, UK;p;"";""
10.48580/dgsv8;PELC;P.E.L.C. - Private Entomological Laboratory and Collection;;pp;"";""
10.5281/zenodo.10680436;CULS;Czech University of Life Sciences Prague;Middle East Technical University;p;"";""
10.6084/m9.figshare.c.6629419.v1;University Hospital Hradec Králové;University Hospital Hradec Králové;;p;"";""
10.48580/dgtg4;PELC;P.E.L.C. - Private Entomological Laboratory and Collection;;pp;"";""
10.6084/m9.figshare.20341686.v1;University Hospital Brno;University Hospital Brno;Masaryk University;p;"";""
10.48580/dgtg4;PELC;P.E.L.C. - Private Entomological Laboratory and Collection;Illinois Natural History Survey;pp;"";""
10.6084/m9.figshare.c.6765736.v1;VFN;General University Hospital in Prague;University of Oslo;pp;"";""
10.14278/rodare.2110;FZU;Institute of Physics;;p;"";""
10.6084/m9.figshare.c.6851848.v1;VFN;General University Hospital in Prague;Charles University;pp;"";""
10.5281/zenodo.10855219;Palacký University, Olomouc;Palacký University, Olomouc;University of Warsaw;p;"";""
10.7910/dvn/yltzw7;Palacký University, Olomouc;Palacký University, Olomouc;University of Manchester;p;"";""
10.48580/dgtg4;PELC;P.E.L.C. - Private Entomological Laboratory and Collection;;pp;"";""
10.6084/m9.figshare.c.7149681.v1;Palacký University, Olomouc;Palacký University, Olomouc;Charles University;p;"";""
10.57760/sciencedb.26336;Institute of Psychology;Institute of Psychology;Queen's University Belfast;p;"";""
10.6084/m9.figshare.c.7476183.v1;Palacký University, Olomouc;Palacký University, Olomouc;Institute of Biotechnology;p;"";""
10.15468/m97sd2;PELC;P.E.L.C. - Private Entomological Laboratory and Collection;;pp;"";""
10.48580/dgtg4;PELC;P.E.L.C. - Private Entomological Laboratory and Collection;;pp;"";""
10.5281/zenodo.5711706;CULS;Czech University of Life Sciences Prague;Brandenburg State Forestry Center of Excellence;p;"";""
10.14473/csda/9alxny/odvxmw;Institute of Philosophy;Institute of Philosophy;(International Center for Defense and Security, Tallinn, Estonia);pp;"";""
10.48580/dgsv8;PELC;P.E.L.C. - Private Entomological Laboratory and Collection;;pp;"";""
10.6084/m9.figshare.c.6926742.v1;FNUSA-ICRC;International Clinical Research Center of St. Anne's University Hospital Brno;Instytut Biologii Doświadczalnej im. Marcelego Nenckiego;p;"";""
10.48580/dgt98;PELC;P.E.L.C. - Private Entomological Laboratory and Collection;University of Illinois;pp;"";""
10.6084/m9.figshare.c.6146679.v1;Biopticka Laborator (Czechia);Biopticka Laborator (Czechia);Charles University;p;"";""
10.6084/m9.figshare.c.7040196.v1;Palacký University, Olomouc;Palacký University, Olomouc;Celica (Slovenia);p;"";""
10.14278/rodare.2568;ČVUT;Czech Technical University in Prague;;p;"";""
10.6084/m9.figshare.c.7079010.v1;IAB;Institute of Applied Biotechnologies (Czechia);;pp;"";""
10.5281/zenodo.7297158;ČVUT;Czech Technical University in Prague;IAS, CSIC Cordóba;p;"";""
10.48580/dgs4f;PELC;P.E.L.C. - Private Entomological Laboratory and Collection;Ocean Associates, Inc., NOAA Fisheries Service;pp;"";""
10.6084/m9.figshare.c.5923208.v1;CEITEC ;Central European Institute of Technology;Center For Biomarker Research In Medicine;p;"";""
10.6084/m9.figshare.c.6261502.v1;University Hospital Hradec Králové;University Hospital Hradec Králové;Lund University;p;"";""
10.15468/vymt96;CULS;Czech University of Life Sciences Prague;Biology Centre, Institute of Soil Biology and Biogeochemistry AS CR;p;"";""
10.6084/m9.figshare.c.7017686.v1;VFN;General University Hospital in Prague;;pp;"";""
10.18419/darus-4117/3;ČVUT;Czech Technical University in Prague;Czech University of Life Sciences;p;"";""
10.48580/dgtg4;PELC;P.E.L.C. - Private Entomological Laboratory and Collection;University of Illinois;pp;"";""
10.48580/dgs4f;PELC;P.E.L.C. - Private Entomological Laboratory and Collection;"Faculty of Sciences; Departamento de Biología Animal, University of Málaga";pp;p;""
10.15785/sbgrid/956;ČVUT;Czech Technical University in Prague;Institute of Biotechnology of the Czech Academy of Sciences;p;"";""
10.48580/dgt98;PELC;P.E.L.C. - Private Entomological Laboratory and Collection;;pp;"";""
10.5281/zenodo.6382216;CULS;Czech University of Life Sciences Prague;Hungarian University of Agriculture and Life Sciences;p;"";""
10.5281/zenodo.10888833;Palacký University, Olomouc;Palacký University, Olomouc;;p;"";""
10.48580/dgtg4;PELC;P.E.L.C. - Private Entomological Laboratory and Collection;;pp;"";""
10.5281/zenodo.10572480;CULS;Czech University of Life Sciences Prague;Amsterdam Institute for Life and Environment (A-LIFE), Vrije Universiteit, Amsterdam, The Netherlands;p;"";""
10.6084/m9.figshare.c.6830133.v1;CEITEC MU;Central European Institute of Technology – Masaryk University;University of Ostrava;p;"";""
10.48580/dgt98;PELC;P.E.L.C. - Private Entomological Laboratory and Collection;;pp;"";""
10.5281/zenodo.15135149;CULS;Czech University of Life Sciences Prague;School of Biological Sciences, University of Utah, 257 S. 1400 E., Salt Lake City, Utah 84112, USA.;p;"";""
10.57760/sciencedb.07380;FZU;Institute of Physics;Science Island Branch of Graduate School, University of Science and Technology of China, Hefei, Anhui 230026, China;p;"";""
10.5281/zenodo.4601450;CULS;Czech University of Life Sciences Prague;Czech University of Life Sciences;p;"";""
10.6084/m9.figshare.c.7905949.v1;University Hospital Ostrava;University Hospital Ostrava;University of Ostrava;p;"";""
10.48580/dgtg4;PELC;P.E.L.C. - Private Entomological Laboratory and Collection;;pp;"";""
10.48580/dgs4f;PELC;P.E.L.C. - Private Entomological Laboratory and Collection;;pp;"";""
10.48580/dgt98;PELC;P.E.L.C. - Private Entomological Laboratory and Collection;;pp;"";""
10.48580/dgt98;PELC;P.E.L.C. - Private Entomological Laboratory and Collection;;pp;"";""
10.48580/dgt98;PELC;P.E.L.C. - Private Entomological Laboratory and Collection;;pp;"";""
10.6084/m9.figshare.c.6770757.v1;CULS;Czech University of Life Sciences Prague;Mendel University in Brno;p;"";""
10.5281/zenodo.5142371;CEITEC MU;Central European Institute of Technology – Masaryk University;Magnetic Resonance Center (CERM), University of Florence;p;"";""
10.6084/m9.figshare.c.7221971.v1;Jan Evangelista Purkyně University in Ústí nad Labem;Jan Evangelista Purkyně University in Ústí nad Labem;Institute of Biotechnology;p;"";""
10.5281/zenodo.10888833;Palacký University, Olomouc;Palacký University, Olomouc;;p;"";""
10.6084/m9.figshare.c.7196998.v1;University Hospital Hradec Králové;University Hospital Hradec Králové;Charles University;p;"";""
10.48580/dgs4f;PELC;P.E.L.C. - Private Entomological Laboratory and Collection;;pp;"";""
10.57760/sciencedb.j00104.00075;ČVUT;Czech Technical University in Prague;SURF;p;"";""
10.5285/3b077711-f183-42f1-bac6-c892922c81f4;CULS;Czech University of Life Sciences Prague;Finnish Environment Institute (SYKE) ;p;"";""
10.5281/zenodo.15154495;University Hospital Hradec Králové;University Hospital Hradec Králové;;p;"";""
10.6084/m9.figshare.c.6926742.v1;FNUSA;St. Anne´s University Hospital;Lithuanian University of Health Sciences;p;"";""
10.48580/dgtg4;PELC;P.E.L.C. - Private Entomological Laboratory and Collection;UC Berkeley;pp;"";""
10.48580/dgtg4;PELC;P.E.L.C. - Private Entomological Laboratory and Collection;Universidad de Sucre;pp;"";""
10.48580/dgs4f;PELC;P.E.L.C. - Private Entomological Laboratory and Collection;;pp;"";""
10.6084/m9.figshare.c.7392838.v1;University Hospital Brno;University Hospital Brno;;p;"";""
10.48580/dgs4f;PELC;P.E.L.C. - Private Entomological Laboratory and Collection;CIBIO, Centro de Investigação em Biodiversidade e Recursos Genéticos, InBIO Laboratório Associado, Pólo dos Açores, Universidade dos Açores;pp;p;""
10.6084/m9.figshare.c.7953063.v1;FNUSA;St. Anne´s University Hospital;Kuwait University;p;"";""
10.6084/m9.figshare.c.6629419.v1;Fakultní Nemocnice Plzeň;Fakultní Nemocnice Plzeň;University of Ostrava;p;"";""
10.6084/m9.figshare.c.6962539.v1;Palacký University, Olomouc;Palacký University, Olomouc;Revmatologický Ústav;p;"";""
10.15468/m97sd2;PELC;P.E.L.C. - Private Entomological Laboratory and Collection;The Royal Botanic Gardens, Kew;pp;"";""
10.6084/m9.figshare.c.7221971.v1;Palacký University, Olomouc;Palacký University, Olomouc;Institute of Biotechnology;p;"";""
10.6084/m9.figshare.c.6830045.v1;FNUSA;St. Anne´s University Hospital;Masaryk University;p;"";""
10.48580/dgt98;PELC;P.E.L.C. - Private Entomological Laboratory and Collection;;pp;"";""
10.6084/m9.figshare.c.7221971.v1;Palacký University, Olomouc;Palacký University, Olomouc;Institute of Biotechnology;p;"";""
10.5281/zenodo.10680436;CULS;Czech University of Life Sciences Prague;Natural Resources Institute Finland (Luke);p;"";""
10.48580/dgs4f;PELC;P.E.L.C. - Private Entomological Laboratory and Collection;Florida State Collection of Arthropods;pp;p;""
10.15468/m97sd2;PELC;P.E.L.C. - Private Entomological Laboratory and Collection;;pp;"";""
10.48580/dgs4f;PELC;P.E.L.C. - Private Entomological Laboratory and Collection;Université de Reims;pp;"";""
10.5281/zenodo.10888833;Palacký University, Olomouc;Palacký University, Olomouc;;p;"";""
10.6084/m9.figshare.c.7823284.v1;Palacký University, Olomouc;Palacký University, Olomouc;University of Southern Denmark;p;"";""
10.6084/m9.figshare.c.7885117.v1;Palacký University, Olomouc;Palacký University, Olomouc;Institute of Molecular and Translational Medicine;p;"";""
10.6084/m9.figshare.c.6271279.v1;University Hospital Brno;University Hospital Brno;Masaryk University;p;"";""
10.48580/dgsv8;PELC;P.E.L.C. - Private Entomological Laboratory and Collection;Real Jardín Botánico de Madrid, CSIC;pp;"";""
10.48580/dgsv8;PELC;P.E.L.C. - Private Entomological Laboratory and Collection;Field Museum of Natural History;pp;"";""
10.15454/8uia76/fxm5yu;CULS;Czech University of Life Sciences Prague;(Université de Toulouse, INRAE, UMR DYNAFOR, Castanet-Tolosan, France);p;"";""
10.48580/dgtg4;PELC;P.E.L.C. - Private Entomological Laboratory and Collection;;pp;"";""
10.6084/m9.figshare.c.6892116.v1;VFN;General University Hospital in Prague;Royal Melbourne Hospital;pp;p;""
10.48580/dgt98;PELC;P.E.L.C. - Private Entomological Laboratory and Collection;;pp;"";""
10.6084/m9.figshare.c.7640687.v1;VFN;General University Hospital in Prague;Institute of Haematology and Blood Transfusion;pp;"";""
10.6084/m9.figshare.c.6962539.v1;VFN;General University Hospital in Prague;Palacký University, Olomouc;pp;p;""
10.48580/dgtg4;PELC;P.E.L.C. - Private Entomological Laboratory and Collection;;pp;"";""
10.5281/zenodo.7002917;J. Heyrovsky Institute of Physical Chemistry;J. Heyrovsky Institute of Physical Chemistry;NCCR Catalysis, University of Bern;p;"";""
10.6084/m9.figshare.c.7953063.v1;FNUSA;St. Anne´s University Hospital;Medical University of Sofia;p;"";""
10.15468/m97sd2;PELC;P.E.L.C. - Private Entomological Laboratory and Collection;Schoolmeesters P.;pp;p;""
10.48580/dgt98;PELC;P.E.L.C. - Private Entomological Laboratory and Collection;Illinois Natural History Survey;pp;"";""
10.6084/m9.figshare.c.6629419.v1;University Hospital in Motol;University Hospital in Motol;;p;"";""
10.6084/m9.figshare.c.6184902.v1;IPVZ;Institute for Postgraduate Medical Education;Charles University;p;"";""
10.6084/m9.figshare.c.6271279.v1;University Hospital Brno;University Hospital Brno;Monash University;p;"";""
10.5281/zenodo.6382216;CULS;Czech University of Life Sciences Prague;Macedonian Ecological Society;p;"";""
10.6084/m9.figshare.c.7153870.v1;Palacký University, Olomouc;Palacký University, Olomouc;Slovak Academy of Sciences;p;"";""
10.5281/zenodo.11109087;Silesian University in Opava;Silesian University in Opava;Matej Bel University;p;"";""
10.48580/dgsv8;PELC;P.E.L.C. - Private Entomological Laboratory and Collection;;pp;"";""
10.5281/zenodo.10888833;Palacký University, Olomouc;Palacký University, Olomouc;Karl Landsteiner University of Health Sciences;p;"";""
10.57770/9laax7;IKEM;Institute of Clinical and Experimental Medicine;(Institute of Clinical Medicine, School of Medicine, National Yang Ming Chiao Tung University);p;"";""
10.48580/dgt98;PELC;P.E.L.C. - Private Entomological Laboratory and Collection;;pp;"";""
10.5281/zenodo.15154492;University Hospital Hradec Králové;University Hospital Hradec Králové;;p;"";""
10.6084/m9.figshare.c.6018502.v1;CULS;Czech University of Life Sciences Prague;Okinawa Institute of Science and Technology;p;"";""
10.48580/dgtg4;PELC;P.E.L.C. - Private Entomological Laboratory and Collection;;pp;"";""
10.6084/m9.figshare.19470467.v1;CEITEC ;Central European Institute of Technology;University of Veterinary Medicine Vienna;p;"";""
10.6084/m9.figshare.c.6780806.v1;FNUSA;St. Anne´s University Hospital;ENT and Allergy;p;"";""
10.48580/dgs4f;PELC;P.E.L.C. - Private Entomological Laboratory and Collection;;pp;"";""
10.48580/dgt98;PELC;P.E.L.C. - Private Entomological Laboratory and Collection;;pp;"";""
10.6084/m9.figshare.c.6590218.v1;IKEM;Institute of Clinical and Experimental Medicine;;p;"";""
10.6084/m9.figshare.c.6585787.v1;VFN;General University Hospital in Prague;Johannes Kepler University of Linz;pp;p;""
10.17632/vr37vj22s5;UPA;University of Pardubice;Univerzita Karlova Farmaceuticka fakulta v Hradci Kralove;p;"";""
10.6084/m9.figshare.c.7232058.v1;VFN;General University Hospital in Prague;Norwegian Institute of Public Health;pp;p;""
10.6084/m9.figshare.c.7392838.v1;University Hospital Brno;University Hospital Brno;;p;"";""
10.6084/m9.figshare.c.6711871.v1;Jan Evangelista Purkyně University in Ústí nad Labem;Jan Evangelista Purkyně University in Ústí nad Labem;Charles University;p;"";""
10.6084/m9.figshare.c.6317120.v1;VFN;General University Hospital in Prague;Universität Innsbruck;pp;"";""
10.6084/m9.figshare.c.6728458.v1;University Hospital Brno;University Hospital Brno;Masaryk University;p;"";""
10.6084/m9.figshare.19470467.v1;CEITEC ;Central European Institute of Technology;Medical University of Vienna;p;"";""
10.6084/m9.figshare.c.6590218.v1;IKEM;Institute of Clinical and Experimental Medicine;University of California, San Diego;p;"";""
10.48580/dgt98;PELC;P.E.L.C. - Private Entomological Laboratory and Collection;;pp;"";""
10.5281/zenodo.15154495;University Hospital Hradec Králové;University Hospital Hradec Králové;;p;"";""
10.15468/m97sd2;PELC;P.E.L.C. - Private Entomological Laboratory and Collection;Freie Universität Berlin;pp;"";""
10.48580/dgsv8;PELC;P.E.L.C. - Private Entomological Laboratory and Collection;;pp;"";""
10.48580/dgsv8;PELC;P.E.L.C. - Private Entomological Laboratory and Collection;;pp;"";""
10.6084/m9.figshare.c.6830133.v1;University Hospital Ostrava;University Hospital Ostrava;Charles University;p;"";""
10.48580/dgt98;PELC;P.E.L.C. - Private Entomological Laboratory and Collection;;pp;"";""
10.48580/dgtg4;PELC;P.E.L.C. - Private Entomological Laboratory and Collection;;pp;"";""
10.5061/dryad.vmcvdncsz;IEB;Institute of Experimental Botany;Institute of Botany, Vilnius;p;"";""
10.48580/dgtg4;PELC;P.E.L.C. - Private Entomological Laboratory and Collection;;pp;"";""
10.48580/dgsv8;PELC;P.E.L.C. - Private Entomological Laboratory and Collection;;pp;"";""
10.5285/3b077711-f183-42f1-bac6-c892922c81f4;CULS;Czech University of Life Sciences Prague;University of Saskatchewan;p;"";""
10.5281/zenodo.15064532;CULS;Czech University of Life Sciences Prague;;p;"";""
10.15468/m97sd2;PELC;P.E.L.C. - Private Entomological Laboratory and Collection;;pp;"";""
10.48580/dgsv8;PELC;P.E.L.C. - Private Entomological Laboratory and Collection;;pp;"";""
10.48580/dgtg4;PELC;P.E.L.C. - Private Entomological Laboratory and Collection;Nortern Arizona University;pp;"";""
10.48580/dgsv8;PELC;P.E.L.C. - Private Entomological Laboratory and Collection;;pp;"";""
10.6084/m9.figshare.19915375.v1;CULS;Czech University of Life Sciences Prague;Okinawa Institute of Science and Technology;p;"";""
10.48580/dgtg4;PELC;P.E.L.C. - Private Entomological Laboratory and Collection;Department of Forest Science, Oregon State Universit;pp;p;""
10.5281/zenodo.15154495;University Hospital Hradec Králové;University Hospital Hradec Králové;;p;"";""
10.6084/m9.figshare.c.6787408.v1;VFU;University of Veterinary and Pharmaceutical Sciences;Czech Academy of Sciences;p;"";""
10.6084/m9.figshare.c.7953063.v1;FNUSA;St. Anne´s University Hospital;University of Hong Kong;p;"";""
10.48580/dgtg4;PELC;P.E.L.C. - Private Entomological Laboratory and Collection;;pp;"";""
10.6084/m9.figshare.c.6096199.v1;Palacký University, Olomouc;Palacký University, Olomouc;Chinese University of Hong Kong;p;"";""
10.5281/zenodo.11109087;Silesian University in Opava;Silesian University in Opava;Matej Bel University;p;"";""
10.48580/dgs4f;PELC;P.E.L.C. - Private Entomological Laboratory and Collection;;pp;"";""
10.48580/dgt98;PELC;P.E.L.C. - Private Entomological Laboratory and Collection;New York Botanical Garden;pp;"";""
10.6084/m9.figshare.c.7264690.v1;CEITEC MU;Central European Institute of Technology – Masaryk University;Masaryk University;p;"";""
10.6084/m9.figshare.c.6787807.v1;University Hospital Olomouc;University Hospital Olomouc;Casa Sollievo della Sofferenza;p;"";""
10.48580/dgt98;PELC;P.E.L.C. - Private Entomological Laboratory and Collection;;pp;"";""
10.48580/dgtg4;PELC;P.E.L.C. - Private Entomological Laboratory and Collection;;pp;"";""
10.5281/zenodo.14638896;VFN;General University Hospital in Prague;Università degli Studi di Milano;pp;"";""
10.6084/m9.figshare.c.6787450.v1;CEITEC MU;Central European Institute of Technology – Masaryk University;Salk Institute for Biological Studies;p;"";""
10.48580/dgtg4;PELC;P.E.L.C. - Private Entomological Laboratory and Collection;;pp;"";""
10.48580/dgtg4;PELC;P.E.L.C. - Private Entomological Laboratory and Collection;Vlaams Instituut voor de Zee (VLIZ);pp;"";""
10.5281/zenodo.11454277;CULS;Czech University of Life Sciences Prague;HabitatVision A/S, Denmark;p;"";""
10.5281/zenodo.6037503;J. Heyrovsky Institute of Physical Chemistry;J. Heyrovsky Institute of Physical Chemistry;University of Bern (NCCR Catalysis);p;"";""
10.5281/zenodo.11077988;Palacký University, Olomouc;Palacký University, Olomouc;Zoological Museum Hamburg, Leibniz Institute for the Analysis of Biodiversity Change, Hamburg, Germany;p;"";""
10.6084/m9.figshare.c.6830045.v1;University Hospital Brno;University Hospital Brno;Masaryk University;p;"";""
10.15468/m97sd2;PELC;P.E.L.C. - Private Entomological Laboratory and Collection;;pp;"";""
10.48580/dgt98;PELC;P.E.L.C. - Private Entomological Laboratory and Collection;Universidad Nacional de Avellaneda;pp;"";""
10.48580/dgtg4;PELC;P.E.L.C. - Private Entomological Laboratory and Collection;;pp;"";""
10.15468/vymt96;CULS;Czech University of Life Sciences Prague;Catholic University of Louvain;p;"";""
10.6084/m9.figshare.c.7049258.v1;Biopticka Laborator (Czechia);Biopticka Laborator (Czechia);Charles University;p;"";""
10.15468/m97sd2;PELC;P.E.L.C. - Private Entomological Laboratory and Collection;;pp;"";""
10.5281/zenodo.4650182;Palacký University, Olomouc;Palacký University, Olomouc;Laboratory of Structure and Function of Biomolecules, Institute of Biotechnology of the Czech Academy of Sciences;p;"";""
10.18419/darus-4117/2;CULS;Czech University of Life Sciences Prague;Czech University of Life Sciences;p;"";""
10.6084/m9.figshare.19470467.v1;CEITEC ;Central European Institute of Technology;Center For Biomarker Research In Medicine;p;"";""
10.18419/darus-4117;VŠUP;Academy of Arts, Architecture and Design in Prague;Czech University of Life Sciences;p;"";""
10.5281/zenodo.11454277;CULS;Czech University of Life Sciences Prague;INRAE, UR EFNO, Nogent-sur-Vernisson, France;p;"";""
10.48580/dgs4f;PELC;P.E.L.C. - Private Entomological Laboratory and Collection;Department of Zoology, Universitat de València;pp;p;""
10.48580/dgs4f;PELC;P.E.L.C. - Private Entomological Laboratory and Collection;Medicine and Health Library, Norwegian University of Science & Technology;pp;"";""
10.6084/m9.figshare.c.7158337.v1;Palacký University, Olomouc;Palacký University, Olomouc;University of Hradec Králové;p;"";""
10.5281/zenodo.15154499;University Hospital Hradec Králové;University Hospital Hradec Králové;;p;"";""
10.15468/m97sd2;PELC;P.E.L.C. - Private Entomological Laboratory and Collection;Kenya Marine and Fisheries Research Institute;pp;"";""
10.5281/zenodo.16942982;VFN;General University Hospital in Prague;Department of Biomedicine, DBM Bioinformatics Core Facility, University of Basel, Switzerland;pp;p;""
10.6084/m9.figshare.c.6146679.v1;Biopticka Laborator (Czechia);Biopticka Laborator (Czechia);Charles University;p;"";""
10.14473/csda/9alxny/qm4pmv;Institute of Philosophy;Institute of Philosophy;(Tel Aviv University);pp;"";""
10.15468/m97sd2;PELC;P.E.L.C. - Private Entomological Laboratory and Collection;;pp;"";""
10.48580/dgtg4;PELC;P.E.L.C. - Private Entomological Laboratory and Collection;;pp;"";""
10.48580/dgs4f;PELC;P.E.L.C. - Private Entomological Laboratory and Collection;Zoological Institute RAS;pp;"";""
10.5281/zenodo.8301796;University Hospital Brno;University Hospital Brno;Faculty of Medicine and CEITEC, Masaryk University Brno;p;"";""
10.6084/m9.figshare.c.7976865.v1;University Hospital Hradec Králové;University Hospital Hradec Králové;Charles University;p;"";""
10.5281/zenodo.10680436;CULS;Czech University of Life Sciences Prague;CIBIO, Centro de Investigação em Biodiversidade e Recursos Genéticos, InBIO Laboratório Associado;p;"";""
10.48580/dgsv8;PELC;P.E.L.C. - Private Entomological Laboratory and Collection;Department of Ecology and Evolution, Rutgers University;pp;p;""
10.15468/m97sd2;PELC;P.E.L.C. - Private Entomological Laboratory and Collection;;pp;"";""
10.5061/dryad.wh70rxwnv;Institute of Parasitology;Institute of Parasitology;University of Groningen;p;"";""
10.48580/dgsv8;PELC;P.E.L.C. - Private Entomological Laboratory and Collection;;pp;"";""
10.15468/m97sd2;PELC;P.E.L.C. - Private Entomological Laboratory and Collection;;pp;"";""
10.6084/m9.figshare.c.6103083.v1;University Hospital Brno;University Hospital Brno;Masaryk University;p;"";""
10.6084/m9.figshare.c.6756018.v1;Biopticka Laborator (Czechia);Biopticka Laborator (Czechia);Czech Academy of Sciences;p;"";""
10.6084/m9.figshare.c.7766437.v1;University Hospital Hradec Králové;University Hospital Hradec Králové;Queen's University;p;"";""
10.48580/dgt98;PELC;P.E.L.C. - Private Entomological Laboratory and Collection;;pp;"";""
10.6084/m9.figshare.c.7295760.v1;MoE;Ministry of the Environment of the Czech Republic;Institute of Microbiology;p;"";""
10.5281/zenodo.10949371;University Hospital Hradec Králové;University Hospital Hradec Králové;;p;"";""
10.6084/m9.figshare.c.5919401.v1;CULS;Czech University of Life Sciences Prague;University of Chemistry and Technology;p;"";""
10.15454/8uia76;CULS;Czech University of Life Sciences Prague;(Bayerische Staatsforsten AöR (BaySF), FB Rothenburg, Germany);p;"";""
10.6084/m9.figshare.c.6787450.v1;CEITEC MU;Central European Institute of Technology – Masaryk University;Medical University of Vienna;p;"";""
10.6084/m9.figshare.c.6585701.v1;Palacký University, Olomouc;Palacký University, Olomouc;Charles University;p;"";""
10.6084/m9.figshare.c.7040196.v1;Palacký University, Olomouc;Palacký University, Olomouc;University of Ljubljana;p;"";""
10.18419/darus-4117/10;ČVUT;Czech Technical University in Prague;Coll Coll;p;"";""
10.5281/zenodo.10888833;Palacký University, Olomouc;Palacký University, Olomouc;;p;"";""
10.48580/dgtg4;PELC;P.E.L.C. - Private Entomological Laboratory and Collection;GBIF;pp;"";""
10.6084/m9.figshare.c.7206675.v1;CULS;Czech University of Life Sciences Prague;University of Messina;p;"";""
10.48580/dgsv8;PELC;P.E.L.C. - Private Entomological Laboratory and Collection;;pp;"";""
10.6084/m9.figshare.c.6728494.v1;CULS;Czech University of Life Sciences Prague;;p;"";""
10.48580/dgt98;PELC;P.E.L.C. - Private Entomological Laboratory and Collection;;pp;"";""
10.5281/zenodo.7390416;SZU;National Institute of Public Health;Health Service Executive, Ireland;p;"";""
10.48580/dgsv8;PELC;P.E.L.C. - Private Entomological Laboratory and Collection;;pp;"";""
10.48580/dgs4f;PELC;P.E.L.C. - Private Entomological Laboratory and Collection;Department of Entomology, National Museum of Natural History, Smithsonian Institution;pp;p;""
10.6084/m9.figshare.c.6787807.v1;Palacký University, Olomouc;Palacký University, Olomouc;Casa Sollievo della Sofferenza;p;"";""
10.6084/m9.figshare.c.6925570.v1;CULS;Czech University of Life Sciences Prague;University of Bayreuth;p;"";""
10.48580/dgtg4;PELC;P.E.L.C. - Private Entomological Laboratory and Collection;;pp;"";""
10.15468/m97sd2;PELC;P.E.L.C. - Private Entomological Laboratory and Collection;;pp;"";""
10.5281/zenodo.10888833;Palacký University, Olomouc;Palacký University, Olomouc;University of Edinburgh;p;"";""
10.48580/dgsv8;PELC;P.E.L.C. - Private Entomological Laboratory and Collection;;pp;"";""
10.48580/dgs4f;PELC;P.E.L.C. - Private Entomological Laboratory and Collection;;pp;"";""
10.5281/zenodo.11086594;ERUNI;European Research University;Vitae;p;"";""
10.6084/m9.figshare.c.6596173.v1;CULS;Czech University of Life Sciences Prague;University of Namur;p;"";""
10.6084/m9.figshare.c.7828330.v1;CEITEC MU;Central European Institute of Technology – Masaryk University;University of Cambridge;p;"";""
10.6084/m9.figshare.c.7057817.v1;Palacký University, Olomouc;Palacký University, Olomouc;Vita-Salute San Raffaele University;p;"";""
10.48580/dgtg4;PELC;P.E.L.C. - Private Entomological Laboratory and Collection;;pp;"";""
10.6084/m9.figshare.c.7971703.v1;University Hospital Hradec Králové;University Hospital Hradec Králové;Charles University;p;"";""
10.48580/dgtg4;PELC;P.E.L.C. - Private Entomological Laboratory and Collection;cE3c- Centre for Ecology, Evolution and Environmental Changes, Azorean Biodiversity Group, CHANGE – Global Change and Sustainability Institute, Faculty of Sciences and Technology, University of the Azores;pp;p;""
10.48580/dgs4f;PELC;P.E.L.C. - Private Entomological Laboratory and Collection;;pp;"";""
10.6084/m9.figshare.c.6096199.v1;Palacký University, Olomouc;Palacký University, Olomouc;Ghent University;p;"";""
10.6084/m9.figshare.c.6787450.v1;CEITEC ;Central European Institute of Technology;Medical University of Vienna;p;"";""
10.48580/dgtg4;PELC;P.E.L.C. - Private Entomological Laboratory and Collection;African Butterfly Research Institute;pp;"";""
10.6084/m9.figshare.c.6261502.v1;University Hospital Hradec Králové;University Hospital Hradec Králové;University of Melbourne;p;"";""
10.48580/dgtg4;PELC;P.E.L.C. - Private Entomological Laboratory and Collection;;pp;"";""
10.48580/dgtg4;PELC;P.E.L.C. - Private Entomological Laboratory and Collection;;pp;"";""
10.6084/m9.figshare.c.6591583.v1;ČVUT;Czech Technical University in Prague;Charles University;p;"";""
10.5281/zenodo.10680436;Jan Evangelista Purkyně University in Ústí nad Labem;Jan Evangelista Purkyně University in Ústí nad Labem;Research Institute for Nature and Forest;p;"";""
10.5281/zenodo.15064532;CULS;Czech University of Life Sciences Prague;Czech University of Life Sciences;p;"";""
10.6084/m9.figshare.c.7057817.v1;Palacký University, Olomouc;Palacký University, Olomouc;Casa Sollievo della Sofferenza;p;"";""
10.48580/dgtg4;PELC;P.E.L.C. - Private Entomological Laboratory and Collection;;pp;"";""
10.6084/m9.figshare.c.5931041.v1;CULS;Czech University of Life Sciences Prague;Institute of Botany;p;"";""
10.48580/dgtg4;PELC;P.E.L.C. - Private Entomological Laboratory and Collection;UA Museums, The University of Alabama;pp;"";""
10.6084/m9.figshare.c.6629419.v1;University Hospital in Motol;University Hospital in Motol;Masaryk University;p;"";""
10.18419/darus-4117/8;CULS;Czech University of Life Sciences Prague;Coll Coll;p;"";""
10.5281/zenodo.10680436;CULS;Czech University of Life Sciences Prague;Flanders Marine Institute (VLIZ);p;"";""
10.6084/m9.figshare.c.6787807.v1;University Hospital Olomouc;University Hospital Olomouc;Semmelweis University;p;"";""
10.48580/dgs4f;PELC;P.E.L.C. - Private Entomological Laboratory and Collection;;pp;"";""
10.6084/m9.figshare.c.6787450.v1;CEITEC MU;Central European Institute of Technology – Masaryk University;University of Veterinary Medicine Vienna;p;"";""
10.48580/dgt98;PELC;P.E.L.C. - Private Entomological Laboratory and Collection;;pp;"";""
10.6084/m9.figshare.20018045.v1;IKEM;Institute of Clinical and Experimental Medicine;Charles University;p;"";""
10.5281/zenodo.7390416;SZU;National Institute of Public Health;National Food Chain Safety Office, Hungary;p;"";""
10.48580/dgt98;PELC;P.E.L.C. - Private Entomological Laboratory and Collection;Department of the Environment, Australian Government;pp;p;""
10.5281/zenodo.10888833;Palacký University, Olomouc;Palacký University, Olomouc;;p;"";""
10.5281/zenodo.11212280;ITAM AS CR;Institute of Theoretical and Applied Mechanics;College of Geoscience, China University of Petroleum;pp;p;""
10.5281/zenodo.15154499;University Hospital Hradec Králové;University Hospital Hradec Králové;;p;"";""
10.48580/dgs4f;PELC;P.E.L.C. - Private Entomological Laboratory and Collection;;pp;"";""
10.5281/zenodo.16410976;FZU;Institute of Physics;Taiwan Instrument Research Institute;p;"";""
10.5281/zenodo.10680436;CULS;Czech University of Life Sciences Prague;AZTI,  Marine Research, Basque Research and Technology Alliance (BRTA);p;"";""
10.48580/dgtg4;PELC;P.E.L.C. - Private Entomological Laboratory and Collection;;pp;"";""
10.18434/mds2-3837;FZU;Institute of Physics;National Institute of Standards and Technology, Materials Measurement Laboratory;p;"";""
10.48580/dgtg4;PELC;P.E.L.C. - Private Entomological Laboratory and Collection;Beaty Biodiversity Museum, University of British Columbia;pp;"";""
10.15468/m97sd2;PELC;P.E.L.C. - Private Entomological Laboratory and Collection;;pp;"";""
10.6084/m9.figshare.c.6317120.v1;VFN;General University Hospital in Prague;Karolinska Institute;pp;"";""
10.5281/zenodo.10888833;Palacký University, Olomouc;Palacký University, Olomouc;;p;"";""
10.48580/dgs4f;PELC;P.E.L.C. - Private Entomological Laboratory and Collection;;pp;"";""
10.5281/zenodo.7193808;ITAM AS CR;Institute of Theoretical and Applied Mechanics;Institute for Building Materials, ETH Zurich, Switzerland;pp;"";""
10.48580/dgt98;PELC;P.E.L.C. - Private Entomological Laboratory and Collection;;pp;"";""
10.48580/dgtg4;PELC;P.E.L.C. - Private Entomological Laboratory and Collection;Zoological Institute RAS;pp;"";""
10.5281/zenodo.10680436;CULS;Czech University of Life Sciences Prague;Institute of Marine Sciences, National Research Council (ISMAR-CNR);p;"";""
10.48580/dgsv8;PELC;P.E.L.C. - Private Entomological Laboratory and Collection;;pp;"";""
10.5281/zenodo.10888833;Palacký University, Olomouc;Palacký University, Olomouc;;p;"";""
10.48580/dgsv8;PELC;P.E.L.C. - Private Entomological Laboratory and Collection;;pp;"";""
10.6084/m9.figshare.19518437.v1;CULS;Czech University of Life Sciences Prague;Nazarbayev University;p;"";""
10.48580/dgs4f;PELC;P.E.L.C. - Private Entomological Laboratory and Collection;Canadian National Collection of Insects, Arachnids and Nematodes, Agriculture and Agri-Food Canada;pp;"";""
10.5281/zenodo.4726030;NPI;Nuclear Physics Institute;Ruđer Bošković Institute;p;"";""
10.48580/dgs4f;PELC;P.E.L.C. - Private Entomological Laboratory and Collection;;pp;"";""
10.48580/dgs4f;PELC;P.E.L.C. - Private Entomological Laboratory and Collection;Catalogue of Life Foundation;pp;"";""
10.48580/dgs4f;PELC;P.E.L.C. - Private Entomological Laboratory and Collection;;pp;"";""
10.48580/dgtg4;PELC;P.E.L.C. - Private Entomological Laboratory and Collection;Universidade Federal Rural de Pernambuco;pp;p;""
10.6084/m9.figshare.19586875.v1;ČVUT;Czech Technical University in Prague;Institute of Molecular Genetics;p;"";""
10.6084/m9.figshare.c.7392838.v1;University Hospital Brno;University Hospital Brno;Utrecht University;p;"";""
10.18419/darus-4117/2;CULS;Czech University of Life Sciences Prague;Coll Coll;p;"";""
10.48580/dgs4f;PELC;P.E.L.C. - Private Entomological Laboratory and Collection;Instituto de Ciencias del Mar y Limnología, UNAM;pp;"";""
10.5281/zenodo.10888833;Palacký University, Olomouc;Palacký University, Olomouc;;p;"";""
10.6084/m9.figshare.c.7649648.v1;University Hospital Brno;University Hospital Brno;Masaryk University;p;"";""
10.5285/3b077711-f183-42f1-bac6-c892922c81f4;CULS;Czech University of Life Sciences Prague;University of Natural Resources and Life Sciences, Vienna (BOKU);p;"";""
10.15468/hv3p8a;CRI;Crop Research Institute;Centre for Ecological Research;p;"";""
10.5281/zenodo.14295543;VFN;General University Hospital in Prague;International Clinical Research Center, Faculty of Medicine, Masaryk University, Brno, Czech Republic.;pp;p;""
10.6084/m9.figshare.c.6830133.v1;CEITEC ;Central European Institute of Technology;Charles University;p;"";""
10.6084/m9.figshare.c.5923208.v1;CEITEC MU;Central European Institute of Technology – Masaryk University;University of Veterinary Medicine Vienna;p;"";""
10.6084/m9.figshare.c.6683881.v1;FNUSA-ICRC;International Clinical Research Center of St. Anne's University Hospital Brno;Masaryk University;p;"";""
10.5285/3b077711-f183-42f1-bac6-c892922c81f4;CULS;Czech University of Life Sciences Prague;UK Centre for Ecology & Hydrology;p;"";""
10.48580/dgsv8;PELC;P.E.L.C. - Private Entomological Laboratory and Collection;Arizona State University;pp;"";""
10.6084/m9.figshare.c.5837529.v2;CULS;Czech University of Life Sciences Prague;Guangxi University;p;"";""
10.15468/m97sd2;PELC;P.E.L.C. - Private Entomological Laboratory and Collection;;pp;"";""
10.48580/dgs4f;PELC;P.E.L.C. - Private Entomological Laboratory and Collection;Natural History Museum;pp;"";""
10.48580/dgsv8;PELC;P.E.L.C. - Private Entomological Laboratory and Collection;;pp;"";""
10.5281/zenodo.10888833;Palacký University, Olomouc;Palacký University, Olomouc;;p;"";""
10.5281/zenodo.15681034;CULS;Czech University of Life Sciences Prague;Latvian State Forest  Research Institute SILAVA;p;"";""
10.48580/dgtg4;PELC;P.E.L.C. - Private Entomological Laboratory and Collection;Museum and Institute of Zoology, Polish Academy of Sciences;pp;p;""
10.5281/zenodo.4551727;SZU;National Institute of Public Health;SCIENSANO, Belgium;p;"";""
10.48580/dgt98;PELC;P.E.L.C. - Private Entomological Laboratory and Collection;;pp;"";""
10.48580/dgsv8;PELC;P.E.L.C. - Private Entomological Laboratory and Collection;;pp;"";""
10.5281/zenodo.15154499;University Hospital Hradec Králové;University Hospital Hradec Králové;;p;"";""
10.6084/m9.figshare.c.6958017.v1;CEITEC ;Central European Institute of Technology;Masaryk University;p;"";""
10.48580/dgtg4;PELC;P.E.L.C. - Private Entomological Laboratory and Collection;Museu de Zoologia da USP;pp;p;""
10.48580/dgtg4;PELC;P.E.L.C. - Private Entomological Laboratory and Collection;Instituto SINCHI;pp;"";""
10.15468/m97sd2;PELC;P.E.L.C. - Private Entomological Laboratory and Collection;Staatliches Museum für Naturkunde Stuttgart;pp;"";""
10.48580/dgtg4;PELC;P.E.L.C. - Private Entomological Laboratory and Collection;Unidad Multidisciplinaria de Docencia e Investigación Sisal, Facultad de Ciencias, Universidad Nacional Autónoma de México;pp;p;""
10.48580/dgt98;PELC;P.E.L.C. - Private Entomological Laboratory and Collection;;pp;"";""
10.14473/csda/jai5dz;CULS;Czech University of Life Sciences Prague;(Česká zemědělská univerzita);p;"";""
10.48580/dgs4f;PELC;P.E.L.C. - Private Entomological Laboratory and Collection;Natural History Museum, Zoology, University of Oslo;pp;"";""
10.5281/zenodo.15135143;CULS;Czech University of Life Sciences Prague;School of Biological Sciences, University of Utah, 257 S. 1400 E., Salt Lake City, Utah 84112, USA.;p;"";""
10.5281/zenodo.15154499;University Hospital Hradec Králové;University Hospital Hradec Králové;;p;"";""
10.6084/m9.figshare.c.6787807.v1;University Hospital Olomouc;University Hospital Olomouc;German Cancer Research Center;p;"";""
10.48580/dgsv8;PELC;P.E.L.C. - Private Entomological Laboratory and Collection;;pp;"";""
10.6084/m9.figshare.c.7595338.v1;University Hospital Brno;University Hospital Brno;Mendel University in Brno;p;"";""
10.14473/csda/3bqof6;CULS;Czech University of Life Sciences Prague;(Česká zemědělská univerzita);p;"";""
10.48580/dgs4f;PELC;P.E.L.C. - Private Entomological Laboratory and Collection;Universidad Nacional de Colombia;pp;"";""
10.15468/m97sd2;PELC;P.E.L.C. - Private Entomological Laboratory and Collection;;pp;"";""
10.6084/m9.figshare.c.7017686.v1;VFN;General University Hospital in Prague;University of Oslo;pp;"";""
10.57760/sciencedb.j00104.00084;ČVUT;Czech Technical University in Prague;Belmont Forum;p;"";""
10.6084/m9.figshare.c.7232063.v1;University Hospital Hradec Králové;University Hospital Hradec Králové;University of Hradec Králové;p;"";""
10.48580/dgtg4;PELC;P.E.L.C. - Private Entomological Laboratory and Collection;;pp;"";""
10.48580/dgtg4;PELC;P.E.L.C. - Private Entomological Laboratory and Collection;Zoological Institute RAS;pp;"";""
10.6084/m9.figshare.c.7307920.v1;IKEM;Institute of Clinical and Experimental Medicine;Charles University;p;"";""
10.6084/m9.figshare.c.7372004.v1;FNUSA-ICRC;International Clinical Research Center of St. Anne's University Hospital Brno;Brno University of Technology;p;"";""
10.6084/m9.figshare.20484741.v1;Biopticka Laborator (Czechia);Biopticka Laborator (Czechia);Charles University;p;"";""
10.5281/zenodo.10888833;Palacký University, Olomouc;Palacký University, Olomouc;University of Vienna;p;"";""
10.14473/csda/nyxqpt/doo8cb;Institute of Philosophy;Institute of Philosophy;(Tel-Hai College, University of Haifa);pp;"";""
10.48580/dgsv8;PELC;P.E.L.C. - Private Entomological Laboratory and Collection;;pp;"";""
10.5281/zenodo.15866507;FZU;Institute of Physics;Gonville and Caius College, University of Cambridge;p;"";""
10.6084/m9.figshare.c.6585379.v1;University Hospital Brno;University Hospital Brno;Inserm;p;"";""
10.48580/dgtg4;PELC;P.E.L.C. - Private Entomological Laboratory and Collection;Illinois Natural History Survey;pp;"";""
10.6084/m9.figshare.c.7040196.v1;FNUSA-ICRC;International Clinical Research Center of St. Anne's University Hospital Brno;University of Catania;p;"";""
10.6084/m9.figshare.c.6096199.v1;Palacký University, Olomouc;Palacký University, Olomouc;University of California, San Diego;p;"";""
10.6084/m9.figshare.c.6926742.v1;FNUSA-ICRC;International Clinical Research Center of St. Anne's University Hospital Brno;"Cluster of Excellence ""Science of Intelligence""";p;"";""
10.48580/dgt98;PELC;P.E.L.C. - Private Entomological Laboratory and Collection;;pp;"";""
10.15468/m97sd2;PELC;P.E.L.C. - Private Entomological Laboratory and Collection;;pp;"";""
10.48580/dgtg4;PELC;P.E.L.C. - Private Entomological Laboratory and Collection;;pp;"";""
10.48580/dgt98;PELC;P.E.L.C. - Private Entomological Laboratory and Collection;;pp;"";""
10.6084/m9.figshare.c.6787408.v1;University Hospital Ostrava;University Hospital Ostrava;Czech Academy of Sciences;p;"";""
10.6084/m9.figshare.c.7476183.v1;Palacký University, Olomouc;Palacký University, Olomouc;Institute of Biotechnology;p;"";""
10.48580/dgt98;PELC;P.E.L.C. - Private Entomological Laboratory and Collection;;pp;"";""
10.14473/csda/9alxny/mxvqgh;Institute of Philosophy;Institute of Philosophy;(ResWell Research Collaboration, Tel Aviv University, Tel Aviv, Israel);pp;"";""
10.6084/m9.figshare.c.6673724.v4;CULS;Czech University of Life Sciences Prague;;p;"";""
10.6084/m9.figshare.c.6926742.v1;FNUSA-ICRC;International Clinical Research Center of St. Anne's University Hospital Brno;Freie Universität Berlin;p;"";""
10.14278/rodare.2110;FZU;Institute of Physics;;p;"";""
10.5281/zenodo.5711706;CULS;Czech University of Life Sciences Prague;University of València;p;"";""
10.48580/dgtg4;PELC;P.E.L.C. - Private Entomological Laboratory and Collection;California Academy of Sciences;pp;"";""
10.5281/zenodo.10680436;Jan Evangelista Purkyně University in Ústí nad Labem;Jan Evangelista Purkyně University in Ústí nad Labem;Atlantic International Research Centre (AIR Centre);p;"";""
10.48580/dgt98;PELC;P.E.L.C. - Private Entomological Laboratory and Collection;;pp;"";""
10.15468/m97sd2;PELC;P.E.L.C. - Private Entomological Laboratory and Collection;University of Pretoria;pp;p;""
10.48580/dgtg4;PELC;P.E.L.C. - Private Entomological Laboratory and Collection;Asociación Colombiana de Ornitología;pp;"";""
10.6084/m9.figshare.c.6629419.v1;University Hospital in Motol;University Hospital in Motol;University of Ostrava;p;"";""
10.5281/zenodo.10888833;Palacký University, Olomouc;Palacký University, Olomouc;;p;"";""
10.5281/zenodo.10680436;CULS;Czech University of Life Sciences Prague;Institute of Biology/Geobotany and Botanical Garden, Martin Luther University Halle-Wittenberg;p;"";""
10.6084/m9.figshare.20035646.v1;IEB;Institute of Experimental Botany;Rothamsted Research;p;"";""
10.5281/zenodo.15154492;University Hospital Hradec Králové;University Hospital Hradec Králové;;p;"";""
10.6084/m9.figshare.c.7615573.v1;Institute of Parasitology;Institute of Parasitology;Lund University;p;"";""
10.6084/m9.figshare.c.7595338.v1;University Hospital Brno;University Hospital Brno;Veterinary Research Institute;p;"";""
10.48580/dgs4f;PELC;P.E.L.C. - Private Entomological Laboratory and Collection;Community Ecology, Zoological Institute, University of Bern;pp;"";""
10.48580/dgtg4;PELC;P.E.L.C. - Private Entomological Laboratory and Collection;Natural History Museum;pp;"";""
10.48580/dgsv8;PELC;P.E.L.C. - Private Entomological Laboratory and Collection;Muséum National d’Histoire Naturelle;pp;"";""
10.48580/dgs4f;PELC;P.E.L.C. - Private Entomological Laboratory and Collection;;pp;"";""
10.48580/dgs4f;PELC;P.E.L.C. - Private Entomological Laboratory and Collection;;pp;"";""
10.48580/dgt98;PELC;P.E.L.C. - Private Entomological Laboratory and Collection;;pp;"";""
10.48580/dgs4f;PELC;P.E.L.C. - Private Entomological Laboratory and Collection;Western Australian Herbarium;pp;"";""
10.14473/csda/9alxny/edv8qp;Institute of Philosophy;Institute of Philosophy;(Tel-Hai College, University of Haifa);pp;"";""
10.48580/dgt98;PELC;P.E.L.C. - Private Entomological Laboratory and Collection;;pp;"";""
10.6084/m9.figshare.c.6585787.v1;VFN;General University Hospital in Prague;University of California, San Diego;pp;"";""
10.48580/dgs4f;PELC;P.E.L.C. - Private Entomological Laboratory and Collection;;pp;"";""
10.5281/zenodo.15069069;Institute of Experimental Medicine;Institute of Experimental Medicine;Italian Institute for Genomic Medicine (IIGM), c/o IRCCS Candiolo, Italy;p;"";""
10.6084/m9.figshare.c.6585379.v1;University Hospital Brno;University Hospital Brno;Inserm;p;"";""
10.48580/dgtg4;PELC;P.E.L.C. - Private Entomological Laboratory and Collection;University of Athens, Faculty of Biology, Department of Botany;pp;p;""
10.6084/m9.figshare.c.6926742.v1;FNUSA;St. Anne´s University Hospital;Universidade Nova de Lisboa;p;"";""
10.5281/zenodo.15154495;University Hospital Hradec Králové;University Hospital Hradec Králové;;p;"";""
10.15468/m97sd2;PELC;P.E.L.C. - Private Entomological Laboratory and Collection;;pp;"";""
10.6084/m9.figshare.c.7040196.v1;FNUSA;St. Anne´s University Hospital;Celica (Slovenia);p;"";""
10.5281/zenodo.6355618;CULS;Czech University of Life Sciences Prague;Dairy Research Institute Ltd.;p;"";""
10.6084/m9.figshare.c.6787450.v1;CEITEC MU;Central European Institute of Technology – Masaryk University;Medical University of Vienna;p;"";""
10.6084/m9.figshare.c.7828330.v1;CEITEC MU;Central European Institute of Technology – Masaryk University;KU Leuven;p;"";""
10.5281/zenodo.10888833;Palacký University, Olomouc;Palacký University, Olomouc;;p;"";""
10.48580/dgsv8;PELC;P.E.L.C. - Private Entomological Laboratory and Collection;Lyon College;pp;"";""
10.48580/dgs4f;PELC;P.E.L.C. - Private Entomological Laboratory and Collection;Instituto de Biología, UNAM;pp;"";""
10.48580/dgtg4;PELC;P.E.L.C. - Private Entomological Laboratory and Collection;The New Zealand Institute for Plant & Food Research Limited;pp;p;""
10.48580/dgtg4;PELC;P.E.L.C. - Private Entomological Laboratory and Collection;Community Ecology, Zoological Institute, University of Bern;pp;"";""
10.5281/zenodo.5711706;CULS;Czech University of Life Sciences Prague;TU Dresden;p;"";""
10.48580/dgtg4;PELC;P.E.L.C. - Private Entomological Laboratory and Collection;Natural History Museum;pp;"";""
10.48580/dgtg4;PELC;P.E.L.C. - Private Entomological Laboratory and Collection;Université de Reims;pp;"";""
10.5281/zenodo.6637599;CULS;Czech University of Life Sciences Prague;University of California Berkeley, Berkeley, CA 94720 USA;p;"";""
10.6084/m9.figshare.c.7149681.v1;VSE;University of Economics Prague;Charles University;p;"";""
10.6084/m9.figshare.c.6615102.v1;VFN;General University Hospital in Prague;Slovak Academy of Sciences;pp;"";""
10.15468/m97sd2;PELC;P.E.L.C. - Private Entomological Laboratory and Collection;University of Copenhagen;pp;p;""
10.6084/m9.figshare.c.6060395.v2;UPA;University of Pardubice;;p;"";""
10.48580/dgtg4;PELC;P.E.L.C. - Private Entomological Laboratory and Collection;Systematic Entomology Laboratory, US Department of Agriculture;pp;p;""
10.6084/m9.figshare.c.7880704.v1;VFN;General University Hospital in Prague;Lund University;pp;"";""
10.6084/m9.figshare.c.5923208.v1;CEITEC MU;Central European Institute of Technology – Masaryk University;University of Veterinary Medicine Vienna;p;"";""
10.6084/m9.figshare.c.6787807.v1;Palacký University, Olomouc;Palacký University, Olomouc;University of Warsaw;p;"";""
10.5281/zenodo.5711706;CULS;Czech University of Life Sciences Prague;Mendel University;p;"";""
10.6084/m9.figshare.c.5923208.v1;CEITEC ;Central European Institute of Technology;Medical University of Vienna;p;"";""
10.6084/m9.figshare.c.6787807.v1;Palacký University, Olomouc;Palacký University, Olomouc;Lithuanian University of Health Sciences;p;"";""
10.6084/m9.figshare.c.7206675.v1;Palacký University, Olomouc;Palacký University, Olomouc;Charles University;p;"";""
10.6084/m9.figshare.19586875.v1;ČVUT;Czech Technical University in Prague;Institute of Molecular Genetics;p;"";""
10.15468/m97sd2;PELC;P.E.L.C. - Private Entomological Laboratory and Collection;;pp;"";""
10.6084/m9.figshare.c.6317439.v1;VSE;University of Economics Prague;Babeș-Bolyai University;p;"";""
10.48580/dgtg4;PELC;P.E.L.C. - Private Entomological Laboratory and Collection;;pp;"";""
10.48580/dgs4f;PELC;P.E.L.C. - Private Entomological Laboratory and Collection;;pp;"";""
10.48580/dgt98;PELC;P.E.L.C. - Private Entomological Laboratory and Collection;;pp;"";""
10.48580/dgtg4;PELC;P.E.L.C. - Private Entomological Laboratory and Collection;Departamento de Invertebrados, Universidade Federal do Rio de Janeiro;pp;p;""
10.48580/dgs4f;PELC;P.E.L.C. - Private Entomological Laboratory and Collection;;pp;"";""
10.48580/dgtg4;PELC;P.E.L.C. - Private Entomological Laboratory and Collection;Centre for Ecology & Hydrology;pp;"";""
10.5281/zenodo.10888833;Palacký University, Olomouc;Palacký University, Olomouc;;p;"";""
10.48580/dgtg4;PELC;P.E.L.C. - Private Entomological Laboratory and Collection;Bavarian State Collection for Paleontology and Geology;pp;p;""
10.5281/zenodo.15138024;CRI;Crop Research Institute;Rudolfstetten, Switzerland;p;"";""
10.48580/dgs4f;PELC;P.E.L.C. - Private Entomological Laboratory and Collection;;pp;"";""
10.15468/m97sd2;PELC;P.E.L.C. - Private Entomological Laboratory and Collection;;pp;"";""
10.48580/dgtg4;PELC;P.E.L.C. - Private Entomological Laboratory and Collection;Monte L. Bean Life Science Museum, Brigham Young University;pp;"";""
10.48580/dgtg4;PELC;P.E.L.C. - Private Entomological Laboratory and Collection;;pp;"";""
10.48580/dgt98;PELC;P.E.L.C. - Private Entomological Laboratory and Collection;;pp;"";""
10.48580/dgsv8;PELC;P.E.L.C. - Private Entomological Laboratory and Collection;;pp;"";""
10.5281/zenodo.6382216;CULS;Czech University of Life Sciences Prague;National Museum of Natural History, Bulgarian Academy of Sciences;p;"";""
10.14473/csda/wbooe4/3ylzfp;Institute of Philosophy;Institute of Philosophy;(Tel Aviv University);pp;"";""
10.6084/m9.figshare.19586881.v1;ČVUT;Czech Technical University in Prague;Institute of Molecular Genetics;p;"";""
10.5281/zenodo.10680436;CULS;Czech University of Life Sciences Prague;Institute of Biology/Geobotany and Botanical Garden, Martin Luther University Halle-Wittenberg;p;"";""
10.5281/zenodo.15154492;University Hospital Hradec Králové;University Hospital Hradec Králové;;p;"";""
10.6084/m9.figshare.c.6580580.v1;CULS;Czech University of Life Sciences Prague;Czech Academy of Sciences;p;"";""
10.48580/dgt98;PELC;P.E.L.C. - Private Entomological Laboratory and Collection;División Entomología, Museo de La Plata;pp;p;""
10.48580/dgt98;PELC;P.E.L.C. - Private Entomological Laboratory and Collection;;pp;"";""
10.6084/m9.figshare.c.7828330.v1;CEITEC ;Central European Institute of Technology;;p;"";""
10.6084/m9.figshare.c.7264690.v1;CEITEC ;Central European Institute of Technology;Masaryk University;p;"";""
10.6084/m9.figshare.c.7801480.v1;CEITEC MU;Central European Institute of Technology – Masaryk University;University of Vienna;p;"";""
10.5281/zenodo.5711706;CULS;Czech University of Life Sciences Prague;Wageningen University and Research;p;"";""
10.48580/dgtg4;PELC;P.E.L.C. - Private Entomological Laboratory and Collection;;pp;"";""
10.6084/m9.figshare.c.6714654.v1;CULS;Czech University of Life Sciences Prague;Mendel University in Brno;p;"";""
10.15468/m97sd2;PELC;P.E.L.C. - Private Entomological Laboratory and Collection;;pp;"";""
10.6084/m9.figshare.c.7615573.v1;Institute of Parasitology;Institute of Parasitology;Institute of Entomology;p;"";""
10.5281/zenodo.15154499;University Hospital Hradec Králové;University Hospital Hradec Králové;;p;"";""
10.6084/m9.figshare.c.6787408.v1;VFU;University of Veterinary and Pharmaceutical Sciences;Czech Academy of Sciences;p;"";""
10.5281/zenodo.14295543;UPMD;Ústav pro péči o matku a dítě;International Clinical Research Center, Faculty of Medicine, Masaryk University, Brno, Czech Republic.;pp;p;""
10.48580/dgtg4;PELC;P.E.L.C. - Private Entomological Laboratory and Collection;;pp;"";""
10.6084/m9.figshare.c.7079010.v1;VFN;General University Hospital in Prague;Institute of Molecular Genetics;pp;"";""
10.5281/zenodo.6355618;CULS;Czech University of Life Sciences Prague;Dairy Research Institute Ltd.;p;"";""
10.6084/m9.figshare.19470467.v1;CEITEC ;Central European Institute of Technology;Medical University of Vienna;p;"";""
10.15468/m97sd2;PELC;P.E.L.C. - Private Entomological Laboratory and Collection;;pp;"";""
10.6084/m9.figshare.c.7953063.v1;FNUSA;St. Anne´s University Hospital;;p;"";""
10.6084/m9.figshare.c.7149681.v1;Palacký University, Olomouc;Palacký University, Olomouc;Charles University;p;"";""
10.48580/dgtg4;PELC;P.E.L.C. - Private Entomological Laboratory and Collection;;pp;"";""
10.6084/m9.figshare.19470467.v1;CEITEC ;Central European Institute of Technology;Medical University of Vienna;p;"";""
10.15468/m97sd2;PELC;P.E.L.C. - Private Entomological Laboratory and Collection;;pp;"";""
10.6084/m9.figshare.c.7885117.v1;Palacký University, Olomouc;Palacký University, Olomouc;Helmholtz-Zentrum Dresden-Rossendorf;p;"";""
10.48580/dgtg4;PELC;P.E.L.C. - Private Entomological Laboratory and Collection;;pp;"";""
10.6084/m9.figshare.c.7740082.v1;FNUSA;St. Anne´s University Hospital;Western University;p;"";""
10.48580/dgs4f;PELC;P.E.L.C. - Private Entomological Laboratory and Collection;Senckenberg Deutsches Entomologisches Institut / Butterfly Conservation Europe (BCE);pp;p;""
10.6084/m9.figshare.c.6629419.v1;Fakultní Nemocnice Plzeň;Fakultní Nemocnice Plzeň;University of Ostrava;p;"";""
10.48580/dgtg4;PELC;P.E.L.C. - Private Entomological Laboratory and Collection;NatureServe Canada;pp;"";""
10.5281/zenodo.4551727;SZU;National Institute of Public Health;National Veterinary Institute, Swedish Zoonosis Centre, Sweden;p;"";""
10.5281/zenodo.13884524;CEITEC ;Central European Institute of Technology;Faculty of Chemistry and Chemical Technology, University of Ljubljana;p;"";""
10.5285/3b077711-f183-42f1-bac6-c892922c81f4;CULS;Czech University of Life Sciences Prague;Université Tunis El Manar;p;"";""
10.6084/m9.figshare.c.7801480.v1;CEITEC ;Central European Institute of Technology;Medical University of Vienna;p;"";""
10.48580/dgt98;PELC;P.E.L.C. - Private Entomological Laboratory and Collection;;pp;"";""
10.6084/m9.figshare.c.5931041.v1;CULS;Czech University of Life Sciences Prague;Institute of Botany;p;"";""
10.6084/m9.figshare.c.6319614.v1;ČVUT;Czech Technical University in Prague;Charles University;p;"";""
10.6084/m9.figshare.c.6146679.v1;Biopticka Laborator (Czechia);Biopticka Laborator (Czechia);German Cancer Research Center;p;"";""
10.6084/m9.figshare.c.6958017.v1;CEITEC MU;Central European Institute of Technology – Masaryk University;Masaryk University;p;"";""
10.57760/sciencedb.j00104.00084;ČVUT;Czech Technical University in Prague;University of Glasgow;p;"";""
10.48580/dgs4f;PELC;P.E.L.C. - Private Entomological Laboratory and Collection;;pp;"";""
10.5281/zenodo.15135155;CULS;Czech University of Life Sciences Prague;School of Biological Sciences, University of Utah, 257 S. 1400 E., Salt Lake City, Utah 84112, USA.;p;"";""
10.48580/dgt98;PELC;P.E.L.C. - Private Entomological Laboratory and Collection;;pp;"";""
10.48580/dgtg4;PELC;P.E.L.C. - Private Entomological Laboratory and Collection;DanBIF, Natural History Museum of Denmark;pp;"";""
10.48580/dgt98;PELC;P.E.L.C. - Private Entomological Laboratory and Collection;The Natural History Museum;pp;"";""
10.48580/dgs4f;PELC;P.E.L.C. - Private Entomological Laboratory and Collection;;pp;"";""
10.48580/dgtg4;PELC;P.E.L.C. - Private Entomological Laboratory and Collection;;pp;"";""
10.15468/m97sd2;PELC;P.E.L.C. - Private Entomological Laboratory and Collection;Universidade Federal do Rio de Janeiro;pp;"";""
10.6084/m9.figshare.c.6306286.v1;Palacký University, Olomouc;Palacký University, Olomouc;University of Amsterdam;p;"";""
10.6084/m9.figshare.c.6787450.v1;CEITEC ;Central European Institute of Technology;University of Veterinary Medicine Vienna;p;"";""
10.48580/dgtg4;PELC;P.E.L.C. - Private Entomological Laboratory and Collection;;pp;"";""
10.15785/sbgrid/956;ČVUT;Czech Technical University in Prague;Institute of Biotechnology of the Czech Academy of Sciences;p;"";""
10.6084/m9.figshare.19915375.v1;CULS;Czech University of Life Sciences Prague;Université Libre de Bruxelles;p;"";""
10.48580/dgtg4;PELC;P.E.L.C. - Private Entomological Laboratory and Collection;;pp;"";""
10.15454/8uia76;CULS;Czech University of Life Sciences Prague;(INRAE);p;"";""
10.48580/dgt98;PELC;P.E.L.C. - Private Entomological Laboratory and Collection;;pp;"";""
10.6084/m9.figshare.c.6982167.v1;University Hospital Brno;University Hospital Brno;;p;"";""
10.6084/m9.figshare.20484741.v1;Biopticka Laborator (Czechia);Biopticka Laborator (Czechia);Charles University;p;"";""
10.6084/m9.figshare.c.7206675.v1;CULS;Czech University of Life Sciences Prague;Masaryk University;p;"";""
10.14473/csda/9alxny/rm7gk2;Institute of Philosophy;Institute of Philosophy;(Tel Aviv University);pp;"";""
10.5281/zenodo.13897824;Palacký University, Olomouc;Palacký University, Olomouc;University of Oxford;p;"";""
10.6084/m9.figshare.24131367.v2;Palacký University, Olomouc;Palacký University, Olomouc;;p;"";""
10.5281/zenodo.10680436;Jan Evangelista Purkyně University in Ústí nad Labem;Jan Evangelista Purkyně University in Ústí nad Labem;Re:wild;p;"";""
10.48580/dgs4f;PELC;P.E.L.C. - Private Entomological Laboratory and Collection;;pp;"";""
10.48580/dgt98;PELC;P.E.L.C. - Private Entomological Laboratory and Collection;;pp;"";""
10.6084/m9.figshare.c.7226433.v1;Palacký University, Olomouc;Palacký University, Olomouc;Rothamsted Research;p;"";""
10.5281/zenodo.14017853;CULS;Czech University of Life Sciences Prague;Swedish University of Agricultural Sciences;p;"";""
10.6084/m9.figshare.c.7640687.v1;VFN;General University Hospital in Prague;Institute of Haematology and Blood Transfusion;pp;"";""
10.6084/m9.figshare.c.7079010.v1;VFN;General University Hospital in Prague;;pp;"";""
10.48580/dgt98;PELC;P.E.L.C. - Private Entomological Laboratory and Collection;;pp;"";""
10.6084/m9.figshare.c.6585379.v1;University Hospital Brno;University Hospital Brno;Bærum Sykehus;p;"";""
10.5281/zenodo.11454277;CULS;Czech University of Life Sciences Prague;Freiburg University, Freiburg, Germany;p;"";""
10.6084/m9.figshare.c.6184902.v1;IPVZ;Institute for Postgraduate Medical Education;Nemocnice Na Bulovce;p;"";""
10.48580/dgsv8;PELC;P.E.L.C. - Private Entomological Laboratory and Collection;;pp;"";""
10.48580/dgtg4;PELC;P.E.L.C. - Private Entomological Laboratory and Collection;Smithsonian Institution;pp;"";""
10.6084/m9.figshare.c.6184902.v1;IPVZ;Institute for Postgraduate Medical Education;Charles University;p;"";""
10.6084/m9.figshare.c.7215790.v1;CULS;Czech University of Life Sciences Prague;Guizhou Minzu University;p;"";""
10.6084/m9.figshare.c.7591224.v1;CULS;Czech University of Life Sciences Prague;Queen Mary University of London;p;"";""
10.48580/dgtg4;PELC;P.E.L.C. - Private Entomological Laboratory and Collection;;pp;"";""
10.5281/zenodo.15681034;CULS;Czech University of Life Sciences Prague;;p;"";""
10.48580/dgtg4;PELC;P.E.L.C. - Private Entomological Laboratory and Collection;Department of Ecology and Evolution, Rutgers University;pp;p;""
10.5281/zenodo.14051298;ČVUT;Czech Technical University in Prague;University of Chemistry and Technology;p;"";""
10.6084/m9.figshare.19470467.v1;CEITEC ;Central European Institute of Technology;Medical University of Vienna;p;"";""
10.48580/dgs4f;PELC;P.E.L.C. - Private Entomological Laboratory and Collection;;pp;"";""
10.48580/dgs4f;PELC;P.E.L.C. - Private Entomological Laboratory and Collection;;pp;"";""
10.48580/dgtg4;PELC;P.E.L.C. - Private Entomological Laboratory and Collection;Zoological Institute RAS;pp;"";""
10.15468/m97sd2;PELC;P.E.L.C. - Private Entomological Laboratory and Collection;;pp;"";""
10.48580/dgs4f;PELC;P.E.L.C. - Private Entomological Laboratory and Collection;;pp;"";""
10.5281/zenodo.10888833;Palacký University, Olomouc;Palacký University, Olomouc;;p;"";""
10.18419/darus-4117/11;CULS;Czech University of Life Sciences Prague;Czech University of Life Sciences;p;"";""
10.6084/m9.figshare.20484741.v1;Biopticka Laborator (Czechia);Biopticka Laborator (Czechia);Charles University;p;"";""
10.5281/zenodo.7607070;ČVUT;Czech Technical University in Prague;Brno University of Technology;p;"";""
10.6084/m9.figshare.c.7372004.v1;FNUSA;St. Anne´s University Hospital;Masaryk University;p;"";""
10.14473/csda/xydnb6/m4n4kh;CULS;Czech University of Life Sciences Prague;(Česká zemědělská univerzita);p;"";""
10.6084/m9.figshare.c.7149681.v1;VSE;University of Economics Prague;Charles University;p;"";""
10.5281/zenodo.10888833;Palacký University, Olomouc;Palacký University, Olomouc;;p;"";""
10.14278/rodare.1330;NPI;Nuclear Physics Institute;;p;"";""
10.5281/zenodo.7700253;Silesian University in Opava;Silesian University in Opava;Silesian University;p;"";""
10.7910/dvn/vbwuvg;Palacký University, Olomouc;Palacký University, Olomouc;Comenius University;p;"";""
10.6084/m9.figshare.c.7226433.v1;Palacký University, Olomouc;Palacký University, Olomouc;Rothamsted Research;p;"";""
10.6084/m9.figshare.19586869.v1;ČVUT;Czech Technical University in Prague;Institute of Molecular Genetics;p;"";""
10.48580/dgt98;PELC;P.E.L.C. - Private Entomological Laboratory and Collection;;pp;"";""
10.6084/m9.figshare.c.6869925.v1;Palacký University, Olomouc;Palacký University, Olomouc;Mendel University in Brno;p;"";""
10.6084/m9.figshare.c.6958017.v1;CEITEC ;Central European Institute of Technology;Masaryk University;p;"";""
10.48580/dgtg4;PELC;P.E.L.C. - Private Entomological Laboratory and Collection;Entomology, Bavarian State Collection of Zoology;pp;"";""
10.48580/dgtg4;PELC;P.E.L.C. - Private Entomological Laboratory and Collection;;pp;"";""
10.6084/m9.figshare.c.7323343.v1;University Hospital Brno;University Hospital Brno;Medical University of Sofia;p;"";""
10.48580/dgtg4;PELC;P.E.L.C. - Private Entomological Laboratory and Collection;;pp;"";""
10.6084/m9.figshare.c.6582923.v1;CULS;Czech University of Life Sciences Prague;Mendel University in Brno;p;"";""
10.6084/m9.figshare.c.6765736.v1;VFN;General University Hospital in Prague;Charles University;pp;"";""
10.48580/dgtg4;PELC;P.E.L.C. - Private Entomological Laboratory and Collection;Université de Reims;pp;"";""
10.14473/csda/nyxqpt/50ao5q;Institute of Philosophy;Institute of Philosophy;(Faculty of Communication, Vilnius University, Vilnius, Lithuania);pp;"";""
10.48580/dgs4f;PELC;P.E.L.C. - Private Entomological Laboratory and Collection;Institut National de la Recherche Agronomique, UMR ESE, INRA;pp;"";""
10.48580/dgs4f;PELC;P.E.L.C. - Private Entomological Laboratory and Collection;;pp;"";""
10.48580/dgs4f;PELC;P.E.L.C. - Private Entomological Laboratory and Collection;Marine Organism Investigations;pp;"";""
10.15468/m97sd2;PELC;P.E.L.C. - Private Entomological Laboratory and Collection;;pp;"";""
10.48580/dgs4f;PELC;P.E.L.C. - Private Entomological Laboratory and Collection;;pp;"";""
10.48580/dgs4f;PELC;P.E.L.C. - Private Entomological Laboratory and Collection;;pp;"";""
10.6084/m9.figshare.c.6768681.v1;University Hospital Brno;University Hospital Brno;Masaryk University;p;"";""
10.48580/dgs4f;PELC;P.E.L.C. - Private Entomological Laboratory and Collection;;pp;"";""
10.5281/zenodo.10680436;CULS;Czech University of Life Sciences Prague;Hellenic Centre for Marine Research, Institute of Marine Biological Resources and Inland Waters;p;"";""
10.5281/zenodo.10572480;CULS;Czech University of Life Sciences Prague;Amsterdam Institute for Life and Environment (A-LIFE), Vrije Universiteit, Amsterdam, The Netherlands;p;"";""
10.18419/darus-4117/5;CULS;Czech University of Life Sciences Prague;Universität Stuttgart;p;"";""
10.48580/dgt98;PELC;P.E.L.C. - Private Entomological Laboratory and Collection;;pp;"";""
10.6084/m9.figshare.c.6787807.v1;Palacký University, Olomouc;Palacký University, Olomouc;Heidelberg University;p;"";""
10.6084/m9.figshare.c.6917421.v1;CULS;Czech University of Life Sciences Prague;University of Zagreb;p;"";""
10.14473/csda/svu6qa;CULS;Czech University of Life Sciences Prague;(Česká zemědělská univerzita);p;"";""
10.14473/csda/nyxqpt/50ao5q;Institute of Philosophy;Institute of Philosophy;(Vilnius University, Lithuania);pp;"";""
10.6084/m9.figshare.c.7206714.v1;University Hospital Hradec Králové;University Hospital Hradec Králové;Medical University of Vienna;p;"";""
10.6084/m9.figshare.c.7875701.v1;Institute of Parasitology;Institute of Parasitology;Leiden University;p;"";""
10.5281/zenodo.16941590;ČVUT;Czech Technical University in Prague;University of Chemistry and Technology;p;"";""
10.5281/zenodo.15154492;University Hospital Hradec Králové;University Hospital Hradec Králové;;p;"";""
10.6084/m9.figshare.c.6926742.v1;FNUSA;St. Anne´s University Hospital;Federal Institute for Risk Assessment;p;"";""
10.5281/zenodo.4726030;NPI;Nuclear Physics Institute;National Centre for Nuclear Research;p;"";""
10.5281/zenodo.10680436;CULS;Czech University of Life Sciences Prague;University of Twente;p;"";""
10.18419/darus-4117/13;ČVUT;Czech Technical University in Prague;University of Novi Sad;p;"";""
10.48580/dgtg4;PELC;P.E.L.C. - Private Entomological Laboratory and Collection;;pp;"";""
10.48580/dgsv8;PELC;P.E.L.C. - Private Entomological Laboratory and Collection;Canadian National Collection of Insects, Arachnids and Nematodes, Agriculture and Agri-Food Canada;pp;"";""
10.5281/zenodo.8280088;CRI;Crop Research Institute;RGA, Krog, Murska Sobota, Slovenia;p;"";""
10.14473/csda/nyxqpt/50ao5q;Institute of Philosophy;Institute of Philosophy;(Tel Aviv University);pp;"";""
10.15468/m97sd2;PELC;P.E.L.C. - Private Entomological Laboratory and Collection;;pp;"";""
10.6084/m9.figshare.c.6787450.v1;CEITEC MU;Central European Institute of Technology – Masaryk University;Center For Biomarker Research In Medicine;p;"";""
10.48580/dgs4f;PELC;P.E.L.C. - Private Entomological Laboratory and Collection;Zoological Institute RAS;pp;"";""
10.48580/dgtg4;PELC;P.E.L.C. - Private Entomological Laboratory and Collection;Natural History Museum;pp;"";""
10.48580/dgt98;PELC;P.E.L.C. - Private Entomological Laboratory and Collection;Systematic Entomology Laboratory, US Department of Agriculture;pp;p;""
10.48580/dgtg4;PELC;P.E.L.C. - Private Entomological Laboratory and Collection;;pp;"";""
10.6084/m9.figshare.c.5413891.v1;Palacký University, Olomouc;Palacký University, Olomouc;Dana-Farber Cancer Institute;p;"";""
10.6084/m9.figshare.c.7196998.v1;Military University Hospital Prague;Military University Hospital Prague;Charles University;pp;"";""
10.6084/m9.figshare.c.7062853.v1;University Hospital Brno;University Hospital Brno;Masaryk University;p;"";""
10.5281/zenodo.4551727;SZU;National Institute of Public Health;Veterinary Directorate - Ministry of Agriculture, Forestry and Water Management, Serbia;p;"";""
10.5281/zenodo.5139523;ČVUT;Czech Technical University in Prague;Cambridge University Library;p;"";""
10.48580/dgtg4;PELC;P.E.L.C. - Private Entomological Laboratory and Collection;teresa.cunha@ec.europa.eu;pp;p;""
10.48580/dgt98;PELC;P.E.L.C. - Private Entomological Laboratory and Collection;School of Biology, University of Leeds;pp;"";""
10.48580/dgtg4;PELC;P.E.L.C. - Private Entomological Laboratory and Collection;;pp;"";""
10.5281/zenodo.15137990;CRI;Crop Research Institute;Rudolfstetten, Switzerland;p;"";""
10.48580/dgs4f;PELC;P.E.L.C. - Private Entomological Laboratory and Collection;;pp;"";""
10.6084/m9.figshare.c.6585787.v1;VFN;General University Hospital in Prague;Charles University;pp;"";""
10.15468/m97sd2;PELC;P.E.L.C. - Private Entomological Laboratory and Collection;Davao Oriental State University;pp;"";""
10.5281/zenodo.13899026;CEITEC ;Central European Institute of Technology;University of Ljubljana;p;"";""
10.5281/zenodo.7786270;IAP;Institute of Atmospheric Physics;Royal Belgian Institute for Space Aeronomy BIRA–IASB, Brussels, Belgium;pp;p;""
10.6084/m9.figshare.c.7206714.v1;University Hospital Hradec Králové;University Hospital Hradec Králové;Medical University of Vienna;p;"";""
10.6084/m9.figshare.c.7206675.v1;Palacký University, Olomouc;Palacký University, Olomouc;Masaryk University;p;"";""
10.6084/m9.figshare.19470467.v1;CEITEC MU;Central European Institute of Technology – Masaryk University;Medical University of Vienna;p;"";""
10.6084/m9.figshare.c.7945178.v1;IKEM;Institute of Clinical and Experimental Medicine;University of Erlangen-Nuremberg;p;"";""
10.48580/dgtg4;PELC;P.E.L.C. - Private Entomological Laboratory and Collection;;pp;"";""
10.6084/m9.figshare.c.7906234.v1;University Hospital Hradec Králové;University Hospital Hradec Králové;Umeå University;p;"";""
10.5281/zenodo.11109087;Silesian University in Opava;Silesian University in Opava;;p;"";""
10.14473/csda/wbooe4/3ylzfp;Institute of Philosophy;Institute of Philosophy;(Faculty of Communication, Vilnius University, Vilnius, Lithuania);pp;"";""
10.5281/zenodo.16894917;CULS;Czech University of Life Sciences Prague;University of Bonn;p;"";""
10.48580/dgs4f;PELC;P.E.L.C. - Private Entomological Laboratory and Collection;Programa Ecosistemas de Agua Dulce de WWF Colombia;pp;p;""
10.6084/m9.figshare.c.7372004.v1;FNUSA-ICRC;International Clinical Research Center of St. Anne's University Hospital Brno;Masaryk University;p;"";""
10.48580/dgtg4;PELC;P.E.L.C. - Private Entomological Laboratory and Collection;;pp;"";""
10.6084/m9.figshare.c.5449871.v1;University Hospital Brno;University Hospital Brno;University of Bologna;p;"";""
10.14473/csda/nyxqpt/50ao5q;Institute of Philosophy;Institute of Philosophy;(Tel Aviv University);pp;"";""
10.6084/m9.figshare.c.6869925.v1;Palacký University, Olomouc;Palacký University, Olomouc;Mendel University in Brno;p;"";""
10.6084/m9.figshare.20035637.v1;IEB;Institute of Experimental Botany;Rothamsted Research;p;"";""
10.48580/dgsv8;PELC;P.E.L.C. - Private Entomological Laboratory and Collection;;pp;"";""
10.5281/zenodo.15154495;University Hospital Hradec Králové;University Hospital Hradec Králové;;p;"";""
10.6084/m9.figshare.c.7828330.v1;CEITEC MU;Central European Institute of Technology – Masaryk University;University of Tartu;p;"";""
10.5281/zenodo.7390416;SZU;National Institute of Public Health;National Veterinary Institute, Swedish Zoonosis Centre, Sweden;p;"";""
10.6084/m9.figshare.c.7728409.v1;Jan Evangelista Purkyně University in Ústí nad Labem;Jan Evangelista Purkyně University in Ústí nad Labem;Istituto Giannina Gaslini;p;"";""
10.6084/m9.figshare.c.7049258.v1;Biopticka Laborator (Czechia);Biopticka Laborator (Czechia);Charles University;p;"";""
10.6084/m9.figshare.c.7206675.v1;CULS;Czech University of Life Sciences Prague;University of Bari Aldo Moro;p;"";""
10.5281/zenodo.13897824;FZU;Institute of Physics;Universidad Autónoma de Madrid;p;"";""
10.48580/dgtg4;PELC;P.E.L.C. - Private Entomological Laboratory and Collection;Asociación Colombiana de Ornitología;pp;"";""
10.5281/zenodo.7863833;CEITEC ;Central European Institute of Technology;Centro S3, Istituto di Nanoscienze-CNR, 41125 Modena, Italy;p;"";""
10.14473/csda/wbooe4/olkzwn;Institute of Philosophy;Institute of Philosophy;(Vilnius University, Lithuania);pp;"";""
10.6084/m9.figshare.c.7038268.v1;University Hospital Brno;University Hospital Brno;Institute of Haematology and Blood Transfusion;p;"";""
10.6084/m9.figshare.c.7040196.v1;FNUSA-ICRC;International Clinical Research Center of St. Anne's University Hospital Brno;University of Catania;p;"";""
10.6084/m9.figshare.c.7206675.v1;VFU;University of Veterinary and Pharmaceutical Sciences;Czech Academy of Sciences;p;"";""
10.6084/m9.figshare.c.6787450.v1;CEITEC MU;Central European Institute of Technology – Masaryk University;Queen's University Belfast;p;"";""
10.48580/dgs4f;PELC;P.E.L.C. - Private Entomological Laboratory and Collection;Instituto de Ciencias del Mar y Limnología, UNAM;pp;"";""
10.48580/dgsv8;PELC;P.E.L.C. - Private Entomological Laboratory and Collection;Division of Invertebrate Zoology, American Museum of Natural History;pp;"";""
10.15468/m97sd2;PELC;P.E.L.C. - Private Entomological Laboratory and Collection;;pp;"";""
10.6084/m9.figshare.c.6958017.v1;CEITEC ;Central European Institute of Technology;Masaryk University;p;"";""
10.6084/m9.figshare.c.6577006.v1;Jan Evangelista Purkyně University in Ústí nad Labem;Jan Evangelista Purkyně University in Ústí nad Labem;Guy's and St Thomas' NHS Foundation Trust;p;"";""
10.48580/dgsv8;PELC;P.E.L.C. - Private Entomological Laboratory and Collection;Departamento de Zoologia, Instituto de Biologia Roberto de Alcantara Gomes, Universidade do Estado do Rio de Janeiro (UERJ);pp;p;""
10.15468/m97sd2;PELC;P.E.L.C. - Private Entomological Laboratory and Collection;;pp;"";""
10.6084/m9.figshare.c.6792969.v1;VFN;General University Hospital in Prague;University Hospital Brno;pp;p;""
10.48580/dgsv8;PELC;P.E.L.C. - Private Entomological Laboratory and Collection;Beaty Biodiversity Museum, University of British Columbia;pp;"";""
10.48580/dgs4f;PELC;P.E.L.C. - Private Entomological Laboratory and Collection;;pp;"";""
10.5281/zenodo.17083924;CULS;Czech University of Life Sciences Prague;Research Institute for Nature and Forest;p;"";""
10.48580/dgs4f;PELC;P.E.L.C. - Private Entomological Laboratory and Collection;;pp;"";""
10.5281/zenodo.13884524;CEITEC ;Central European Institute of Technology;Faculty of Chemistry and Chemical Technology, University of Ljubljana;p;"";""
10.6084/m9.figshare.c.5931041.v1;CULS;Czech University of Life Sciences Prague;Institute of Botany;p;"";""
10.15468/m97sd2;PELC;P.E.L.C. - Private Entomological Laboratory and Collection;;pp;"";""
10.48580/dgtg4;PELC;P.E.L.C. - Private Entomological Laboratory and Collection;;pp;"";""
10.5281/zenodo.10680436;Jan Evangelista Purkyně University in Ústí nad Labem;Jan Evangelista Purkyně University in Ústí nad Labem;Cavanilles Institute of Biodiversity and Evolutionary Biology, University of Valencia;p;"";""
10.48580/dgsv8;PELC;P.E.L.C. - Private Entomological Laboratory and Collection;;pp;"";""
10.6084/m9.figshare.c.6804718.v1;CEITEC MU;Central European Institute of Technology – Masaryk University;Masaryk University;p;"";""
10.5281/zenodo.7390416;SZU;National Institute of Public Health;Veterinary and Food Board, Estonia;p;"";""
10.48580/dgtg4;PELC;P.E.L.C. - Private Entomological Laboratory and Collection;;pp;"";""
10.15468/m97sd2;PELC;P.E.L.C. - Private Entomological Laboratory and Collection;;pp;"";""
10.57760/sciencedb.ecodb.00170;CULS;Czech University of Life Sciences Prague;Western Sydney University;p;"";""
10.6084/m9.figshare.c.6580484.v1;CULS;Czech University of Life Sciences Prague;;p;"";""
10.48580/dgs4f;PELC;P.E.L.C. - Private Entomological Laboratory and Collection;Institut National de la Recherche Agronomique, Zoologie Forestière, Centre de recherche d’Orléans;pp;"";""
10.6084/m9.figshare.c.6592046.v1;FNUSA;St. Anne´s University Hospital;Masaryk University;p;"";""
10.5281/zenodo.7377045;ČVUT;Czech Technical University in Prague;Lund University;p;"";""
10.48580/dgs4f;PELC;P.E.L.C. - Private Entomological Laboratory and Collection;Agricultural Research Council;pp;"";""
10.6084/m9.figshare.c.7740082.v1;FNUSA;St. Anne´s University Hospital;Western University;p;"";""
10.48580/dgt98;PELC;P.E.L.C. - Private Entomological Laboratory and Collection;;pp;"";""
10.15468/m97sd2;PELC;P.E.L.C. - Private Entomological Laboratory and Collection;Agricultural Research Organization;pp;"";""
10.5281/zenodo.10855219;Palacký University, Olomouc;Palacký University, Olomouc;University of Warsaw;p;"";""
10.6084/m9.figshare.c.7828330.v1;CEITEC MU;Central European Institute of Technology – Masaryk University;;p;"";""
10.48580/dgtg4;PELC;P.E.L.C. - Private Entomological Laboratory and Collection;;pp;"";""
10.6084/m9.figshare.c.6146679.v1;Biopticka Laborator (Czechia);Biopticka Laborator (Czechia);Charles University;p;"";""
10.48580/dgs4f;PELC;P.E.L.C. - Private Entomological Laboratory and Collection;CEFAS Weymouth Laboratory;pp;"";""
10.6084/m9.figshare.c.7057817.v1;Palacký University, Olomouc;Palacký University, Olomouc;Medical University of Lodz;p;"";""
10.48580/dgtg4;PELC;P.E.L.C. - Private Entomological Laboratory and Collection;Catalogue of Life;pp;"";""
10.15468/m97sd2;PELC;P.E.L.C. - Private Entomological Laboratory and Collection;Oberostereichisches Landesmuseum;pp;"";""
10.48580/dgsv8;PELC;P.E.L.C. - Private Entomological Laboratory and Collection;Royal Belgian Institute of Natural Sciences;pp;"";""
10.5281/zenodo.13897824;FZU;Institute of Physics;University of Oxford;p;"";""
10.48580/dgs4f;PELC;P.E.L.C. - Private Entomological Laboratory and Collection;;pp;"";""
10.6084/m9.figshare.c.5265220.v1;CRI;Crop Research Institute;University of Ljubljana;p;"";""
10.48580/dgtg4;PELC;P.E.L.C. - Private Entomological Laboratory and Collection;;pp;"";""
10.5281/zenodo.10888833;Palacký University, Olomouc;Palacký University, Olomouc;;p;"";""
10.5281/zenodo.10680436;CULS;Czech University of Life Sciences Prague;Research Institute for Nature and Forest (INBO);p;"";""
10.5281/zenodo.6035345;VFN;General University Hospital in Prague;;pp;"";""
10.15468/vymt96;CULS;Czech University of Life Sciences Prague;University of Silesia;p;"";""
10.48580/dgtg4;PELC;P.E.L.C. - Private Entomological Laboratory and Collection;DanBIF, Natural History Museum of Denmark;pp;"";""
10.5281/zenodo.7360759;Palacký University, Olomouc;Palacký University, Olomouc;Laboratoire CEISAM UMR UN-CNRS 6230, Université de Nantes, Nantes F-44000, France;p;"";""
10.48580/dgs4f;PELC;P.E.L.C. - Private Entomological Laboratory and Collection;;pp;"";""
10.6084/m9.figshare.c.7940448.v1;CULS;Czech University of Life Sciences Prague;University of Life Sciences;p;"";""
10.6084/m9.figshare.c.7885117.v1;University Hospital Olomouc;University Hospital Olomouc;Helmholtz-Zentrum Dresden-Rossendorf;p;"";""
10.6084/m9.figshare.c.6780806.v1;FNUSA-ICRC;International Clinical Research Center of St. Anne's University Hospital Brno;Foundation for Research on Information Technologies in Society;p;"";""
10.6084/m9.figshare.c.7206714.v1;University Hospital Hradec Králové;University Hospital Hradec Králové;Medical University of Vienna;p;"";""
10.5281/zenodo.15074254;FZU;Institute of Physics;KTH Royal Institute of Technology;p;"";""
10.6084/m9.figshare.c.7158337.v1;Palacký University, Olomouc;Palacký University, Olomouc;Charles University;p;"";""
10.5281/zenodo.10680436;Jan Evangelista Purkyně University in Ústí nad Labem;Jan Evangelista Purkyně University in Ústí nad Labem;Stitching Deltares;p;"";""
10.6084/m9.figshare.c.7040196.v1;FNUSA-ICRC;International Clinical Research Center of St. Anne's University Hospital Brno;Celica (Slovenia);p;"";""
10.60534/46qra-6bw98;Center for Advanced Preclinical Imaging (CAPI);Center for Advanced Preclinical Imaging (CAPI);"University of Warwick, Life Sciences;University of Cambridge, Plant Sciences";pp;p;""
10.48580/dgtg4;PELC;P.E.L.C. - Private Entomological Laboratory and Collection;Charles Darwin University;pp;"";""
10.6084/m9.figshare.c.6579182.v1;University Hospital in Motol;University Hospital in Motol;Karolinska Institute;p;"";""
10.6084/m9.figshare.c.6184902.v1;IPVZ;Institute for Postgraduate Medical Education;Krajská Nemocnice Liberec;p;"";""
10.18419/darus-4117/14;CULS;Czech University of Life Sciences Prague;Czech University of Life Sciences;p;"";""
10.6084/m9.figshare.c.7880704.v1;VFN;General University Hospital in Prague;Wellington Hospital;pp;p;""
10.5281/zenodo.10680436;Jan Evangelista Purkyně University in Ústí nad Labem;Jan Evangelista Purkyně University in Ústí nad Labem;Ovidius University of Constanta;p;"";""
10.48580/dgs4f;PELC;P.E.L.C. - Private Entomological Laboratory and Collection;REFLORA Program;pp;p;""
10.6084/m9.figshare.c.6271279.v1;University Hospital Brno;University Hospital Brno;Masaryk University;p;"";""
10.6084/m9.figshare.c.6317439.v1;VSE;University of Economics Prague;Mzumbe University;p;"";""
10.48580/dgs4f;PELC;P.E.L.C. - Private Entomological Laboratory and Collection;Department of Forest Science, Oregon State Universit;pp;p;""
10.6084/m9.figshare.c.6787450.v1;CEITEC MU;Central European Institute of Technology – Masaryk University;Munich Leukemia Laboratory (Germany);p;"";""
10.5281/zenodo.10888833;Palacký University, Olomouc;Palacký University, Olomouc;Universitetet i Oslo;p;"";""
10.5281/zenodo.8375552;CULS;Czech University of Life Sciences Prague;Natural Resources Institute Finland (Luke);p;"";""
10.15468/m97sd2;PELC;P.E.L.C. - Private Entomological Laboratory and Collection;;pp;"";""
10.5281/zenodo.17083924;CULS;Czech University of Life Sciences Prague;Czech University of Life Sciences;p;"";""
10.18419/darus-4117/11;ČVUT;Czech Technical University in Prague;Universität Stuttgart;p;"";""
10.5281/zenodo.15866507;FZU;Institute of Physics;University of Cambridge;p;"";""
10.6084/m9.figshare.c.6581221.v1;VFN;General University Hospital in Prague;Masaryk University;pp;"";""
10.6084/m9.figshare.c.7801480.v1;CEITEC MU;Central European Institute of Technology – Masaryk University;Medical University of Vienna;p;"";""
10.48580/dgtg4;PELC;P.E.L.C. - Private Entomological Laboratory and Collection;;pp;"";""
10.6084/m9.figshare.c.7095033.v1;CRI;Crop Research Institute;Tibet University;p;"";""
10.6084/m9.figshare.c.7220407.v1;University Hospital Olomouc;University Hospital Olomouc;Institute of Biotechnology;p;"";""
10.48580/dgs4f;PELC;P.E.L.C. - Private Entomological Laboratory and Collection;;pp;"";""
10.6084/m9.figshare.c.7158337.v1;Palacký University, Olomouc;Palacký University, Olomouc;St George's, University of London;p;"";""
10.48580/dgtg4;PELC;P.E.L.C. - Private Entomological Laboratory and Collection;Universidade de Lisboa, Faculdade de Ciências (DBV – Dep. de Biologia Vegetal), CBA – Centro de Biologia Ambiental;pp;p;""
10.48580/dgt98;PELC;P.E.L.C. - Private Entomological Laboratory and Collection;Western Australian Herbarium;pp;"";""
10.15468/m97sd2;PELC;P.E.L.C. - Private Entomological Laboratory and Collection;;pp;"";""
10.48580/dgs4f;PELC;P.E.L.C. - Private Entomological Laboratory and Collection;UC Berkeley;pp;"";""
10.6084/m9.figshare.c.6319614.v1;IKEM;Institute of Clinical and Experimental Medicine;Charles University;p;"";""
10.5281/zenodo.15064532;CULS;Czech University of Life Sciences Prague;University of Turin;p;"";""
10.6084/m9.figshare.c.5923208.v1;CEITEC ;Central European Institute of Technology;Medical University of Vienna;p;"";""
10.48580/dgs4f;PELC;P.E.L.C. - Private Entomological Laboratory and Collection;Institut National de la Recherche Agronomique, Zoologie Forestière, Centre de recherche d’Orléans;pp;"";""
10.5281/zenodo.10888833;Palacký University, Olomouc;Palacký University, Olomouc;;p;"";""
10.48580/dgt98;PELC;P.E.L.C. - Private Entomological Laboratory and Collection;;pp;"";""
10.6084/m9.figshare.c.7232058.v1;VFN;General University Hospital in Prague;University of Oslo;pp;"";""
10.6084/m9.figshare.c.6787807.v1;Palacký University, Olomouc;Palacký University, Olomouc;Casa Sollievo della Sofferenza;p;"";""
10.6084/m9.figshare.c.6780806.v1;FNUSA-ICRC;International Clinical Research Center of St. Anne's University Hospital Brno;Brno University of Technology;p;"";""
10.5281/zenodo.10572480;CULS;Czech University of Life Sciences Prague;University of Iceland, Life and Environmental Sciences, Sturlugata 2, 102 Reykjavík, Iceland;p;"";""
10.48580/dgt98;PELC;P.E.L.C. - Private Entomological Laboratory and Collection;;pp;"";""
10.5281/zenodo.10680436;CULS;Czech University of Life Sciences Prague;Brockmann Geomatics Sweden AB;p;"";""
10.15468/m97sd2;PELC;P.E.L.C. - Private Entomological Laboratory and Collection;;pp;"";""
10.5281/zenodo.14295543;VFN;General University Hospital in Prague;International Clinical Research Center, Faculty of Medicine, Masaryk University, Brno, Czech Republic.;pp;p;""
10.5281/zenodo.13897824;FZU;Institute of Physics;University of Oxford;p;"";""
10.48580/dgs4f;PELC;P.E.L.C. - Private Entomological Laboratory and Collection;;pp;"";""
10.6084/m9.figshare.c.5995626.v1;University Hospital Brno;University Hospital Brno;Goethe University Frankfurt;p;"";""
10.15468/m97sd2;PELC;P.E.L.C. - Private Entomological Laboratory and Collection;;pp;"";""
10.18419/darus-4117/6;CULS;Czech University of Life Sciences Prague;University of Novi Sad;p;"";""
10.48580/dgs4f;PELC;P.E.L.C. - Private Entomological Laboratory and Collection;;pp;"";""
10.6084/m9.figshare.c.7801480.v1;CEITEC MU;Central European Institute of Technology – Masaryk University;University of Veterinary Medicine Vienna;p;"";""
10.6084/m9.figshare.c.6926742.v1;FNUSA-ICRC;International Clinical Research Center of St. Anne's University Hospital Brno;Universidade Nova de Lisboa;p;"";""
10.5281/zenodo.14025746;VFN;General University Hospital in Prague;BIOCEV - Biotechnology and Biomedicine Centre, First Faculty of Medicine, Charles University, Vestec, Czech Republic;pp;p;""
10.48580/dgtg4;PELC;P.E.L.C. - Private Entomological Laboratory and Collection;;pp;"";""
10.6084/m9.figshare.c.7297436.v1;Palacký University, Olomouc;Palacký University, Olomouc;Charles University;p;"";""
10.6084/m9.figshare.c.6317439.v1;VSE;University of Economics Prague;University of Warsaw;p;"";""
10.48580/dgs4f;PELC;P.E.L.C. - Private Entomological Laboratory and Collection;;pp;"";""
10.6084/m9.figshare.c.7196998.v1;University Hospital Hradec Králové;University Hospital Hradec Králové;Charles University;p;"";""
10.5281/zenodo.15154499;University Hospital Hradec Králové;University Hospital Hradec Králové;;p;"";""
10.48580/dgs4f;PELC;P.E.L.C. - Private Entomological Laboratory and Collection;Universidad de Sucre;pp;"";""
10.48580/dgtg4;PELC;P.E.L.C. - Private Entomological Laboratory and Collection;;pp;"";""
10.18434/mds2-3727;FZU;Institute of Physics;National Institute of Standards and Technology;p;"";""
10.15468/m97sd2;PELC;P.E.L.C. - Private Entomological Laboratory and Collection;;pp;"";""
10.15468/m97sd2;PELC;P.E.L.C. - Private Entomological Laboratory and Collection;;pp;"";""
10.15454/8uia76/fxm5yu;CULS;Czech University of Life Sciences Prague;(INRAE);p;"";""
10.15468/m97sd2;PELC;P.E.L.C. - Private Entomological Laboratory and Collection;;pp;"";""
10.6084/m9.figshare.c.6629419.v1;University Hospital Hradec Králové;University Hospital Hradec Králové;Charles University;p;"";""
10.48580/dgt98;PELC;P.E.L.C. - Private Entomological Laboratory and Collection;;pp;"";""
10.6084/m9.figshare.c.6319614.v1;IKEM;Institute of Clinical and Experimental Medicine;Charles University;p;"";""
10.6084/m9.figshare.c.6673724.v4;CULS;Czech University of Life Sciences Prague;;p;"";""
10.48580/dgs4f;PELC;P.E.L.C. - Private Entomological Laboratory and Collection;National Germplasm Resources Laboratory (NGRL);pp;p;""
10.5281/zenodo.15681034;CULS;Czech University of Life Sciences Prague;;p;"";""
10.6084/m9.figshare.c.7953063.v1;FNUSA;St. Anne´s University Hospital;Masaryk University;p;"";""
10.5281/zenodo.15656568;ČVUT;Czech Technical University in Prague;University of Chemistry and Technology;p;"";""
10.5281/zenodo.10680436;CULS;Czech University of Life Sciences Prague;Institute of Marine Biological Resources and Inland Waters, Hellenic Centre for Marine Research;p;"";""
10.15468/qnrsen;CULS;Czech University of Life Sciences Prague;Czech University of Life Sciences;p;"";""
10.48580/dgtg4;PELC;P.E.L.C. - Private Entomological Laboratory and Collection;;pp;"";""
10.5281/zenodo.15156898;CULS;Czech University of Life Sciences Prague;School of Biological Sciences, University of Utah, 257 S. 1400 E., Salt Lake City, Utah, 84112, USA.;p;"";""
10.48580/dgs4f;PELC;P.E.L.C. - Private Entomological Laboratory and Collection;GBIF;pp;"";""
10.6084/m9.figshare.c.6982167.v1;University Hospital Brno;University Hospital Brno;Masaryk University;p;"";""
10.5281/zenodo.15064532;CULS;Czech University of Life Sciences Prague;;p;"";""
10.6084/m9.figshare.c.7307956.v1;Fakultní Nemocnice Plzeň;Fakultní Nemocnice Plzeň;Charles University;p;"";""
10.48580/dgsv8;PELC;P.E.L.C. - Private Entomological Laboratory and Collection;University of Illinois;pp;"";""
10.48580/dgsv8;PELC;P.E.L.C. - Private Entomological Laboratory and Collection;;pp;"";""
10.6084/m9.figshare.c.7658291.v1;University Hospital Brno;University Hospital Brno;Masaryk University;p;"";""
10.5281/zenodo.10888833;Palacký University, Olomouc;Palacký University, Olomouc;Vrije Universiteit Amsterdam;p;"";""
10.6084/m9.figshare.c.7040196.v1;FNUSA;St. Anne´s University Hospital;University of Catania;p;"";""
10.6084/m9.figshare.c.6629419.v1;Hospital Jihlava;Hospital Jihlava;Krajská Zdravotní;p;"";""
10.48580/dgtg4;PELC;P.E.L.C. - Private Entomological Laboratory and Collection;;pp;"";""
10.5281/zenodo.16942982;VFN;General University Hospital in Prague;DBM Bioinformatics Core Facility, Swiss Institute of Bioinformatics, Switzerland;pp;"";""
10.5281/zenodo.6289588;FZU;Institute of Physics;University of Limerick;p;"";""
10.48580/dgtg4;PELC;P.E.L.C. - Private Entomological Laboratory and Collection;;pp;"";""
10.48580/dgsv8;PELC;P.E.L.C. - Private Entomological Laboratory and Collection;;pp;"";""
10.5281/zenodo.10680436;Jan Evangelista Purkyně University in Ústí nad Labem;Jan Evangelista Purkyně University in Ústí nad Labem;Instituto de Investigaciones Marinas (IIM), CSIC;p;"";""
10.15468/t53vdw;Palacký University, Olomouc;Palacký University, Olomouc;Charles University;p;"";""
10.5281/zenodo.15069069;Institute of Experimental Medicine;Institute of Experimental Medicine;Gustave Roussy, Villejuif, France;p;"";""
10.6084/m9.figshare.c.7158337.v1;Palacký University, Olomouc;Palacký University, Olomouc;Charles University;p;"";""
10.48580/dgsv8;PELC;P.E.L.C. - Private Entomological Laboratory and Collection;;pp;"";""
10.48580/dgs4f;PELC;P.E.L.C. - Private Entomological Laboratory and Collection;;pp;"";""
10.15468/m97sd2;PELC;P.E.L.C. - Private Entomological Laboratory and Collection;;pp;"";""
10.6084/m9.figshare.c.6198401.v1;University Hospital in Motol;University Hospital in Motol;Federal Almazov North-West Medical Research Centre;p;"";""
10.6084/m9.figshare.c.7649648.v1;CEITEC MU;Central European Institute of Technology – Masaryk University;Masaryk University;p;"";""
10.48580/dgtg4;PELC;P.E.L.C. - Private Entomological Laboratory and Collection;Vienna University;pp;"";""
10.5281/zenodo.10888833;Palacký University, Olomouc;Palacký University, Olomouc;;p;"";""
10.18419/darus-4117/8;ČVUT;Czech Technical University in Prague;Coll Coll;p;"";""
10.60534/46qra-6bw98;Center for Advanced Preclinical Imaging (CAPI);Center for Advanced Preclinical Imaging (CAPI);Heinrich Heine Univeryity, Düsseldorf;pp;"";""
10.14473/csda/nyxqpt/o1kp75;Institute of Philosophy;Institute of Philosophy;(ResWell Research Collaboration, Tel Aviv University, Tel Aviv, Israel);pp;"";""
10.15468/m97sd2;PELC;P.E.L.C. - Private Entomological Laboratory and Collection;Royal Belgian Institute of Natural Sciences (RBINS);pp;"";""
10.6084/m9.figshare.c.7221971.v1;Palacký University, Olomouc;Palacký University, Olomouc;Institute of Biotechnology;p;"";""
10.5281/zenodo.15154492;University Hospital Hradec Králové;University Hospital Hradec Králové;;p;"";""
10.48580/dgtg4;PELC;P.E.L.C. - Private Entomological Laboratory and Collection;;pp;"";""
10.48580/dgsv8;PELC;P.E.L.C. - Private Entomological Laboratory and Collection;;pp;"";""
10.6084/m9.figshare.c.6699355.v1;Palacký University, Olomouc;Palacký University, Olomouc;University of South Australia;p;"";""
10.6084/m9.figshare.c.6629419.v1;University Hospital Hradec Králové;University Hospital Hradec Králové;Masaryk University;p;"";""
10.48580/dgtg4;PELC;P.E.L.C. - Private Entomological Laboratory and Collection;Vlaams Instituut voor de Zee;pp;"";""
10.6084/m9.figshare.c.6870567.v1;University Hospital in Motol;University Hospital in Motol;University of Southern Denmark;p;"";""
10.15468/m97sd2;PELC;P.E.L.C. - Private Entomological Laboratory and Collection;University of Oslo;pp;"";""
10.5281/zenodo.15069069;IKEM;Institute of Clinical and Experimental Medicine;Italian Institute for Genomic Medicine (IIGM), c/o IRCCS Candiolo, Italy;p;"";""
10.48580/dgs4f;PELC;P.E.L.C. - Private Entomological Laboratory and Collection;Systematic Entomology Laboratory, US Department of Agriculture;pp;p;""
10.15468/m97sd2;PELC;P.E.L.C. - Private Entomological Laboratory and Collection;;pp;"";""
10.6084/m9.figshare.c.6629419.v1;Fakultní Nemocnice Plzeň;Fakultní Nemocnice Plzeň;;p;"";""
10.48580/dgsv8;PELC;P.E.L.C. - Private Entomological Laboratory and Collection;;pp;"";""
10.48580/dgsv8;PELC;P.E.L.C. - Private Entomological Laboratory and Collection;;pp;"";""
10.48580/dgtg4;PELC;P.E.L.C. - Private Entomological Laboratory and Collection;Northern Ontario Plant Database;pp;p;""
10.6084/m9.figshare.c.6683881.v1;FNUSA-ICRC;International Clinical Research Center of St. Anne's University Hospital Brno;Masaryk Memorial Cancer Institute;p;"";""
10.15468/m97sd2;PELC;P.E.L.C. - Private Entomological Laboratory and Collection;Drexel University;pp;"";""
10.6084/m9.figshare.c.7732283.v1;FNUSA;St. Anne´s University Hospital;Brno University of Technology;p;"";""
10.6084/m9.figshare.c.5923208.v1;CEITEC ;Central European Institute of Technology;Medical University of Vienna;p;"";""
10.6084/m9.figshare.c.7649648.v1;FNUSA-ICRC;International Clinical Research Center of St. Anne's University Hospital Brno;Masaryk Memorial Cancer Institute;p;"";""
10.6084/m9.figshare.c.6853696.v1;CULS;Czech University of Life Sciences Prague;Czech Academy of Sciences;p;"";""
10.6084/m9.figshare.c.6018502.v1;CULS;Czech University of Life Sciences Prague;Okinawa Institute of Science and Technology;p;"";""
10.48580/dgsv8;PELC;P.E.L.C. - Private Entomological Laboratory and Collection;;pp;"";""
10.48580/dgtg4;PELC;P.E.L.C. - Private Entomological Laboratory and Collection;;pp;"";""
10.6084/m9.figshare.c.7823284.v1;Palacký University, Olomouc;Palacký University, Olomouc;Deakin University;p;"";""
10.6084/m9.figshare.c.7196998.v1;University Hospital Hradec Králové;University Hospital Hradec Králové;University of Hradec Králové;p;"";""
10.48580/dgt98;PELC;P.E.L.C. - Private Entomological Laboratory and Collection;;pp;"";""
10.48580/dgs4f;PELC;P.E.L.C. - Private Entomological Laboratory and Collection;;pp;"";""
10.6084/m9.figshare.c.6585787.v1;VFN;General University Hospital in Prague;Charles University;pp;"";""
10.6084/m9.figshare.c.6629419.v1;Hospital Jihlava;Hospital Jihlava;;p;"";""
10.6084/m9.figshare.c.6018502.v1;CULS;Czech University of Life Sciences Prague;Okinawa Institute of Science and Technology;p;"";""
10.48580/dgs4f;PELC;P.E.L.C. - Private Entomological Laboratory and Collection;;pp;"";""
10.6084/m9.figshare.c.7880704.v1;VFN;General University Hospital in Prague;Lund University;pp;"";""
10.6084/m9.figshare.20035634.v1;IEB;Institute of Experimental Botany;Rothamsted Research;p;"";""
10.48580/dgt98;PELC;P.E.L.C. - Private Entomological Laboratory and Collection;;pp;"";""
10.6084/m9.figshare.c.6787807.v1;Palacký University, Olomouc;Palacký University, Olomouc;Charles University;p;"";""
10.15468/m97sd2;PELC;P.E.L.C. - Private Entomological Laboratory and Collection;;pp;"";""
10.6084/m9.figshare.c.6577337.v1;University Hospital Ostrava;University Hospital Ostrava;Children's Memorial Health Institute;p;"";""
10.15468/m97sd2;PELC;P.E.L.C. - Private Entomological Laboratory and Collection;Staatliches Museum für Naturkunde Stuttgart;pp;"";""
10.48580/dgtg4;PELC;P.E.L.C. - Private Entomological Laboratory and Collection;;pp;"";""
10.48580/dgtg4;PELC;P.E.L.C. - Private Entomological Laboratory and Collection;Dipartimento di Biologia, Università di Trieste;pp;p;""
10.6084/m9.figshare.c.6770757.v1;CULS;Czech University of Life Sciences Prague;Mendel University in Brno;p;"";""
10.6084/m9.figshare.c.7801480.v1;CEITEC ;Central European Institute of Technology;Medical University of Vienna;p;"";""
10.48580/dgt98;PELC;P.E.L.C. - Private Entomological Laboratory and Collection;Biodiversity Knowledge Integration Center, Arizona State University;pp;"";""
10.5281/zenodo.4551727;SZU;National Institute of Public Health;Food and Veterinary Agency, North Macedonia;p;"";""
10.6084/m9.figshare.c.6830133.v1;CEITEC ;Central European Institute of Technology;University of Ostrava;p;"";""
10.48580/dgs4f;PELC;P.E.L.C. - Private Entomological Laboratory and Collection;UMR, INRA/ENESAD/UB, Biologie et Gestion des Adventices;pp;"";""
10.5285/3b077711-f183-42f1-bac6-c892922c81f4;CULS;Czech University of Life Sciences Prague;Stellenbosch University;p;"";""
10.15468/m97sd2;PELC;P.E.L.C. - Private Entomological Laboratory and Collection;;pp;"";""
10.5281/zenodo.7332572;CULS;Czech University of Life Sciences Prague;Czech University of Life Sciences;p;"";""
10.5281/zenodo.5711706;CULS;Czech University of Life Sciences Prague;University of Helsinki;p;"";""
10.48580/dgtg4;PELC;P.E.L.C. - Private Entomological Laboratory and Collection;;pp;"";""
10.5281/zenodo.5711706;CULS;Czech University of Life Sciences Prague;University Freiburg;p;"";""
10.5281/zenodo.17083924;CULS;Czech University of Life Sciences Prague;Mammal Research Institute;p;"";""
10.6084/m9.figshare.c.5923208.v1;CEITEC MU;Central European Institute of Technology – Masaryk University;Center For Biomarker Research In Medicine;p;"";""
10.48580/dgs4f;PELC;P.E.L.C. - Private Entomological Laboratory and Collection;;pp;"";""
10.48580/dgsv8;PELC;P.E.L.C. - Private Entomological Laboratory and Collection;Naturalis Biodiversity Center;pp;"";""
10.1594/pangaea.979679;Institute of Geophysics;Institute of Geophysics;;p;"";""
10.48580/dgs4f;PELC;P.E.L.C. - Private Entomological Laboratory and Collection;;pp;"";""
10.6084/m9.figshare.c.7732283.v1;FNUSA;St. Anne´s University Hospital;Masaryk University;p;"";""
10.48580/dgsv8;PELC;P.E.L.C. - Private Entomological Laboratory and Collection;;pp;"";""
10.6084/m9.figshare.c.5413891.v1;Palacký University, Olomouc;Palacký University, Olomouc;Biomedical Research Foundation of the Academy of Athens;p;"";""
10.48580/dgtg4;PELC;P.E.L.C. - Private Entomological Laboratory and Collection;;pp;"";""
10.48580/dgs4f;PELC;P.E.L.C. - Private Entomological Laboratory and Collection;;pp;"";""
10.48580/dgsv8;PELC;P.E.L.C. - Private Entomological Laboratory and Collection;;pp;"";""
10.6084/m9.figshare.19586869.v1;ČVUT;Czech Technical University in Prague;Institute of Molecular Genetics;p;"";""
10.6084/m9.figshare.c.7075282.v1;University Hospital in Motol;University Hospital in Motol;;p;"";""
10.48580/dgs4f;PELC;P.E.L.C. - Private Entomological Laboratory and Collection;;pp;"";""
10.6084/m9.figshare.c.7945172.v1;University Hospital Hradec Králové;University Hospital Hradec Králové;University of Hradec Králové;p;"";""
10.48580/dgtg4;PELC;P.E.L.C. - Private Entomological Laboratory and Collection;;pp;"";""
10.15468/m97sd2;PELC;P.E.L.C. - Private Entomological Laboratory and Collection;Real Jardín Botánico de Madrid, CSIC;pp;"";""
10.48580/dgtg4;PELC;P.E.L.C. - Private Entomological Laboratory and Collection;Marine Organism Investigations;pp;"";""
10.5281/zenodo.10888833;Palacký University, Olomouc;Palacký University, Olomouc;;p;"";""
10.15468/m97sd2;PELC;P.E.L.C. - Private Entomological Laboratory and Collection;;pp;"";""
10.5281/zenodo.14882506;CULS;Czech University of Life Sciences Prague;Newcastle University;p;"";""
10.48580/dgtg4;PELC;P.E.L.C. - Private Entomological Laboratory and Collection;;pp;"";""
10.15468/t53vdw;Palacký University, Olomouc;Palacký University, Olomouc;University of Warsaw;p;"";""
10.6084/m9.figshare.c.7615430.v1;VFN;General University Hospital in Prague;Carol Davila University of Medicine and Pharmacy;pp;p;""
10.48580/dgtg4;PELC;P.E.L.C. - Private Entomological Laboratory and Collection;;pp;"";""
10.15468/m97sd2;PELC;P.E.L.C. - Private Entomological Laboratory and Collection;;pp;"";""
10.15468/m97sd2;PELC;P.E.L.C. - Private Entomological Laboratory and Collection;;pp;"";""
10.6084/m9.figshare.c.6050776.v1;University Hospital Brno;University Hospital Brno;Masaryk University;p;"";""
10.6084/m9.figshare.20018045.v1;ČVUT;Czech Technical University in Prague;;p;"";""
10.6084/m9.figshare.c.6917421.v1;CULS;Czech University of Life Sciences Prague;Agricultural Institute Osijek;p;"";""
10.6084/m9.figshare.c.6596173.v1;CULS;Czech University of Life Sciences Prague;University of Ostrava;p;"";""
10.18419/darus-4117/4;CULS;Czech University of Life Sciences Prague;Universität Stuttgart;p;"";""
10.48580/dgsv8;PELC;P.E.L.C. - Private Entomological Laboratory and Collection;;pp;"";""
10.6084/m9.figshare.c.6830133.v1;CEITEC ;Central European Institute of Technology;University of Ostrava;p;"";""
10.5281/zenodo.8033351;ČVUT;Czech Technical University in Prague;CESNET, a.l.e.;p;"";""
10.6084/m9.figshare.c.5944552.v1;ČVUT;Czech Technical University in Prague;Institute of Molecular Genetics;p;"";""
10.15468/m97sd2;PELC;P.E.L.C. - Private Entomological Laboratory and Collection;US Department of Agriculture;pp;p;""
10.48580/dgtg4;PELC;P.E.L.C. - Private Entomological Laboratory and Collection;CONABIO;pp;"";""
10.18419/darus-4117/9;ČVUT;Czech Technical University in Prague;Czech University of Life Sciences;p;"";""
10.6084/m9.figshare.c.6830133.v1;University Hospital Ostrava;University Hospital Ostrava;University of Alberta;p;"";""
10.6084/m9.figshare.c.6851848.v1;VFN;General University Hospital in Prague;Charles University;pp;"";""
10.5281/zenodo.6637599;CULS;Czech University of Life Sciences Prague;Université de Liège, Gembloux Agro-Bio Tech, Gembloux, Belgium;p;"";""
10.48580/dgt98;PELC;P.E.L.C. - Private Entomological Laboratory and Collection;Natural History Museum;pp;"";""
10.48580/dgs4f;PELC;P.E.L.C. - Private Entomological Laboratory and Collection;Illinois Natural History Survey;pp;"";""
10.5281/zenodo.5711706;CULS;Czech University of Life Sciences Prague;University Greifswald;p;"";""
10.6084/m9.figshare.21009561.v1;IPVZ;Institute for Postgraduate Medical Education;Charles University;p;"";""
10.5061/dryad.pg4f4qrqn;Palacký University, Olomouc;Palacký University, Olomouc;Helmholtz Centre for Environmental Research, German Centre for Integrative Biodiversity Research, Martin-Luther-University Halle-Wittenberg;p;"";""
10.6084/m9.figshare.c.6830133.v1;CEITEC ;Central European Institute of Technology;Stockholm University;p;"";""
10.48580/dgs4f;PELC;P.E.L.C. - Private Entomological Laboratory and Collection;;pp;"";""
10.6084/m9.figshare.c.6768681.v1;University Hospital Brno;University Hospital Brno;Masaryk University;p;"";""
10.48580/dgsv8;PELC;P.E.L.C. - Private Entomological Laboratory and Collection;;pp;"";""
10.48580/dgtg4;PELC;P.E.L.C. - Private Entomological Laboratory and Collection;Universidad de Magallanes;pp;"";""
10.6084/m9.figshare.c.6806176.v1;CULS;Czech University of Life Sciences Prague;Technische Universität Braunschweig;p;"";""
10.5281/zenodo.14025746;VFN;General University Hospital in Prague;BIOCEV - Biotechnology and Biomedicine Centre, First Faculty of Medicine, Charles University, Vestec, Czech Republic;pp;p;""
10.48580/dgtg4;PELC;P.E.L.C. - Private Entomological Laboratory and Collection;Asociación Colombiana de Ornitología;pp;"";""
10.6084/m9.figshare.c.7196998.v1;Military University Hospital Prague;Military University Hospital Prague;University Hospital Hradec Králové;pp;p;""
10.48580/dgsv8;PELC;P.E.L.C. - Private Entomological Laboratory and Collection;;pp;"";""
10.5281/zenodo.10572480;CULS;Czech University of Life Sciences Prague;The Heathland Centre, Alver, Norway;p;"";""
10.15468/m97sd2;PELC;P.E.L.C. - Private Entomological Laboratory and Collection;;pp;"";""
10.15468/t53vdw;Palacký University, Olomouc;Palacký University, Olomouc;Heidelberg University;p;"";""
10.6084/m9.figshare.c.7079010.v1;IAB;Institute of Applied Biotechnologies (Czechia);;pp;"";""
10.6084/m9.figshare.c.6926742.v1;FNUSA;St. Anne´s University Hospital;Mouse Clinical Insitute;p;"";""
10.48580/dgt98;PELC;P.E.L.C. - Private Entomological Laboratory and Collection;Schoolmeesters P.;pp;p;""
10.48580/dgs4f;PELC;P.E.L.C. - Private Entomological Laboratory and Collection;Dipartimento di Biologia, Università di Trieste;pp;p;""
10.18419/darus-4117/14;ČVUT;Czech Technical University in Prague;University of Novi Sad;p;"";""
10.5281/zenodo.11454277;CULS;Czech University of Life Sciences Prague;CREA - Research Centre for Forestry and Wood, Arezzo, Italy;p;"";""
10.15468/m97sd2;PELC;P.E.L.C. - Private Entomological Laboratory and Collection;;pp;"";""
10.48580/dgsv8;PELC;P.E.L.C. - Private Entomological Laboratory and Collection;;pp;"";""
10.14473/csda/9alxny;Institute of Philosophy;Institute of Philosophy;(Vilnius University, Lithuania);pp;"";""
10.5281/zenodo.7275174;ITAM AS CR;Institute of Theoretical and Applied Mechanics;Institute for Building Materials, ETH Zurich, Switzerland;pp;"";""
10.48580/dgt98;PELC;P.E.L.C. - Private Entomological Laboratory and Collection;;pp;"";""
10.48580/dgt98;PELC;P.E.L.C. - Private Entomological Laboratory and Collection;;pp;"";""
10.6084/m9.figshare.c.6673724.v4;CULS;Czech University of Life Sciences Prague;;p;"";""
10.48580/dgt98;PELC;P.E.L.C. - Private Entomological Laboratory and Collection;;pp;"";""
10.48580/dgsv8;PELC;P.E.L.C. - Private Entomological Laboratory and Collection;Phyletisches Museum, Friedrich-Schiller Universität Jena;pp;p;""
10.5281/zenodo.5801249;CULS;Czech University of Life Sciences Prague;Czech University of Life Sciences;p;"";""
10.48580/dgtg4;PELC;P.E.L.C. - Private Entomological Laboratory and Collection;;pp;"";""
10.6084/m9.figshare.c.8009479.v1;CULS;Czech University of Life Sciences Prague;Masaryk University;p;"";""
10.48580/dgs4f;PELC;P.E.L.C. - Private Entomological Laboratory and Collection;The Natural History Museum;pp;"";""
10.48580/dgs4f;PELC;P.E.L.C. - Private Entomological Laboratory and Collection;;pp;"";""
10.48580/dgtg4;PELC;P.E.L.C. - Private Entomological Laboratory and Collection;Department of Zoology, Universitat de València;pp;p;""
10.6084/m9.figshare.c.7906234.v1;University Hospital Hradec Králové;University Hospital Hradec Králové;Umeå University;p;"";""
10.5281/zenodo.7333636;CRI;Crop Research Institute;Saatzucht Gleisdorf, Austria;p;"";""
10.48580/dgtg4;PELC;P.E.L.C. - Private Entomological Laboratory and Collection;Université de Montréal Biodiversity Centre;pp;"";""
10.48580/dgsv8;PELC;P.E.L.C. - Private Entomological Laboratory and Collection;;pp;"";""
10.48580/dgt98;PELC;P.E.L.C. - Private Entomological Laboratory and Collection;;pp;"";""
10.48580/dgtg4;PELC;P.E.L.C. - Private Entomological Laboratory and Collection;Biological Records Centre, Centre for Ecology & Hydrology;pp;"";""
10.48580/dgtg4;PELC;P.E.L.C. - Private Entomological Laboratory and Collection;;pp;"";""
10.48580/dgtg4;PELC;P.E.L.C. - Private Entomological Laboratory and Collection;;pp;"";""
10.48580/dgt98;PELC;P.E.L.C. - Private Entomological Laboratory and Collection;;pp;"";""
10.6084/m9.figshare.c.6847082.v1;Palacký University, Olomouc;Palacký University, Olomouc;University of Silesia;p;"";""
10.6084/m9.figshare.c.6577337.v1;University Hospital Ostrava;University Hospital Ostrava;Children’s National Health System;p;"";""
10.5061/dryad.vmcvdncsz;IEB;Institute of Experimental Botany;University of Tyumen;p;"";""
10.5281/zenodo.13897824;Palacký University, Olomouc;Palacký University, Olomouc;;p;"";""
10.48580/dgs4f;PELC;P.E.L.C. - Private Entomological Laboratory and Collection;Royal Botanic Gardens;pp;"";""
10.48580/dgs4f;PELC;P.E.L.C. - Private Entomological Laboratory and Collection;;pp;"";""
10.48580/dgs4f;PELC;P.E.L.C. - Private Entomological Laboratory and Collection;MARE – Marine and Environmental Sciences Centre, Agência Regional para o Desenvolvimento da Investigação Tecnologia e Inovação (ARDITI);pp;p;""
10.48580/dgs4f;PELC;P.E.L.C. - Private Entomological Laboratory and Collection;Naturalis Biodiversity Center;pp;"";""
10.48580/dgs4f;PELC;P.E.L.C. - Private Entomological Laboratory and Collection;;pp;"";""
10.6084/m9.figshare.c.6018502.v1;CULS;Czech University of Life Sciences Prague;Université Libre de Bruxelles;p;"";""
10.18419/darus-4117/13;ČVUT;Czech Technical University in Prague;Czech University of Life Sciences;p;"";""
10.48580/dgtg4;PELC;P.E.L.C. - Private Entomological Laboratory and Collection;Department of Zoology, University of oxford;pp;p;""
10.48580/dgtg4;PELC;P.E.L.C. - Private Entomological Laboratory and Collection;;pp;"";""
10.6084/m9.figshare.c.6596467.v1;IKEM;Institute of Clinical and Experimental Medicine;Medical University of Vienna;p;"";""
10.5281/zenodo.10680436;CULS;Czech University of Life Sciences Prague;Division of Forest and Forest Resources, Norwegian Institute for Bioeconomy (NIBIO);p;"";""
10.6084/m9.figshare.c.5449871.v1;University Hospital Brno;University Hospital Brno;Semmelweis University;p;"";""
10.48580/dgt98;PELC;P.E.L.C. - Private Entomological Laboratory and Collection;;pp;"";""
10.6084/m9.figshare.c.7953063.v1;FNUSA;St. Anne´s University Hospital;Humboldt-Universität zu Berlin;p;"";""
10.6084/m9.figshare.c.6581221.v1;University Hospital in Motol;University Hospital in Motol;University of Debrecen;p;"";""
10.6084/m9.figshare.c.6787450.v1;CEITEC MU;Central European Institute of Technology – Masaryk University;Kiel University;p;"";""
10.5281/zenodo.11109087;Silesian University in Opava;Silesian University in Opava;Univerzita Mateja Bela v Banskej Bystrici Filozofická fakulta;p;"";""
10.6084/m9.figshare.c.7149681.v1;VSE;University of Economics Prague;Charles University;p;"";""
10.48580/dgs4f;PELC;P.E.L.C. - Private Entomological Laboratory and Collection;Northern Ontario Plant Database;pp;p;""
10.5281/zenodo.14638896;VFN;General University Hospital in Prague;University of Regensburg;pp;"";""
10.48580/dgsv8;PELC;P.E.L.C. - Private Entomological Laboratory and Collection;;pp;"";""
10.6084/m9.figshare.c.6926742.v1;FNUSA-ICRC;International Clinical Research Center of St. Anne's University Hospital Brno;"Cluster of Excellence ""Science of Intelligence""";p;"";""
10.48580/dgsv8;PELC;P.E.L.C. - Private Entomological Laboratory and Collection;;pp;"";""
10.6084/m9.figshare.c.6210449.v1;FNUSA;St. Anne´s University Hospital;Mayo Clinic;p;"";""
10.15468/m97sd2;PELC;P.E.L.C. - Private Entomological Laboratory and Collection;;pp;"";""
10.48580/dgs4f;PELC;P.E.L.C. - Private Entomological Laboratory and Collection;Vlaams Instituut voor de Zee (VLIZ);pp;"";""
10.5281/zenodo.15797289;CRI;Crop Research Institute;Czech Agrifood Research Center;p;"";""
10.5281/zenodo.10680436;Jan Evangelista Purkyně University in Ústí nad Labem;Jan Evangelista Purkyně University in Ústí nad Labem;CIBIO, Centro de Investigação em Biodiversidade e Recursos Genéticos, InBIO Laboratório Associado;p;"";""
10.48580/dgsv8;PELC;P.E.L.C. - Private Entomological Laboratory and Collection;;pp;"";""
10.57760/sciencedb.07476;IAP;Institute of Atmospheric Physics;Institute of Oceanology;pp;"";""
10.6084/m9.figshare.c.7017686.v1;VFN;General University Hospital in Prague;University of Oslo;pp;"";""
10.48580/dgtg4;PELC;P.E.L.C. - Private Entomological Laboratory and Collection;;pp;"";""
10.5281/zenodo.6637599;CULS;Czech University of Life Sciences Prague;Evolution & Ecology Research Centre, University of New South Wales Sydney, Australia;p;"";""
10.48580/dgsv8;PELC;P.E.L.C. - Private Entomological Laboratory and Collection;;pp;"";""
10.48580/dgtg4;PELC;P.E.L.C. - Private Entomological Laboratory and Collection;Bossard Consulting;pp;"";""
10.5281/zenodo.6382216;CULS;Czech University of Life Sciences Prague;Hungarian University of Agricultural and Life Sciences;p;"";""
10.6084/m9.figshare.c.7823284.v1;Palacký University, Olomouc;Palacký University, Olomouc;Australian Catholic University;p;"";""
10.6084/m9.figshare.24131367.v2;Palacký University, Olomouc;Palacký University, Olomouc;;p;"";""
10.48580/dgs4f;PELC;P.E.L.C. - Private Entomological Laboratory and Collection;Terrestrial Invertebrate Research Laboratory, URESCOM, Davao Oriental State University;pp;"";""
10.6084/m9.figshare.c.6903195.v1;University Hospital in Motol;University Hospital in Motol;University of Freiburg;p;"";""
10.6084/m9.figshare.c.6683881.v1;FNUSA;St. Anne´s University Hospital;Masaryk University;p;"";""
10.48580/dgsv8;PELC;P.E.L.C. - Private Entomological Laboratory and Collection;;pp;"";""
10.6084/m9.figshare.c.6198401.v1;University Hospital in Motol;University Hospital in Motol;Federal Almazov North-West Medical Research Centre;p;"";""
10.5281/zenodo.7275149;ITAM AS CR;Institute of Theoretical and Applied Mechanics;Institute for Building Materials, ETH Zurich, Switzerland;pp;"";""
10.48580/dgt98;PELC;P.E.L.C. - Private Entomological Laboratory and Collection;;pp;"";""
10.6084/m9.figshare.c.7945172.v1;University Hospital Hradec Králové;University Hospital Hradec Králové;University of Hradec Králové;p;"";""
10.5281/zenodo.17162242;CULS;Czech University of Life Sciences Prague;University of Turin;p;"";""
10.6084/m9.figshare.c.6218354.v2;University Hospital in Motol;University Hospital in Motol;Charles University;p;"";""
10.14473/csda/nyxqpt/eolmcq;Institute of Philosophy;Institute of Philosophy;(Tel-Hai College, University of Haifa);pp;"";""
10.48580/dgs4f;PELC;P.E.L.C. - Private Entomological Laboratory and Collection;;pp;"";""
10.48580/dgtg4;PELC;P.E.L.C. - Private Entomological Laboratory and Collection;Nortern Arizona University;pp;"";""
10.5061/dryad.wh70rxwnv;Institute of Parasitology;Institute of Parasitology;Dalhousie University;p;"";""
10.6084/m9.figshare.c.7828330.v1;CEITEC MU;Central European Institute of Technology – Masaryk University;University of Tartu;p;"";""
10.6084/m9.figshare.c.6592046.v1;FNUSA-ICRC;International Clinical Research Center of St. Anne's University Hospital Brno;Masaryk University;p;"";""
10.48580/dgtg4;PELC;P.E.L.C. - Private Entomological Laboratory and Collection;Natural History Museum, London;pp;"";""
10.15468/m97sd2;PELC;P.E.L.C. - Private Entomological Laboratory and Collection;;pp;"";""
10.48580/dgs4f;PELC;P.E.L.C. - Private Entomological Laboratory and Collection;Centre for Ecology & Hydrology;pp;"";""
10.5281/zenodo.10888833;Palacký University, Olomouc;Palacký University, Olomouc;;p;"";""
10.18419/darus-4117/16;ČVUT;Czech Technical University in Prague;University of Novi Sad;p;"";""
10.6084/m9.figshare.c.6198401.v1;University Hospital in Motol;University Hospital in Motol;Karolinska Institute;p;"";""
10.15785/sbgrid/956;ČVUT;Czech Technical University in Prague;Institute of Biotechnology of the Czech Academy of Sciences;p;"";""
10.6084/m9.figshare.c.6261502.v1;University Hospital Hradec Králové;University Hospital Hradec Králové;;p;"";""
10.6084/m9.figshare.c.7844991.v1;IKEM;Institute of Clinical and Experimental Medicine;Czech Academy of Sciences;p;"";""
10.48580/dgsv8;PELC;P.E.L.C. - Private Entomological Laboratory and Collection;;pp;"";""
10.18419/darus-4117/5;ČVUT;Czech Technical University in Prague;Czech University of Life Sciences;p;"";""
10.6084/m9.figshare.c.7599457.v1;Palacký University, Olomouc;Palacký University, Olomouc;Czech Academy of Sciences;p;"";""
10.6084/m9.figshare.c.7297436.v1;University Hospital in Motol;University Hospital in Motol;Charles University;p;"";""
10.48580/dgs4f;PELC;P.E.L.C. - Private Entomological Laboratory and Collection;Asociación Colombiana de Ornitología;pp;"";""
10.48580/dgsv8;PELC;P.E.L.C. - Private Entomological Laboratory and Collection;Natural History Museum;pp;"";""
10.6084/m9.figshare.c.7476213.v1;ČVUT;Czech Technical University in Prague;Charles University;p;"";""
10.57760/sciencedb.j00104.00075;ČVUT;Czech Technical University in Prague;Leiden University Libraries;p;"";""
10.15468/m97sd2;PELC;P.E.L.C. - Private Entomological Laboratory and Collection;;pp;"";""
10.6084/m9.figshare.c.6872952.v1;CULS;Czech University of Life Sciences Prague;Charles University;p;"";""
10.48580/dgs4f;PELC;P.E.L.C. - Private Entomological Laboratory and Collection;Beaty Biodiversity Museum, University of British Columbia;pp;"";""
10.6084/m9.figshare.c.7149681.v1;VFN;General University Hospital in Prague;Charles University;pp;"";""
10.6084/m9.figshare.c.6683881.v1;FNUSA;St. Anne´s University Hospital;Masaryk University;p;"";""
10.48580/dgs4f;PELC;P.E.L.C. - Private Entomological Laboratory and Collection;Departamento de Invertebrados, Universidade Federal do Rio de Janeiro;pp;p;""
10.6084/m9.figshare.c.6830133.v1;CEITEC ;Central European Institute of Technology;University of Ostrava;p;"";""
10.5281/zenodo.10680436;Jan Evangelista Purkyně University in Ústí nad Labem;Jan Evangelista Purkyně University in Ústí nad Labem;Norwegian Institute for Water Research (NIVA);p;"";""
10.6084/m9.figshare.c.6892116.v1;VFN;General University Hospital in Prague;Royal Free London NHS Foundation Trust;pp;"";""
10.15468/m97sd2;PELC;P.E.L.C. - Private Entomological Laboratory and Collection;Australian Government;pp;"";""
10.48580/dgs4f;PELC;P.E.L.C. - Private Entomological Laboratory and Collection;Royal Belgian Institute of Natural Sciences;pp;"";""
10.6084/m9.figshare.c.6629419.v1;Hospital Jihlava;Hospital Jihlava;Thomayerova nemocnice;p;"";""
10.48580/dgsv8;PELC;P.E.L.C. - Private Entomological Laboratory and Collection;;pp;"";""
10.15468/m97sd2;PELC;P.E.L.C. - Private Entomological Laboratory and Collection;;pp;"";""
10.6084/m9.figshare.c.6926742.v1;FNUSA;St. Anne´s University Hospital;"Cluster of Excellence ""Science of Intelligence""";p;"";""
10.48580/dgsv8;PELC;P.E.L.C. - Private Entomological Laboratory and Collection;;pp;"";""
10.6084/m9.figshare.c.7297436.v1;University Hospital in Motol;University Hospital in Motol;Charles University;p;"";""
10.15468/m97sd2;PELC;P.E.L.C. - Private Entomological Laboratory and Collection;Friedrich-Schiller Universität Jena;pp;"";""
10.6084/m9.figshare.c.6096199.v1;Palacký University, Olomouc;Palacký University, Olomouc;University of Maiduguri;p;"";""
10.15468/m97sd2;PELC;P.E.L.C. - Private Entomological Laboratory and Collection;;pp;"";""
10.48580/dgs4f;PELC;P.E.L.C. - Private Entomological Laboratory and Collection;;pp;"";""
10.5281/zenodo.7193819;ITAM AS CR;Institute of Theoretical and Applied Mechanics;Institute for Building Materials, ETH Zurich, Switzerland;pp;"";""
10.6084/m9.figshare.c.6629419.v1;University Hospital in Motol;University Hospital in Motol;Krajská Zdravotní;p;"";""
10.6084/m9.figshare.c.7595338.v1;University Hospital Brno;University Hospital Brno;Charles University;p;"";""
10.6084/m9.figshare.19670032.v1;CULS;Czech University of Life Sciences Prague;University of St Andrews;p;"";""
10.48580/dgtg4;PELC;P.E.L.C. - Private Entomological Laboratory and Collection;A Rocha Kenya;pp;"";""
10.6084/m9.figshare.c.7940448.v1;CULS;Czech University of Life Sciences Prague;Czech Academy of Sciences;p;"";""
10.48580/dgsv8;PELC;P.E.L.C. - Private Entomological Laboratory and Collection;;pp;"";""
10.48580/dgt98;PELC;P.E.L.C. - Private Entomological Laboratory and Collection;;pp;"";""
10.5281/zenodo.10680436;Jan Evangelista Purkyně University in Ústí nad Labem;Jan Evangelista Purkyně University in Ústí nad Labem;CIBIO, Centro de Investigação em Biodiversidade e Recursos Genéticos;p;"";""
10.5281/zenodo.15681034;CULS;Czech University of Life Sciences Prague;Generalitat Valenciana;p;"";""
10.5281/zenodo.10888833;Palacký University, Olomouc;Palacký University, Olomouc;Hartford HealthCare;p;"";""
10.5281/zenodo.8077314;Jan Evangelista Purkyně University in Ústí nad Labem;Jan Evangelista Purkyně University in Ústí nad Labem;Hunyadi utca 55, 9500 Celldömölk, Hungary;p;"";""
10.5281/zenodo.14622373;VÚGTK;Research Institute of Geodesy, Topography and Cartography;"SE ""Research Institute of Geodesy and Cartography""";ppp;p;""
10.48580/dgtg4;PELC;P.E.L.C. - Private Entomological Laboratory and Collection;Centre for Ecology, Evolution and Environmental Changes (cE3c)/Azorean Biodiversity Group, CHANGE – Global Change and Sustainability Institute;pp;p;""
10.6084/m9.figshare.c.7658291.v1;University Hospital Brno;University Hospital Brno;Masaryk University;p;"";""
10.5281/zenodo.6312518;CRI;Crop Research Institute;Université de Lyon 1;p;"";""
10.6084/m9.figshare.c.6982167.v1;University Hospital Brno;University Hospital Brno;Charles University;p;"";""
10.6084/m9.figshare.c.7953063.v1;FNUSA-ICRC;International Clinical Research Center of St. Anne's University Hospital Brno;Humboldt-Universität zu Berlin;p;"";""
10.7910/dvn/tgkq5v;Palacký University, Olomouc;Palacký University, Olomouc;The University of Manchester;p;"";""
10.15468/hv3p8a;CRI;Crop Research Institute;Agency for Nature and Forest (ANB), LIFE DUNIAS;p;"";""
10.6084/m9.figshare.c.7075282.v1;University Hospital in Motol;University Hospital in Motol;;p;"";""
10.6084/m9.figshare.c.7885117.v1;Palacký University, Olomouc;Palacký University, Olomouc;Helmholtz-Zentrum Dresden-Rossendorf;p;"";""
10.48580/dgsv8;PELC;P.E.L.C. - Private Entomological Laboratory and Collection;;pp;"";""
10.21227/z36r-0m98;Palacký University, Olomouc;Palacký University, Olomouc;Charles University;p;"";""
10.48580/dgs4f;PELC;P.E.L.C. - Private Entomological Laboratory and Collection;Universidad Nacional de Colombia;pp;"";""
10.48580/dgsv8;PELC;P.E.L.C. - Private Entomological Laboratory and Collection;;pp;"";""
10.57760/sciencedb.07380;FZU;Institute of Physics;International Magnetobiology Frontier Research Center (iMFRC), Science Island, 230031, China;p;"";""
10.5281/zenodo.11454277;CULS;Czech University of Life Sciences Prague;University of Würzburg, Würzburg, Germany;p;"";""
10.6084/m9.figshare.c.7079010.v1;VFN;General University Hospital in Prague;;pp;"";""
10.5281/zenodo.10680436;CULS;Czech University of Life Sciences Prague;IUCN (International Union for Conservation of Nature);p;"";""
10.6084/m9.figshare.c.6590218.v1;IKEM;Institute of Clinical and Experimental Medicine;;p;"";""
10.57760/sciencedb.j00104.00084;ČVUT;Czech Technical University in Prague;Belmont Forum;p;"";""
10.6084/m9.figshare.c.7880704.v1;VFN;General University Hospital in Prague;;pp;"";""
10.48580/dgs4f;PELC;P.E.L.C. - Private Entomological Laboratory and Collection;cE3c- Centre for Ecology, Evolution and Environmental Changes, Azorean Biodiversity Group, CHANGE – Global Change and Sustainability Institute, Faculty of Sciences and Technology, University of the Azores;pp;p;""
10.5285/3b077711-f183-42f1-bac6-c892922c81f4;CULS;Czech University of Life Sciences Prague;Warsaw University of Life Sciences;p;"";""
10.48580/dgs4f;PELC;P.E.L.C. - Private Entomological Laboratory and Collection;;pp;"";""
10.5281/zenodo.6637599;CULS;Czech University of Life Sciences Prague;Institute of Forestry and Conservation, University of Toronto, 33 Willcocks Street, Toronto, ON, M5S 3B3, Canada;p;"";""
10.6084/m9.figshare.c.6629419.v1;University Hospital in Motol;University Hospital in Motol;;p;"";""
10.6084/m9.figshare.c.7095033.v1;CRI;Crop Research Institute;Agricultural institute of Slovenia;p;"";""
10.5281/zenodo.10680436;CULS;Czech University of Life Sciences Prague;ICIFOR-INIA, CSIC;p;"";""
10.57760/sciencedb.ecodb.00170;CULS;Czech University of Life Sciences Prague;Institute for Global Change Biology and School for Environment and Sustainability, University of Michigan;p;"";""
10.21227/z36r-0m98;ČVUT;Czech Technical University in Prague;University of Defence;p;"";""
10.48580/dgt98;PELC;P.E.L.C. - Private Entomological Laboratory and Collection;;pp;"";""
10.5285/3b077711-f183-42f1-bac6-c892922c81f4;CULS;Czech University of Life Sciences Prague;UK Centre for Ecology & Hydrology;p;"";""
10.5281/zenodo.15736296;CRI;Crop Research Institute;Czech Agrifood Research Center;p;"";""
10.18419/darus-4117/13;CULS;Czech University of Life Sciences Prague;Czech University of Life Sciences;p;"";""
10.48580/dgsv8;PELC;P.E.L.C. - Private Entomological Laboratory and Collection;;pp;"";""
10.5061/dryad.vmcvdncsz;IEB;Institute of Experimental Botany;Institute of Ecology, Togliatti;p;"";""
10.5281/zenodo.10680436;CULS;Czech University of Life Sciences Prague;Institute of Research on Terrestrial Ecosystems (IRET) National Research Council (CNR);p;"";""
10.48580/dgs4f;PELC;P.E.L.C. - Private Entomological Laboratory and Collection;;pp;"";""
10.48580/dgt98;PELC;P.E.L.C. - Private Entomological Laboratory and Collection;;pp;"";""
10.15468/m97sd2;PELC;P.E.L.C. - Private Entomological Laboratory and Collection;;pp;"";""
10.5281/zenodo.4551727;SZU;National Institute of Public Health;National Food Chain Safety Office, Hungary;p;"";""
10.6084/m9.figshare.c.7591224.v1;CULS;Czech University of Life Sciences Prague;St. John's University;p;"";""
10.5281/zenodo.10818591;CULS;Czech University of Life Sciences Prague;Agricultural University of Iceland, Keldnaholt, Reykjavik, Iceland;p;"";""
10.6084/m9.figshare.c.7514541.v1;CULS;Czech University of Life Sciences Prague;Heinrich Heine University Düsseldorf;p;"";""
10.6084/m9.figshare.c.6830133.v1;University Hospital Ostrava;University Hospital Ostrava;University of Ostrava;p;"";""
10.48580/dgs4f;PELC;P.E.L.C. - Private Entomological Laboratory and Collection;;pp;"";""
10.48580/dgsv8;PELC;P.E.L.C. - Private Entomological Laboratory and Collection;Invertebrate Zoology Collection, Museum of Texas Tech University;pp;"";""
10.5281/zenodo.10680436;Jan Evangelista Purkyně University in Ústí nad Labem;Jan Evangelista Purkyně University in Ústí nad Labem;German Centre for Integrative Biodiversity Research (iDiv);p;"";""
10.5281/zenodo.5711706;CULS;Czech University of Life Sciences Prague;Universite de Bordeaux;p;"";""
10.6084/m9.figshare.c.6591583.v1;ČVUT;Czech Technical University in Prague;University of Ostrava;p;"";""
10.6084/m9.figshare.c.7880704.v1;VFN;General University Hospital in Prague;University Hospital of Zurich;pp;p;""
10.14473/csda/nyxqpt/o1kp75;Institute of Philosophy;Institute of Philosophy;(Tel Aviv University);pp;"";""
10.6084/m9.figshare.c.7658291.v1;University Hospital Brno;University Hospital Brno;Masaryk University;p;"";""
10.48580/dgt98;PELC;P.E.L.C. - Private Entomological Laboratory and Collection;;pp;"";""
10.48580/dgt98;PELC;P.E.L.C. - Private Entomological Laboratory and Collection;;pp;"";""
10.48580/dgtg4;PELC;P.E.L.C. - Private Entomological Laboratory and Collection;NIWA;pp;"";""
10.6084/m9.figshare.c.6629419.v1;University Hospital Hradec Králové;University Hospital Hradec Králové;Krajská Zdravotní;p;"";""
10.5281/zenodo.7415164;CRI;Crop Research Institute;FRAB;p;"";""
10.6084/m9.figshare.c.6872963.v1;University Hospital in Motol;University Hospital in Motol;;p;"";""
10.48580/dgtg4;PELC;P.E.L.C. - Private Entomological Laboratory and Collection;;pp;"";""
10.5281/zenodo.13897824;FZU;Institute of Physics;;p;"";""
10.48580/dgtg4;PELC;P.E.L.C. - Private Entomological Laboratory and Collection;;pp;"";""
10.5281/zenodo.6289588;FZU;Institute of Physics;University College London;p;"";""
10.18419/darus-4117/4;ČVUT;Czech Technical University in Prague;Universität Stuttgart;p;"";""
10.5285/3b077711-f183-42f1-bac6-c892922c81f4;CULS;Czech University of Life Sciences Prague;University of Abobo-Adjamé;p;"";""
10.15468/m97sd2;PELC;P.E.L.C. - Private Entomological Laboratory and Collection;;pp;"";""
10.15468/hv3p8a;CRI;Crop Research Institute;Universita degli Studi di Sassari;p;"";""
10.21227/759s-8s08;ČVUT;Czech Technical University in Prague;Tomas Bata University in Zlin;p;"";""
10.6084/m9.figshare.c.6596467.v1;IKEM;Institute of Clinical and Experimental Medicine;Innsbruck Medical University;p;"";""
10.6084/m9.figshare.c.6778873.v1;Palacký University, Olomouc;Palacký University, Olomouc;National Academy of Sciences of Armenia;p;"";""
10.15468/m97sd2;PELC;P.E.L.C. - Private Entomological Laboratory and Collection;;pp;"";""
10.6084/m9.figshare.c.7953063.v1;FNUSA-ICRC;International Clinical Research Center of St. Anne's University Hospital Brno;University of Toronto;p;"";""
10.5281/zenodo.7786270;IAP;Institute of Atmospheric Physics;ONERA/DPHY, Université de Toulouse, Toulouse, France;pp;p;""
10.5281/zenodo.6289588;FZU;Institute of Physics;MAX IV Laboratory;p;"";""
10.5281/zenodo.7368671;CRI;Crop Research Institute;Chinese Acadame of Agricultural Sciences, Beijing;p;"";""
10.48580/dgs4f;PELC;P.E.L.C. - Private Entomological Laboratory and Collection;Department of Biology, Ecology & Evolution Unit, University of Fribourg;pp;p;""
10.5281/zenodo.10888833;Palacký University, Olomouc;Palacký University, Olomouc;;p;"";""
10.48580/dgtg4;PELC;P.E.L.C. - Private Entomological Laboratory and Collection;Department of the Environment, Australian Government;pp;p;""
10.48580/dgtg4;PELC;P.E.L.C. - Private Entomological Laboratory and Collection;;pp;"";""
10.6084/m9.figshare.c.7040196.v1;FNUSA;St. Anne´s University Hospital;Celica (Slovenia);p;"";""
10.6084/m9.figshare.c.7953063.v1;FNUSA;St. Anne´s University Hospital;;p;"";""
10.48580/dgsv8;PELC;P.E.L.C. - Private Entomological Laboratory and Collection;;pp;"";""
10.6084/m9.figshare.19586881.v1;ČVUT;Czech Technical University in Prague;Institute of Molecular Genetics;p;"";""
10.48580/dgs4f;PELC;P.E.L.C. - Private Entomological Laboratory and Collection;;pp;"";""
10.5281/zenodo.15064532;CULS;Czech University of Life Sciences Prague;;p;"";""
10.6084/m9.figshare.c.7885117.v1;University Hospital Olomouc;University Hospital Olomouc;Helmholtz-Zentrum Dresden-Rossendorf;p;"";""
10.6084/m9.figshare.c.7649648.v1;CEITEC MU;Central European Institute of Technology – Masaryk University;Masaryk University;p;"";""
10.14278/rodare.2110;FZU;Institute of Physics;;p;"";""
10.6084/m9.figshare.c.7798513.v1;ČVUT;Czech Technical University in Prague;Institute of Molecular and Translational Medicine;p;"";""
10.6084/m9.figshare.c.6585787.v1;University Hospital in Motol;University Hospital in Motol;University of Debrecen;p;"";""
10.6084/m9.figshare.c.7392838.v1;University Hospital Brno;University Hospital Brno;;p;"";""
10.48580/dgtg4;PELC;P.E.L.C. - Private Entomological Laboratory and Collection;Universidad del Valle;pp;"";""
10.18419/darus-4117/11;CULS;Czech University of Life Sciences Prague;Coll Coll;p;"";""
10.6084/m9.figshare.c.6870567.v1;University Hospital in Motol;University Hospital in Motol;University of Southern Denmark;p;"";""
10.48580/dgsv8;PELC;P.E.L.C. - Private Entomological Laboratory and Collection;Western Australian Herbarium;pp;"";""
10.48580/dgs4f;PELC;P.E.L.C. - Private Entomological Laboratory and Collection;;pp;"";""
10.6084/m9.figshare.c.6317120.v1;VFN;General University Hospital in Prague;Karolinska University Hospital;pp;p;""
10.6084/m9.figshare.c.7057817.v1;Palacký University, Olomouc;Palacký University, Olomouc;Heidelberg University;p;"";""
10.5281/zenodo.15137982;CRI;Crop Research Institute;Rudolfstetten, Switzerland;p;"";""
10.48580/dgs4f;PELC;P.E.L.C. - Private Entomological Laboratory and Collection;Universidad Nacional de Avellaneda;pp;"";""
10.48580/dgs4f;PELC;P.E.L.C. - Private Entomological Laboratory and Collection;Laboratory of Entomology, Faculty of Agriculture, Tokyo University of Agriculture;pp;"";""
10.48580/dgs4f;PELC;P.E.L.C. - Private Entomological Laboratory and Collection;;pp;"";""
10.48580/dgs4f;PELC;P.E.L.C. - Private Entomological Laboratory and Collection;;pp;"";""
10.48580/dgsv8;PELC;P.E.L.C. - Private Entomological Laboratory and Collection;;pp;"";""
10.15468/m97sd2;PELC;P.E.L.C. - Private Entomological Laboratory and Collection;;pp;"";""
10.24435/materialscloud:36-d3;Palacký University, Olomouc;Palacký University, Olomouc;IBM Research─Zurich, Säumerstrasse 4, 8803 Rüschlikon, Switzerland;p;"";""
10.15468/m97sd2;PELC;P.E.L.C. - Private Entomological Laboratory and Collection;Natural History Museum;pp;"";""
10.48580/dgtg4;PELC;P.E.L.C. - Private Entomological Laboratory and Collection;;pp;"";""
10.6084/m9.figshare.c.6792969.v1;VFN;General University Hospital in Prague;Charles University;pp;"";""
10.48580/dgtg4;PELC;P.E.L.C. - Private Entomological Laboratory and Collection;;pp;"";""
10.6084/m9.figshare.c.7040196.v1;FNUSA-ICRC;International Clinical Research Center of St. Anne's University Hospital Brno;University of Catania;p;"";""
10.15468/m97sd2;PELC;P.E.L.C. - Private Entomological Laboratory and Collection;;pp;"";""
10.6084/m9.figshare.20035640.v1;Palacký University, Olomouc;Palacký University, Olomouc;Rothamsted Research;p;"";""
10.48580/dgtg4;PELC;P.E.L.C. - Private Entomological Laboratory and Collection;Centre for Ecology, Evolution and Environmental Changes (cE3c)/Azorean Biodiversity Group, CHANGE – Global Change and Sustainability Institute;pp;p;""
10.48580/dgs4f;PELC;P.E.L.C. - Private Entomological Laboratory and Collection;National Institute of Oceanography;pp;p;""
10.14473/csda/9alxny/qm4pmv;Institute of Philosophy;Institute of Philosophy;(Tel Aviv University);pp;"";""
10.48580/dgsv8;PELC;P.E.L.C. - Private Entomological Laboratory and Collection;;pp;"";""
10.6084/m9.figshare.c.6629419.v1;Hospital Jihlava;Hospital Jihlava;Krajská Zdravotní;p;"";""
10.5281/zenodo.7415164;CRI;Crop Research Institute;Technical University of Crete;p;"";""
10.6084/m9.figshare.c.6787450.v1;CEITEC ;Central European Institute of Technology;Medical University of Vienna;p;"";""
10.48580/dgt98;PELC;P.E.L.C. - Private Entomological Laboratory and Collection;;pp;"";""
10.5281/zenodo.17083924;CULS;Czech University of Life Sciences Prague;Biodiversity Research Institute (IMIB);p;"";""
10.5281/zenodo.10888833;Palacký University, Olomouc;Palacký University, Olomouc;Universidad Autónoma de Madrid;p;"";""
10.6084/m9.figshare.c.6579182.v1;University Hospital in Motol;University Hospital in Motol;Karolinska Institute;p;"";""
10.5281/zenodo.7332572;CULS;Czech University of Life Sciences Prague;Czech University of Life Sciences;p;"";""
10.6084/m9.figshare.20341680.v1;University Hospital Brno;University Hospital Brno;Masaryk University;p;"";""
10.15468/m97sd2;PELC;P.E.L.C. - Private Entomological Laboratory and Collection;;pp;"";""
10.48580/dgs4f;PELC;P.E.L.C. - Private Entomological Laboratory and Collection;GBIF;pp;"";""
10.6084/m9.figshare.c.6577006.v1;Jan Evangelista Purkyně University in Ústí nad Labem;Jan Evangelista Purkyně University in Ústí nad Labem;University of Ljubljana;p;"";""
10.48580/dgt98;PELC;P.E.L.C. - Private Entomological Laboratory and Collection;;pp;"";""
10.5281/zenodo.14638896;VFN;General University Hospital in Prague;;pp;"";""
10.6084/m9.figshare.20341683.v1;University Hospital Brno;University Hospital Brno;Masaryk University;p;"";""
10.5281/zenodo.17162242;CULS;Czech University of Life Sciences Prague;University of Oulu;p;"";""
10.48580/dgs4f;PELC;P.E.L.C. - Private Entomological Laboratory and Collection;;pp;"";""
10.48580/dgsv8;PELC;P.E.L.C. - Private Entomological Laboratory and Collection;;pp;"";""
10.5281/zenodo.6637599;CULS;Czech University of Life Sciences Prague;Research and Innovation Centre, Fondazione Edmund Mach, via E. Mach 1, 38010 San Michele all'Adige (TN), Italy;p;"";""
10.48580/dgs4f;PELC;P.E.L.C. - Private Entomological Laboratory and Collection;Hawaii Institute of Marine Biology;pp;"";""
10.6084/m9.figshare.c.6787807.v1;Palacký University, Olomouc;Palacký University, Olomouc;German Cancer Research Center;p;"";""
10.48580/dgsv8;PELC;P.E.L.C. - Private Entomological Laboratory and Collection;University of Melbourne;pp;"";""
10.6084/m9.figshare.c.6590218.v1;IKEM;Institute of Clinical and Experimental Medicine;;p;"";""
10.15468/qnrsen;CULS;Czech University of Life Sciences Prague;Czech University of Life Sciences;p;"";""
10.5281/zenodo.10680436;CULS;Czech University of Life Sciences Prague;AZTI Fundazioa;p;"";""
10.6084/m9.figshare.c.6580580.v1;CULS;Czech University of Life Sciences Prague;University of California, San Diego;p;"";""
10.5281/zenodo.10680436;CULS;Czech University of Life Sciences Prague;Re:wild;p;"";""
10.48580/dgt98;PELC;P.E.L.C. - Private Entomological Laboratory and Collection;;pp;"";""
10.48580/dgtg4;PELC;P.E.L.C. - Private Entomological Laboratory and Collection;Universidad de Magallanes;pp;"";""
10.6084/m9.figshare.c.7880704.v1;VFN;General University Hospital in Prague;University of Southern Denmark;pp;"";""
10.48580/dgtg4;PELC;P.E.L.C. - Private Entomological Laboratory and Collection;;pp;"";""
10.48580/dgtg4;PELC;P.E.L.C. - Private Entomological Laboratory and Collection;;pp;"";""
10.48580/dgs4f;PELC;P.E.L.C. - Private Entomological Laboratory and Collection;Royal Botanic Garden Edinburgh;pp;"";""
10.6084/m9.figshare.c.6787807.v1;Palacký University, Olomouc;Palacký University, Olomouc;Charles University;p;"";""
10.6084/m9.figshare.c.6096199.v1;Palacký University, Olomouc;Palacký University, Olomouc;The Arctic University of Norway;p;"";""
10.6084/m9.figshare.c.7823284.v1;Palacký University, Olomouc;Palacký University, Olomouc;University of Haifa;p;"";""
10.18419/darus-4117/15;ČVUT;Czech Technical University in Prague;Universität Stuttgart;p;"";""
10.6084/m9.figshare.20018045.v1;ČVUT;Czech Technical University in Prague;;p;"";""
10.5281/zenodo.17083924;CULS;Czech University of Life Sciences Prague;;p;"";""
10.6084/m9.figshare.c.6711871.v1;University Hospital Hradec Králové;University Hospital Hradec Králové;Charles University;p;"";""
10.6084/m9.figshare.c.7153870.v1;Palacký University, Olomouc;Palacký University, Olomouc;Slovak Academy of Sciences;p;"";""
10.6084/m9.figshare.c.6690909.v1;VFN;General University Hospital in Prague;Masaryk University;pp;"";""
10.6084/m9.figshare.c.7057817.v1;Palacký University, Olomouc;Palacký University, Olomouc;Lithuanian University of Health Sciences;p;"";""
10.18419/darus-4117/11;CULS;Czech University of Life Sciences Prague;Coll Coll;p;"";""
10.14473/csda/9alxny/mf6m0r;Institute of Philosophy;Institute of Philosophy;(Tel Aviv University);pp;"";""
10.6084/m9.figshare.c.6585701.v1;Palacký University, Olomouc;Palacký University, Olomouc;Mendel University in Brno;p;"";""
10.14473/csda/nyxqpt/avvhwb;Institute of Philosophy;Institute of Philosophy;(ResWell Research Collaboration, Tel Aviv University, Tel Aviv, Israel);pp;"";""
10.6084/m9.figshare.c.7953063.v1;FNUSA-ICRC;International Clinical Research Center of St. Anne's University Hospital Brno;Istanbul University;p;"";""
10.7910/dvn/fvpdfb;VSE;University of Economics Prague;Technical University of Kosice;p;"";""
10.5281/zenodo.5711706;CULS;Czech University of Life Sciences Prague;;p;"";""
10.5281/zenodo.10680436;CULS;Czech University of Life Sciences Prague;Research Institute for Nature and Forest;p;"";""
10.6084/m9.figshare.c.7563934.v1;Palacký University, Olomouc;Palacký University, Olomouc;University of California, San Diego;p;"";""
10.6084/m9.figshare.c.6804718.v1;CEITEC MU;Central European Institute of Technology – Masaryk University;Masaryk University;p;"";""
10.48580/dgt98;PELC;P.E.L.C. - Private Entomological Laboratory and Collection;Systematic Entomology Laboratory, Agricultural Research Service, USDA c/o National Museum of Natural History, Smithsonian Institution;pp;"";""
10.15468/m97sd2;PELC;P.E.L.C. - Private Entomological Laboratory and Collection;;pp;"";""
10.48580/dgtg4;PELC;P.E.L.C. - Private Entomological Laboratory and Collection;Investigador Independiente;pp;p;""
10.14473/csda/nyxqpt/o1kp75;Institute of Philosophy;Institute of Philosophy;(Tel Aviv University);pp;"";""
10.48580/dgtg4;PELC;P.E.L.C. - Private Entomological Laboratory and Collection;University of Auckland;pp;"";""
10.6084/m9.figshare.c.7595338.v1;University Hospital Brno;University Hospital Brno;University of Ostrava;p;"";""
10.48580/dgsv8;PELC;P.E.L.C. - Private Entomological Laboratory and Collection;GBIF;pp;"";""
10.5281/zenodo.10680436;CULS;Czech University of Life Sciences Prague;Institute of Natural Sciences;p;"";""
10.5281/zenodo.10888833;Palacký University, Olomouc;Palacký University, Olomouc;University of the Sunshine Coast;p;"";""
10.48580/dgt98;PELC;P.E.L.C. - Private Entomological Laboratory and Collection;;pp;"";""
10.48580/dgt98;PELC;P.E.L.C. - Private Entomological Laboratory and Collection;;pp;"";""
10.6084/m9.figshare.c.7226433.v1;Palacký University, Olomouc;Palacký University, Olomouc;Rothamsted Research;p;"";""
10.6084/m9.figshare.c.6596467.v1;IKEM;Institute of Clinical and Experimental Medicine;Medical University of Vienna;p;"";""
10.6084/m9.figshare.c.6650182.v1;FNUSA-ICRC;International Clinical Research Center of St. Anne's University Hospital Brno;Masaryk University;p;"";""
10.6084/m9.figshare.c.7372004.v1;FNUSA-ICRC;International Clinical Research Center of St. Anne's University Hospital Brno;Masaryk University;p;"";""
10.48580/dgsv8;PELC;P.E.L.C. - Private Entomological Laboratory and Collection;;pp;"";""
10.48580/dgtg4;PELC;P.E.L.C. - Private Entomological Laboratory and Collection;Muséum National d'Histoire Naturelle;pp;"";""
10.18419/darus-4117/12;ČVUT;Czech Technical University in Prague;Czech University of Life Sciences;p;"";""
10.18419/darus-4117/7;CULS;Czech University of Life Sciences Prague;Coll Coll;p;"";""
10.48580/dgs4f;PELC;P.E.L.C. - Private Entomological Laboratory and Collection;Vienna University;pp;"";""
10.6084/m9.figshare.19586869.v1;ČVUT;Czech Technical University in Prague;Institute of Molecular Genetics;p;"";""
10.48580/dgs4f;PELC;P.E.L.C. - Private Entomological Laboratory and Collection;Association Cistude Nature;pp;"";""
10.48580/dgt98;PELC;P.E.L.C. - Private Entomological Laboratory and Collection;;pp;"";""
10.5061/dryad.wh70rxwnv;Institute of Parasitology;Institute of Parasitology;Dalhousie University;p;"";""
10.48580/dgtg4;PELC;P.E.L.C. - Private Entomological Laboratory and Collection;;pp;"";""
10.18419/darus-4117/1;CULS;Czech University of Life Sciences Prague;Universität Stuttgart;p;"";""
10.6084/m9.figshare.c.6683881.v1;FNUSA-ICRC;International Clinical Research Center of St. Anne's University Hospital Brno;Masaryk University;p;"";""
10.6084/m9.figshare.c.6756018.v1;Biopticka Laborator (Czechia);Biopticka Laborator (Czechia);Nature Research Centre;p;"";""
10.48580/dgs4f;PELC;P.E.L.C. - Private Entomological Laboratory and Collection;European Environment Agency;pp;p;""
10.5281/zenodo.10680436;CULS;Czech University of Life Sciences Prague;Flanders Marine Institute;p;"";""
10.6084/m9.figshare.c.7801480.v1;CEITEC MU;Central European Institute of Technology – Masaryk University;Medical University of Vienna;p;"";""
10.6084/m9.figshare.c.7591224.v1;CULS;Czech University of Life Sciences Prague;Romanian Academy;p;"";""
10.6084/m9.figshare.c.7595338.v1;University Hospital Brno;University Hospital Brno;Mendel University in Brno;p;"";""
10.48580/dgtg4;PELC;P.E.L.C. - Private Entomological Laboratory and Collection;;pp;"";""
10.6084/m9.figshare.c.6629419.v1;Hospital Jihlava;Hospital Jihlava;Thomayerova nemocnice;p;"";""
10.48580/dgsv8;PELC;P.E.L.C. - Private Entomological Laboratory and Collection;;pp;"";""
10.5281/zenodo.15042229;ČVUT;Czech Technical University in Prague;Durham University;p;"";""
10.48580/dgt98;PELC;P.E.L.C. - Private Entomological Laboratory and Collection;;pp;"";""
10.5281/zenodo.7360759;Palacký University, Olomouc;Palacký University, Olomouc;Centre for Systems Chemistry, Stratingh Institute for Chemistry, Faculty of Science and Engineering, University of Groningen, Nijenborgh 7, 9747 AG Groningen, The Netherlands;p;"";""
10.6084/m9.figshare.c.7295760.v1;NCA CR;Nature Conservation Agency of the Czech Republic;Institute of Microbiology;p;"";""
10.48580/dgs4f;PELC;P.E.L.C. - Private Entomological Laboratory and Collection;;pp;"";""
10.48580/dgtg4;PELC;P.E.L.C. - Private Entomological Laboratory and Collection;;pp;"";""
10.6084/m9.figshare.c.6581221.v1;VFN;General University Hospital in Prague;Charles University;pp;"";""
10.15468/m97sd2;PELC;P.E.L.C. - Private Entomological Laboratory and Collection;;pp;"";""
10.48580/dgt98;PELC;P.E.L.C. - Private Entomological Laboratory and Collection;;pp;"";""
10.6084/m9.figshare.c.7940448.v1;CULS;Czech University of Life Sciences Prague;Czech Academy of Sciences;p;"";""
10.48580/dgtg4;PELC;P.E.L.C. - Private Entomological Laboratory and Collection;Natural History Museum;pp;"";""
10.15468/m97sd2;PELC;P.E.L.C. - Private Entomological Laboratory and Collection;;pp;"";""
10.48580/dgsv8;PELC;P.E.L.C. - Private Entomological Laboratory and Collection;;pp;"";""
10.6084/m9.figshare.c.6683881.v1;FNUSA;St. Anne´s University Hospital;Masaryk Memorial Cancer Institute;p;"";""
10.6084/m9.figshare.c.6591583.v1;University Hospital Ostrava;University Hospital Ostrava;Charles University;p;"";""
10.48580/dgs4f;PELC;P.E.L.C. - Private Entomological Laboratory and Collection;;pp;"";""
10.5281/zenodo.15154495;University Hospital Hradec Králové;University Hospital Hradec Králové;;p;"";""
10.5281/zenodo.10680436;Jan Evangelista Purkyně University in Ústí nad Labem;Jan Evangelista Purkyně University in Ústí nad Labem;Hellenic Centre for Marine Research, Institute of Marine Biological Resources and Inland Waters;p;"";""
10.6084/m9.figshare.c.6830133.v1;CEITEC MU;Central European Institute of Technology – Masaryk University;University of Ostrava;p;"";""
10.48580/dgs4f;PELC;P.E.L.C. - Private Entomological Laboratory and Collection;French National Institute for Agriculture, Food, and Environment (INRAE);pp;"";""
10.15468/m97sd2;PELC;P.E.L.C. - Private Entomological Laboratory and Collection;;pp;"";""
10.6084/m9.figshare.c.7149681.v1;Palacký University, Olomouc;Palacký University, Olomouc;University of Nantes;p;"";""
10.6084/m9.figshare.c.6581221.v1;VFN;General University Hospital in Prague;University of Debrecen;pp;"";""
10.48580/dgsv8;PELC;P.E.L.C. - Private Entomological Laboratory and Collection;Real Jardín Botánico de Madrid, CSIC;pp;"";""
10.6084/m9.figshare.c.7264690.v1;CEITEC MU;Central European Institute of Technology – Masaryk University;Masaryk University;p;"";""
10.25345/c5g15tp6w;CULS;Czech University of Life Sciences Prague;Czech University of Life Sciences;p;"";""
10.5281/zenodo.14622373;VÚGTK;Research Institute of Geodesy, Topography and Cartography;Kyiv National University of Construction and Architecture;ppp;"";""
10.5281/zenodo.10680436;CULS;Czech University of Life Sciences Prague;University of Natural Resources and Life Sciences;p;"";""
10.5281/zenodo.6637599;CULS;Czech University of Life Sciences Prague;UK Centre for Ecology and Hydrology, Edinburgh, UK;p;"";""
10.6084/m9.figshare.c.5265220.v1;CRI;Crop Research Institute;Chinese Academy of Agricultural Sciences;p;"";""
10.48580/dgsv8;PELC;P.E.L.C. - Private Entomological Laboratory and Collection;;pp;"";""
10.5281/zenodo.10888833;Palacký University, Olomouc;Palacký University, Olomouc;;p;"";""
10.5281/zenodo.7607070;ČVUT;Czech Technical University in Prague;Brno University of Technology;p;"";""
10.6084/m9.figshare.c.6068033.v1;CASRI;Sports Research Institute Of Czech Armed Forces;Charles University;p;"";""
10.48580/dgtg4;PELC;P.E.L.C. - Private Entomological Laboratory and Collection;;pp;"";""
10.48580/dgt98;PELC;P.E.L.C. - Private Entomological Laboratory and Collection;;pp;"";""
10.17632/tstnn6m75z.2;CULS;Czech University of Life Sciences Prague;J. Selye University in Komárno;p;"";""
10.48580/dgt98;PELC;P.E.L.C. - Private Entomological Laboratory and Collection;Oberostereichisches Landesmuseum;pp;"";""
10.6084/m9.figshare.c.6629419.v1;Hospital Jihlava;Hospital Jihlava;Charles University;p;"";""
10.6084/m9.figshare.20282209.v1;CULS;Czech University of Life Sciences Prague;Mendel University Brno;p;"";""
10.5281/zenodo.7415164;CRI;Crop Research Institute;University of Almeria;p;"";""
10.6084/m9.figshare.c.7392838.v1;University Hospital Brno;University Hospital Brno;Medical University of Vienna;p;"";""
10.5281/zenodo.15154492;University Hospital Hradec Králové;University Hospital Hradec Králové;;p;"";""
10.18419/darus-4117/15;CULS;Czech University of Life Sciences Prague;University of Novi Sad;p;"";""
10.15468/m97sd2;PELC;P.E.L.C. - Private Entomological Laboratory and Collection;Oberösterreichisches Landesmuseum;pp;"";""
10.6084/m9.figshare.c.7760601.v1;CULS;Czech University of Life Sciences Prague;Slovak University of Agriculture;p;"";""
10.48580/dgs4f;PELC;P.E.L.C. - Private Entomological Laboratory and Collection;;pp;"";""
10.15468/m97sd2;PELC;P.E.L.C. - Private Entomological Laboratory and Collection;;pp;"";""
10.18434/mds2-3837;FZU;Institute of Physics;National Institute of Standards and Technology, Materials Measurement Laboratory;p;"";""
10.6084/m9.figshare.c.7563934.v1;Palacký University, Olomouc;Palacký University, Olomouc;Australian Catholic University;p;"";""
10.6084/m9.figshare.c.6033685.v1;CULS;Czech University of Life Sciences Prague;Fraunhofer Institute for Integrated Circuits;p;"";""
10.5281/zenodo.10680436;Jan Evangelista Purkyně University in Ústí nad Labem;Jan Evangelista Purkyně University in Ústí nad Labem;University of Amsterdam;p;"";""
10.48580/dgsv8;PELC;P.E.L.C. - Private Entomological Laboratory and Collection;African Insect Science for Food and Health (ICIPE);pp;p;""
10.48580/dgsv8;PELC;P.E.L.C. - Private Entomological Laboratory and Collection;;pp;"";""
10.6084/m9.figshare.c.7079010.v1;VFN;General University Hospital in Prague;;pp;"";""
10.6084/m9.figshare.c.7844991.v1;IKEM;Institute of Clinical and Experimental Medicine;Czech Academy of Sciences;p;"";""
10.6084/m9.figshare.c.7953063.v1;FNUSA;St. Anne´s University Hospital;LMU Klinikum;p;"";""
10.6084/m9.figshare.c.7038268.v1;University Hospital Brno;University Hospital Brno;Charles University;p;"";""
10.6084/m9.figshare.19915375.v1;CULS;Czech University of Life Sciences Prague;Okinawa Institute of Science and Technology;p;"";""
10.6084/m9.figshare.c.7704113.v1;University Hospital Brno;University Hospital Brno;Masaryk University;p;"";""
10.48580/dgs4f;PELC;P.E.L.C. - Private Entomological Laboratory and Collection;Instituto de Ciencias del Mar y Limnología, UNAM;pp;"";""
10.6084/m9.figshare.c.6683881.v1;FNUSA;St. Anne´s University Hospital;Masaryk University;p;"";""
10.48580/dgsv8;PELC;P.E.L.C. - Private Entomological Laboratory and Collection;;pp;"";""
10.48580/dgs4f;PELC;P.E.L.C. - Private Entomological Laboratory and Collection;Investigador Independiente;pp;p;""
10.5281/zenodo.16894917;CULS;Czech University of Life Sciences Prague;Organic Research Centre;p;"";""
10.5281/zenodo.7194756;IKEM;Institute of Clinical and Experimental Medicine;"Université de Bordeaux; Institut Bergonié";p;"";""
10.6084/m9.figshare.c.6830133.v1;University Hospital Ostrava;University Hospital Ostrava;University of South Bohemia in České Budějovice;p;"";""
10.48580/dgtg4;PELC;P.E.L.C. - Private Entomological Laboratory and Collection;Institut Pasteur du Laos;pp;p;""
10.48580/dgs4f;PELC;P.E.L.C. - Private Entomological Laboratory and Collection;;pp;"";""
10.6084/m9.figshare.c.6768681.v1;University Hospital Brno;University Hospital Brno;Global Change Research Institute;p;"";""
10.48580/dgt98;PELC;P.E.L.C. - Private Entomological Laboratory and Collection;University of Gdansk;pp;"";""
10.6084/m9.figshare.c.7196998.v1;Military University Hospital Prague;Military University Hospital Prague;University Hospital Hradec Králové;pp;p;""
10.48580/dgs4f;PELC;P.E.L.C. - Private Entomological Laboratory and Collection;;pp;"";""
10.48580/dgs4f;PELC;P.E.L.C. - Private Entomological Laboratory and Collection;;pp;"";""
10.6084/m9.figshare.c.7828330.v1;CEITEC ;Central European Institute of Technology;KU Leuven;p;"";""
10.48580/dgtg4;PELC;P.E.L.C. - Private Entomological Laboratory and Collection;University of Modena and Reggio E.;pp;"";""
10.15468/hv3p8a;CRI;Crop Research Institute;Research Institute for Nature and Forest (INBO);p;"";""
10.6084/m9.figshare.c.6577006.v1;Jan Evangelista Purkyně University in Ústí nad Labem;Jan Evangelista Purkyně University in Ústí nad Labem;RWTH Aachen University;p;"";""
10.15468/m97sd2;PELC;P.E.L.C. - Private Entomological Laboratory and Collection;;pp;"";""
10.6084/m9.figshare.c.6577337.v1;University Hospital Ostrava;University Hospital Ostrava;Charles University;p;"";""
10.48580/dgs4f;PELC;P.E.L.C. - Private Entomological Laboratory and Collection;Key Laboratory of Animal Ecology and Conservation Biology, Chinese Academy of Sciences;pp;"";""
10.6084/m9.figshare.c.6917421.v1;CULS;Czech University of Life Sciences Prague;University of Zagreb;p;"";""
10.5281/zenodo.10888833;Palacký University, Olomouc;Palacký University, Olomouc;;p;"";""
10.15468/m97sd2;PELC;P.E.L.C. - Private Entomological Laboratory and Collection;;pp;"";""
10.6084/m9.figshare.c.7206714.v1;University Hospital Hradec Králové;University Hospital Hradec Králové;Medical University of Vienna;p;"";""
10.5281/zenodo.15042164;ČVUT;Czech Technical University in Prague;Durham University;p;"";""
10.5061/dryad.wh70rxwnv;Institute of Parasitology;Institute of Parasitology;Dalhousie University;p;"";""
10.48580/dgs4f;PELC;P.E.L.C. - Private Entomological Laboratory and Collection;;pp;"";""
10.6084/m9.figshare.c.7563934.v1;Palacký University, Olomouc;Palacký University, Olomouc;Arizona State University;p;"";""
10.48580/dgsv8;PELC;P.E.L.C. - Private Entomological Laboratory and Collection;;pp;"";""
10.48580/dgs4f;PELC;P.E.L.C. - Private Entomological Laboratory and Collection;;pp;"";""
10.6084/m9.figshare.c.7885117.v1;Palacký University, Olomouc;Palacký University, Olomouc;Helmholtz-Zentrum Dresden-Rossendorf;p;"";""
10.5281/zenodo.7333636;CRI;Crop Research Institute;KIS, Ljubljana, Slovenia;p;"";""
10.48580/dgtg4;PELC;P.E.L.C. - Private Entomological Laboratory and Collection;;pp;"";""
10.48580/dgs4f;PELC;P.E.L.C. - Private Entomological Laboratory and Collection;;pp;"";""
10.48580/dgtg4;PELC;P.E.L.C. - Private Entomological Laboratory and Collection;;pp;"";""
10.5281/zenodo.7556866;Palacký University, Olomouc;Palacký University, Olomouc;Institute of Forest Ecology SAS;p;"";""
10.15468/t53vdw;Palacký University, Olomouc;Palacký University, Olomouc;University of Warsaw;p;"";""
10.48580/dgt98;PELC;P.E.L.C. - Private Entomological Laboratory and Collection;;pp;"";""
10.6084/m9.figshare.c.6579350.v1;CULS;Czech University of Life Sciences Prague;University of Murcia;p;"";""
10.5281/zenodo.7977693;CULS;Czech University of Life Sciences Prague;University of Vienna;p;"";""
10.6084/m9.figshare.c.7563934.v1;Palacký University, Olomouc;Palacký University, Olomouc;University of California, San Diego;p;"";""
10.48580/dgtg4;PELC;P.E.L.C. - Private Entomological Laboratory and Collection;;pp;"";""
10.48580/dgsv8;PELC;P.E.L.C. - Private Entomological Laboratory and Collection;;pp;"";""
10.48580/dgt98;PELC;P.E.L.C. - Private Entomological Laboratory and Collection;;pp;"";""
10.5281/zenodo.14638896;VFN;General University Hospital in Prague;;pp;"";""
10.15468/m97sd2;PELC;P.E.L.C. - Private Entomological Laboratory and Collection;;pp;"";""
10.48580/dgtg4;PELC;P.E.L.C. - Private Entomological Laboratory and Collection;;pp;"";""
10.15468/m97sd2;PELC;P.E.L.C. - Private Entomological Laboratory and Collection;;pp;"";""
10.15468/m97sd2;PELC;P.E.L.C. - Private Entomological Laboratory and Collection;GBIF;pp;"";""
10.5281/zenodo.5711706;CULS;Czech University of Life Sciences Prague;CREAF;p;"";""
10.48580/dgs4f;PELC;P.E.L.C. - Private Entomological Laboratory and Collection;Zoological Museum, University of Turku;pp;"";""
10.6084/m9.figshare.c.7221971.v1;Jan Evangelista Purkyně University in Ústí nad Labem;Jan Evangelista Purkyně University in Ústí nad Labem;Institute of Microbiology;p;"";""
10.48580/dgt98;PELC;P.E.L.C. - Private Entomological Laboratory and Collection;;pp;"";""
10.5281/zenodo.8375552;CULS;Czech University of Life Sciences Prague;Albert-Ludwigs-Universität Freiburg;p;"";""
10.5061/dryad.wh70rxwnv;Institute of Parasitology;Institute of Parasitology;Dalhousie University;p;"";""
10.6084/m9.figshare.c.7640687.v1;ČVUT;Czech Technical University in Prague;Institute of Haematology and Blood Transfusion;p;"";""
10.48580/dgt98;PELC;P.E.L.C. - Private Entomological Laboratory and Collection;;pp;"";""
10.57760/sciencedb.ecodb.00170;CULS;Czech University of Life Sciences Prague;Texas Tech University;p;"";""
10.48580/dgs4f;PELC;P.E.L.C. - Private Entomological Laboratory and Collection;;pp;"";""
10.48580/dgsv8;PELC;P.E.L.C. - Private Entomological Laboratory and Collection;Centro de Estudos dos Quelônios da Amazônia - CEQUA;pp;"";""
10.48580/dgt98;PELC;P.E.L.C. - Private Entomological Laboratory and Collection;;pp;"";""
10.6084/m9.figshare.c.6872952.v1;CULS;Czech University of Life Sciences Prague;Mendel University in Brno;p;"";""
10.6084/m9.figshare.c.6787807.v1;University Hospital Olomouc;University Hospital Olomouc;Lithuanian University of Health Sciences;p;"";""
10.15468/hv3p8a;CRI;Crop Research Institute;University of Zagreb;p;"";""
10.5281/zenodo.10680436;Jan Evangelista Purkyně University in Ústí nad Labem;Jan Evangelista Purkyně University in Ústí nad Labem;Institute of Marine Sciences, National Research Council (CNR-ISMAR);p;"";""
10.6084/m9.figshare.c.6004076.v1;Fakultní Nemocnice Plzeň;Fakultní Nemocnice Plzeň;Karolinska Institute;p;"";""
10.48580/dgtg4;PELC;P.E.L.C. - Private Entomological Laboratory and Collection;FADA, Royal Belgian Institute of Natural Sciences (RBINS);pp;"";""
10.48580/dgtg4;PELC;P.E.L.C. - Private Entomological Laboratory and Collection;;pp;"";""
10.48580/dgsv8;PELC;P.E.L.C. - Private Entomological Laboratory and Collection;Systematic Entomology Laboratory, Agricultural Research Service, USDA c/o National Museum of Natural History, Smithsonian Institution;pp;"";""
10.6084/m9.figshare.c.7599457.v1;Palacký University, Olomouc;Palacký University, Olomouc;East Bohemian Museum;p;"";""
10.48580/dgt98;PELC;P.E.L.C. - Private Entomological Laboratory and Collection;;pp;"";""
10.6084/m9.figshare.c.6650182.v1;FNUSA-ICRC;International Clinical Research Center of St. Anne's University Hospital Brno;Masaryk University;p;"";""
10.48580/dgtg4;PELC;P.E.L.C. - Private Entomological Laboratory and Collection;Universidade Estadual do Centro-Oeste;pp;"";""
10.48580/dgtg4;PELC;P.E.L.C. - Private Entomological Laboratory and Collection;European Environment Agency;pp;p;""
10.14473/csda/nyxqpt;Institute of Philosophy;Institute of Philosophy;(Tel-Hai College, University of Haifa);pp;"";""
10.5281/zenodo.7809039;UPMD;Ústav pro péči o matku a dítě;Institute for the Care of Mother and Child, Third Faculty of Medicine, Charles University;pp;"";""
10.6084/m9.figshare.c.6926742.v1;FNUSA-ICRC;International Clinical Research Center of St. Anne's University Hospital Brno;Federal Institute for Risk Assessment;p;"";""
10.6084/m9.figshare.c.6317120.v1;VFN;General University Hospital in Prague;University College London;pp;"";""
10.6084/m9.figshare.c.6261502.v1;University Hospital Hradec Králové;University Hospital Hradec Králové;Aarhus University;p;"";""
10.48580/dgsv8;PELC;P.E.L.C. - Private Entomological Laboratory and Collection;;pp;"";""
10.5281/zenodo.15069069;Institute of Experimental Medicine;Institute of Experimental Medicine;Italian Institute for Genomic Medicine (IIGM), c/o IRCCS Candiolo, Italy;p;"";""
10.5281/zenodo.10888833;Palacký University, Olomouc;Palacký University, Olomouc;;p;"";""
10.6084/m9.figshare.c.6585787.v1;VFN;General University Hospital in Prague;Charles University;pp;"";""
10.48580/dgsv8;PELC;P.E.L.C. - Private Entomological Laboratory and Collection;French National Institute for Agriculture, Food, and Environment (INRAE);pp;"";""
10.48580/dgt98;PELC;P.E.L.C. - Private Entomological Laboratory and Collection;;pp;"";""
10.6084/m9.figshare.c.7279053.v1;Palacký University, Olomouc;Palacký University, Olomouc;Charles University;p;"";""
10.6084/m9.figshare.c.6683881.v1;FNUSA-ICRC;International Clinical Research Center of St. Anne's University Hospital Brno;Masaryk University;p;"";""
10.6084/m9.figshare.c.7811402.v1;University Hospital Brno;University Hospital Brno;Masaryk University;p;"";""
10.6084/m9.figshare.c.6787450.v1;CEITEC ;Central European Institute of Technology;Medical University of Vienna;p;"";""
10.15468/m97sd2;PELC;P.E.L.C. - Private Entomological Laboratory and Collection;;pp;"";""
10.5281/zenodo.17083924;CULS;Czech University of Life Sciences Prague;Jagiellonian University;p;"";""
10.6084/m9.figshare.c.6851848.v1;Palacký University, Olomouc;Palacký University, Olomouc;Charles University;p;"";""
10.48580/dgt98;PELC;P.E.L.C. - Private Entomological Laboratory and Collection;Royal Belgian Institute of Natural Sciences;pp;"";""
10.48580/dgs4f;PELC;P.E.L.C. - Private Entomological Laboratory and Collection;Christian-Albrechts-Universität;pp;"";""
10.48580/dgtg4;PELC;P.E.L.C. - Private Entomological Laboratory and Collection;;pp;"";""
10.5281/zenodo.6637599;CULS;Czech University of Life Sciences Prague;Jomo Kenyatta University of Agriculture and Technology (JKUAT), 62000, 00200 Nairobi, Kenya;p;"";""
10.5281/zenodo.6810569;CULS;Czech University of Life Sciences Prague;Czech University of Life Sciences;p;"";""
10.6084/m9.figshare.c.6317120.v1;VFN;General University Hospital in Prague;Karolinska Institute;pp;"";""
10.18419/darus-4117/4;CULS;Czech University of Life Sciences Prague;Coll Coll;p;"";""
10.57760/sciencedb.07380;FZU;Institute of Physics;International Magnetobiology Frontier Research Center (iMFRC), Science Island, 230031, China;p;"";""
10.6084/m9.figshare.c.6592046.v1;FNUSA-ICRC;International Clinical Research Center of St. Anne's University Hospital Brno;Masaryk University;p;"";""
10.48580/dgt98;PELC;P.E.L.C. - Private Entomological Laboratory and Collection;;pp;"";""
10.48580/dgsv8;PELC;P.E.L.C. - Private Entomological Laboratory and Collection;Natural History Museum;pp;"";""
10.18419/darus-4117/16;ČVUT;Czech Technical University in Prague;Czech University of Life Sciences;p;"";""
10.48580/dgs4f;PELC;P.E.L.C. - Private Entomological Laboratory and Collection;Zoological Institute RAS;pp;"";""
10.48580/dgsv8;PELC;P.E.L.C. - Private Entomological Laboratory and Collection;Vlaams Instituut voor de Zee (VLIZ);pp;"";""
10.5281/zenodo.17162242;CULS;Czech University of Life Sciences Prague;University of Helsinki;p;"";""
10.6084/m9.figshare.c.7206675.v1;VFU;University of Veterinary and Pharmaceutical Sciences;Masaryk University;p;"";""
10.7910/dvn/vbwuvg;Palacký University, Olomouc;Palacký University, Olomouc;Comenius University;p;"";""
10.6084/m9.figshare.c.6804718.v1;CEITEC ;Central European Institute of Technology;Masaryk University;p;"";""
10.6084/m9.figshare.19470467.v1;CEITEC ;Central European Institute of Technology;Medical University of Vienna;p;"";""
10.6084/m9.figshare.c.7149681.v1;Palacký University, Olomouc;Palacký University, Olomouc;Charles University;p;"";""
10.48580/dgsv8;PELC;P.E.L.C. - Private Entomological Laboratory and Collection;;pp;"";""
10.6084/m9.figshare.c.7206714.v1;University Hospital Hradec Králové;University Hospital Hradec Králové;University of Latvia;p;"";""
10.48580/dgt98;PELC;P.E.L.C. - Private Entomological Laboratory and Collection;;pp;"";""
10.5281/zenodo.5711706;CULS;Czech University of Life Sciences Prague;University Greifswald;p;"";""
10.48580/dgsv8;PELC;P.E.L.C. - Private Entomological Laboratory and Collection;;pp;"";""
10.5281/zenodo.4551727;SZU;National Institute of Public Health;National Food Institute - The Technical University of Denmark, Denmark;p;"";""
10.6084/m9.figshare.c.6033685.v1;CULS;Czech University of Life Sciences Prague;Fraunhofer Institute for Integrated Circuits;p;"";""
10.6084/m9.figshare.c.6579350.v1;CULS;Czech University of Life Sciences Prague;Virginia Tech;p;"";""
10.48580/dgs4f;PELC;P.E.L.C. - Private Entomological Laboratory and Collection;;pp;"";""
10.48580/dgt98;PELC;P.E.L.C. - Private Entomological Laboratory and Collection;;pp;"";""
10.17632/9kgrdn2yhx.2;VSE;University of Economics Prague;;p;"";""
10.48580/dgtg4;PELC;P.E.L.C. - Private Entomological Laboratory and Collection;Universidad de Guadalajara;pp;"";""
10.6084/m9.figshare.c.5944552.v1;ČVUT;Czech Technical University in Prague;Institute of Molecular Genetics;p;"";""
10.6084/m9.figshare.c.7372004.v1;FNUSA;St. Anne´s University Hospital;Masaryk University;p;"";""
10.6084/m9.figshare.c.6872952.v1;Institute of Parasitology;Institute of Parasitology;Institute of Vertebrate Biology;p;"";""
10.24435/materialscloud:36-d3;FZU;Institute of Physics;IBM Research─Zurich, Säumerstrasse 4, 8803 Rüschlikon, Switzerland;p;"";""
10.48580/dgs4f;PELC;P.E.L.C. - Private Entomological Laboratory and Collection;A Rocha Kenya;pp;"";""
10.6084/m9.figshare.c.6787450.v1;CEITEC MU;Central European Institute of Technology – Masaryk University;Almac (United Kingdom);p;"";""
10.5281/zenodo.11454277;CULS;Czech University of Life Sciences Prague;Norwegian Institute for Nature Research, Oslo, Norway;p;"";""
10.48580/dgs4f;PELC;P.E.L.C. - Private Entomological Laboratory and Collection;;pp;"";""
10.6084/m9.figshare.20035640.v1;Palacký University, Olomouc;Palacký University, Olomouc;Rothamsted Research;p;"";""
10.6084/m9.figshare.c.6317120.v1;VFN;General University Hospital in Prague;Karolinska Institute;pp;"";""
10.48580/dgtg4;PELC;P.E.L.C. - Private Entomological Laboratory and Collection;A Rocha Kenya;pp;"";""
10.14473/csda/nyxqpt/hckaho;Institute of Philosophy;Institute of Philosophy;(Tel Aviv University);pp;"";""
10.6084/m9.figshare.c.6830133.v1;University Hospital Ostrava;University Hospital Ostrava;University of Bologna;p;"";""
10.15468/m97sd2;PELC;P.E.L.C. - Private Entomological Laboratory and Collection;The University of Alabama;pp;"";""
10.48580/dgt98;PELC;P.E.L.C. - Private Entomological Laboratory and Collection;;pp;"";""
10.15468/m97sd2;PELC;P.E.L.C. - Private Entomological Laboratory and Collection;GBIF;pp;"";""
10.48580/dgt98;PELC;P.E.L.C. - Private Entomological Laboratory and Collection;;pp;"";""
10.6084/m9.figshare.c.6629419.v1;University Hospital in Motol;University Hospital in Motol;;p;"";""
10.48580/dgs4f;PELC;P.E.L.C. - Private Entomological Laboratory and Collection;Universidade de Lisboa, Faculdade de Ciências (DBV – Dep. de Biologia Vegetal), CBA – Centro de Biologia Ambiental;pp;p;""
10.5281/zenodo.7193798;ITAM AS CR;Institute of Theoretical and Applied Mechanics;Institute for Building Materials, ETH Zurich, Switzerland;pp;"";""
10.6084/m9.figshare.c.7264690.v1;CEITEC ;Central European Institute of Technology;Masaryk University;p;"";""
10.6084/m9.figshare.c.6615102.v1;VFN;General University Hospital in Prague;Comenius University;pp;"";""
10.15468/m97sd2;PELC;P.E.L.C. - Private Entomological Laboratory and Collection;;pp;"";""
10.48580/dgtg4;PELC;P.E.L.C. - Private Entomological Laboratory and Collection;;pp;"";""
10.6084/m9.figshare.c.6787450.v1;CEITEC ;Central European Institute of Technology;Queen's University Belfast;p;"";""
10.48580/dgtg4;PELC;P.E.L.C. - Private Entomological Laboratory and Collection;;pp;"";""
10.48580/dgs4f;PELC;P.E.L.C. - Private Entomological Laboratory and Collection;;pp;"";""
10.48580/dgtg4;PELC;P.E.L.C. - Private Entomological Laboratory and Collection;The Natural History Museum;pp;"";""
10.48580/dgsv8;PELC;P.E.L.C. - Private Entomological Laboratory and Collection;Universidad Nacional de Avellaneda;pp;"";""
10.15468/m97sd2;PELC;P.E.L.C. - Private Entomological Laboratory and Collection;;pp;"";""
10.48580/dgtg4;PELC;P.E.L.C. - Private Entomological Laboratory and Collection;Universidad del Tolima;pp;"";""
10.6084/m9.figshare.c.5995626.v1;University Hospital Brno;University Hospital Brno;Rems-Murr-Klinikum;p;"";""
10.6084/m9.figshare.c.7798513.v1;ČVUT;Czech Technical University in Prague;Institute of Molecular and Translational Medicine;p;"";""
10.6084/m9.figshare.c.6804718.v1;CEITEC ;Central European Institute of Technology;Masaryk University;p;"";""
10.6084/m9.figshare.c.7220407.v1;University Hospital Olomouc;University Hospital Olomouc;Institute of Biotechnology;p;"";""
10.6084/m9.figshare.c.7649648.v1;CEITEC ;Central European Institute of Technology;Masaryk University;p;"";""
10.6084/m9.figshare.c.6787450.v1;CEITEC ;Central European Institute of Technology;Queen's University Belfast;p;"";""
10.6084/m9.figshare.c.6317120.v1;VFN;General University Hospital in Prague;University College London;pp;"";""
10.48580/dgtg4;PELC;P.E.L.C. - Private Entomological Laboratory and Collection;;pp;"";""
10.6084/m9.figshare.c.6770757.v1;CULS;Czech University of Life Sciences Prague;Mendel University in Brno;p;"";""
10.6084/m9.figshare.c.7828330.v1;CEITEC ;Central European Institute of Technology;University of Tartu;p;"";""
10.6084/m9.figshare.c.7149681.v1;VSE;University of Economics Prague;University of Nantes;p;"";""
10.15468/m97sd2;PELC;P.E.L.C. - Private Entomological Laboratory and Collection;;pp;"";""
10.6084/m9.figshare.19915375.v1;CULS;Czech University of Life Sciences Prague;Okinawa Institute of Science and Technology;p;"";""
10.7910/dvn/e8pzbl;Palacký University, Olomouc;Palacký University, Olomouc;Lancaster University;p;"";""
10.48580/dgtg4;PELC;P.E.L.C. - Private Entomological Laboratory and Collection;GBIF;pp;"";""
10.6084/m9.figshare.c.6768681.v1;University Hospital Brno;University Hospital Brno;Masaryk University;p;"";""
10.6084/m9.figshare.c.7232063.v1;University Hospital Hradec Králové;University Hospital Hradec Králové;University of Granada;p;"";""
10.6084/m9.figshare.c.5923208.v1;CEITEC ;Central European Institute of Technology;Medical University of Vienna;p;"";""
10.15468/t53vdw;Palacký University, Olomouc;Palacký University, Olomouc;University of Warsaw;p;"";""
10.5281/zenodo.13884524;CEITEC ;Central European Institute of Technology;Norwegian Institute for Water Research;p;"";""
10.6084/m9.figshare.c.7801480.v1;CEITEC MU;Central European Institute of Technology – Masaryk University;University of Veterinary Medicine Vienna;p;"";""
10.6084/m9.figshare.c.6581221.v1;VFN;General University Hospital in Prague;University Hospital in Motol;pp;p;""
10.15468/m97sd2;PELC;P.E.L.C. - Private Entomological Laboratory and Collection;Museo Nacional de Ciencias Naturales;pp;"";""
10.6084/m9.figshare.c.6787807.v1;Palacký University, Olomouc;Palacký University, Olomouc;University of Tartu;p;"";""
10.6084/m9.figshare.20035640.v1;IEB;Institute of Experimental Botany;Rothamsted Research;p;"";""
10.6084/m9.figshare.c.6926742.v1;FNUSA;St. Anne´s University Hospital;Freie Universität Berlin;p;"";""
10.6084/m9.figshare.c.7801480.v1;CEITEC MU;Central European Institute of Technology – Masaryk University;Innsbruck Medical University;p;"";""
10.48580/dgs4f;PELC;P.E.L.C. - Private Entomological Laboratory and Collection;;pp;"";""
10.48580/dgsv8;PELC;P.E.L.C. - Private Entomological Laboratory and Collection;;pp;"";""
10.15468/m97sd2;PELC;P.E.L.C. - Private Entomological Laboratory and Collection;Missouri Botanical Garden;pp;"";""
10.48580/dgs4f;PELC;P.E.L.C. - Private Entomological Laboratory and Collection;Museo Nacional de Ciencias Naturales;pp;"";""
10.15468/m97sd2;PELC;P.E.L.C. - Private Entomological Laboratory and Collection;;pp;"";""
10.6084/m9.figshare.c.6770757.v1;VFU;University of Veterinary and Pharmaceutical Sciences;Mendel University in Brno;p;"";""
10.48580/dgs4f;PELC;P.E.L.C. - Private Entomological Laboratory and Collection;Pennsylvania State University;pp;p;""
10.5281/zenodo.15138008;CRI;Crop Research Institute;Rudolfstetten, Switzerland;p;"";""
10.5281/zenodo.10888833;Palacký University, Olomouc;Palacký University, Olomouc;;p;"";""
10.15468/m97sd2;PELC;P.E.L.C. - Private Entomological Laboratory and Collection;;pp;"";""
10.48580/dgt98;PELC;P.E.L.C. - Private Entomological Laboratory and Collection;;pp;"";""
10.6084/m9.figshare.20341686.v1;University Hospital Brno;University Hospital Brno;Masaryk University;p;"";""
10.5281/zenodo.11454277;CULS;Czech University of Life Sciences Prague;Research Institute for Nature and Forest (INBO), Geraardsbergen, Belgium;p;"";""
10.6084/m9.figshare.c.7264690.v1;CEITEC ;Central European Institute of Technology;Masaryk University;p;"";""
10.48580/dgsv8;PELC;P.E.L.C. - Private Entomological Laboratory and Collection;;pp;"";""
10.48580/dgt98;PELC;P.E.L.C. - Private Entomological Laboratory and Collection;Entomology, Staatliches Museum für Naturkunde Stuttgart;pp;"";""
10.5281/zenodo.15154495;University Hospital Hradec Králové;University Hospital Hradec Králové;;p;"";""
10.15468/m97sd2;PELC;P.E.L.C. - Private Entomological Laboratory and Collection;;pp;"";""
10.48580/dgtg4;PELC;P.E.L.C. - Private Entomological Laboratory and Collection;;pp;"";""
10.6084/m9.figshare.c.5399421.v1;CULS;Czech University of Life Sciences Prague;Zhejiang University;p;"";""
10.48580/dgtg4;PELC;P.E.L.C. - Private Entomological Laboratory and Collection;;pp;"";""
10.5281/zenodo.11212280;ITAM AS CR;Institute of Theoretical and Applied Mechanics;Institute of Geochemistry, Mineralogy and Mineral Resources, Faculty of Science, Charles University;pp;"";""
10.5281/zenodo.5711706;CULS;Czech University of Life Sciences Prague;Charles University;p;"";""
10.6084/m9.figshare.c.7801480.v1;CEITEC ;Central European Institute of Technology;University of Veterinary Medicine Vienna;p;"";""
10.48580/dgs4f;PELC;P.E.L.C. - Private Entomological Laboratory and Collection;;pp;"";""
10.6084/m9.figshare.c.6103083.v1;University Hospital Brno;University Hospital Brno;Masaryk University;p;"";""
10.5281/zenodo.6421142;J. Heyrovsky Institute of Physical Chemistry;J. Heyrovsky Institute of Physical Chemistry;University of Bern, Bern, Switzerland;p;"";""
10.48580/dgtg4;PELC;P.E.L.C. - Private Entomological Laboratory and Collection;;pp;"";""
10.48580/dgt98;PELC;P.E.L.C. - Private Entomological Laboratory and Collection;;pp;"";""
10.5281/zenodo.5788186;VSE;University of Economics Prague;Centre for Social Informatics, Faculty of Social Sciences, University of Ljubljana, Ljubljana, Slovenia;p;"";""
10.15468/t53vdw;Palacký University, Olomouc;Palacký University, Olomouc;Charles University;p;"";""
10.15468/m97sd2;PELC;P.E.L.C. - Private Entomological Laboratory and Collection;;pp;"";""
10.6084/m9.figshare.c.7591224.v1;CULS;Czech University of Life Sciences Prague;University of Bucharest;p;"";""
10.6084/m9.figshare.c.7040196.v1;FNUSA;St. Anne´s University Hospital;Celica (Slovenia);p;"";""
10.48580/dgsv8;PELC;P.E.L.C. - Private Entomological Laboratory and Collection;;pp;"";""
10.6084/m9.figshare.c.7017686.v1;VFN;General University Hospital in Prague;University of Oxford;pp;"";""
10.48580/dgtg4;PELC;P.E.L.C. - Private Entomological Laboratory and Collection;;pp;"";""
10.18419/darus-4117/10;CULS;Czech University of Life Sciences Prague;Czech University of Life Sciences;p;"";""
10.5281/zenodo.10680436;CULS;Czech University of Life Sciences Prague;Thünen-Institute of Biodiversity, Braunschweig;p;"";""
10.48580/dgtg4;PELC;P.E.L.C. - Private Entomological Laboratory and Collection;;pp;"";""
10.48580/dgtg4;PELC;P.E.L.C. - Private Entomological Laboratory and Collection;;pp;"";""
10.48580/dgsv8;PELC;P.E.L.C. - Private Entomological Laboratory and Collection;;pp;"";""
10.15468/m97sd2;PELC;P.E.L.C. - Private Entomological Laboratory and Collection;;pp;"";""
10.6084/m9.figshare.c.7844991.v1;IKEM;Institute of Clinical and Experimental Medicine;Charles University;p;"";""
10.5281/zenodo.7002917;J. Heyrovsky Institute of Physical Chemistry;J. Heyrovsky Institute of Physical Chemistry;NCCR Catalysis, University of Bern;p;"";""
10.6084/m9.figshare.c.6728494.v1;CULS;Czech University of Life Sciences Prague;Charles University;p;"";""
10.6084/m9.figshare.c.6319614.v1;IKEM;Institute of Clinical and Experimental Medicine;Charles University;p;"";""
10.6084/m9.figshare.c.6957969.v1;Palacký University, Olomouc;Palacký University, Olomouc;Charles University;p;"";""
10.15468/m97sd2;PELC;P.E.L.C. - Private Entomological Laboratory and Collection;;pp;"";""
10.48580/dgsv8;PELC;P.E.L.C. - Private Entomological Laboratory and Collection;;pp;"";""
10.48580/dgs4f;PELC;P.E.L.C. - Private Entomological Laboratory and Collection;Laboratory Biodiversity and Ecosysteme Functioning, University of Metz;pp;"";""
10.6084/m9.figshare.c.6586648.v1;CULS;Czech University of Life Sciences Prague;;p;"";""
10.5061/dryad.vmcvdncsz;IEB;Institute of Experimental Botany;Institute of Agricultural and Environmental Sciences;p;"";""
10.15468/m97sd2;PELC;P.E.L.C. - Private Entomological Laboratory and Collection;;pp;"";""
10.5281/zenodo.10680436;Jan Evangelista Purkyně University in Ústí nad Labem;Jan Evangelista Purkyně University in Ústí nad Labem;Water Research Institute (CNR-IRSA), National Research Council;p;"";""
10.15468/m97sd2;PELC;P.E.L.C. - Private Entomological Laboratory and Collection;;pp;"";""
10.5281/zenodo.6637599;CULS;Czech University of Life Sciences Prague;University of California Berkeley, Berkeley, CA 94720 USA;p;"";""
10.6084/m9.figshare.c.6683881.v1;FNUSA;St. Anne´s University Hospital;Masaryk University;p;"";""
10.48580/dgt98;PELC;P.E.L.C. - Private Entomological Laboratory and Collection;;pp;"";""
10.48580/dgtg4;PELC;P.E.L.C. - Private Entomological Laboratory and Collection;WWF;pp;"";""
10.48580/dgs4f;PELC;P.E.L.C. - Private Entomological Laboratory and Collection;Naturalis Biodiversity Center;pp;"";""
10.15468/m97sd2;PELC;P.E.L.C. - Private Entomological Laboratory and Collection;;pp;"";""
10.48580/dgs4f;PELC;P.E.L.C. - Private Entomological Laboratory and Collection;Research Institute for Nature and Forest (INBO);pp;"";""
10.6084/m9.figshare.19470467.v1;CEITEC ;Central European Institute of Technology;University of Veterinary Medicine Vienna;p;"";""
10.6084/m9.figshare.c.7057817.v1;Palacký University, Olomouc;Palacký University, Olomouc;Semmelweis University;p;"";""
10.57760/sciencedb.j00104.00075;ČVUT;Czech Technical University in Prague;University of Oxford;p;"";""
10.6084/m9.figshare.c.7844991.v1;IKEM;Institute of Clinical and Experimental Medicine;Charles University;p;"";""
10.6084/m9.figshare.20484741.v1;Biopticka Laborator (Czechia);Biopticka Laborator (Czechia);Charles University;p;"";""
10.48580/dgtg4;PELC;P.E.L.C. - Private Entomological Laboratory and Collection;;pp;"";""
10.48580/dgs4f;PELC;P.E.L.C. - Private Entomological Laboratory and Collection;;pp;"";""
10.48580/dgsv8;PELC;P.E.L.C. - Private Entomological Laboratory and Collection;;pp;"";""
10.6084/m9.figshare.c.7040196.v1;FNUSA-ICRC;International Clinical Research Center of St. Anne's University Hospital Brno;University of Catania;p;"";""
10.48580/dgt98;PELC;P.E.L.C. - Private Entomological Laboratory and Collection;;pp;"";""
10.6084/m9.figshare.c.6585787.v1;University Hospital in Motol;University Hospital in Motol;Charles University;p;"";""
10.48580/dgtg4;PELC;P.E.L.C. - Private Entomological Laboratory and Collection;;pp;"";""
10.48580/dgtg4;PELC;P.E.L.C. - Private Entomological Laboratory and Collection;;pp;"";""
10.14473/csda/fwitxt;CULS;Czech University of Life Sciences Prague;(Česká zemědělská univerzita);p;"";""
10.48580/dgtg4;PELC;P.E.L.C. - Private Entomological Laboratory and Collection;;pp;"";""
10.48580/dgtg4;PELC;P.E.L.C. - Private Entomological Laboratory and Collection;;pp;"";""
10.6084/m9.figshare.c.6756018.v1;Biopticka Laborator (Czechia);Biopticka Laborator (Czechia);Nature Research Centre;p;"";""
10.48580/dgs4f;PELC;P.E.L.C. - Private Entomological Laboratory and Collection;cE3c- Centre for Ecology, Evolution and Environmental Changes, Azorean Biodiversity Group, CHANGE – Global Change and Sustainability Institute, Faculty of Sciences and Technology, University of the Azores;pp;p;""
10.5281/zenodo.5142371;CEITEC ;Central European Institute of Technology;Magnetic Resonance Center (CERM), University of Florence;p;"";""
10.6084/m9.figshare.c.7595338.v1;VFU;University of Veterinary and Pharmaceutical Sciences;Charles University;p;"";""
10.21227/z36r-0m98;Palacký University, Olomouc;Palacký University, Olomouc;University of Defence;p;"";""
10.6084/m9.figshare.c.7040196.v1;Palacký University, Olomouc;Palacký University, Olomouc;University of Ljubljana;p;"";""
10.48580/dgt98;PELC;P.E.L.C. - Private Entomological Laboratory and Collection;;pp;"";""
10.48580/dgtg4;PELC;P.E.L.C. - Private Entomological Laboratory and Collection;;pp;"";""
10.6084/m9.figshare.c.7823284.v1;Palacký University, Olomouc;Palacký University, Olomouc;Australian Catholic University;p;"";""
10.5281/zenodo.7415164;CRI;Crop Research Institute;KU LEUVEN;p;"";""
10.6084/m9.figshare.c.7206675.v1;CULS;Czech University of Life Sciences Prague;Czech Academy of Sciences;p;"";""
10.6084/m9.figshare.19470467.v1;CEITEC ;Central European Institute of Technology;Medical University of Vienna;p;"";""
10.6084/m9.figshare.c.7828330.v1;CEITEC ;Central European Institute of Technology;Vrije Universiteit Brussel;p;"";""
10.6084/m9.figshare.c.7801480.v1;CEITEC ;Central European Institute of Technology;Umeå University;p;"";""
10.6084/m9.figshare.c.6925570.v1;CULS;Czech University of Life Sciences Prague;University of Bayreuth;p;"";""
10.48580/dgtg4;PELC;P.E.L.C. - Private Entomological Laboratory and Collection;Helmholtz Centre for Environmental Research – UFZ, Department of Community Ecology;pp;p;""
10.5281/zenodo.5675427;ČVUT;Czech Technical University in Prague;Czech Technical University;p;"";""
10.6084/m9.figshare.c.5413891.v1;Palacký University, Olomouc;Palacký University, Olomouc;University of Oxford;p;"";""
10.48580/dgt98;PELC;P.E.L.C. - Private Entomological Laboratory and Collection;;pp;"";""
10.5281/zenodo.7863833;CEITEC ;Central European Institute of Technology;Centro S3, Istituto di Nanoscienze-CNR, 41125 Modena, Italy;p;"";""
10.48580/dgsv8;PELC;P.E.L.C. - Private Entomological Laboratory and Collection;Entomology, Bavarian State Collection of Zoology;pp;"";""
10.6084/m9.figshare.c.6787807.v1;Palacký University, Olomouc;Palacký University, Olomouc;Heidelberg University;p;"";""
10.48580/dgtg4;PELC;P.E.L.C. - Private Entomological Laboratory and Collection;Universidade dos Açores;pp;"";""
10.6084/m9.figshare.c.6588620.v1;VFN;General University Hospital in Prague;Charles University;pp;"";""
10.48580/dgt98;PELC;P.E.L.C. - Private Entomological Laboratory and Collection;;pp;"";""
10.6084/m9.figshare.c.7372004.v1;FNUSA;St. Anne´s University Hospital;Masaryk University;p;"";""
10.48580/dgtg4;PELC;P.E.L.C. - Private Entomological Laboratory and Collection;Faculdade de Ciências da Universidade de Lisboa, Centro de Biologia Ambiental, Departamento de Biologia Animal;pp;p;""
10.48580/dgsv8;PELC;P.E.L.C. - Private Entomological Laboratory and Collection;;pp;"";""
10.48580/dgs4f;PELC;P.E.L.C. - Private Entomological Laboratory and Collection;Centre for Ecology, Evolution and Environmental Changes (cE3c)/Azorean Biodiversity Group, CHANGE – Global Change and Sustainability Institute;pp;p;""
10.48580/dgt98;PELC;P.E.L.C. - Private Entomological Laboratory and Collection;;pp;"";""
10.15468/m97sd2;PELC;P.E.L.C. - Private Entomological Laboratory and Collection;;pp;"";""
10.15468/m97sd2;PELC;P.E.L.C. - Private Entomological Laboratory and Collection;;pp;"";""
10.6084/m9.figshare.c.6629419.v1;University Hospital in Motol;University Hospital in Motol;Thomayerova nemocnice;p;"";""
10.6084/m9.figshare.c.7875701.v1;Institute of Parasitology;Institute of Parasitology;Rudjer Boskovic Institute;p;"";""
10.5281/zenodo.11212280;ITAM AS CR;Institute of Theoretical and Applied Mechanics;College of Geoscience, China University of Petroleum;pp;p;""
10.48580/dgsv8;PELC;P.E.L.C. - Private Entomological Laboratory and Collection;;pp;"";""
10.6084/m9.figshare.19470467.v1;CEITEC MU;Central European Institute of Technology – Masaryk University;Medical University of Vienna;p;"";""
10.6084/m9.figshare.c.7766437.v1;University Hospital Hradec Králové;University Hospital Hradec Králové;Comenius University;p;"";""
10.6084/m9.figshare.c.7040196.v1;Palacký University, Olomouc;Palacký University, Olomouc;University of Vienna;p;"";""
10.48580/dgs4f;PELC;P.E.L.C. - Private Entomological Laboratory and Collection;;pp;"";""
10.48580/dgtg4;PELC;P.E.L.C. - Private Entomological Laboratory and Collection;Grupo de Entomología , Universidad de Antioquia;pp;p;""
10.5281/zenodo.7415164;CRI;Crop Research Institute;;p;"";""
10.48580/dgt98;PELC;P.E.L.C. - Private Entomological Laboratory and Collection;TaiCOL, TaiBIF, Academica Sinica;pp;"";""
10.5281/zenodo.14622373;VÚGTK;Research Institute of Geodesy, Topography and Cartography;V. N. Karazin Kharkiv National University;ppp;"";""
10.5281/zenodo.15681034;CULS;Czech University of Life Sciences Prague;;p;"";""
10.6084/m9.figshare.c.6261502.v1;University Hospital Hradec Králové;University Hospital Hradec Králové;Lund University;p;"";""
10.6084/m9.figshare.c.5923208.v1;CEITEC ;Central European Institute of Technology;Center For Biomarker Research In Medicine;p;"";""
10.6084/m9.figshare.c.6225449.v1;Palacký University, Olomouc;Palacký University, Olomouc;University of Jyväskylä;p;"";""
10.5281/zenodo.15792089;CULS;Czech University of Life Sciences Prague;Research Institute for Nature and Forest, Brussels, Belgium;p;"";""
10.6084/m9.figshare.c.7595338.v1;University Hospital Brno;University Hospital Brno;Mendel University in Brno;p;"";""
10.48580/dgsv8;PELC;P.E.L.C. - Private Entomological Laboratory and Collection;Royal Botanic Garden Edinburgh;pp;"";""
10.6084/m9.figshare.c.7040196.v1;FNUSA;St. Anne´s University Hospital;University of Catania;p;"";""
10.5281/zenodo.15069069;IKEM;Institute of Clinical and Experimental Medicine;Italian Institute for Genomic Medicine (IIGM), c/o IRCCS Candiolo, Italy;p;"";""
10.5281/zenodo.10680436;CULS;Czech University of Life Sciences Prague;Cavanilles Institute of Biodiversity and Evolutionary Biology, University of Valencia;p;"";""
10.15468/m97sd2;PELC;P.E.L.C. - Private Entomological Laboratory and Collection;;pp;"";""
10.5281/zenodo.5675427;ČVUT;Czech Technical University in Prague;Czech Technical University;p;"";""
10.48580/dgs4f;PELC;P.E.L.C. - Private Entomological Laboratory and Collection;;pp;"";""
10.14473/csda/9alxny/mxvqgh;Institute of Philosophy;Institute of Philosophy;(Vilnius University, Lithuania);pp;"";""
10.6084/m9.figshare.c.6699355.v1;Palacký University, Olomouc;Palacký University, Olomouc;Victoria University;p;"";""
10.6084/m9.figshare.c.6962539.v1;Palacký University, Olomouc;Palacký University, Olomouc;Revmatologický Ústav;p;"";""
10.6084/m9.figshare.c.6787807.v1;University Hospital Olomouc;University Hospital Olomouc;;p;"";""
10.6084/m9.figshare.c.7038268.v1;University Hospital Brno;University Hospital Brno;Institute of Haematology and Blood Transfusion;p;"";""
10.15468/m97sd2;PELC;P.E.L.C. - Private Entomological Laboratory and Collection;Missouri Botanical Garden;pp;"";""
10.6084/m9.figshare.20341683.v1;University Hospital Brno;University Hospital Brno;Masaryk University;p;"";""
10.6084/m9.figshare.c.7040196.v1;FNUSA;St. Anne´s University Hospital;University of Ljubljana;p;"";""
10.15468/m97sd2;PELC;P.E.L.C. - Private Entomological Laboratory and Collection;;pp;"";""
10.14278/rodare.1330;IPP;Institute of Plasma Physics;;pp;"";""
10.48580/dgsv8;PELC;P.E.L.C. - Private Entomological Laboratory and Collection;Smithsonian Institution;pp;"";""
10.18419/darus-4117/12;CULS;Czech University of Life Sciences Prague;Coll Coll;p;"";""
10.25345/c58p5vn8h;CRI;Crop Research Institute;Czech Agrifood Research Center;p;"";""
10.48580/dgt98;PELC;P.E.L.C. - Private Entomological Laboratory and Collection;;pp;"";""
10.6084/m9.figshare.20035643.v1;Palacký University, Olomouc;Palacký University, Olomouc;Rothamsted Research;p;"";""
10.48580/dgtg4;PELC;P.E.L.C. - Private Entomological Laboratory and Collection;Unidade Acadêmica de Serra Talhada, Universidade Federal Rural de Pernambuco;pp;p;""
10.6084/m9.figshare.20341680.v1;University Hospital Brno;University Hospital Brno;Masaryk University;p;"";""
10.6084/m9.figshare.c.7040196.v1;FNUSA;St. Anne´s University Hospital;University of Vienna;p;"";""
10.6084/m9.figshare.c.6629419.v1;University Hospital Hradec Králové;University Hospital Hradec Králové;University of Ostrava;p;"";""
10.48580/dgsv8;PELC;P.E.L.C. - Private Entomological Laboratory and Collection;;pp;"";""
10.6084/m9.figshare.c.7040196.v1;Palacký University, Olomouc;Palacký University, Olomouc;Celica (Slovenia);p;"";""
10.6084/m9.figshare.c.7976865.v1;University Hospital Hradec Králové;University Hospital Hradec Králové;Charles University;p;"";""
10.48580/dgtg4;PELC;P.E.L.C. - Private Entomological Laboratory and Collection;Illinois Natural History Survey;pp;"";""
10.6084/m9.figshare.c.6830045.v1;FNUSA;St. Anne´s University Hospital;Masaryk University;p;"";""
10.48580/dgtg4;PELC;P.E.L.C. - Private Entomological Laboratory and Collection;;pp;"";""
10.6084/m9.figshare.c.6830133.v1;CEITEC MU;Central European Institute of Technology – Masaryk University;University of Bologna;p;"";""
10.48580/dgtg4;PELC;P.E.L.C. - Private Entomological Laboratory and Collection;Museu de Zoologia da Universidade de São Paulo;pp;p;""
10.5285/3b077711-f183-42f1-bac6-c892922c81f4;CULS;Czech University of Life Sciences Prague;Institute of Earth Science (IES), University of Évora;p;"";""
10.48580/dgs4f;PELC;P.E.L.C. - Private Entomological Laboratory and Collection;;pp;"";""
10.6084/m9.figshare.c.6585787.v1;University Hospital in Motol;University Hospital in Motol;Charles University;p;"";""
10.5281/zenodo.15154492;University Hospital Hradec Králové;University Hospital Hradec Králové;;p;"";""
10.48580/dgsv8;PELC;P.E.L.C. - Private Entomological Laboratory and Collection;;pp;"";""
10.48580/dgs4f;PELC;P.E.L.C. - Private Entomological Laboratory and Collection;;pp;"";""
10.48580/dgs4f;PELC;P.E.L.C. - Private Entomological Laboratory and Collection;;pp;"";""
10.48580/dgtg4;PELC;P.E.L.C. - Private Entomological Laboratory and Collection;;pp;"";""
10.5880/gfz.4.1.2023.004;FZU;Institute of Physics;Centro Sismológico Nacional (CSN) Univ. de Chile, Santiago, Chile;p;"";""
10.6084/m9.figshare.c.7953063.v1;FNUSA-ICRC;International Clinical Research Center of St. Anne's University Hospital Brno;Jagiellonian University;p;"";""
10.18419/darus-4117;ČVUT;Czech Technical University in Prague;Coll Coll;p;"";""
10.6084/m9.figshare.c.7049258.v1;Biopticka Laborator (Czechia);Biopticka Laborator (Czechia);Charles University;p;"";""
10.6084/m9.figshare.c.7206675.v1;VFU;University of Veterinary and Pharmaceutical Sciences;Czech Academy of Sciences;p;"";""
10.6084/m9.figshare.c.7095033.v1;CRI;Crop Research Institute;Guizhou Normal University;p;"";""
10.48580/dgt98;PELC;P.E.L.C. - Private Entomological Laboratory and Collection;Terrestrial Invertebrate Research Laboratory, URESCOM, Davao Oriental State University;pp;"";""
10.6084/m9.figshare.c.7149681.v1;VFN;General University Hospital in Prague;Charles University;pp;"";""
10.6084/m9.figshare.c.7885117.v1;Palacký University, Olomouc;Palacký University, Olomouc;TU Dresden;p;"";""
10.6084/m9.figshare.c.7828330.v1;CEITEC MU;Central European Institute of Technology – Masaryk University;Vrije Universiteit Brussel;p;"";""
10.6084/m9.figshare.c.6787450.v1;CEITEC MU;Central European Institute of Technology – Masaryk University;Almac (United Kingdom);p;"";""
10.6084/m9.figshare.c.7953063.v1;FNUSA;St. Anne´s University Hospital;Jagiellonian University;p;"";""
10.6084/m9.figshare.c.6926742.v1;FNUSA-ICRC;International Clinical Research Center of St. Anne's University Hospital Brno;Institute of Genetics and Molecular and Cellular Biology;p;"";""
10.6084/m9.figshare.c.6650182.v1;FNUSA-ICRC;International Clinical Research Center of St. Anne's University Hospital Brno;Aarhus University;p;"";""
10.48580/dgtg4;PELC;P.E.L.C. - Private Entomological Laboratory and Collection;;pp;"";""
10.7910/dvn/e8pzbl;Palacký University, Olomouc;Palacký University, Olomouc;University of Manchester;p;"";""
10.48580/dgt98;PELC;P.E.L.C. - Private Entomological Laboratory and Collection;Natural History Museum;pp;"";""
10.48580/dgs4f;PELC;P.E.L.C. - Private Entomological Laboratory and Collection;;pp;"";""
10.48580/dgt98;PELC;P.E.L.C. - Private Entomological Laboratory and Collection;;pp;"";""
10.48580/dgsv8;PELC;P.E.L.C. - Private Entomological Laboratory and Collection;The Natural History Museum;pp;"";""
10.5061/dryad.wh70rxwnv;Institute of Parasitology;Institute of Parasitology;South China Normal University;p;"";""
10.48580/dgsv8;PELC;P.E.L.C. - Private Entomological Laboratory and Collection;University of Pretoria;pp;p;""
10.6084/m9.figshare.c.6792969.v1;University Hospital Hradec Králové;University Hospital Hradec Králové;Charles University;p;"";""
10.48580/dgtg4;PELC;P.E.L.C. - Private Entomological Laboratory and Collection;;pp;"";""
10.48580/dgsv8;PELC;P.E.L.C. - Private Entomological Laboratory and Collection;;pp;"";""
10.48580/dgt98;PELC;P.E.L.C. - Private Entomological Laboratory and Collection;;pp;"";""
10.6084/m9.figshare.c.7640687.v1;VFN;General University Hospital in Prague;Czech Academy of Sciences;pp;"";""
10.48580/dgsv8;PELC;P.E.L.C. - Private Entomological Laboratory and Collection;;pp;"";""
10.5061/dryad.xksn02vkr;VFU;University of Veterinary and Pharmaceutical Sciences;University of Veterinary Medicine Vienna;p;"";""
10.48580/dgs4f;PELC;P.E.L.C. - Private Entomological Laboratory and Collection;Illinois Natural History Survey, University of Illinois;pp;"";""
10.6084/m9.figshare.c.6582923.v1;CULS;Czech University of Life Sciences Prague;;p;"";""
10.6084/m9.figshare.c.7828330.v1;CEITEC ;Central European Institute of Technology;KU Leuven;p;"";""
10.48580/dgs4f;PELC;P.E.L.C. - Private Entomological Laboratory and Collection;;pp;"";""
10.48580/dgt98;PELC;P.E.L.C. - Private Entomological Laboratory and Collection;;pp;"";""
10.5281/zenodo.10680436;Jan Evangelista Purkyně University in Ústí nad Labem;Jan Evangelista Purkyně University in Ústí nad Labem;Council for Agricultural Research and Economics, Research Centre for Forestry and Wood (CREA-FL);p;"";""
10.6084/m9.figshare.c.7875701.v1;Institute of Parasitology;Institute of Parasitology;University of Tasmania;p;"";""
10.5281/zenodo.14638896;VFN;General University Hospital in Prague;IRCCS Istituto Auxologico Italiano;pp;"";""
10.48580/dgtg4;PELC;P.E.L.C. - Private Entomological Laboratory and Collection;;pp;"";""
10.15468/m97sd2;PELC;P.E.L.C. - Private Entomological Laboratory and Collection;;pp;"";""
10.48580/dgtg4;PELC;P.E.L.C. - Private Entomological Laboratory and Collection;;pp;"";""
10.5281/zenodo.5801249;CULS;Czech University of Life Sciences Prague;UFZ;p;"";""
10.6084/m9.figshare.c.6787807.v1;Palacký University, Olomouc;Palacký University, Olomouc;Heidelberg University;p;"";""
10.6084/m9.figshare.c.6629419.v1;Hospital Jihlava;Hospital Jihlava;;p;"";""
10.6084/m9.figshare.c.7232058.v1;VFN;General University Hospital in Prague;Charles University;pp;"";""
10.48580/dgt98;PELC;P.E.L.C. - Private Entomological Laboratory and Collection;;pp;"";""
10.6084/m9.figshare.c.6583742.v1;University Hospital Brno;University Hospital Brno;University Medical Center of the Johannes Gutenberg University Mainz;p;"";""
10.48580/dgt98;PELC;P.E.L.C. - Private Entomological Laboratory and Collection;Muséum National d'Histoire Naturelle;pp;"";""
10.6084/m9.figshare.c.5413891.v1;Palacký University, Olomouc;Palacký University, Olomouc;Karolinska Institute;p;"";""
10.6084/m9.figshare.c.6787450.v1;CEITEC MU;Central European Institute of Technology – Masaryk University;CIC bioGUNE;p;"";""
10.5281/zenodo.15135153;CULS;Czech University of Life Sciences Prague;School of Biological Sciences, University of Utah, 257 S. 1400 E., Salt Lake City, Utah 84112, USA.;p;"";""
10.6084/m9.figshare.c.6787450.v1;CEITEC MU;Central European Institute of Technology – Masaryk University;Institut Necker Enfants Malades;p;"";""
10.48580/dgsv8;PELC;P.E.L.C. - Private Entomological Laboratory and Collection;;pp;"";""
10.6084/m9.figshare.c.7185544.v1;VFN;General University Hospital in Prague;Charles University;pp;"";""
10.6084/m9.figshare.c.7323343.v1;University Hospital Brno;University Hospital Brno;Semmelweis University;p;"";""
10.48580/dgtg4;PELC;P.E.L.C. - Private Entomological Laboratory and Collection;;pp;"";""
10.5281/zenodo.4551727;SZU;National Institute of Public Health;Risk Assesment Center on Food Chain, Bulgaria;p;"";""
10.15468/m97sd2;PELC;P.E.L.C. - Private Entomological Laboratory and Collection;Universidad de Antioquia;pp;"";""
10.6084/m9.figshare.c.5449871.v1;University Hospital Brno;University Hospital Brno;University of Chicago Medical Center;p;"";""
10.48580/dgtg4;PELC;P.E.L.C. - Private Entomological Laboratory and Collection;Natural History Museum;pp;"";""
10.5281/zenodo.10680436;Jan Evangelista Purkyně University in Ústí nad Labem;Jan Evangelista Purkyně University in Ústí nad Labem;Norwegian Institute for Water Research (NIVA);p;"";""
10.5281/zenodo.10572480;CULS;Czech University of Life Sciences Prague;Amsterdam Institute for Life and Environment (A-LIFE), Vrije Universiteit, Amsterdam, The Netherlands;p;"";""
10.18434/mds2-3727;FZU;Institute of Physics;National Institute of Standards and Technology, Materials Measurement Laboratory;p;"";""
10.57760/sciencedb.07380;FZU;Institute of Physics;Science Island Branch of Graduate School, University of Science and Technology of China, Hefei, Anhui 230026, China;p;"";""
10.18419/darus-4117/13;CULS;Czech University of Life Sciences Prague;Coll Coll;p;"";""
10.5281/zenodo.10888833;Palacký University, Olomouc;Palacký University, Olomouc;;p;"";""
10.5281/zenodo.8102404;CRI;Crop Research Institute;Agricultural Institute of Slovenia, Ljubljana;p;"";""
10.5281/zenodo.15135145;CULS;Czech University of Life Sciences Prague;School of Biological Sciences, University of Utah, 257 S. 1400 E., Salt Lake City, Utah 84112, USA.;p;"";""
10.6084/m9.figshare.c.7196998.v1;Military University Hospital Prague;Military University Hospital Prague;University Hospital Hradec Králové;pp;p;""
10.5281/zenodo.10680436;CULS;Czech University of Life Sciences Prague;Swiss Federal Research Institute WSL;p;"";""
10.14473/csda/nyxqpt/hckaho;Institute of Philosophy;Institute of Philosophy;(ResWell Research Collaboration, Tel Aviv University, Tel Aviv, Israel);pp;"";""
10.6084/m9.figshare.c.7307920.v1;IKEM;Institute of Clinical and Experimental Medicine;Charles University;p;"";""
10.5281/zenodo.10888833;Palacký University, Olomouc;Palacký University, Olomouc;;p;"";""
10.48580/dgt98;PELC;P.E.L.C. - Private Entomological Laboratory and Collection;;pp;"";""
10.5281/zenodo.10680436;Jan Evangelista Purkyně University in Ústí nad Labem;Jan Evangelista Purkyně University in Ústí nad Labem;Flanders Marine Institute (VLIZ);p;"";""
10.48580/dgs4f;PELC;P.E.L.C. - Private Entomological Laboratory and Collection;Natural History Museum;pp;"";""
10.6084/m9.figshare.c.6577006.v1;Jan Evangelista Purkyně University in Ústí nad Labem;Jan Evangelista Purkyně University in Ústí nad Labem;University of Oxford;p;"";""
10.5281/zenodo.6637599;CULS;Czech University of Life Sciences Prague;Conservation Research Institute, University of Cambridge, Cambridge, CB2 3EA, UK;p;"";""
10.48580/dgs4f;PELC;P.E.L.C. - Private Entomological Laboratory and Collection;;pp;"";""
10.48580/dgs4f;PELC;P.E.L.C. - Private Entomological Laboratory and Collection;;pp;"";""
10.6084/m9.figshare.20484741.v1;Biopticka Laborator (Czechia);Biopticka Laborator (Czechia);Charles University;p;"";""
10.14473/csda/nyxqpt/avvhwb;Institute of Philosophy;Institute of Philosophy;(Tel Aviv University);pp;"";""
10.6084/m9.figshare.c.6787807.v1;Palacký University, Olomouc;Palacký University, Olomouc;University of Amsterdam;p;"";""
10.6084/m9.figshare.c.7615573.v1;Institute of Parasitology;Institute of Parasitology;University of South Bohemia in České Budějovice;p;"";""
10.14473/csda/9alxny/rm7gk2;Institute of Philosophy;Institute of Philosophy;(Tel-Hai College, University of Haifa);pp;"";""
10.5281/zenodo.10888833;Palacký University, Olomouc;Palacký University, Olomouc;;p;"";""
10.6084/m9.figshare.c.6629419.v1;Hospital Jihlava;Hospital Jihlava;;p;"";""
10.48580/dgsv8;PELC;P.E.L.C. - Private Entomological Laboratory and Collection;;pp;"";""
10.48580/dgsv8;PELC;P.E.L.C. - Private Entomological Laboratory and Collection;;pp;"";""
10.48580/dgt98;PELC;P.E.L.C. - Private Entomological Laboratory and Collection;;pp;"";""
10.5281/zenodo.10563098;FZU;Institute of Physics;Aalto University;p;"";""
10.5281/zenodo.15154495;University Hospital Hradec Králové;University Hospital Hradec Králové;;p;"";""
10.5281/zenodo.7697253;CULS;Czech University of Life Sciences Prague;Czech University of Life Sciences;p;"";""
10.48580/dgs4f;PELC;P.E.L.C. - Private Entomological Laboratory and Collection;Facultad de Ciencias, UNAM;pp;"";""
10.6084/m9.figshare.c.6787450.v1;CEITEC MU;Central European Institute of Technology – Masaryk University;University of Salzburg;p;"";""
10.48580/dgs4f;PELC;P.E.L.C. - Private Entomological Laboratory and Collection;Museum and Institute of Zoology, Polish Academy of Sciences;pp;p;""
10.6084/m9.figshare.c.6787807.v1;Palacký University, Olomouc;Palacký University, Olomouc;Charles University;p;"";""
10.48580/dgtg4;PELC;P.E.L.C. - Private Entomological Laboratory and Collection;Hawaii Institute of Marine Biology;pp;"";""
10.15468/t53vdw;Palacký University, Olomouc;Palacký University, Olomouc;University of Warsaw;p;"";""
10.14278/rodare.1330;CEITEC ;Central European Institute of Technology;;p;"";""
10.5281/zenodo.5711706;CULS;Czech University of Life Sciences Prague;Institute of Forest Ecosystem Research;p;"";""
10.5281/zenodo.15064532;CULS;Czech University of Life Sciences Prague;Universidade de Aveiro;p;"";""
10.48580/dgtg4;PELC;P.E.L.C. - Private Entomological Laboratory and Collection;;pp;"";""
10.5281/zenodo.15154492;University Hospital Hradec Králové;University Hospital Hradec Králové;;p;"";""
10.6084/m9.figshare.c.6787450.v1;CEITEC MU;Central European Institute of Technology – Masaryk University;Queen's University Belfast;p;"";""
10.6084/m9.figshare.c.7976865.v1;University Hospital Hradec Králové;University Hospital Hradec Králové;Charles University;p;"";""
10.6084/m9.figshare.c.7040196.v1;FNUSA;St. Anne´s University Hospital;University of Vienna;p;"";""
10.48580/dgtg4;PELC;P.E.L.C. - Private Entomological Laboratory and Collection;;pp;"";""
10.5281/zenodo.10680436;CULS;Czech University of Life Sciences Prague;Norwegian Institute for Nature Research (NINA);p;"";""
10.6084/m9.figshare.c.7801480.v1;CEITEC ;Central European Institute of Technology;Medical University of Vienna;p;"";""
10.48580/dgs4f;PELC;P.E.L.C. - Private Entomological Laboratory and Collection;;pp;"";""
10.5281/zenodo.10680436;Jan Evangelista Purkyně University in Ústí nad Labem;Jan Evangelista Purkyně University in Ústí nad Labem;Arctic Centre, Arhus University;p;"";""
10.48580/dgsv8;PELC;P.E.L.C. - Private Entomological Laboratory and Collection;Vlaams Instituut voor de Zee (VLIZ);pp;"";""
10.15468/m97sd2;PELC;P.E.L.C. - Private Entomological Laboratory and Collection;;pp;"";""
10.48580/dgs4f;PELC;P.E.L.C. - Private Entomological Laboratory and Collection;;pp;"";""
10.6084/m9.figshare.c.7828330.v1;CEITEC ;Central European Institute of Technology;University of Tartu;p;"";""
10.48580/dgs4f;PELC;P.E.L.C. - Private Entomological Laboratory and Collection;GoConsult;pp;"";""
10.15468/m97sd2;PELC;P.E.L.C. - Private Entomological Laboratory and Collection;;pp;"";""
10.5281/zenodo.10888833;Palacký University, Olomouc;Palacký University, Olomouc;;p;"";""
10.6084/m9.figshare.c.7649648.v1;FNUSA;St. Anne´s University Hospital;Masaryk University;p;"";""
10.6084/m9.figshare.c.7649648.v1;FNUSA;St. Anne´s University Hospital;Masaryk University;p;"";""
10.6084/m9.figshare.c.7295760.v1;NCA CR;Nature Conservation Agency of the Czech Republic;Institute of Microbiology;p;"";""
10.14473/csda/9alxny;Institute of Philosophy;Institute of Philosophy;(Tel Aviv University);pp;"";""
10.6084/m9.figshare.c.6629419.v1;Hospital Jihlava;Hospital Jihlava;University of Ostrava;p;"";""
10.6084/m9.figshare.c.7095033.v1;CRI;Crop Research Institute;Inštitut za Nutricionistiko;p;"";""
10.48580/dgsv8;PELC;P.E.L.C. - Private Entomological Laboratory and Collection;Nortern Arizona University;pp;"";""
10.6084/m9.figshare.c.7728320.v1;FNUSA;St. Anne´s University Hospital;Brno University of Technology;p;"";""
10.6084/m9.figshare.c.7392838.v1;University Hospital Brno;University Hospital Brno;Medical University of Vienna;p;"";""
10.48580/dgsv8;PELC;P.E.L.C. - Private Entomological Laboratory and Collection;;pp;"";""
10.48580/dgt98;PELC;P.E.L.C. - Private Entomological Laboratory and Collection;Max Planck Institute;pp;p;""
10.48580/dgtg4;PELC;P.E.L.C. - Private Entomological Laboratory and Collection;;pp;"";""
10.48580/dgtg4;PELC;P.E.L.C. - Private Entomological Laboratory and Collection;;pp;"";""
10.48580/dgs4f;PELC;P.E.L.C. - Private Entomological Laboratory and Collection;;pp;"";""
10.48580/dgs4f;PELC;P.E.L.C. - Private Entomological Laboratory and Collection;;pp;"";""
10.5281/zenodo.5711706;CULS;Czech University of Life Sciences Prague;Ghent University;p;"";""
10.6084/m9.figshare.c.5923208.v1;CEITEC MU;Central European Institute of Technology – Masaryk University;University of Veterinary Medicine Vienna;p;"";""
10.5281/zenodo.7297158;ČVUT;Czech Technical University in Prague;IAS, CSIC Cordóba;p;"";""
10.6084/m9.figshare.19586875.v1;ČVUT;Czech Technical University in Prague;Institute of Molecular Genetics;p;"";""
10.48580/dgtg4;PELC;P.E.L.C. - Private Entomological Laboratory and Collection;;pp;"";""
10.48580/dgsv8;PELC;P.E.L.C. - Private Entomological Laboratory and Collection;The Natural History Museum;pp;"";""
10.5281/zenodo.6382216;CULS;Czech University of Life Sciences Prague;Mendel University in Brno;p;"";""
10.18419/darus-4117/5;CULS;Czech University of Life Sciences Prague;Coll Coll;p;"";""
10.48580/dgtg4;PELC;P.E.L.C. - Private Entomological Laboratory and Collection;Entomology, Staatliches Museum für Naturkunde Stuttgart;pp;"";""
10.48580/dgs4f;PELC;P.E.L.C. - Private Entomological Laboratory and Collection;;pp;"";""
10.48580/dgtg4;PELC;P.E.L.C. - Private Entomological Laboratory and Collection;;pp;"";""
10.6084/m9.figshare.c.7057817.v1;Palacký University, Olomouc;Palacký University, Olomouc;German Cancer Research Center;p;"";""
10.18419/darus-4117/10;CULS;Czech University of Life Sciences Prague;Czech University of Life Sciences;p;"";""
10.6084/m9.figshare.c.7885117.v1;University Hospital Olomouc;University Hospital Olomouc;Helmholtz-Zentrum Dresden-Rossendorf;p;"";""
10.48580/dgtg4;PELC;P.E.L.C. - Private Entomological Laboratory and Collection;CEFAS Weymouth Laboratory;pp;"";""
10.6084/m9.figshare.c.6319614.v1;ČVUT;Czech Technical University in Prague;Charles University;p;"";""
10.48580/dgsv8;PELC;P.E.L.C. - Private Entomological Laboratory and Collection;TaiCOL, TaiBIF, Academica Sinica;pp;"";""
10.1594/pangaea.979680;Institute of Geophysics;Institute of Geophysics;;p;"";""
10.6084/m9.figshare.c.6261502.v1;University Hospital Hradec Králové;University Hospital Hradec Králové;Lund University;p;"";""
10.6084/m9.figshare.c.6004076.v1;Fakultní Nemocnice Plzeň;Fakultní Nemocnice Plzeň;Azienda Sanitaria Unità Locale di Reggio Emilia;p;"";""
10.6084/m9.figshare.c.7828330.v1;CEITEC MU;Central European Institute of Technology – Masaryk University;The Alan Turing Institute;p;"";""
10.15468/m97sd2;PELC;P.E.L.C. - Private Entomological Laboratory and Collection;;pp;"";""
10.15468/hv3p8a;CRI;Crop Research Institute;University of Aveiro;p;"";""
10.48580/dgt98;PELC;P.E.L.C. - Private Entomological Laboratory and Collection;Centro de Estudos dos Quelônios da Amazônia - CEQUA;pp;"";""
10.48580/dgtg4;PELC;P.E.L.C. - Private Entomological Laboratory and Collection;National Biodiversity Network Trust;pp;"";""
10.6084/m9.figshare.c.6926742.v1;FNUSA;St. Anne´s University Hospital;Mouse Clinical Insitute;p;"";""
10.6084/m9.figshare.c.6585787.v1;University Hospital in Motol;University Hospital in Motol;Masaryk Memorial Cancer Institute;p;"";""
10.6084/m9.figshare.c.7057817.v1;Palacký University, Olomouc;Palacký University, Olomouc;Medical University of Lodz;p;"";""
10.48580/dgsv8;PELC;P.E.L.C. - Private Entomological Laboratory and Collection;;pp;"";""
10.6084/m9.figshare.c.6787408.v1;VFU;University of Veterinary and Pharmaceutical Sciences;Czech Academy of Sciences;p;"";""
10.6084/m9.figshare.c.6592046.v1;University Hospital Brno;University Hospital Brno;Masaryk University;p;"";""
10.5281/zenodo.10680436;Jan Evangelista Purkyně University in Ústí nad Labem;Jan Evangelista Purkyně University in Ústí nad Labem;Danube Delta National Research Institute;p;"";""
10.6084/m9.figshare.c.6629419.v1;University Hospital in Motol;University Hospital in Motol;University of Ostrava;p;"";""
10.48580/dgsv8;PELC;P.E.L.C. - Private Entomological Laboratory and Collection;;pp;"";""
10.6084/m9.figshare.c.7880704.v1;VFN;General University Hospital in Prague;University of Genoa;pp;"";""
10.5281/zenodo.15064532;CULS;Czech University of Life Sciences Prague;Mammal Research Institute;p;"";""
10.6084/m9.figshare.c.5265220.v1;CRI;Crop Research Institute;Chinese Academy of Agricultural Sciences;p;"";""
10.48580/dgsv8;PELC;P.E.L.C. - Private Entomological Laboratory and Collection;;pp;"";""
10.48580/dgtg4;PELC;P.E.L.C. - Private Entomological Laboratory and Collection;;pp;"";""
10.6084/m9.figshare.c.6629419.v1;University Hospital in Motol;University Hospital in Motol;University of Ostrava;p;"";""
10.17632/vr37vj22s5;UPA;University of Pardubice;Univerzita Karlova Farmaceuticka fakulta v Hradci Kralove;p;"";""
10.5281/zenodo.11454277;CULS;Czech University of Life Sciences Prague;CREA - Research Centre Forestry and Wood, Arezzo, Italy;p;"";""
10.48580/dgs4f;PELC;P.E.L.C. - Private Entomological Laboratory and Collection;;pp;"";""
10.6084/m9.figshare.c.6787807.v1;Palacký University, Olomouc;Palacký University, Olomouc;Casa Sollievo della Sofferenza;p;"";""
10.5281/zenodo.10888833;Palacký University, Olomouc;Palacký University, Olomouc;Macquarie University;p;"";""
10.6084/m9.figshare.c.7158337.v1;Palacký University, Olomouc;Palacký University, Olomouc;Charles University;p;"";""
10.57760/sciencedb.psych.00366;Institute of Psychology;Institute of Psychology;HongKong University;p;"";""
10.6084/m9.figshare.c.6690909.v1;University Hospital in Motol;University Hospital in Motol;Masaryk Memorial Cancer Institute;p;"";""
10.6084/m9.figshare.19470467.v1;CEITEC MU;Central European Institute of Technology – Masaryk University;University of Veterinary Medicine Vienna;p;"";""
10.48580/dgs4f;PELC;P.E.L.C. - Private Entomological Laboratory and Collection;;pp;"";""
10.48580/dgt98;PELC;P.E.L.C. - Private Entomological Laboratory and Collection;;pp;"";""
10.6084/m9.figshare.c.6926742.v1;FNUSA;St. Anne´s University Hospital;"Cluster of Excellence ""Science of Intelligence""";p;"";""
10.6084/m9.figshare.c.6096199.v1;Palacký University, Olomouc;Palacký University, Olomouc;University of Valencia;p;"";""
10.48580/dgt98;PELC;P.E.L.C. - Private Entomological Laboratory and Collection;;pp;"";""
10.6084/m9.figshare.c.6068033.v1;CASRI;Sports Research Institute Of Czech Armed Forces;;p;"";""
10.15468/m97sd2;PELC;P.E.L.C. - Private Entomological Laboratory and Collection;;pp;"";""
10.15468/m97sd2;PELC;P.E.L.C. - Private Entomological Laboratory and Collection;;pp;"";""
10.6084/m9.figshare.c.7885117.v1;University Hospital Olomouc;University Hospital Olomouc;Institute of Molecular and Translational Medicine;p;"";""
10.48580/dgtg4;PELC;P.E.L.C. - Private Entomological Laboratory and Collection;;pp;"";""
10.48580/dgtg4;PELC;P.E.L.C. - Private Entomological Laboratory and Collection;Lyon College;pp;"";""
10.18419/darus-4117/1;ČVUT;Czech Technical University in Prague;Czech University of Life Sciences;p;"";""
10.6084/m9.figshare.c.6770757.v1;CULS;Czech University of Life Sciences Prague;Mendel University in Brno;p;"";""
10.48580/dgtg4;PELC;P.E.L.C. - Private Entomological Laboratory and Collection;Biologiezentrum, Oberösterreichisches Landesmuseum;pp;"";""
10.5281/zenodo.10888833;Palacký University, Olomouc;Palacký University, Olomouc;İzmir University of Economics;p;"";""
10.15454/8uia76/fxm5yu;CULS;Czech University of Life Sciences Prague;(Research Institute of Forests and Rangelands, Agricultural Research, Education and Extension Organization (AREEO), Tehran, Iran);p;"";""
10.15468/m97sd2;PELC;P.E.L.C. - Private Entomological Laboratory and Collection;;pp;"";""
10.48580/dgtg4;PELC;P.E.L.C. - Private Entomological Laboratory and Collection;Museu de Zoologia da Universidade de São Paulo;pp;p;""
10.5281/zenodo.10888833;Palacký University, Olomouc;Palacký University, Olomouc;Universidad de Talca;p;"";""
10.5281/zenodo.8163419;CULS;Czech University of Life Sciences Prague;Texas Natural History Collections, Integrative Biology, University of Texas at Austin, Austin, Texas, USA;p;"";""
10.6084/m9.figshare.c.7885117.v1;University Hospital Olomouc;University Hospital Olomouc;TU Dresden;p;"";""
10.48580/dgsv8;PELC;P.E.L.C. - Private Entomological Laboratory and Collection;;pp;"";""
10.15468/m97sd2;PELC;P.E.L.C. - Private Entomological Laboratory and Collection;The New Zealand Institute for Plant & Food Research Limited;pp;p;""
10.48580/dgsv8;PELC;P.E.L.C. - Private Entomological Laboratory and Collection;;pp;"";""
10.48580/dgs4f;PELC;P.E.L.C. - Private Entomological Laboratory and Collection;;pp;"";""
10.48580/dgt98;PELC;P.E.L.C. - Private Entomological Laboratory and Collection;;pp;"";""
10.48580/dgt98;PELC;P.E.L.C. - Private Entomological Laboratory and Collection;Phyletisches Museum, Friedrich-Schiller Universität Jena;pp;p;""
10.6084/m9.figshare.c.6787807.v1;University Hospital Olomouc;University Hospital Olomouc;Heidelberg University;p;"";""
10.14473/csda/9alxny/hi39z0;Institute of Philosophy;Institute of Philosophy;(Vilnius University, Lithuania);pp;"";""
10.6084/m9.figshare.c.7801480.v1;CEITEC ;Central European Institute of Technology;Medical University of Vienna;p;"";""
10.5281/zenodo.5711706;CULS;Czech University of Life Sciences Prague;University of Hohenheim;p;"";""
10.5281/zenodo.15138002;CRI;Crop Research Institute;Rudolfstetten, Switzerland;p;"";""
10.5281/zenodo.10888833;Palacký University, Olomouc;Palacký University, Olomouc;Royal Commission for Jubail and Yanbu;p;"";""
10.48580/dgtg4;PELC;P.E.L.C. - Private Entomological Laboratory and Collection;Slater Museum, University of Puget Sound;pp;p;""
10.5281/zenodo.10680436;Jan Evangelista Purkyně University in Ústí nad Labem;Jan Evangelista Purkyně University in Ústí nad Labem;ICTS-RBD, Estación Biológica de Doñana-CSIC;p;"";""
10.48580/dgs4f;PELC;P.E.L.C. - Private Entomological Laboratory and Collection;Research Institute for Nature and Forest (INBO);pp;"";""
10.6084/m9.figshare.c.6770757.v1;Palacký University, Olomouc;Palacký University, Olomouc;Mendel University in Brno;p;"";""
10.5281/zenodo.13884524;CEITEC ;Central European Institute of Technology;Faculty of Mechanical Engineering, Brno University of Technology;p;"";""
10.48580/dgs4f;PELC;P.E.L.C. - Private Entomological Laboratory and Collection;National Biodiversity Centre;pp;"";""
10.17632/dfbssz47mp.1;Palacký University, Olomouc;Palacký University, Olomouc;Masarykova univerzita Ustav archeologie a muzeologie;p;"";""
10.6084/m9.figshare.c.6583742.v1;University Hospital Brno;University Hospital Brno;Medical University of Silesia;p;"";""
10.6084/m9.figshare.c.7801480.v1;CEITEC ;Central European Institute of Technology;University of Veterinary Medicine Vienna;p;"";""
10.6084/m9.figshare.c.7075282.v1;University Hospital in Motol;University Hospital in Motol;;p;"";""
10.6084/m9.figshare.c.6585379.v1;University Hospital Brno;University Hospital Brno;Infection, Antimicrobials, Modelling, Evolution;p;"";""
10.48580/dgtg4;PELC;P.E.L.C. - Private Entomological Laboratory and Collection;Max Planck Institute;pp;p;""
10.48580/dgtg4;PELC;P.E.L.C. - Private Entomological Laboratory and Collection;;pp;"";""
10.17632/vr37vj22s5;UPA;University of Pardubice;Univerzita Karlova Farmaceuticka fakulta v Hradci Kralove;p;"";""
10.25345/c5r786192;CRI;Crop Research Institute;Czech Agrifood Research Center (CARC);p;"";""
10.6084/m9.figshare.c.7828330.v1;CEITEC ;Central European Institute of Technology;;p;"";""
10.5061/dryad.vmcvdncsz;IEB;Institute of Experimental Botany;Moscow State University;p;"";""
10.5281/zenodo.7390416;SZU;National Institute of Public Health;National Food and Veterinary Risk Assessment Institute, Lithuania;p;"";""
10.5281/zenodo.10572480;CULS;Czech University of Life Sciences Prague;The Ecosystems Center, Marine Biological Laboratory, Woods Hole, Massachusetts;p;"";""
10.48580/dgs4f;PELC;P.E.L.C. - Private Entomological Laboratory and Collection;;pp;"";""
10.21227/z36r-0m98;University Hospital Hradec Králové;University Hospital Hradec Králové;University of Defence;p;"";""
10.48580/dgtg4;PELC;P.E.L.C. - Private Entomological Laboratory and Collection;;pp;"";""
10.48580/dgs4f;PELC;P.E.L.C. - Private Entomological Laboratory and Collection;Illinois Natural History Survey;pp;"";""
10.6084/m9.figshare.c.7766437.v1;University Hospital Hradec Králové;University Hospital Hradec Králové;Comenius University;p;"";""
10.6084/m9.figshare.c.6787450.v1;CEITEC MU;Central European Institute of Technology – Masaryk University;Innsbruck Medical University;p;"";""
10.48580/dgs4f;PELC;P.E.L.C. - Private Entomological Laboratory and Collection;;pp;"";""
10.48580/dgs4f;PELC;P.E.L.C. - Private Entomological Laboratory and Collection;Department of Entomology, University of Arkansas;pp;p;""
10.48580/dgt98;PELC;P.E.L.C. - Private Entomological Laboratory and Collection;;pp;"";""
10.48580/dgs4f;PELC;P.E.L.C. - Private Entomological Laboratory and Collection;Zoological Institute RAS;pp;"";""
10.5281/zenodo.15069069;IKEM;Institute of Clinical and Experimental Medicine;Gustave Roussy, Villejuif, France;p;"";""
10.6084/m9.figshare.c.6787408.v1;University Hospital Ostrava;University Hospital Ostrava;University of Ostrava;p;"";""
10.15468/m97sd2;PELC;P.E.L.C. - Private Entomological Laboratory and Collection;Field Museum of Natural History;pp;"";""
10.5281/zenodo.15222346;ČVUT;Czech Technical University in Prague;University of Chemistry and Technology;p;"";""
10.6084/m9.figshare.c.6683881.v1;FNUSA-ICRC;International Clinical Research Center of St. Anne's University Hospital Brno;Masaryk Memorial Cancer Institute;p;"";""
10.6084/m9.figshare.c.7372004.v1;FNUSA-ICRC;International Clinical Research Center of St. Anne's University Hospital Brno;Masaryk University;p;"";""
10.6084/m9.figshare.c.7953063.v1;FNUSA;St. Anne´s University Hospital;Monash University;p;"";""
10.6084/m9.figshare.c.7880704.v1;VFN;General University Hospital in Prague;University of Bern;pp;"";""
10.6084/m9.figshare.c.6765670.v1;CULS;Czech University of Life Sciences Prague;Masaryk University;p;"";""
10.5281/zenodo.17083924;CULS;Czech University of Life Sciences Prague;Wageningen University;p;"";""
10.48580/dgsv8;PELC;P.E.L.C. - Private Entomological Laboratory and Collection;;pp;"";""
10.6084/m9.figshare.c.6629419.v1;Hospital Jihlava;Hospital Jihlava;;p;"";""
10.6084/m9.figshare.c.7149681.v1;Palacký University, Olomouc;Palacký University, Olomouc;Czech Academy of Sciences;p;"";""
10.6084/m9.figshare.21009561.v1;IPVZ;Institute for Postgraduate Medical Education;Nemocnice Na Bulovce;p;"";""
10.5281/zenodo.6037503;J. Heyrovsky Institute of Physical Chemistry;J. Heyrovsky Institute of Physical Chemistry;University of Bern (NCCR Catalysis);p;"";""
10.6084/m9.figshare.c.7514541.v1;CULS;Czech University of Life Sciences Prague;University of Duisburg-Essen;p;"";""
10.48580/dgt98;PELC;P.E.L.C. - Private Entomological Laboratory and Collection;Department of Zoology, Universitat de València;pp;p;""
10.6084/m9.figshare.c.7153870.v1;University Hospital Olomouc;University Hospital Olomouc;Slovak Academy of Sciences;p;"";""
10.48580/dgt98;PELC;P.E.L.C. - Private Entomological Laboratory and Collection;;pp;"";""
10.6084/m9.figshare.c.7798513.v1;ČVUT;Czech Technical University in Prague;Institute of Molecular and Translational Medicine;p;"";""
10.14473/csda/9alxny/mxvqgh;Institute of Philosophy;Institute of Philosophy;(International Center for Defense and Security, Tallinn, Estonia);pp;"";""
10.6084/m9.figshare.c.6629419.v1;Fakultní Nemocnice Plzeň;Fakultní Nemocnice Plzeň;Charles University;p;"";""
10.5281/zenodo.7415164;CRI;Crop Research Institute;FRAB;p;"";""
10.5285/3b077711-f183-42f1-bac6-c892922c81f4;CULS;Czech University of Life Sciences Prague;University of Tokyo;p;"";""
10.6084/m9.figshare.c.7801480.v1;CEITEC MU;Central European Institute of Technology – Masaryk University;Center For Biomarker Research In Medicine;p;"";""
10.6084/m9.figshare.c.7945172.v1;University Hospital Hradec Králové;University Hospital Hradec Králové;University of Hradec Králové;p;"";""
10.15468/m97sd2;PELC;P.E.L.C. - Private Entomological Laboratory and Collection;;pp;"";""
10.6084/m9.figshare.c.6103083.v1;University Hospital Brno;University Hospital Brno;Masaryk University;p;"";""
10.5281/zenodo.17162242;CULS;Czech University of Life Sciences Prague;University of Ioannina;p;"";""
10.5281/zenodo.15137992;CRI;Crop Research Institute;Rudolfstetten, Switzerland;p;"";""
10.6084/m9.figshare.c.7503929.v1;University Hospital Brno;University Hospital Brno;Masaryk University;p;"";""
10.48580/dgsv8;PELC;P.E.L.C. - Private Entomological Laboratory and Collection;;pp;"";""
10.15468/m97sd2;PELC;P.E.L.C. - Private Entomological Laboratory and Collection;Brigham Young University;pp;"";""
10.18419/darus-4117/1;ČVUT;Czech Technical University in Prague;Coll Coll;p;"";""
10.6084/m9.figshare.c.7649648.v1;CEITEC MU;Central European Institute of Technology – Masaryk University;Masaryk University;p;"";""
10.5281/zenodo.7415164;CRI;Crop Research Institute;University of Almería;p;"";""
10.48580/dgs4f;PELC;P.E.L.C. - Private Entomological Laboratory and Collection;WWF;pp;"";""
10.48580/dgs4f;PELC;P.E.L.C. - Private Entomological Laboratory and Collection;Nortern Arizona University;pp;"";""
10.15468/m97sd2;PELC;P.E.L.C. - Private Entomological Laboratory and Collection;;pp;"";""
10.5281/zenodo.11115776;University Hospital in Motol;University Hospital in Motol;Second Faculty of Medicine, Charles University;p;"";""
10.48580/dgt98;PELC;P.E.L.C. - Private Entomological Laboratory and Collection;;pp;"";""
10.6084/m9.figshare.c.7057817.v1;Palacký University, Olomouc;Palacký University, Olomouc;German Cancer Research Center;p;"";""
10.6084/m9.figshare.c.7149681.v1;Palacký University, Olomouc;Palacký University, Olomouc;Charles University;p;"";""
10.48580/dgsv8;PELC;P.E.L.C. - Private Entomological Laboratory and Collection;;pp;"";""
10.6084/m9.figshare.c.6830133.v1;CEITEC ;Central European Institute of Technology;Charles University;p;"";""
10.15468/vymt96;CULS;Czech University of Life Sciences Prague;Water Research Institute of the National Research Council;p;"";""
10.6084/m9.figshare.c.6319614.v1;ČVUT;Czech Technical University in Prague;Charles University;p;"";""
10.15468/m97sd2;PELC;P.E.L.C. - Private Entomological Laboratory and Collection;;pp;"";""
10.18419/darus-4117/15;ČVUT;Czech Technical University in Prague;Czech University of Life Sciences;p;"";""
10.6084/m9.figshare.c.7323343.v1;University Hospital Brno;University Hospital Brno;;p;"";""
10.48580/dgtg4;PELC;P.E.L.C. - Private Entomological Laboratory and Collection;;pp;"";""
10.14473/csda/9alxny/mf6m0r;Institute of Philosophy;Institute of Philosophy;(Faculty of Communication, Vilnius University, Vilnius, Lithuania);pp;"";""
10.6084/m9.figshare.c.6596467.v1;IKEM;Institute of Clinical and Experimental Medicine;Charité - University Medicine Berlin;p;"";""
10.5281/zenodo.7194756;IKEM;Institute of Clinical and Experimental Medicine;Institute of Clinical Medicine, University of Oslo;p;"";""
10.6084/m9.figshare.c.5923208.v1;CEITEC ;Central European Institute of Technology;Kiel University;p;"";""
10.6084/m9.figshare.c.6926742.v1;FNUSA-ICRC;International Clinical Research Center of St. Anne's University Hospital Brno;National Research Council;p;"";""
10.6084/m9.figshare.c.6847082.v1;Palacký University, Olomouc;Palacký University, Olomouc;University of Silesia;p;"";""
10.6084/m9.figshare.c.7953063.v1;FNUSA;St. Anne´s University Hospital;Cleveland Clinic;p;"";""
10.6084/m9.figshare.c.5919401.v1;CULS;Czech University of Life Sciences Prague;University of Chemistry and Technology;p;"";""
10.48580/dgtg4;PELC;P.E.L.C. - Private Entomological Laboratory and Collection;;pp;"";""
10.6084/m9.figshare.c.6830045.v1;FNUSA;St. Anne´s University Hospital;Masaryk University;p;"";""
10.6084/m9.figshare.21009561.v1;IPVZ;Institute for Postgraduate Medical Education;Nemocnice Na Bulovce;p;"";""
10.48580/dgs4f;PELC;P.E.L.C. - Private Entomological Laboratory and Collection;RSPB, c/o Royal Botanic Gardens, Kew;pp;p;""
10.48580/dgs4f;PELC;P.E.L.C. - Private Entomological Laboratory and Collection;Global Biodiversity Information Facility;pp;"";""
10.6084/m9.figshare.c.6690909.v1;University Hospital in Motol;University Hospital in Motol;Charles University;p;"";""
10.48580/dgs4f;PELC;P.E.L.C. - Private Entomological Laboratory and Collection;Montreal Botanical Garden;pp;"";""
10.48580/dgt98;PELC;P.E.L.C. - Private Entomological Laboratory and Collection;Catalogue of Life Foundation;pp;"";""
10.5285/3b077711-f183-42f1-bac6-c892922c81f4;CULS;Czech University of Life Sciences Prague;Chulalongkorn University;p;"";""
10.6084/m9.figshare.c.6770757.v1;CULS;Czech University of Life Sciences Prague;Mendel University in Brno;p;"";""
10.6084/m9.figshare.c.7880704.v1;VFN;General University Hospital in Prague;Aarhus University Hospital;pp;p;""
10.48580/dgs4f;PELC;P.E.L.C. - Private Entomological Laboratory and Collection;;pp;"";""
10.5281/zenodo.7786270;IAP;Institute of Atmospheric Physics;ONERA/DPHY, Université de Toulouse, Toulouse, France;pp;p;""
10.48580/dgsv8;PELC;P.E.L.C. - Private Entomological Laboratory and Collection;;pp;"";""
10.6084/m9.figshare.c.5923208.v1;CEITEC MU;Central European Institute of Technology – Masaryk University;University of Veterinary Medicine Vienna;p;"";""
10.6084/m9.figshare.c.7079010.v1;IAB;Institute of Applied Biotechnologies (Czechia);;pp;"";""
10.6084/m9.figshare.c.7158337.v1;Palacký University, Olomouc;Palacký University, Olomouc;University of Ostrava;p;"";""
10.6084/m9.figshare.19470467.v1;CEITEC ;Central European Institute of Technology;Center For Biomarker Research In Medicine;p;"";""
10.6084/m9.figshare.c.7595498.v1;University Hospital Brno;University Hospital Brno;Masaryk University;p;"";""
10.5281/zenodo.6382216;CULS;Czech University of Life Sciences Prague;KORA Foundation;p;"";""
10.5281/zenodo.10680436;CULS;Czech University of Life Sciences Prague;Atlantic International Research Centre (AIR Centre);p;"";""
10.6084/m9.figshare.c.6590218.v1;IKEM;Institute of Clinical and Experimental Medicine;;p;"";""
10.48580/dgs4f;PELC;P.E.L.C. - Private Entomological Laboratory and Collection;Natural History Museum and Department of Ecology and Evolutionary Biology, University of Kansas;pp;p;""
10.6084/m9.figshare.c.6683881.v1;FNUSA;St. Anne´s University Hospital;Masaryk University;p;"";""
10.5281/zenodo.7415164;CRI;Crop Research Institute;Research Institute for Soil Science and Agrochemistry;p;"";""
10.48580/dgsv8;PELC;P.E.L.C. - Private Entomological Laboratory and Collection;;pp;"";""
10.6084/m9.figshare.c.6317120.v1;VFN;General University Hospital in Prague;University College London;pp;"";""
10.6084/m9.figshare.c.7215790.v1;CULS;Czech University of Life Sciences Prague;Guizhou Minzu University;p;"";""
10.48580/dgsv8;PELC;P.E.L.C. - Private Entomological Laboratory and Collection;;pp;"";""
10.6084/m9.figshare.c.6787807.v1;University Hospital Olomouc;University Hospital Olomouc;German Cancer Research Center;p;"";""
10.6084/m9.figshare.c.7415533.v1;IKEM;Institute of Clinical and Experimental Medicine;Czech Academy of Sciences;p;"";""
10.48580/dgsv8;PELC;P.E.L.C. - Private Entomological Laboratory and Collection;;pp;"";""
10.14473/csda/9alxny/hi39z0;Institute of Philosophy;Institute of Philosophy;(Tel Aviv University);pp;"";""
10.6084/m9.figshare.c.7409075.v1;University Hospital Brno;University Hospital Brno;Masaryk University;p;"";""
10.48580/dgtg4;PELC;P.E.L.C. - Private Entomological Laboratory and Collection;;pp;"";""
10.48580/dgt98;PELC;P.E.L.C. - Private Entomological Laboratory and Collection;;pp;"";""
10.48580/dgtg4;PELC;P.E.L.C. - Private Entomological Laboratory and Collection;;pp;"";""
10.6084/m9.figshare.c.6926742.v1;FNUSA;St. Anne´s University Hospital;National Research Council;p;"";""
10.6084/m9.figshare.c.6830133.v1;CEITEC ;Central European Institute of Technology;University of Ostrava;p;"";""
10.6084/m9.figshare.c.5449871.v1;University Hospital Brno;University Hospital Brno;Seoul National University;p;"";""
10.48580/dgtg4;PELC;P.E.L.C. - Private Entomological Laboratory and Collection;;pp;"";""
10.6084/m9.figshare.c.6089047.v1;VFU;University of Veterinary and Pharmaceutical Sciences;Kansas State University;p;"";""
10.48580/dgs4f;PELC;P.E.L.C. - Private Entomological Laboratory and Collection;Zoological Institute RAS;pp;"";""
10.17632/d73jhrxdx3.2;Palacký University, Olomouc;Palacký University, Olomouc;;p;"";""
10.5281/zenodo.13884524;CEITEC ;Central European Institute of Technology;TU Wien, Institute of Chemical Technologies and Analytics;p;"";""
10.48580/dgtg4;PELC;P.E.L.C. - Private Entomological Laboratory and Collection;;pp;"";""
10.6084/m9.figshare.c.7062853.v1;University Hospital Brno;University Hospital Brno;Newcastle University;p;"";""
10.15468/m97sd2;PELC;P.E.L.C. - Private Entomological Laboratory and Collection;;pp;"";""
10.6084/m9.figshare.c.6585787.v1;VFN;General University Hospital in Prague;Charles University;pp;"";""
10.6084/m9.figshare.c.6037946.v1;Palacký University, Olomouc;Palacký University, Olomouc;Rothamsted Research;p;"";""
10.6084/m9.figshare.c.6683881.v1;FNUSA;St. Anne´s University Hospital;Masaryk University;p;"";""
10.48580/dgs4f;PELC;P.E.L.C. - Private Entomological Laboratory and Collection;;pp;"";""
10.48580/dgt98;PELC;P.E.L.C. - Private Entomological Laboratory and Collection;;pp;"";""
10.5281/zenodo.15739421;University Hospital Brno;University Hospital Brno;Shemyakin and Ovchinnikov Institute of Bioorganic Chemistry, Moscow, Russia;p;"";""
10.48580/dgs4f;PELC;P.E.L.C. - Private Entomological Laboratory and Collection;Fundación Ictiológica;pp;"";""
10.48580/dgt98;PELC;P.E.L.C. - Private Entomological Laboratory and Collection;Virginia Commonwealth University;pp;"";""
10.5281/zenodo.10888833;Palacký University, Olomouc;Palacký University, Olomouc;The University of Birmingham;p;"";""
10.6084/m9.figshare.c.7885117.v1;University Hospital Olomouc;University Hospital Olomouc;Helmholtz-Zentrum Dresden-Rossendorf;p;"";""
10.15468/m97sd2;PELC;P.E.L.C. - Private Entomological Laboratory and Collection;;pp;"";""
10.6084/m9.figshare.c.6770757.v1;CULS;Czech University of Life Sciences Prague;Mendel University in Brno;p;"";""
10.6084/m9.figshare.c.6582923.v1;CULS;Czech University of Life Sciences Prague;Czech Academy of Sciences;p;"";""
10.48580/dgtg4;PELC;P.E.L.C. - Private Entomological Laboratory and Collection;Key Laboratory of Animal Ecology and Conservation Biology, Chinese Academy of Sciences;pp;"";""
10.48580/dgsv8;PELC;P.E.L.C. - Private Entomological Laboratory and Collection;;pp;"";""
10.5281/zenodo.10888833;Palacký University, Olomouc;Palacký University, Olomouc;;p;"";""
10.6084/m9.figshare.19470467.v1;CEITEC MU;Central European Institute of Technology – Masaryk University;Center For Biomarker Research In Medicine;p;"";""
10.48580/dgtg4;PELC;P.E.L.C. - Private Entomological Laboratory and Collection;;pp;"";""
10.5281/zenodo.10680436;CULS;Czech University of Life Sciences Prague;Institute for Biodiversity and Ecosystem Dynamics, University of Amsterdam;p;"";""
10.5281/zenodo.4551727;SZU;National Institute of Public Health;National Food and Veterinary Risk Assessment Institute, Lithuania;p;"";""
10.6084/m9.figshare.c.6629419.v1;Hospital Jihlava;Hospital Jihlava;Nemocnice Na Bulovce;p;"";""
10.48580/dgsv8;PELC;P.E.L.C. - Private Entomological Laboratory and Collection;;pp;"";""
10.15468/m97sd2;PELC;P.E.L.C. - Private Entomological Laboratory and Collection;;pp;"";""
10.6084/m9.figshare.c.6728458.v1;University Hospital Brno;University Hospital Brno;Masaryk University;p;"";""
10.15468/m97sd2;PELC;P.E.L.C. - Private Entomological Laboratory and Collection;Natural History Museum;pp;"";""
10.48580/dgt98;PELC;P.E.L.C. - Private Entomological Laboratory and Collection;;pp;"";""
10.48580/dgtg4;PELC;P.E.L.C. - Private Entomological Laboratory and Collection;;pp;"";""
10.5281/zenodo.10680436;Jan Evangelista Purkyně University in Ústí nad Labem;Jan Evangelista Purkyně University in Ústí nad Labem;Division of Forest and Forest Resources, Norwegian Institute for Bioeconomy (NIBIO);p;"";""
10.6084/m9.figshare.c.6146679.v1;Biopticka Laborator (Czechia);Biopticka Laborator (Czechia);Lund University;p;"";""
10.5281/zenodo.4726030;NPI;Nuclear Physics Institute;Belgium Nuclear Research Centre (SCK CEN);p;"";""
10.6084/m9.figshare.c.6579182.v1;University Hospital in Motol;University Hospital in Motol;Karolinska Institute;p;"";""
10.5281/zenodo.11454277;CULS;Czech University of Life Sciences Prague;INRAE, UR EFNO, Nogent-sur-Vernisson, France;p;"";""
10.6084/m9.figshare.c.6780806.v1;FNUSA;St. Anne´s University Hospital;Foundation for Research on Information Technologies in Society;p;"";""
10.48580/dgtg4;PELC;P.E.L.C. - Private Entomological Laboratory and Collection;Plazi;pp;p;""
10.6084/m9.figshare.c.5923208.v1;CEITEC ;Central European Institute of Technology;Center For Biomarker Research In Medicine;p;"";""
10.5281/zenodo.4588389;Palacký University, Olomouc;Palacký University, Olomouc;Comenius University;p;"";""
10.48580/dgs4f;PELC;P.E.L.C. - Private Entomological Laboratory and Collection;;pp;"";""
10.5281/zenodo.10888833;Palacký University, Olomouc;Palacký University, Olomouc;;p;"";""
10.6084/m9.figshare.c.7079010.v1;IAB;Institute of Applied Biotechnologies (Czechia);Institute of Molecular Genetics;pp;"";""
10.48580/dgs4f;PELC;P.E.L.C. - Private Entomological Laboratory and Collection;;pp;"";""
10.5281/zenodo.5483762;ČVUT;Czech Technical University in Prague;Czech Technical University;p;"";""
10.6084/m9.figshare.c.7801480.v1;CEITEC ;Central European Institute of Technology;University of Cambridge;p;"";""
10.48580/dgs4f;PELC;P.E.L.C. - Private Entomological Laboratory and Collection;Muséum national d'Histoire naturelle (MNHN);pp;"";""
10.48580/dgt98;PELC;P.E.L.C. - Private Entomological Laboratory and Collection;;pp;"";""
10.48580/dgs4f;PELC;P.E.L.C. - Private Entomological Laboratory and Collection;;pp;"";""
10.48580/dgt98;PELC;P.E.L.C. - Private Entomological Laboratory and Collection;;pp;"";""
10.48580/dgsv8;PELC;P.E.L.C. - Private Entomological Laboratory and Collection;;pp;"";""
10.5281/zenodo.6505455;CEITEC ;Central European Institute of Technology;CEITEC Masaryk University;p;"";""
10.5281/zenodo.15154495;University Hospital Hradec Králové;University Hospital Hradec Králové;;p;"";""
10.6084/m9.figshare.c.5265220.v1;CRI;Crop Research Institute;University of Ljubljana;p;"";""
10.6084/m9.figshare.c.7079010.v1;VFN;General University Hospital in Prague;;pp;"";""
10.48580/dgs4f;PELC;P.E.L.C. - Private Entomological Laboratory and Collection;University of Alaska Museum;pp;"";""
10.48580/dgtg4;PELC;P.E.L.C. - Private Entomological Laboratory and Collection;;pp;"";""
10.5281/zenodo.10680436;Jan Evangelista Purkyně University in Ústí nad Labem;Jan Evangelista Purkyně University in Ústí nad Labem;Norwegian Institute for Water Research (NIVA);p;"";""
10.5281/zenodo.10680436;Jan Evangelista Purkyně University in Ústí nad Labem;Jan Evangelista Purkyně University in Ústí nad Labem;University of Natural Resources & Life Sciences, BOKU Vienna;p;"";""
10.6084/m9.figshare.20035637.v1;IEB;Institute of Experimental Botany;Rothamsted Research;p;"";""
10.48580/dgsv8;PELC;P.E.L.C. - Private Entomological Laboratory and Collection;Smithsonian Institution;pp;"";""
10.6084/m9.figshare.c.5449871.v1;University Hospital Brno;University Hospital Brno;Janssen (United States);p;"";""
10.5281/zenodo.10563098;FZU;Institute of Physics;Aalto University;p;"";""
10.5281/zenodo.15792089;CULS;Czech University of Life Sciences Prague;Bulgarian Food Safety Agency, Sofia, Bulgaria;p;"";""
10.15468/m97sd2;PELC;P.E.L.C. - Private Entomological Laboratory and Collection;;pp;"";""
10.5281/zenodo.7415164;CRI;Crop Research Institute;WEnR;p;"";""
10.6084/m9.figshare.c.6690909.v1;University Hospital in Motol;University Hospital in Motol;University of Debrecen;p;"";""
10.48580/dgt98;PELC;P.E.L.C. - Private Entomological Laboratory and Collection;;pp;"";""
10.6084/m9.figshare.c.6982167.v1;University Hospital Brno;University Hospital Brno;Masaryk University;p;"";""
10.6084/m9.figshare.c.6787408.v1;VFU;University of Veterinary and Pharmaceutical Sciences;Masaryk University;p;"";""
10.6084/m9.figshare.c.7075282.v1;University Hospital in Motol;University Hospital in Motol;Technical University of Madrid;p;"";""
10.5281/zenodo.15154495;University Hospital Hradec Králové;University Hospital Hradec Králové;;p;"";""
10.48580/dgt98;PELC;P.E.L.C. - Private Entomological Laboratory and Collection;;pp;"";""
10.48580/dgs4f;PELC;P.E.L.C. - Private Entomological Laboratory and Collection;;pp;"";""
10.15468/m97sd2;PELC;P.E.L.C. - Private Entomological Laboratory and Collection;;pp;"";""
10.48580/dgsv8;PELC;P.E.L.C. - Private Entomological Laboratory and Collection;;pp;"";""
10.15468/m97sd2;PELC;P.E.L.C. - Private Entomological Laboratory and Collection;Museu Nacional, Universidade Federal do Rio de Janeiro;pp;"";""
10.15468/m97sd2;PELC;P.E.L.C. - Private Entomological Laboratory and Collection;;pp;"";""
10.15468/m97sd2;PELC;P.E.L.C. - Private Entomological Laboratory and Collection;;pp;"";""
10.5281/zenodo.7863867;CULS;Czech University of Life Sciences Prague;Česká zemědělská univerzita;p;"";""
10.48580/dgs4f;PELC;P.E.L.C. - Private Entomological Laboratory and Collection;Natural History Museum;pp;"";""
10.48580/dgs4f;PELC;P.E.L.C. - Private Entomological Laboratory and Collection;Zoological Institute RAS;pp;"";""
10.48580/dgt98;PELC;P.E.L.C. - Private Entomological Laboratory and Collection;;pp;"";""
10.6084/m9.figshare.c.6728494.v1;CULS;Czech University of Life Sciences Prague;Charles University;p;"";""
10.5281/zenodo.15095308;Jan Evangelista Purkyně University in Ústí nad Labem;Jan Evangelista Purkyně University in Ústí nad Labem;Helmholtz Centre for Environmental Research;p;"";""
10.6084/m9.figshare.c.5919401.v1;CULS;Czech University of Life Sciences Prague;University of Chemistry and Technology;p;"";""
10.6084/m9.figshare.c.6787450.v1;CEITEC ;Central European Institute of Technology;Queen's University Belfast;p;"";""
10.5281/zenodo.10680436;Jan Evangelista Purkyně University in Ústí nad Labem;Jan Evangelista Purkyně University in Ústí nad Labem;University of Bayreuth;p;"";""
10.48580/dgt98;PELC;P.E.L.C. - Private Entomological Laboratory and Collection;;pp;"";""
10.15468/m97sd2;PELC;P.E.L.C. - Private Entomological Laboratory and Collection;;pp;"";""
10.48580/dgt98;PELC;P.E.L.C. - Private Entomological Laboratory and Collection;;pp;"";""
10.48580/dgsv8;PELC;P.E.L.C. - Private Entomological Laboratory and Collection;;pp;"";""
10.48580/dgs4f;PELC;P.E.L.C. - Private Entomological Laboratory and Collection;;pp;"";""
10.6084/m9.figshare.c.7075282.v1;University Hospital in Motol;University Hospital in Motol;Amsterdam University Medical Centers;p;"";""
10.5281/zenodo.15064532;CULS;Czech University of Life Sciences Prague;Wildlife Montenegro;p;"";""
10.5281/zenodo.7390416;SZU;National Institute of Public Health;Risk Assesment Center on Food Chain, Bulgaria;p;"";""
10.48580/dgs4f;PELC;P.E.L.C. - Private Entomological Laboratory and Collection;Natural History Museum;pp;"";""
10.5281/zenodo.11212280;ITAM AS CR;Institute of Theoretical and Applied Mechanics;Nuclear Physics Institute of the Czech Academy of Sciences;pp;p;""
10.6084/m9.figshare.c.6004076.v1;Fakultní Nemocnice Plzeň;Fakultní Nemocnice Plzeň;Ludwig Maximilian University of Munich;p;"";""
10.48580/dgs4f;PELC;P.E.L.C. - Private Entomological Laboratory and Collection;Departamento de Zoologia, Universidade Federal do Rio de Janeiro;pp;p;""
10.6084/m9.figshare.c.7079010.v1;IAB;Institute of Applied Biotechnologies (Czechia);Charles University;pp;"";""
10.18419/darus-4117/7;ČVUT;Czech Technical University in Prague;Universität Stuttgart;p;"";""
10.6084/m9.figshare.c.7040196.v1;FNUSA;St. Anne´s University Hospital;University of Ljubljana;p;"";""
10.6084/m9.figshare.c.6926742.v1;FNUSA-ICRC;International Clinical Research Center of St. Anne's University Hospital Brno;"Cluster of Excellence ""Science of Intelligence""";p;"";""
10.14473/csda/9alxny/edv8qp;Institute of Philosophy;Institute of Philosophy;(Vilnius University, Lithuania);pp;"";""
10.48580/dgtg4;PELC;P.E.L.C. - Private Entomological Laboratory and Collection;;pp;"";""
10.6084/m9.figshare.c.7149681.v1;VFN;General University Hospital in Prague;Charles University;pp;"";""
10.5281/zenodo.14882506;CULS;Czech University of Life Sciences Prague;Mendel University in Brno;p;"";""
10.6084/m9.figshare.c.7232063.v1;University Hospital Hradec Králové;University Hospital Hradec Králové;Slovak University of Technology in Bratislava;p;"";""
10.17632/vr37vj22s5;UPA;University of Pardubice;Univerzita Karlova Farmaceuticka fakulta v Hradci Kralove;p;"";""
10.48580/dgt98;PELC;P.E.L.C. - Private Entomological Laboratory and Collection;African Insect Science for Food and Health (ICIPE);pp;p;""
10.5281/zenodo.5711706;CULS;Czech University of Life Sciences Prague;Ghent University;p;"";""
10.48580/dgs4f;PELC;P.E.L.C. - Private Entomological Laboratory and Collection;;pp;"";""
10.48580/dgsv8;PELC;P.E.L.C. - Private Entomological Laboratory and Collection;Kenya Marine and Fisheries Research Institute;pp;"";""
10.48580/dgsv8;PELC;P.E.L.C. - Private Entomological Laboratory and Collection;;pp;"";""
10.15468/m97sd2;PELC;P.E.L.C. - Private Entomological Laboratory and Collection;Nortern Arizona University;pp;"";""
10.6084/m9.figshare.c.6261502.v1;University Hospital Hradec Králové;University Hospital Hradec Králové;Monash University;p;"";""
10.15468/m97sd2;PELC;P.E.L.C. - Private Entomological Laboratory and Collection;;pp;"";""
10.6084/m9.figshare.c.6778873.v1;Palacký University, Olomouc;Palacký University, Olomouc;National Academy of Sciences of Armenia;p;"";""
10.5281/zenodo.17162242;CULS;Czech University of Life Sciences Prague;University of Lyon;p;"";""
10.6084/m9.figshare.c.6962539.v1;VFN;General University Hospital in Prague;Palacký University, Olomouc;pp;p;""
10.6084/m9.figshare.c.6804718.v1;CEITEC ;Central European Institute of Technology;Masaryk Memorial Cancer Institute;p;"";""
10.6084/m9.figshare.c.6787450.v1;CEITEC MU;Central European Institute of Technology – Masaryk University;Medical University of Vienna;p;"";""
10.48580/dgtg4;PELC;P.E.L.C. - Private Entomological Laboratory and Collection;;pp;"";""
10.15468/m97sd2;PELC;P.E.L.C. - Private Entomological Laboratory and Collection;;pp;"";""
10.48580/dgsv8;PELC;P.E.L.C. - Private Entomological Laboratory and Collection;Natural History Museum;pp;"";""
10.48580/dgsv8;PELC;P.E.L.C. - Private Entomological Laboratory and Collection;;pp;"";""
10.57760/sciencedb.01299;Institute of Psychology;Institute of Psychology;Beijing Normal University;p;"";""
10.5281/zenodo.15154492;University Hospital Hradec Králové;University Hospital Hradec Králové;;p;"";""
10.48580/dgs4f;PELC;P.E.L.C. - Private Entomological Laboratory and Collection;;pp;"";""
10.6084/m9.figshare.c.7880704.v1;VFN;General University Hospital in Prague;Bankstown Lidcombe Hospital;pp;p;""
10.48580/dgt98;PELC;P.E.L.C. - Private Entomological Laboratory and Collection;;pp;"";""
10.6084/m9.figshare.c.7392838.v1;University Hospital Brno;University Hospital Brno;;p;"";""
10.6084/m9.figshare.c.6615102.v1;VFN;General University Hospital in Prague;Slovak Academy of Sciences;pp;"";""
10.6084/m9.figshare.19470467.v1;CEITEC MU;Central European Institute of Technology – Masaryk University;Kiel University;p;"";""
10.15468/m97sd2;PELC;P.E.L.C. - Private Entomological Laboratory and Collection;Smithsonian Institution;pp;"";""
10.5281/zenodo.10680436;CULS;Czech University of Life Sciences Prague;University of Amsterdam;p;"";""
10.15468/m97sd2;PELC;P.E.L.C. - Private Entomological Laboratory and Collection;Pennsylvania State University;pp;p;""
10.48580/dgs4f;PELC;P.E.L.C. - Private Entomological Laboratory and Collection;Office National de la Chasse et de la Faune Sauvage;pp;"";""
10.15468/m97sd2;PELC;P.E.L.C. - Private Entomological Laboratory and Collection;;pp;"";""
10.6084/m9.figshare.c.7885117.v1;Palacký University, Olomouc;Palacký University, Olomouc;Institute of Molecular and Translational Medicine;p;"";""
10.5281/zenodo.10949371;Institute of Experimental Medicine;Institute of Experimental Medicine;National Institute of Mental Health;p;"";""
10.48580/dgs4f;PELC;P.E.L.C. - Private Entomological Laboratory and Collection;African Insect Science for Food and Health (ICIPE);pp;p;""
10.6084/m9.figshare.c.6787450.v1;CEITEC MU;Central European Institute of Technology – Masaryk University;University of Cambridge;p;"";""
10.5281/zenodo.7415164;CRI;Crop Research Institute;Technical University of Crete;p;"";""
10.48580/dgt98;PELC;P.E.L.C. - Private Entomological Laboratory and Collection;;pp;"";""
10.18419/darus-4117/13;CULS;Czech University of Life Sciences Prague;Coll Coll;p;"";""
10.6084/m9.figshare.c.7828330.v1;CEITEC ;Central European Institute of Technology;;p;"";""
10.5281/zenodo.16984360;CRI;Crop Research Institute;Czech Agrifood Research Center;p;"";""
10.48580/dgs4f;PELC;P.E.L.C. - Private Entomological Laboratory and Collection;;pp;"";""
10.6084/m9.figshare.c.6317120.v1;VFN;General University Hospital in Prague;Universität Innsbruck;pp;"";""
10.6084/m9.figshare.19470467.v1;CEITEC MU;Central European Institute of Technology – Masaryk University;University of Veterinary Medicine Vienna;p;"";""
10.48580/dgsv8;PELC;P.E.L.C. - Private Entomological Laboratory and Collection;;pp;"";""
10.48580/dgs4f;PELC;P.E.L.C. - Private Entomological Laboratory and Collection;;pp;"";""
10.6084/m9.figshare.c.6787450.v1;CEITEC MU;Central European Institute of Technology – Masaryk University;CIC bioGUNE;p;"";""
10.48580/dgsv8;PELC;P.E.L.C. - Private Entomological Laboratory and Collection;;pp;"";""
10.18419/darus-4117/9;CULS;Czech University of Life Sciences Prague;Czech University of Life Sciences;p;"";""
10.48580/dgtg4;PELC;P.E.L.C. - Private Entomological Laboratory and Collection;REFLORA Program;pp;p;""
10.6084/m9.figshare.c.6830133.v1;CEITEC ;Central European Institute of Technology;University of Ostrava;p;"";""
10.6084/m9.figshare.c.7307920.v1;IKEM;Institute of Clinical and Experimental Medicine;Charles University;p;"";""
10.5281/zenodo.7415164;CRI;Crop Research Institute;Technical University of Crete;p;"";""
10.15468/m97sd2;PELC;P.E.L.C. - Private Entomological Laboratory and Collection;;pp;"";""
10.48580/dgtg4;PELC;P.E.L.C. - Private Entomological Laboratory and Collection;Helmholtz Centre for Environmental Research – UFZ, Department of Community Ecology;pp;p;""
10.6084/m9.figshare.c.7040196.v1;Palacký University, Olomouc;Palacký University, Olomouc;University of Ljubljana;p;"";""
10.6084/m9.figshare.c.7649648.v1;University Hospital Brno;University Hospital Brno;Masaryk University;p;"";""
10.48580/dgsv8;PELC;P.E.L.C. - Private Entomological Laboratory and Collection;;pp;"";""
10.48580/dgsv8;PELC;P.E.L.C. - Private Entomological Laboratory and Collection;;pp;"";""
10.6084/m9.figshare.c.7149681.v1;VFN;General University Hospital in Prague;Czech Academy of Sciences;pp;"";""
10.48580/dgt98;PELC;P.E.L.C. - Private Entomological Laboratory and Collection;Global Biodiversity Information Facility;pp;"";""
10.48580/dgtg4;PELC;P.E.L.C. - Private Entomological Laboratory and Collection;Parque Natural da Madeira/CEM;pp;p;""
10.48580/dgs4f;PELC;P.E.L.C. - Private Entomological Laboratory and Collection;;pp;"";""
10.48580/dgt98;PELC;P.E.L.C. - Private Entomological Laboratory and Collection;;pp;"";""
10.15468/m97sd2;PELC;P.E.L.C. - Private Entomological Laboratory and Collection;;pp;"";""
10.6084/m9.figshare.c.7732283.v1;FNUSA-ICRC;International Clinical Research Center of St. Anne's University Hospital Brno;Masaryk University;p;"";""
10.48580/dgs4f;PELC;P.E.L.C. - Private Entomological Laboratory and Collection;Research Institute for Nature and Forest (INBO) / Belgian Biodiversity Platform;pp;p;""
10.15468/m97sd2;PELC;P.E.L.C. - Private Entomological Laboratory and Collection;;pp;"";""
10.15468/m97sd2;PELC;P.E.L.C. - Private Entomological Laboratory and Collection;;pp;"";""
10.6084/m9.figshare.c.6629419.v1;University Hospital Hradec Králové;University Hospital Hradec Králové;Charles University;p;"";""
10.48580/dgs4f;PELC;P.E.L.C. - Private Entomological Laboratory and Collection;;pp;"";""
10.6084/m9.figshare.c.7220407.v1;University Hospital Olomouc;University Hospital Olomouc;Institute of Biotechnology;p;"";""
10.15468/m97sd2;PELC;P.E.L.C. - Private Entomological Laboratory and Collection;;pp;"";""
10.6084/m9.figshare.c.6586648.v1;CULS;Czech University of Life Sciences Prague;;p;"";""
10.5281/zenodo.10680436;CULS;Czech University of Life Sciences Prague;Cavanilles Institute of Biodiversity and Evolutionary Biology, Universitat de València;p;"";""
10.6084/m9.figshare.c.7264690.v1;CEITEC ;Central European Institute of Technology;Masaryk University;p;"";""
10.5281/zenodo.10680436;CULS;Czech University of Life Sciences Prague;National Institute on Wildlife Research (IREC), University of Castilla-La Mancha;p;"";""
10.48580/dgs4f;PELC;P.E.L.C. - Private Entomological Laboratory and Collection;Universidad del Atlántico;pp;"";""
10.48580/dgs4f;PELC;P.E.L.C. - Private Entomological Laboratory and Collection;Finnish Museum of Natural History;pp;"";""
10.14473/csda/nyxqpt/o3clj1;Institute of Philosophy;Institute of Philosophy;(Tel-Hai College, University of Haifa);pp;"";""
10.48580/dgsv8;PELC;P.E.L.C. - Private Entomological Laboratory and Collection;;pp;"";""
10.6084/m9.figshare.19470467.v1;CEITEC MU;Central European Institute of Technology – Masaryk University;Center For Biomarker Research In Medicine;p;"";""
10.15468/m97sd2;PELC;P.E.L.C. - Private Entomological Laboratory and Collection;;pp;"";""
10.48580/dgsv8;PELC;P.E.L.C. - Private Entomological Laboratory and Collection;BrachNet;pp;"";""
10.48580/dgs4f;PELC;P.E.L.C. - Private Entomological Laboratory and Collection;Biological Records Centre, Centre for Ecology & Hydrology;pp;"";""
10.48580/dgtg4;PELC;P.E.L.C. - Private Entomological Laboratory and Collection;Terrestrial Invertebrate Research Laboratory, URESCOM, Davao Oriental State University;pp;"";""
10.48580/dgsv8;PELC;P.E.L.C. - Private Entomological Laboratory and Collection;;pp;"";""
10.48580/dgt98;PELC;P.E.L.C. - Private Entomological Laboratory and Collection;Real Jardín Botánico de Madrid, CSIC;pp;"";""
10.48580/dgtg4;PELC;P.E.L.C. - Private Entomological Laboratory and Collection;Asociación Colombiana de Ornitología;pp;"";""
10.48580/dgtg4;PELC;P.E.L.C. - Private Entomological Laboratory and Collection;Museum of Natural History, University of Oxford;pp;"";""
10.6084/m9.figshare.c.6615102.v1;VFN;General University Hospital in Prague;Slovak Academy of Sciences;pp;"";""
10.48580/dgtg4;PELC;P.E.L.C. - Private Entomological Laboratory and Collection;Naturalis Biodiversity Center;pp;"";""
10.6084/m9.figshare.c.7040196.v1;FNUSA-ICRC;International Clinical Research Center of St. Anne's University Hospital Brno;Masaryk University;p;"";""
10.48580/dgtg4;PELC;P.E.L.C. - Private Entomological Laboratory and Collection;;pp;"";""
10.48580/dgt98;PELC;P.E.L.C. - Private Entomological Laboratory and Collection;;pp;"";""
10.5281/zenodo.6382216;CULS;Czech University of Life Sciences Prague;University of Banja Luka;p;"";""
10.15468/m97sd2;PELC;P.E.L.C. - Private Entomological Laboratory and Collection;;pp;"";""
10.6084/m9.figshare.c.7798513.v1;ČVUT;Czech Technical University in Prague;Institute of Molecular and Translational Medicine;p;"";""
10.48580/dgt98;PELC;P.E.L.C. - Private Entomological Laboratory and Collection;;pp;"";""
10.6084/m9.figshare.c.7040196.v1;Palacký University, Olomouc;Palacký University, Olomouc;University of Catania;p;"";""
10.48580/dgsv8;PELC;P.E.L.C. - Private Entomological Laboratory and Collection;;pp;"";""
10.6084/m9.figshare.c.5923208.v1;CEITEC MU;Central European Institute of Technology – Masaryk University;University of Veterinary Medicine Vienna;p;"";""
10.6084/m9.figshare.c.7264690.v1;CEITEC ;Central European Institute of Technology;Czech Academy of Sciences;p;"";""
10.48580/dgt98;PELC;P.E.L.C. - Private Entomological Laboratory and Collection;Department of Zoology, University of oxford;pp;p;""
10.5281/zenodo.15135147;CULS;Czech University of Life Sciences Prague;School of Biological Sciences, University of Utah, 257 S. 1400 E., Salt Lake City, Utah 84112, USA.;p;"";""
10.15468/m97sd2;PELC;P.E.L.C. - Private Entomological Laboratory and Collection;Bavarian State Collection of Zoology;pp;"";""
10.6084/m9.figshare.c.6853696.v1;CULS;Czech University of Life Sciences Prague;Czech Academy of Sciences;p;"";""
10.6084/m9.figshare.c.7075282.v1;University Hospital in Motol;University Hospital in Motol;University of Freiburg;p;"";""
10.48580/dgs4f;PELC;P.E.L.C. - Private Entomological Laboratory and Collection;;pp;"";""
10.6084/m9.figshare.c.6962539.v1;VFN;General University Hospital in Prague;Revmatologický Ústav;pp;"";""
10.5281/zenodo.16984360;CRI;Crop Research Institute;Julius Kühn-Institut;p;"";""
10.15468/m97sd2;PELC;P.E.L.C. - Private Entomological Laboratory and Collection;Universitat de València;pp;"";""
10.6084/m9.figshare.c.6787450.v1;CEITEC ;Central European Institute of Technology;University of Veterinary Medicine Vienna;p;"";""
10.5281/zenodo.17083924;CULS;Czech University of Life Sciences Prague;;p;"";""
10.6084/m9.figshare.c.6683881.v1;FNUSA-ICRC;International Clinical Research Center of St. Anne's University Hospital Brno;Masaryk University;p;"";""
10.6084/m9.figshare.c.7615430.v1;VFN;General University Hospital in Prague;Addenbrooke's Hospital;pp;p;""
10.6084/m9.figshare.c.6787450.v1;CEITEC MU;Central European Institute of Technology – Masaryk University;University of Turin;p;"";""
10.5061/dryad.xksn02vkr;VFU;University of Veterinary and Pharmaceutical Sciences;University of Veterinary Medicine Vienna;p;"";""
10.6084/m9.figshare.c.6830133.v1;CEITEC MU;Central European Institute of Technology – Masaryk University;Vilnius University;p;"";""
10.6084/m9.figshare.c.6593519.v1;CULS;Czech University of Life Sciences Prague;University of Castilla-La Mancha;p;"";""
10.6084/m9.figshare.c.5944552.v1;ČVUT;Czech Technical University in Prague;Institute of Molecular Genetics;p;"";""
10.5281/zenodo.10572480;CULS;Czech University of Life Sciences Prague;Amsterdam Institute for Life and Environment (A-LIFE), Vrije Universiteit, Amsterdam, The Netherlands;p;"";""
10.6084/m9.figshare.c.6787450.v1;CEITEC ;Central European Institute of Technology;Medical University of Vienna;p;"";""
10.48580/dgs4f;PELC;P.E.L.C. - Private Entomological Laboratory and Collection;;pp;"";""
10.6084/m9.figshare.20341683.v1;University Hospital Brno;University Hospital Brno;Masaryk University;p;"";""
10.6084/m9.figshare.c.7905949.v1;University Hospital Ostrava;University Hospital Ostrava;University of Ostrava;p;"";""
10.5281/zenodo.5801249;CULS;Czech University of Life Sciences Prague;UFZ;p;"";""
10.6084/m9.figshare.c.7880704.v1;VFN;General University Hospital in Prague;Aarhus University;pp;"";""
10.48580/dgt98;PELC;P.E.L.C. - Private Entomological Laboratory and Collection;;pp;"";""
10.48580/dgt98;PELC;P.E.L.C. - Private Entomological Laboratory and Collection;;pp;"";""
10.18419/darus-4117/5;ČVUT;Czech Technical University in Prague;Universität Stuttgart;p;"";""
10.6084/m9.figshare.c.6804718.v1;CEITEC MU;Central European Institute of Technology – Masaryk University;Masaryk Memorial Cancer Institute;p;"";""
10.5281/zenodo.10680436;Jan Evangelista Purkyně University in Ústí nad Labem;Jan Evangelista Purkyně University in Ústí nad Labem;Thünen-Institute of Biodiversity;p;"";""
10.5281/zenodo.10680436;Jan Evangelista Purkyně University in Ústí nad Labem;Jan Evangelista Purkyně University in Ústí nad Labem;Botanic Garden and Botanical Museum, Freie Universität Berlin;p;"";""
10.5281/zenodo.17083924;CULS;Czech University of Life Sciences Prague;University of Sassari;p;"";""
10.6084/m9.figshare.19470467.v1;CEITEC MU;Central European Institute of Technology – Masaryk University;Innsbruck Medical University;p;"";""
10.6084/m9.figshare.c.7323343.v1;University Hospital Brno;University Hospital Brno;;p;"";""
10.6084/m9.figshare.c.6787450.v1;CEITEC ;Central European Institute of Technology;Innsbruck Medical University;p;"";""
10.6084/m9.figshare.c.6787807.v1;University Hospital Olomouc;University Hospital Olomouc;University of Amsterdam;p;"";""
10.48580/dgtg4;PELC;P.E.L.C. - Private Entomological Laboratory and Collection;Institut National de la Recherche Agronomique;pp;"";""
10.5281/zenodo.15064532;CULS;Czech University of Life Sciences Prague;Wageningen University;p;"";""
10.48580/dgtg4;PELC;P.E.L.C. - Private Entomological Laboratory and Collection;;pp;"";""
10.6084/m9.figshare.c.5449871.v1;University Hospital Brno;University Hospital Brno;;p;"";""
10.5281/zenodo.5675427;ČVUT;Czech Technical University in Prague;Czech Technical University;p;"";""
10.18419/darus-4117/9;CULS;Czech University of Life Sciences Prague;Coll Coll;p;"";""
10.6084/m9.figshare.c.6926742.v1;FNUSA;St. Anne´s University Hospital;University of Belgrade;p;"";""
10.15454/8uia76/fxm5yu;CULS;Czech University of Life Sciences Prague;(INRAE);p;"";""
10.6084/m9.figshare.c.7875701.v1;Institute of Parasitology;Institute of Parasitology;Technical University of Denmark;p;"";""
10.6084/m9.figshare.c.7728320.v1;FNUSA;St. Anne´s University Hospital;Masaryk University;p;"";""
10.48580/dgtg4;PELC;P.E.L.C. - Private Entomological Laboratory and Collection;;pp;"";""
10.48580/dgtg4;PELC;P.E.L.C. - Private Entomological Laboratory and Collection;;pp;"";""
10.6084/m9.figshare.c.7196998.v1;Military University Hospital Prague;Military University Hospital Prague;University Hospital Hradec Králové;pp;p;""
10.5281/zenodo.14295543;VFN;General University Hospital in Prague;International Clinical Research Center, Faculty of Medicine, Masaryk University, Brno, Czech Republic.;pp;p;""
10.5281/zenodo.7194756;IKEM;Institute of Clinical and Experimental Medicine;Diakonessenhuis, Utrecht;p;"";""
10.5281/zenodo.15681034;CULS;Czech University of Life Sciences Prague;Universidade de Aveiro;p;"";""
10.48580/dgt98;PELC;P.E.L.C. - Private Entomological Laboratory and Collection;;pp;"";""
10.6084/m9.figshare.c.7563934.v1;Palacký University, Olomouc;Palacký University, Olomouc;Australian Catholic University;p;"";""
10.6084/m9.figshare.c.6596467.v1;IKEM;Institute of Clinical and Experimental Medicine;Medical University of Vienna;p;"";""
10.48580/dgsv8;PELC;P.E.L.C. - Private Entomological Laboratory and Collection;;pp;"";""
10.6084/m9.figshare.c.7196998.v1;Military University Hospital Prague;Military University Hospital Prague;University of Hradec Králové;pp;"";""
10.5281/zenodo.10888833;Palacký University, Olomouc;Palacký University, Olomouc;Ural Federal University;p;"";""
10.6084/m9.figshare.c.6711871.v1;University Hospital Hradec Králové;University Hospital Hradec Králové;Charles University;p;"";""
10.6084/m9.figshare.c.6792969.v1;University Hospital Hradec Králové;University Hospital Hradec Králové;Charles University;p;"";""
10.48580/dgsv8;PELC;P.E.L.C. - Private Entomological Laboratory and Collection;Department of Zoology, University of oxford;pp;p;""
10.6084/m9.figshare.c.6261502.v1;University Hospital Hradec Králové;University Hospital Hradec Králové;Charles University;p;"";""
10.15785/sbgrid/956;ČVUT;Czech Technical University in Prague;Institute of Biotechnology of the Czech Academy of Sciences;p;"";""
10.48580/dgs4f;PELC;P.E.L.C. - Private Entomological Laboratory and Collection;Institut National de la Recherche Agronomique, Zoologie Forestière, Centre de recherche d’Orléans;pp;"";""
10.48580/dgtg4;PELC;P.E.L.C. - Private Entomological Laboratory and Collection;Schoolmeesters P.;pp;p;""
10.48580/dgtg4;PELC;P.E.L.C. - Private Entomological Laboratory and Collection;Coastal Research and Planning Institute;pp;p;""
10.18419/darus-4117/7;CULS;Czech University of Life Sciences Prague;Czech University of Life Sciences;p;"";""
10.15468/m97sd2;PELC;P.E.L.C. - Private Entomological Laboratory and Collection;Consejo Nacional de Investigaciones Científicas y Técnicas;pp;"";""
10.48580/dgtg4;PELC;P.E.L.C. - Private Entomological Laboratory and Collection;;pp;"";""
10.5281/zenodo.4650182;Palacký University, Olomouc;Palacký University, Olomouc;Laboratory of Ligand Engineering, Institute of Biotechnology of the Czech Academy of Sciences;p;"";""
10.5281/zenodo.16942982;University Hospital Olomouc;University Hospital Olomouc;DBM Bioinformatics Core Facility, Swiss Institute of Bioinformatics, Switzerland;p;"";""
10.48580/dgt98;PELC;P.E.L.C. - Private Entomological Laboratory and Collection;;pp;"";""
10.5281/zenodo.15095308;IREAS;Institute for Structural Policy;Helmholtz Centre for Environmental Research;p;"";""
10.6084/m9.figshare.c.6581221.v1;VFN;General University Hospital in Prague;Charles University;pp;"";""
10.5281/zenodo.15154495;University Hospital Hradec Králové;University Hospital Hradec Králové;;p;"";""
10.48580/dgs4f;PELC;P.E.L.C. - Private Entomological Laboratory and Collection;CIEMEP - CONICET;pp;p;""
10.48580/dgsv8;PELC;P.E.L.C. - Private Entomological Laboratory and Collection;;pp;"";""
10.6084/m9.figshare.c.6596467.v1;IKEM;Institute of Clinical and Experimental Medicine;;p;"";""
10.18419/darus-4117/10;ČVUT;Czech Technical University in Prague;University of Novi Sad;p;"";""
10.6084/m9.figshare.c.7649648.v1;CEITEC ;Central European Institute of Technology;Masaryk University;p;"";""
10.6084/m9.figshare.19518437.v1;CULS;Czech University of Life Sciences Prague;Institute of Botany;p;"";""
10.48580/dgtg4;PELC;P.E.L.C. - Private Entomological Laboratory and Collection;Hungarian Natural History Museum;pp;"";""
10.48580/dgs4f;PELC;P.E.L.C. - Private Entomological Laboratory and Collection;;pp;"";""
10.6084/m9.figshare.c.6577006.v1;Jan Evangelista Purkyně University in Ústí nad Labem;Jan Evangelista Purkyně University in Ústí nad Labem;;p;"";""
10.6084/m9.figshare.c.7649648.v1;FNUSA-ICRC;International Clinical Research Center of St. Anne's University Hospital Brno;Masaryk University;p;"";""
10.6084/m9.figshare.c.7766437.v1;University Hospital Hradec Králové;University Hospital Hradec Králové;Rockefeller University;p;"";""
10.48580/dgs4f;PELC;P.E.L.C. - Private Entomological Laboratory and Collection;;pp;"";""
10.6084/m9.figshare.c.6585379.v1;University Hospital Brno;University Hospital Brno;Inserm;p;"";""
10.6084/m9.figshare.c.6585701.v1;Palacký University, Olomouc;Palacký University, Olomouc;Charles University;p;"";""
10.5281/zenodo.4603685;Jan Evangelista Purkyně University in Ústí nad Labem;Jan Evangelista Purkyně University in Ústí nad Labem;Ukrainian National Forestry University;p;"";""
10.48580/dgt98;PELC;P.E.L.C. - Private Entomological Laboratory and Collection;;pp;"";""
10.48580/dgsv8;PELC;P.E.L.C. - Private Entomological Laboratory and Collection;Real Jardín Botánico de Madrid, CSIC;pp;"";""
10.6084/m9.figshare.c.7823284.v1;Palacký University, Olomouc;Palacký University, Olomouc;Australian Catholic University;p;"";""
10.6084/m9.figshare.c.6585379.v1;University Hospital Brno;University Hospital Brno;University of Oslo;p;"";""
10.14278/rodare.1330;CEITEC ;Central European Institute of Technology;;p;"";""
10.6084/m9.figshare.c.7953063.v1;FNUSA;St. Anne´s University Hospital;University of Turin;p;"";""
10.48580/dgt98;PELC;P.E.L.C. - Private Entomological Laboratory and Collection;;pp;"";""
10.48580/dgt98;PELC;P.E.L.C. - Private Entomological Laboratory and Collection;;pp;"";""
10.15468/t53vdw;Palacký University, Olomouc;Palacký University, Olomouc;University of Warsaw;p;"";""
10.5281/zenodo.15154499;University Hospital Hradec Králové;University Hospital Hradec Králové;;p;"";""
10.6084/m9.figshare.c.7880704.v1;VFN;General University Hospital in Prague;Lund University;pp;"";""
10.1594/pangaea.979678;Institute of Geophysics;Institute of Geophysics;;p;"";""
10.6084/m9.figshare.c.6787807.v1;Palacký University, Olomouc;Palacký University, Olomouc;;p;"";""
10.15468/m97sd2;PELC;P.E.L.C. - Private Entomological Laboratory and Collection;;pp;"";""
10.15468/m97sd2;PELC;P.E.L.C. - Private Entomological Laboratory and Collection;University of Leeds;pp;"";""
10.6084/m9.figshare.c.6926742.v1;FNUSA-ICRC;International Clinical Research Center of St. Anne's University Hospital Brno;;p;"";""
10.48580/dgsv8;PELC;P.E.L.C. - Private Entomological Laboratory and Collection;;pp;"";""
10.5285/3b077711-f183-42f1-bac6-c892922c81f4;CULS;Czech University of Life Sciences Prague;Swedish Meteorological and Hydrological Institute;p;"";""
10.48580/dgs4f;PELC;P.E.L.C. - Private Entomological Laboratory and Collection;Bossard Consulting;pp;"";""
10.48580/dgt98;PELC;P.E.L.C. - Private Entomological Laboratory and Collection;;pp;"";""
10.6084/m9.figshare.c.7649648.v1;FNUSA-ICRC;International Clinical Research Center of St. Anne's University Hospital Brno;Masaryk University;p;"";""
10.18419/darus-4117/13;ČVUT;Czech Technical University in Prague;Coll Coll;p;"";""
10.6084/m9.figshare.c.6787807.v1;Palacký University, Olomouc;Palacký University, Olomouc;German Cancer Research Center;p;"";""
10.48580/dgtg4;PELC;P.E.L.C. - Private Entomological Laboratory and Collection;;pp;"";""
10.5281/zenodo.10888833;Palacký University, Olomouc;Palacký University, Olomouc;;p;"";""
10.48580/dgt98;PELC;P.E.L.C. - Private Entomological Laboratory and Collection;;pp;"";""
10.48580/dgs4f;PELC;P.E.L.C. - Private Entomological Laboratory and Collection;;pp;"";""
10.15454/8uia76;CULS;Czech University of Life Sciences Prague;(Université de Toulouse, INRAE, UMR DYNAFOR, Castanet-Tolosan, France);p;"";""
10.48580/dgs4f;PELC;P.E.L.C. - Private Entomological Laboratory and Collection;School of Biology, University of Leeds;pp;"";""
10.6084/m9.figshare.c.7801480.v1;CEITEC MU;Central European Institute of Technology – Masaryk University;Innsbruck Medical University;p;"";""
10.48580/dgsv8;PELC;P.E.L.C. - Private Entomological Laboratory and Collection;;pp;"";""
10.6084/m9.figshare.c.7732283.v1;FNUSA-ICRC;International Clinical Research Center of St. Anne's University Hospital Brno;Masaryk University;p;"";""
10.48580/dgtg4;PELC;P.E.L.C. - Private Entomological Laboratory and Collection;Turku Game and Fisheries Research;pp;"";""
10.5281/zenodo.10572480;CULS;Czech University of Life Sciences Prague;NORCE, Norwegian Research Centre AS, Bjerknes Centre for Climate Research, Bergen, Norway;p;"";""
10.48580/dgtg4;PELC;P.E.L.C. - Private Entomological Laboratory and Collection;Centre for Ecology, Evolution and Environmental Changes (cE3c)/Azorean Biodiversity Group, CHANGE – Global Change and Sustainability Institute;pp;p;""
10.21227/x9f4-8r14;ČVUT;Czech Technical University in Prague;University of Chemistry and Technology;p;"";""
10.48580/dgtg4;PELC;P.E.L.C. - Private Entomological Laboratory and Collection;Centre for Ecology, Evolution and Environmental Changes (cE3c)/Azorean Biodiversity Group, CHANGE – Global Change and Sustainability Institute;pp;p;""
10.6084/m9.figshare.c.6768681.v1;University Hospital Brno;University Hospital Brno;Masaryk University;p;"";""
10.48580/dgs4f;PELC;P.E.L.C. - Private Entomological Laboratory and Collection;;pp;"";""
10.5281/zenodo.7390416;SZU;National Institute of Public Health;Finnish Food Authority;p;"";""
10.5281/zenodo.10888833;Palacký University, Olomouc;Palacký University, Olomouc;City University of Hong Kong;p;"";""
10.48580/dgs4f;PELC;P.E.L.C. - Private Entomological Laboratory and Collection;Sociedad Colombiana de Mastozoología;pp;"";""
10.6084/m9.figshare.19586881.v1;ČVUT;Czech Technical University in Prague;Institute of Molecular Genetics;p;"";""
10.5281/zenodo.10680436;Jan Evangelista Purkyně University in Ústí nad Labem;Jan Evangelista Purkyně University in Ústí nad Labem;AZTI, Marine Research, Basque and Technology Alliance (BRTA);p;"";""
10.5281/zenodo.15154495;University Hospital Hradec Králové;University Hospital Hradec Králové;;p;"";""
10.18434/mds2-3837;FZU;Institute of Physics;National Institute of Standards and Technology, Materials Measurement Laboratory;p;"";""
10.5281/zenodo.6382216;CULS;Czech University of Life Sciences Prague;Estonian Environment Agency;p;"";""
10.6084/m9.figshare.c.6596173.v1;CULS;Czech University of Life Sciences Prague;University of Namur;p;"";""
10.5281/zenodo.10888833;Palacký University, Olomouc;Palacký University, Olomouc;;p;"";""
10.48580/dgtg4;PELC;P.E.L.C. - Private Entomological Laboratory and Collection;Zoological Institute RAS;pp;"";""
10.48580/dgs4f;PELC;P.E.L.C. - Private Entomological Laboratory and Collection;International Union for Conservation of Nature;pp;"";""
10.5281/zenodo.5801249;CULS;Czech University of Life Sciences Prague;Czech University of Life Sciences;p;"";""
10.6084/m9.figshare.c.6089047.v1;CULS;Czech University of Life Sciences Prague;Mendel University Brno;p;"";""
10.48580/dgtg4;PELC;P.E.L.C. - Private Entomological Laboratory and Collection;Institut National de la Recherche Agronomique, Zoologie Forestière, Centre de recherche d’Orléans;pp;"";""
10.48580/dgtg4;PELC;P.E.L.C. - Private Entomological Laboratory and Collection;;pp;"";""
10.48580/dgs4f;PELC;P.E.L.C. - Private Entomological Laboratory and Collection;Federal Environment Agency Ltd, Biodiversity and Nature Conservation;pp;"";""
10.5281/zenodo.10572480;CULS;Czech University of Life Sciences Prague;Biological Sciences, School of Natural Sciences, University of Tasmania, Hobart, Tasmania, Australia;p;"";""
10.6084/m9.figshare.c.6585379.v1;University Hospital Brno;University Hospital Brno;University of Oslo;p;"";""
10.5281/zenodo.8040754;ČVUT;Czech Technical University in Prague;Czech Institute of Informatics, Robotics and Cybernetics, Czech Technical University;p;"";""
10.48580/dgt98;PELC;P.E.L.C. - Private Entomological Laboratory and Collection;;pp;"";""
10.48580/dgtg4;PELC;P.E.L.C. - Private Entomological Laboratory and Collection;Universidad CES;pp;"";""
10.6084/m9.figshare.c.6096199.v1;Palacký University, Olomouc;Palacký University, Olomouc;Australian Catholic University;p;"";""
10.5281/zenodo.8150177;ČVUT;Czech Technical University in Prague;Northwestern University;p;"";""
10.5281/zenodo.7415164;CRI;Crop Research Institute;Norwegian Institute of Bioeconomy Research;p;"";""
10.48580/dgtg4;PELC;P.E.L.C. - Private Entomological Laboratory and Collection;Biological Records Centre, Centre for Ecology & Hydrology;pp;"";""
10.18419/darus-4117/14;CULS;Czech University of Life Sciences Prague;Coll Coll;p;"";""
10.15468/m97sd2;PELC;P.E.L.C. - Private Entomological Laboratory and Collection;;pp;"";""
10.48580/dgs4f;PELC;P.E.L.C. - Private Entomological Laboratory and Collection;Catalogue of Life;pp;"";""
10.6084/m9.figshare.c.7038268.v1;University Hospital Brno;University Hospital Brno;Institute of Haematology and Blood Transfusion;p;"";""
10.5281/zenodo.15095308;IREAS;Institute for Structural Policy;Helmholtz Centre for Environmental Research;p;"";""
10.6084/m9.figshare.c.6787450.v1;CEITEC MU;Central European Institute of Technology – Masaryk University;Swedish University of Agricultural Sciences;p;"";""
10.6084/m9.figshare.c.6780806.v1;FNUSA-ICRC;International Clinical Research Center of St. Anne's University Hospital Brno;Aix-Marseille University;p;"";""
10.6084/m9.figshare.c.7595338.v1;University Hospital Brno;University Hospital Brno;Mendel University in Brno;p;"";""
10.48580/dgtg4;PELC;P.E.L.C. - Private Entomological Laboratory and Collection;;pp;"";""
10.48580/dgt98;PELC;P.E.L.C. - Private Entomological Laboratory and Collection;;pp;"";""
10.15468/m97sd2;PELC;P.E.L.C. - Private Entomological Laboratory and Collection;;pp;"";""
10.6084/m9.figshare.c.7017686.v1;VFN;General University Hospital in Prague;Alexandria University;pp;"";""
10.48580/dgsv8;PELC;P.E.L.C. - Private Entomological Laboratory and Collection;;pp;"";""
10.6084/m9.figshare.24131367.v2;Palacký University, Olomouc;Palacký University, Olomouc;;p;"";""
10.48580/dgs4f;PELC;P.E.L.C. - Private Entomological Laboratory and Collection;;pp;"";""
10.48580/dgs4f;PELC;P.E.L.C. - Private Entomological Laboratory and Collection;;pp;"";""
10.6084/m9.figshare.c.6592046.v1;University Hospital Brno;University Hospital Brno;Masaryk University;p;"";""
10.5281/zenodo.5711706;CULS;Czech University of Life Sciences Prague;University Greifswald;p;"";""
10.48580/dgtg4;PELC;P.E.L.C. - Private Entomological Laboratory and Collection;Institut National de la Recherche Agronomique, Zoologie Forestière, Centre de recherche d’Orléans;pp;"";""
10.6084/m9.figshare.c.6004076.v1;Fakultní Nemocnice Plzeň;Fakultní Nemocnice Plzeň;University of Western Brittany;p;"";""
10.5281/zenodo.4726030;NPI;Nuclear Physics Institute;Ruđer Bošković Institute;p;"";""
10.6084/m9.figshare.c.7885117.v1;University Hospital Olomouc;University Hospital Olomouc;Helmholtz-Zentrum Dresden-Rossendorf;p;"";""
10.15468/m97sd2;PELC;P.E.L.C. - Private Entomological Laboratory and Collection;;pp;"";""
10.5281/zenodo.5742718;CULS;Czech University of Life Sciences Prague;Dairy Research Institute, Ltd;p;"";""
10.18419/darus-4117/3;CULS;Czech University of Life Sciences Prague;Universität Stuttgart;p;"";""
10.6084/m9.figshare.c.6787450.v1;CEITEC ;Central European Institute of Technology;University of Cambridge;p;"";""
10.5281/zenodo.10680436;Jan Evangelista Purkyně University in Ústí nad Labem;Jan Evangelista Purkyně University in Ústí nad Labem;The Steinhardt Museum of Natural History, Tel Aviv University;p;"";""
10.5880/gfz.4.1.2023.004;FZU;Institute of Physics;ISTerre Université Grenoble, Grenoble, France;p;"";""
10.15468/m97sd2;PELC;P.E.L.C. - Private Entomological Laboratory and Collection;;pp;"";""
10.48580/dgs4f;PELC;P.E.L.C. - Private Entomological Laboratory and Collection;;pp;"";""
10.5281/zenodo.10680436;CULS;Czech University of Life Sciences Prague;Norwegian Institute for Water Research (NIVA);p;"";""
10.48580/dgt98;PELC;P.E.L.C. - Private Entomological Laboratory and Collection;;pp;"";""
10.48580/dgtg4;PELC;P.E.L.C. - Private Entomological Laboratory and Collection;cE3c—Centre for Ecology, Evolution and Environmental Changes, CHANGE – Global Change and Sustainability Institute, Departamento de Biologia Animal, Faculdade de Ciências da Universidade de Lisboa;pp;p;""
10.5281/zenodo.7923745;ČVUT;Czech Technical University in Prague;CESNET, a.l.e.;p;"";""
10.5281/zenodo.10680436;Jan Evangelista Purkyně University in Ústí nad Labem;Jan Evangelista Purkyně University in Ústí nad Labem;Research Institute for Nature and Forest (INBO);p;"";""
10.48580/dgs4f;PELC;P.E.L.C. - Private Entomological Laboratory and Collection;Universidad del Tolima, Facultad de Ciencias, Grupo de Investigación en Zoología;pp;p;""
10.48580/dgt98;PELC;P.E.L.C. - Private Entomological Laboratory and Collection;;pp;"";""
10.5281/zenodo.10680436;CULS;Czech University of Life Sciences Prague;Flanders Marine Institute (VLIZ);p;"";""
10.48580/dgtg4;PELC;P.E.L.C. - Private Entomological Laboratory and Collection;GBIF;pp;"";""
10.6084/m9.figshare.c.6585379.v1;University Hospital Brno;University Hospital Brno;University of Oslo;p;"";""
10.6084/m9.figshare.c.6580580.v1;CULS;Czech University of Life Sciences Prague;Czech Academy of Sciences;p;"";""
10.15468/m97sd2;PELC;P.E.L.C. - Private Entomological Laboratory and Collection;;pp;"";""
10.6084/m9.figshare.c.7726012.v1;Palacký University, Olomouc;Palacký University, Olomouc;University of Limerick;p;"";""
10.48580/dgs4f;PELC;P.E.L.C. - Private Entomological Laboratory and Collection;Universidade da Madeira, Dep. Biologia/CEM;pp;p;""
10.6084/m9.figshare.c.6792969.v1;University Hospital Hradec Králové;University Hospital Hradec Králové;Charles University;p;"";""
10.57745/ed1auu;VŠÚO;Research and Breeding Institute of Pomology Holovousy;(INRAE, IRHS);p;"";""
10.48580/dgt98;PELC;P.E.L.C. - Private Entomological Laboratory and Collection;Natural History Museum and Department of Ecology and Evolutionary Biology, University of Kansas;pp;p;""
10.48580/dgtg4;PELC;P.E.L.C. - Private Entomological Laboratory and Collection;Invertebrate Zoology Collection, Museum of Texas Tech University;pp;"";""
10.5281/zenodo.10888833;Palacký University, Olomouc;Palacký University, Olomouc;;p;"";""
10.48580/dgsv8;PELC;P.E.L.C. - Private Entomological Laboratory and Collection;;pp;"";""
10.18419/darus-4117/11;ČVUT;Czech Technical University in Prague;Coll Coll;p;"";""
10.48580/dgtg4;PELC;P.E.L.C. - Private Entomological Laboratory and Collection;Zoological Museum, University of Turku;pp;"";""
10.6084/m9.figshare.c.7215679.v1;CULS;Czech University of Life Sciences Prague;Czech Academy of Sciences;p;"";""
10.5281/zenodo.4551727;SZU;National Institute of Public Health;Veterinary and Food Board, Estonia;p;"";""
10.6084/m9.figshare.c.7906234.v1;University Hospital Hradec Králové;University Hospital Hradec Králové;Umeå University;p;"";""
10.6084/m9.figshare.c.7880704.v1;VFN;General University Hospital in Prague;Kantonsspital St. Gallen;pp;p;""
10.6084/m9.figshare.c.6585379.v1;University Hospital Brno;University Hospital Brno;Sykehuset i Vestfold;p;"";""
10.18419/darus-4117/1;CULS;Czech University of Life Sciences Prague;University of Novi Sad;p;"";""
10.48580/dgtg4;PELC;P.E.L.C. - Private Entomological Laboratory and Collection;;pp;"";""
10.48580/dgt98;PELC;P.E.L.C. - Private Entomological Laboratory and Collection;The Natural History Museum;pp;"";""
10.15468/m97sd2;PELC;P.E.L.C. - Private Entomological Laboratory and Collection;;pp;"";""
10.48580/dgs4f;PELC;P.E.L.C. - Private Entomological Laboratory and Collection;;pp;"";""
10.48580/dgsv8;PELC;P.E.L.C. - Private Entomological Laboratory and Collection;Museum and Institute of Zoology, Polish Academy of Sciences;pp;p;""
10.5281/zenodo.7415164;CRI;Crop Research Institute;CDE, University of Bern;p;"";""
10.6084/m9.figshare.20484741.v1;Biopticka Laborator (Czechia);Biopticka Laborator (Czechia);Charles University;p;"";""
10.48580/dgt98;PELC;P.E.L.C. - Private Entomological Laboratory and Collection;Private Entomological Laboratory & Collection;pp;p;""
10.15468/m97sd2;PELC;P.E.L.C. - Private Entomological Laboratory and Collection;;pp;"";""
10.15468/m97sd2;PELC;P.E.L.C. - Private Entomological Laboratory and Collection;;pp;"";""
10.6084/m9.figshare.c.5449871.v1;University Hospital Brno;University Hospital Brno;;p;"";""
10.48580/dgsv8;PELC;P.E.L.C. - Private Entomological Laboratory and Collection;Key Laboratory of Animal Ecology and Conservation Biology, Chinese Academy of Sciences;pp;"";""
10.15468/m97sd2;PELC;P.E.L.C. - Private Entomological Laboratory and Collection;;pp;"";""
10.48580/dgtg4;PELC;P.E.L.C. - Private Entomological Laboratory and Collection;Centre for Ecology & Hydrology;pp;"";""
10.6084/m9.figshare.c.7885117.v1;University Hospital Olomouc;University Hospital Olomouc;Helmholtz-Zentrum Dresden-Rossendorf;p;"";""
10.6084/m9.figshare.c.5837529.v2;CULS;Czech University of Life Sciences Prague;Guangxi University;p;"";""
10.48580/dgs4f;PELC;P.E.L.C. - Private Entomological Laboratory and Collection;Parque Natural da Madeira/CEM;pp;p;""
10.5281/zenodo.7275158;ITAM AS CR;Institute of Theoretical and Applied Mechanics;Institute for Building Materials, ETH Zurich, Switzerland;pp;"";""
10.6084/m9.figshare.c.6787408.v1;University Hospital Ostrava;University Hospital Ostrava;Czech Academy of Sciences;p;"";""
10.6084/m9.figshare.c.6596467.v1;IKEM;Institute of Clinical and Experimental Medicine;Medical University of Graz;p;"";""
10.6084/m9.figshare.c.6037946.v1;IEB;Institute of Experimental Botany;Rothamsted Research;p;"";""
10.5281/zenodo.6312518;CRI;Crop Research Institute;Université de Lyon 1;p;"";""
10.6084/m9.figshare.c.6146679.v1;Biopticka Laborator (Czechia);Biopticka Laborator (Czechia);Charles University;p;"";""
10.48580/dgtg4;PELC;P.E.L.C. - Private Entomological Laboratory and Collection;Investigador Independiente;pp;p;""
10.6084/m9.figshare.c.6319614.v1;IKEM;Institute of Clinical and Experimental Medicine;Charles University;p;"";""
10.6084/m9.figshare.c.6596173.v1;CULS;Czech University of Life Sciences Prague;University of Ostrava;p;"";""
10.6084/m9.figshare.c.7149681.v1;Palacký University, Olomouc;Palacký University, Olomouc;Charles University;p;"";""
10.15468/m97sd2;PELC;P.E.L.C. - Private Entomological Laboratory and Collection;;pp;"";""
10.48580/dgsv8;PELC;P.E.L.C. - Private Entomological Laboratory and Collection;;pp;"";""
10.6084/m9.figshare.c.6629419.v1;University Hospital Hradec Králové;University Hospital Hradec Králové;;p;"";""
10.6084/m9.figshare.c.7595338.v1;VFU;University of Veterinary and Pharmaceutical Sciences;Mendel University in Brno;p;"";""
10.48580/dgsv8;PELC;P.E.L.C. - Private Entomological Laboratory and Collection;;pp;"";""
10.6084/m9.figshare.c.5449871.v1;University Hospital Brno;University Hospital Brno;Janssen (United States);p;"";""
10.48580/dgs4f;PELC;P.E.L.C. - Private Entomological Laboratory and Collection;Instituto de Ciencias Naturales, Universidad Nacional de Colombia;pp;"";""
10.48580/dgs4f;PELC;P.E.L.C. - Private Entomological Laboratory and Collection;University of Athens;pp;"";""
10.18419/darus-4117/11;ČVUT;Czech Technical University in Prague;University of Novi Sad;p;"";""
10.5281/zenodo.10888833;Palacký University, Olomouc;Palacký University, Olomouc;;p;"";""
10.6084/m9.figshare.c.7828330.v1;CEITEC MU;Central European Institute of Technology – Masaryk University;University of Tartu;p;"";""
10.48580/dgs4f;PELC;P.E.L.C. - Private Entomological Laboratory and Collection;;pp;"";""
10.48580/dgsv8;PELC;P.E.L.C. - Private Entomological Laboratory and Collection;Global Biodiversity Information Facility;pp;"";""
10.48580/dgtg4;PELC;P.E.L.C. - Private Entomological Laboratory and Collection;;pp;"";""
10.6084/m9.figshare.c.6319614.v1;IKEM;Institute of Clinical and Experimental Medicine;Charles University;p;"";""
10.48580/dgs4f;PELC;P.E.L.C. - Private Entomological Laboratory and Collection;;pp;"";""
10.6084/m9.figshare.c.6792969.v1;University Hospital Brno;University Hospital Brno;;p;"";""
10.48580/dgtg4;PELC;P.E.L.C. - Private Entomological Laboratory and Collection;;pp;"";""
10.6084/m9.figshare.20341680.v1;University Hospital Brno;University Hospital Brno;Masaryk University;p;"";""
10.48580/dgt98;PELC;P.E.L.C. - Private Entomological Laboratory and Collection;;pp;"";""
10.6084/m9.figshare.c.6830133.v1;University Hospital Ostrava;University Hospital Ostrava;University of Ostrava;p;"";""
10.48580/dgs4f;PELC;P.E.L.C. - Private Entomological Laboratory and Collection;A Rocha Kenya;pp;"";""
10.5281/zenodo.10888833;Palacký University, Olomouc;Palacký University, Olomouc;;p;"";""
10.48580/dgtg4;PELC;P.E.L.C. - Private Entomological Laboratory and Collection;;pp;"";""
10.5281/zenodo.4551727;SZU;National Institute of Public Health;Ministry for Agriculture, Fisheries and Animal Rights, Malta;p;"";""
10.6084/m9.figshare.19470467.v1;CEITEC MU;Central European Institute of Technology – Masaryk University;University of Veterinary Medicine Vienna;p;"";""
10.5281/zenodo.10680436;CULS;Czech University of Life Sciences Prague;CESAM, University of Aveiro;p;"";""
10.57760/sciencedb.07476;IAP;Institute of Atmospheric Physics;Nanjing University of Information Science and Technology;pp;"";""
10.48580/dgsv8;PELC;P.E.L.C. - Private Entomological Laboratory and Collection;Catalogue of Life Foundation;pp;"";""
10.6084/m9.figshare.c.7801480.v1;CEITEC ;Central European Institute of Technology;Innsbruck Medical University;p;"";""
10.48580/dgtg4;PELC;P.E.L.C. - Private Entomological Laboratory and Collection;Catalogue of Life Australia;pp;"";""
10.48580/dgtg4;PELC;P.E.L.C. - Private Entomological Laboratory and Collection;Entomological Laboratory, Faculty of Agriculture, Kyushu University;pp;"";""
10.48580/dgs4f;PELC;P.E.L.C. - Private Entomological Laboratory and Collection;French National Institute for Agriculture, Food, and Environment (INRAE);pp;"";""
10.48580/dgt98;PELC;P.E.L.C. - Private Entomological Laboratory and Collection;Lyon College;pp;"";""
10.14473/csda/nyxqpt;Institute of Philosophy;Institute of Philosophy;(ResWell Research Collaboration, Tel Aviv University, Tel Aviv, Israel);pp;"";""
10.5281/zenodo.17083924;CULS;Czech University of Life Sciences Prague;Technical University of Zvolen;p;"";""
10.6084/m9.figshare.c.7595338.v1;University Hospital Brno;University Hospital Brno;Brno University of Technology;p;"";""
10.6084/m9.figshare.c.6830133.v1;CEITEC MU;Central European Institute of Technology – Masaryk University;University of Ostrava;p;"";""
10.6084/m9.figshare.c.7801480.v1;CEITEC ;Central European Institute of Technology;Innsbruck Medical University;p;"";""
10.6084/m9.figshare.c.6629419.v1;University Hospital Hradec Králové;University Hospital Hradec Králové;Krajská Zdravotní;p;"";""
10.5281/zenodo.17083924;CULS;Czech University of Life Sciences Prague;University of Sassari;p;"";""
10.6084/m9.figshare.c.7158337.v1;Palacký University, Olomouc;Palacký University, Olomouc;Ghent University;p;"";""
10.48580/dgsv8;PELC;P.E.L.C. - Private Entomological Laboratory and Collection;;pp;"";""
10.5281/zenodo.10680436;Jan Evangelista Purkyně University in Ústí nad Labem;Jan Evangelista Purkyně University in Ústí nad Labem;German Centre for Integrative Biodiversity Research (iDiv);p;"";""
10.48580/dgt98;PELC;P.E.L.C. - Private Entomological Laboratory and Collection;;pp;"";""
10.6084/m9.figshare.c.5399421.v1;CULS;Czech University of Life Sciences Prague;Mansoura University;p;"";""
10.6084/m9.figshare.c.7196998.v1;Military University Hospital Prague;Military University Hospital Prague;University Hospital Hradec Králové;pp;p;""
10.48580/dgs4f;PELC;P.E.L.C. - Private Entomological Laboratory and Collection;;pp;"";""
10.48580/dgs4f;PELC;P.E.L.C. - Private Entomological Laboratory and Collection;;pp;"";""
10.48580/dgsv8;PELC;P.E.L.C. - Private Entomological Laboratory and Collection;Max Planck Institute;pp;p;""
10.6084/m9.figshare.c.6806176.v1;CULS;Czech University of Life Sciences Prague;Technische Universität Braunschweig;p;"";""
10.57760/sciencedb.07476;IAP;Institute of Atmospheric Physics;South China Sea Institute of Oceanology;pp;"";""
10.48580/dgs4f;PELC;P.E.L.C. - Private Entomological Laboratory and Collection;Monte L. Bean Life Science Museum, Brigham Young University;pp;"";""
10.5281/zenodo.7415164;CRI;Crop Research Institute;Norwegian Institute of Bioeconomy Research;p;"";""
10.5281/zenodo.15042164;ČVUT;Czech Technical University in Prague;University of Manchester;p;"";""
10.6084/m9.figshare.c.6926742.v1;FNUSA;St. Anne´s University Hospital;University of Helsinki;p;"";""
10.48580/dgt98;PELC;P.E.L.C. - Private Entomological Laboratory and Collection;;pp;"";""
10.6084/m9.figshare.c.7732283.v1;FNUSA-ICRC;International Clinical Research Center of St. Anne's University Hospital Brno;Masaryk University;p;"";""
10.6084/m9.figshare.c.7220407.v1;University Hospital Olomouc;University Hospital Olomouc;Institute of Biotechnology;p;"";""
10.48580/dgt98;PELC;P.E.L.C. - Private Entomological Laboratory and Collection;;pp;"";""
10.5281/zenodo.7415164;CRI;Crop Research Institute;Swedish University of Agricultural Sciences;p;"";""
10.18419/darus-4117/13;CULS;Czech University of Life Sciences Prague;Czech University of Life Sciences;p;"";""
10.14278/rodare.1538;Institute of Pharmacology;Institute of Pharmacology;;p;"";""
10.48580/dgtg4;PELC;P.E.L.C. - Private Entomological Laboratory and Collection;School of Biological Sciences (Tamaki Campus), University of Auckland;pp;p;""
10.48580/dgsv8;PELC;P.E.L.C. - Private Entomological Laboratory and Collection;;pp;"";""
10.5061/dryad.sbcc2frj9;CRI;Crop Research Institute;Mekelle University;p;"";""
10.48580/dgt98;PELC;P.E.L.C. - Private Entomological Laboratory and Collection;;pp;"";""
10.6084/m9.figshare.c.7476213.v1;ČVUT;Czech Technical University in Prague;Charles University;p;"";""
10.48580/dgs4f;PELC;P.E.L.C. - Private Entomological Laboratory and Collection;Universidade de São Paulo;pp;p;""
10.48580/dgtg4;PELC;P.E.L.C. - Private Entomological Laboratory and Collection;;pp;"";""
10.48580/dgsv8;PELC;P.E.L.C. - Private Entomological Laboratory and Collection;;pp;"";""
10.48580/dgtg4;PELC;P.E.L.C. - Private Entomological Laboratory and Collection;;pp;"";""
10.48580/dgtg4;PELC;P.E.L.C. - Private Entomological Laboratory and Collection;;pp;"";""
10.6084/m9.figshare.c.6184902.v1;IPVZ;Institute for Postgraduate Medical Education;Charles University;p;"";""
10.48580/dgs4f;PELC;P.E.L.C. - Private Entomological Laboratory and Collection;;pp;"";""
10.5281/zenodo.7415164;CRI;Crop Research Institute;University of Hohenheim;p;"";""
10.6084/m9.figshare.c.6787450.v1;CEITEC ;Central European Institute of Technology;Medical University of Vienna;p;"";""
10.6084/m9.figshare.c.6787450.v1;CEITEC ;Central European Institute of Technology;University of Veterinary Medicine Vienna;p;"";""
10.6084/m9.figshare.c.6673724.v4;CULS;Czech University of Life Sciences Prague;;p;"";""
10.6084/m9.figshare.c.7885117.v1;Palacký University, Olomouc;Palacký University, Olomouc;Helmholtz-Zentrum Dresden-Rossendorf;p;"";""
10.6084/m9.figshare.c.7595338.v1;VFU;University of Veterinary and Pharmaceutical Sciences;Mendel University in Brno;p;"";""
10.6084/m9.figshare.c.6018502.v1;CULS;Czech University of Life Sciences Prague;Okinawa Institute of Science and Technology;p;"";""
10.6084/m9.figshare.c.7279053.v1;Palacký University, Olomouc;Palacký University, Olomouc;Charles University;p;"";""
10.48580/dgsv8;PELC;P.E.L.C. - Private Entomological Laboratory and Collection;;pp;"";""
10.48580/dgt98;PELC;P.E.L.C. - Private Entomological Laboratory and Collection;;pp;"";""
10.48580/dgsv8;PELC;P.E.L.C. - Private Entomological Laboratory and Collection;;pp;"";""
10.6084/m9.figshare.c.6261502.v1;University Hospital Hradec Králové;University Hospital Hradec Králové;;p;"";""
10.18419/darus-4117/10;ČVUT;Czech Technical University in Prague;Coll Coll;p;"";""
10.6084/m9.figshare.c.6225449.v1;Palacký University, Olomouc;Palacký University, Olomouc;University of Luxembourg;p;"";""
10.6084/m9.figshare.20341680.v1;University Hospital Brno;University Hospital Brno;;p;"";""
10.14473/csda/wbooe4;Institute of Philosophy;Institute of Philosophy;(Faculty of Communication, Vilnius University, Vilnius, Lithuania);pp;"";""
10.21227/759s-8s08;ČVUT;Czech Technical University in Prague;Stefan cel Mare University of Suceava;p;"";""
10.6084/m9.figshare.c.7885117.v1;University Hospital Olomouc;University Hospital Olomouc;Helmholtz-Zentrum Dresden-Rossendorf;p;"";""
10.48580/dgs4f;PELC;P.E.L.C. - Private Entomological Laboratory and Collection;;pp;"";""
10.6084/m9.figshare.c.6629419.v1;Fakultní Nemocnice Plzeň;Fakultní Nemocnice Plzeň;Krajská Zdravotní;p;"";""
10.48580/dgs4f;PELC;P.E.L.C. - Private Entomological Laboratory and Collection;Departamento de Zoologia, Instituto de Biologia Roberto de Alcantara Gomes, Universidade do Estado do Rio de Janeiro (UERJ);pp;p;""
10.6084/m9.figshare.c.7220407.v1;University Hospital Olomouc;University Hospital Olomouc;Institute of Biotechnology;p;"";""
10.5281/zenodo.11115776;University Hospital in Motol;University Hospital in Motol;Second Faculty of Medicine, Charles University;p;"";""
10.6084/m9.figshare.c.6792969.v1;University Hospital Hradec Králové;University Hospital Hradec Králové;;p;"";""
10.48580/dgtg4;PELC;P.E.L.C. - Private Entomological Laboratory and Collection;;pp;"";""
10.6084/m9.figshare.c.6198401.v1;University Hospital in Motol;University Hospital in Motol;Federal Almazov North-West Medical Research Centre;p;"";""
10.5281/zenodo.6382216;CULS;Czech University of Life Sciences Prague;University of Athens;p;"";""
10.48580/dgs4f;PELC;P.E.L.C. - Private Entomological Laboratory and Collection;Catalogue of Life Australia;pp;"";""
10.48580/dgs4f;PELC;P.E.L.C. - Private Entomological Laboratory and Collection;;pp;"";""
10.6084/m9.figshare.c.7953063.v1;FNUSA-ICRC;International Clinical Research Center of St. Anne's University Hospital Brno;CSL (United States);p;"";""
10.48580/dgs4f;PELC;P.E.L.C. - Private Entomological Laboratory and Collection;Instituto SINCHI;pp;"";""
10.6084/m9.figshare.c.7206675.v1;Palacký University, Olomouc;Palacký University, Olomouc;University of Messina;p;"";""
10.5281/zenodo.15681034;CULS;Czech University of Life Sciences Prague;Wageningen University;p;"";""
10.15468/m97sd2;PELC;P.E.L.C. - Private Entomological Laboratory and Collection;;pp;"";""
10.48580/dgt98;PELC;P.E.L.C. - Private Entomological Laboratory and Collection;;pp;"";""
10.6084/m9.figshare.c.5923208.v1;CEITEC MU;Central European Institute of Technology – Masaryk University;Kiel University;p;"";""
10.18419/darus-4117/11;ČVUT;Czech Technical University in Prague;Czech University of Life Sciences;p;"";""
10.6084/m9.figshare.c.6261502.v1;University Hospital Hradec Králové;University Hospital Hradec Králové;University of Valencia;p;"";""
10.48580/dgtg4;PELC;P.E.L.C. - Private Entomological Laboratory and Collection;;pp;"";""
10.15454/8uia76/fxm5yu;CULS;Czech University of Life Sciences Prague;(Bayerische Staatsforsten AöR (BaySF), FB Rothenburg, Germany);p;"";""
10.48580/dgsv8;PELC;P.E.L.C. - Private Entomological Laboratory and Collection;;pp;"";""
10.48580/dgs4f;PELC;P.E.L.C. - Private Entomological Laboratory and Collection;;pp;"";""
10.6084/m9.figshare.c.6787450.v1;CEITEC ;Central European Institute of Technology;Karl Landsteiner University of Health Sciences;p;"";""
10.48623/aperta.262992;CULS;Czech University of Life Sciences Prague;Ondokuz Mayis University;p;"";""
10.6084/m9.figshare.c.7215790.v1;CULS;Czech University of Life Sciences Prague;Guizhou Minzu University;p;"";""
10.6084/m9.figshare.c.6787450.v1;CEITEC ;Central European Institute of Technology;Swedish University of Agricultural Sciences;p;"";""
10.6084/m9.figshare.c.6629419.v1;University Hospital in Motol;University Hospital in Motol;Charles University;p;"";""
10.5281/zenodo.10680436;CULS;Czech University of Life Sciences Prague;University of Barcelona;p;"";""
10.48580/dgs4f;PELC;P.E.L.C. - Private Entomological Laboratory and Collection;;pp;"";""
10.6084/m9.figshare.c.7885117.v1;Palacký University, Olomouc;Palacký University, Olomouc;Institute of Molecular and Translational Medicine;p;"";""
10.48580/dgt98;PELC;P.E.L.C. - Private Entomological Laboratory and Collection;Real Jardín Botánico de Madrid, CSIC;pp;"";""
10.48580/dgtg4;PELC;P.E.L.C. - Private Entomological Laboratory and Collection;Centre for Ecology, Evolution and Environmental Changes (cE3c)/Azorean Biodiversity Group, CHANGE – Global Change and Sustainability Institute;pp;p;""
10.5281/zenodo.7607071;ČVUT;Czech Technical University in Prague;Brno University of Technology;p;"";""
10.48580/dgt98;PELC;P.E.L.C. - Private Entomological Laboratory and Collection;French National Institute for Agriculture, Food, and Environment (INRAE);pp;"";""
10.6084/m9.figshare.c.7615573.v1;Institute of Parasitology;Institute of Parasitology;Wellcome Sanger Institute;p;"";""
10.6084/m9.figshare.c.6872952.v1;VFU;University of Veterinary and Pharmaceutical Sciences;Masaryk University;p;"";""
10.6084/m9.figshare.c.6146679.v1;Biopticka Laborator (Czechia);Biopticka Laborator (Czechia);Charles University;p;"";""
10.6084/m9.figshare.c.6592046.v1;FNUSA-ICRC;International Clinical Research Center of St. Anne's University Hospital Brno;Masaryk University;p;"";""
10.6084/m9.figshare.c.7232058.v1;VFN;General University Hospital in Prague;Norwegian Institute of Public Health;pp;p;""
10.15468/m97sd2;PELC;P.E.L.C. - Private Entomological Laboratory and Collection;Royal Botanic Garden Edinburgh;pp;"";""
10.48580/dgsv8;PELC;P.E.L.C. - Private Entomological Laboratory and Collection;;pp;"";""
10.48580/dgt98;PELC;P.E.L.C. - Private Entomological Laboratory and Collection;Departamento de Zoologia, Universidade Federal do Rio de Janeiro;pp;p;""
10.6084/m9.figshare.c.6033685.v1;CULS;Czech University of Life Sciences Prague;Fraunhofer Institute for Integrated Circuits;p;"";""
10.1594/pangaea.979679;Institute of Geophysics;Institute of Geophysics;;p;"";""
10.6084/m9.figshare.c.6593980.v1;University Hospital Brno;University Hospital Brno;University of Thessaly;p;"";""
10.48580/dgtg4;PELC;P.E.L.C. - Private Entomological Laboratory and Collection;;pp;"";""
10.6084/m9.figshare.c.6198401.v1;University Hospital in Motol;University Hospital in Motol;Karolinska Institute;p;"";""
10.48580/dgs4f;PELC;P.E.L.C. - Private Entomological Laboratory and Collection;Department of Ecology, Systematics and Evolution, The Institute of Life Sciences, The Hebrew University of Jerusalem;pp;p;""
10.6084/m9.figshare.c.6317120.v1;VFN;General University Hospital in Prague;University College London;pp;"";""
10.48580/dgs4f;PELC;P.E.L.C. - Private Entomological Laboratory and Collection;;pp;"";""
10.5061/dryad.wh70rxwnv;Institute of Parasitology;Institute of Parasitology;Dalhousie University;p;"";""
10.48580/dgs4f;PELC;P.E.L.C. - Private Entomological Laboratory and Collection;;pp;"";""
10.6084/m9.figshare.c.7220407.v1;University Hospital Olomouc;University Hospital Olomouc;Institute of Biotechnology;p;"";""
10.15468/m97sd2;PELC;P.E.L.C. - Private Entomological Laboratory and Collection;Catalogue of Life Foundation;pp;"";""
10.5281/zenodo.6382216;CULS;Czech University of Life Sciences Prague;University of Natural Resources and Life Sciences BOKU;p;"";""
10.5281/zenodo.10680436;Jan Evangelista Purkyně University in Ústí nad Labem;Jan Evangelista Purkyně University in Ústí nad Labem;Natural Resources Institute Finland (Luke);p;"";""
10.60534/46qra-6bw98;Center for Advanced Preclinical Imaging (CAPI);Center for Advanced Preclinical Imaging (CAPI);Heinrich Heine Universität, Düsseldorf;pp;"";""
10.6084/m9.figshare.c.7953063.v1;FNUSA-ICRC;International Clinical Research Center of St. Anne's University Hospital Brno;University of Ulm;p;"";""
10.48580/dgt98;PELC;P.E.L.C. - Private Entomological Laboratory and Collection;;pp;"";""
10.48580/dgsv8;PELC;P.E.L.C. - Private Entomological Laboratory and Collection;;pp;"";""
10.6084/m9.figshare.c.7798513.v1;ČVUT;Czech Technical University in Prague;Institute of Organic Chemistry and Biochemistry;p;"";""
10.48580/dgtg4;PELC;P.E.L.C. - Private Entomological Laboratory and Collection;;pp;"";""
10.6084/m9.figshare.c.6787450.v1;CEITEC MU;Central European Institute of Technology – Masaryk University;University of Oxford;p;"";""
10.6084/m9.figshare.c.7828330.v1;CEITEC ;Central European Institute of Technology;;p;"";""
10.5281/zenodo.15154499;University Hospital Hradec Králové;University Hospital Hradec Králové;;p;"";""
10.6084/m9.figshare.c.7057817.v1;Palacký University, Olomouc;Palacký University, Olomouc;Heidelberg University;p;"";""
10.6084/m9.figshare.c.6830133.v1;University Hospital Ostrava;University Hospital Ostrava;University of Veterinary Medicine in Košice;p;"";""
10.48580/dgtg4;PELC;P.E.L.C. - Private Entomological Laboratory and Collection;Finnish Museum of Natural History, University of Helsinki;pp;"";""
10.48580/dgs4f;PELC;P.E.L.C. - Private Entomological Laboratory and Collection;Asociación Colombiana de Ornitología;pp;"";""
10.48580/dgs4f;PELC;P.E.L.C. - Private Entomological Laboratory and Collection;The Natural History Museum;pp;"";""
10.5281/zenodo.12551947;Palacký University, Olomouc;Palacký University, Olomouc;New Guinea Binatang Research Center;p;"";""
10.5281/zenodo.10888833;Palacký University, Olomouc;Palacký University, Olomouc;;p;"";""
10.6084/m9.figshare.c.6629419.v1;Hospital Jihlava;Hospital Jihlava;;p;"";""
10.5285/3b077711-f183-42f1-bac6-c892922c81f4;CULS;Czech University of Life Sciences Prague;Swedish Meteorological and Hydrological Institute ;p;"";""
10.6084/m9.figshare.c.6830045.v1;FNUSA;St. Anne´s University Hospital;Masaryk University;p;"";""
10.48580/dgtg4;PELC;P.E.L.C. - Private Entomological Laboratory and Collection;;pp;"";""
10.5281/zenodo.6814223;ČVUT;Czech Technical University in Prague;Czech Technical University;p;"";""
10.6084/m9.figshare.c.7885117.v1;University Hospital Olomouc;University Hospital Olomouc;TU Dresden;p;"";""
10.48580/dgs4f;PELC;P.E.L.C. - Private Entomological Laboratory and Collection;Universidad de Magallanes;pp;"";""
10.15468/m97sd2;PELC;P.E.L.C. - Private Entomological Laboratory and Collection;;pp;"";""
10.48580/dgs4f;PELC;P.E.L.C. - Private Entomological Laboratory and Collection;Chair European Section IUCN SSC ISSG, INFS (National Wildlife Institute);pp;p;""
10.5281/zenodo.4650182;Palacký University, Olomouc;Palacký University, Olomouc;Laboratory of Ligand Engineering, Institute of Biotechnology of the Czech Academy of Sciences;p;"";""
10.6084/m9.figshare.c.5413891.v1;Palacký University, Olomouc;Palacký University, Olomouc;University of Oxford;p;"";""
10.48580/dgtg4;PELC;P.E.L.C. - Private Entomological Laboratory and Collection;;pp;"";""
10.5281/zenodo.15797289;CRI;Crop Research Institute;Czech Agrifood Research Center;p;"";""
10.6084/m9.figshare.19518443.v1;CULS;Czech University of Life Sciences Prague;Nazarbayev University;p;"";""
10.5281/zenodo.8280088;CRI;Crop Research Institute;Agricultural Institute of Slovenia, Ljubljana;p;"";""
10.15468/m97sd2;PELC;P.E.L.C. - Private Entomological Laboratory and Collection;;pp;"";""
10.6084/m9.figshare.c.6792969.v1;University Hospital Olomouc;University Hospital Olomouc;Charles University;p;"";""
10.14473/csda/9alxny/edv8qp;Institute of Philosophy;Institute of Philosophy;(Tel Aviv University);pp;"";""
10.48580/dgs4f;PELC;P.E.L.C. - Private Entomological Laboratory and Collection;Kenya Marine and Fisheries Research Institute;pp;"";""
10.6084/m9.figshare.c.6872952.v1;Palacký University, Olomouc;Palacký University, Olomouc;Charles University;p;"";""
10.5281/zenodo.10949371;Institute of Experimental Medicine;Institute of Experimental Medicine;National Institute of Mental Health;p;"";""
10.6084/m9.figshare.c.7057817.v1;Palacký University, Olomouc;Palacký University, Olomouc;Charles University;p;"";""
10.6084/m9.figshare.c.7801480.v1;CEITEC ;Central European Institute of Technology;Swedish University of Agricultural Sciences;p;"";""
10.48580/dgtg4;PELC;P.E.L.C. - Private Entomological Laboratory and Collection;;pp;"";""
10.48580/dgt98;PELC;P.E.L.C. - Private Entomological Laboratory and Collection;Departamento de Biología, Universidad de Sucre;pp;p;""
10.6084/m9.figshare.c.6585379.v1;University Hospital Brno;University Hospital Brno;Technical University of Munich;p;"";""
10.6084/m9.figshare.c.7372004.v1;FNUSA-ICRC;International Clinical Research Center of St. Anne's University Hospital Brno;Masaryk University;p;"";""
10.48580/dgtg4;PELC;P.E.L.C. - Private Entomological Laboratory and Collection;;pp;"";""
10.15468/m97sd2;PELC;P.E.L.C. - Private Entomological Laboratory and Collection;;pp;"";""
10.48580/dgsv8;PELC;P.E.L.C. - Private Entomological Laboratory and Collection;;pp;"";""
10.18419/darus-4117/6;CULS;Czech University of Life Sciences Prague;Czech University of Life Sciences;p;"";""
10.6084/m9.figshare.c.7215679.v1;CULS;Czech University of Life Sciences Prague;Czech Academy of Sciences;p;"";""
10.48580/dgsv8;PELC;P.E.L.C. - Private Entomological Laboratory and Collection;;pp;"";""
10.48580/dgs4f;PELC;P.E.L.C. - Private Entomological Laboratory and Collection;;pp;"";""
10.6084/m9.figshare.c.6787408.v1;University Hospital Ostrava;University Hospital Ostrava;;p;"";""
10.48580/dgtg4;PELC;P.E.L.C. - Private Entomological Laboratory and Collection;;pp;"";""
10.5281/zenodo.13993402;Palacký University, Olomouc;Palacký University, Olomouc;;p;"";""
10.6084/m9.figshare.c.5399421.v1;CULS;Czech University of Life Sciences Prague;;p;"";""
10.6084/m9.figshare.c.7372004.v1;FNUSA-ICRC;International Clinical Research Center of St. Anne's University Hospital Brno;Masaryk University;p;"";""
10.5281/zenodo.7333636;CRI;Crop Research Institute;RGA, Murska Sobota, Slovenia;p;"";""
10.6084/m9.figshare.c.6787450.v1;CEITEC ;Central European Institute of Technology;Medical University of Vienna;p;"";""
10.6084/m9.figshare.c.6585701.v1;Palacký University, Olomouc;Palacký University, Olomouc;;p;"";""
10.6084/m9.figshare.c.7295760.v1;MoE;Ministry of the Environment of the Czech Republic;Masaryk University;p;"";""
10.5281/zenodo.5711706;CULS;Czech University of Life Sciences Prague;Forest Research Institute;p;"";""
10.5281/zenodo.10680436;CULS;Czech University of Life Sciences Prague;Aranzadi Science Society;p;"";""
10.48580/dgtg4;PELC;P.E.L.C. - Private Entomological Laboratory and Collection;Universidade da Madeira, Dep. Biologia/CEM;pp;p;""
10.15468/t53vdw;Palacký University, Olomouc;Palacký University, Olomouc;Heidelberg University;p;"";""
10.6084/m9.figshare.c.6683881.v1;FNUSA-ICRC;International Clinical Research Center of St. Anne's University Hospital Brno;Masaryk University;p;"";""
10.6084/m9.figshare.c.6787450.v1;CEITEC ;Central European Institute of Technology;Medical University of Vienna;p;"";""
10.6084/m9.figshare.c.6256842.v1;CULS;Czech University of Life Sciences Prague;Kansas State University;p;"";""
10.5281/zenodo.10888833;Palacký University, Olomouc;Palacký University, Olomouc;;p;"";""
10.6084/m9.figshare.c.6926742.v1;FNUSA;St. Anne´s University Hospital;Federal Institute for Risk Assessment;p;"";""
10.48580/dgt98;PELC;P.E.L.C. - Private Entomological Laboratory and Collection;;pp;"";""
10.18419/darus-4117/9;CULS;Czech University of Life Sciences Prague;Universität Stuttgart;p;"";""
10.5281/zenodo.5025490;CRI;Crop Research Institute;KIS, Ljubljana, Slovenia;p;"";""
10.15468/m97sd2;PELC;P.E.L.C. - Private Entomological Laboratory and Collection;;pp;"";""
10.5281/zenodo.5256068;CULS;Czech University of Life Sciences Prague;ICAR- Indian Institute of Millets Research;p;"";""
10.48580/dgs4f;PELC;P.E.L.C. - Private Entomological Laboratory and Collection;;pp;"";""
10.48580/dgs4f;PELC;P.E.L.C. - Private Entomological Laboratory and Collection;;pp;"";""
10.5281/zenodo.15681034;CULS;Czech University of Life Sciences Prague;Czech University of Life Sciences;p;"";""
10.14278/rodare.2568;ČVUT;Czech Technical University in Prague;LawrenceLivermoreNationalLaboratory,7000EastAvenue,Livermore,California94550,USA;p;"";""
10.6084/m9.figshare.c.5995626.v1;University Hospital Brno;University Hospital Brno;RWTH Aachen University;p;"";""
10.6084/m9.figshare.c.6585787.v1;VFN;General University Hospital in Prague;Queen Mary University of London;pp;"";""
10.6084/m9.figshare.c.5837529.v2;CULS;Czech University of Life Sciences Prague;International Union for Conservation of Nature;p;"";""
10.48580/dgt98;PELC;P.E.L.C. - Private Entomological Laboratory and Collection;;pp;"";""
10.48580/dgsv8;PELC;P.E.L.C. - Private Entomological Laboratory and Collection;;pp;"";""
10.5281/zenodo.10572480;CULS;Czech University of Life Sciences Prague;NORCE Climate and Environment, Norwegian Research Centre AS, Bergen, Norway;p;"";""
10.48580/dgsv8;PELC;P.E.L.C. - Private Entomological Laboratory and Collection;;pp;"";""
10.48580/dgsv8;PELC;P.E.L.C. - Private Entomological Laboratory and Collection;;pp;"";""
10.5281/zenodo.15095308;IREAS;Institute for Structural Policy;Helmholtz Centre for Environmental Research;p;"";""
10.18434/mds2-3727;FZU;Institute of Physics;Theiss;p;"";""
10.48580/dgt98;PELC;P.E.L.C. - Private Entomological Laboratory and Collection;;pp;"";""
10.48580/dgtg4;PELC;P.E.L.C. - Private Entomological Laboratory and Collection;LIBRe – Laboratory for Integrative Biodiversity Research, Finnish Museum of Natural History Luomus, University of Helsinki;pp;"";""
10.48580/dgs4f;PELC;P.E.L.C. - Private Entomological Laboratory and Collection;Centre for Ecology & Hydrology;pp;"";""
10.48580/dgs4f;PELC;P.E.L.C. - Private Entomological Laboratory and Collection;;pp;"";""
10.15468/m97sd2;PELC;P.E.L.C. - Private Entomological Laboratory and Collection;Nortern Arizona University;pp;"";""
10.48580/dgtg4;PELC;P.E.L.C. - Private Entomological Laboratory and Collection;;pp;"";""
10.5281/zenodo.16942982;Palacký University, Olomouc;Palacký University, Olomouc;DBM Bioinformatics Core Facility, Swiss Institute of Bioinformatics, Switzerland;p;"";""
10.5281/zenodo.10888833;Palacký University, Olomouc;Palacký University, Olomouc;;p;"";""
10.5281/zenodo.11109087;Silesian University in Opava;Silesian University in Opava;Matej Bel University;p;"";""
10.48580/dgsv8;PELC;P.E.L.C. - Private Entomological Laboratory and Collection;Catalogue of Life Australia;pp;"";""
10.48580/dgsv8;PELC;P.E.L.C. - Private Entomological Laboratory and Collection;;pp;"";""
10.5061/dryad.sbcc2frj9;CRI;Crop Research Institute;University of Ghana;p;"";""
10.5281/zenodo.14051298;ČVUT;Czech Technical University in Prague;University of Chemistry and Technology;p;"";""
10.48580/dgs4f;PELC;P.E.L.C. - Private Entomological Laboratory and Collection;NatureServe Canada;pp;"";""
10.5281/zenodo.7390416;SZU;National Institute of Public Health;Assessment and Registration Agency of Food and Veterinary Service of Latvia;p;"";""
10.14473/csda/9alxny/qm4pmv;Institute of Philosophy;Institute of Philosophy;(Faculty of Communication, Vilnius University, Vilnius, Lithuania);pp;"";""
10.14473/csda/9alxny/u4jimo;Institute of Philosophy;Institute of Philosophy;(ResWell Research Collaboration, Tel Aviv University, Tel Aviv, Israel);pp;"";""
10.6084/m9.figshare.c.6787408.v1;VFU;University of Veterinary and Pharmaceutical Sciences;University of Ostrava;p;"";""
10.48580/dgtg4;PELC;P.E.L.C. - Private Entomological Laboratory and Collection;GBIF;pp;"";""
10.48580/dgtg4;PELC;P.E.L.C. - Private Entomological Laboratory and Collection;;pp;"";""
10.48580/dgsv8;PELC;P.E.L.C. - Private Entomological Laboratory and Collection;;pp;"";""
10.48580/dgs4f;PELC;P.E.L.C. - Private Entomological Laboratory and Collection;;pp;"";""
10.15468/m97sd2;PELC;P.E.L.C. - Private Entomological Laboratory and Collection;;pp;"";""
10.6084/m9.figshare.c.7017686.v1;VFN;General University Hospital in Prague;University of Oxford;pp;"";""
10.6084/m9.figshare.c.6319614.v1;ČVUT;Czech Technical University in Prague;Charles University;p;"";""
10.15468/m97sd2;PELC;P.E.L.C. - Private Entomological Laboratory and Collection;;pp;"";""
10.6084/m9.figshare.c.7264690.v1;CEITEC MU;Central European Institute of Technology – Masaryk University;Masaryk University;p;"";""
10.5281/zenodo.15154495;University Hospital Hradec Králové;University Hospital Hradec Králové;;p;"";""
10.15468/m97sd2;PELC;P.E.L.C. - Private Entomological Laboratory and Collection;;pp;"";""
10.6084/m9.figshare.c.6830133.v1;CEITEC ;Central European Institute of Technology;University of Veterinary Medicine in Košice;p;"";""
10.5281/zenodo.10680436;Jan Evangelista Purkyně University in Ústí nad Labem;Jan Evangelista Purkyně University in Ústí nad Labem;German Centre for Integrative Biodiversity Research (iDiv);p;"";""
10.48580/dgs4f;PELC;P.E.L.C. - Private Entomological Laboratory and Collection;NIWA;pp;"";""
10.48580/dgsv8;PELC;P.E.L.C. - Private Entomological Laboratory and Collection;;pp;"";""
10.5281/zenodo.10888833;Palacký University, Olomouc;Palacký University, Olomouc;;p;"";""
10.48580/dgtg4;PELC;P.E.L.C. - Private Entomological Laboratory and Collection;Kenya Marine and Fisheries Research Institute;pp;"";""
10.48580/dgs4f;PELC;P.E.L.C. - Private Entomological Laboratory and Collection;Universidade Federal do Rio de Janeiro;pp;"";""
10.6084/m9.figshare.c.6319614.v1;ČVUT;Czech Technical University in Prague;Charles University;p;"";""
10.6084/m9.figshare.c.6690909.v1;VFN;General University Hospital in Prague;Charles University;pp;"";""
10.6084/m9.figshare.c.7392838.v1;University Hospital Brno;University Hospital Brno;Medical University of Vienna;p;"";""
10.48580/dgs4f;PELC;P.E.L.C. - Private Entomological Laboratory and Collection;;pp;"";""
10.48580/dgtg4;PELC;P.E.L.C. - Private Entomological Laboratory and Collection;;pp;"";""
10.18419/darus-4117/9;ČVUT;Czech Technical University in Prague;Coll Coll;p;"";""
10.6084/m9.figshare.20035634.v1;IEB;Institute of Experimental Botany;Rothamsted Research;p;"";""
10.6084/m9.figshare.c.6596467.v1;IKEM;Institute of Clinical and Experimental Medicine;Medical University of Vienna;p;"";""
10.6084/m9.figshare.c.7158337.v1;Palacký University, Olomouc;Palacký University, Olomouc;Charles University;p;"";""
10.48580/dgs4f;PELC;P.E.L.C. - Private Entomological Laboratory and Collection;NemaLab/ICAM, Dep. de Biologia, Universidade de Évora;pp;p;""
10.48580/dgs4f;PELC;P.E.L.C. - Private Entomological Laboratory and Collection;;pp;"";""
10.6084/m9.figshare.c.7297436.v1;Palacký University, Olomouc;Palacký University, Olomouc;Charles University;p;"";""
10.6084/m9.figshare.c.7844991.v1;IKEM;Institute of Clinical and Experimental Medicine;Czech Academy of Sciences;p;"";""
10.15468/t53vdw;Palacký University, Olomouc;Palacký University, Olomouc;Charles University;p;"";""
10.48580/dgs4f;PELC;P.E.L.C. - Private Entomological Laboratory and Collection;University of Bucharest;pp;"";""
10.6084/m9.figshare.c.7828330.v1;CEITEC ;Central European Institute of Technology;;p;"";""
10.48580/dgs4f;PELC;P.E.L.C. - Private Entomological Laboratory and Collection;Université Paul Sabatier, Laboratoire Evolution & Diversité Biologique;pp;p;""
10.18419/darus-4117/3;CULS;Czech University of Life Sciences Prague;Coll Coll;p;"";""
10.6084/m9.figshare.20282209.v1;VFU;University of Veterinary and Pharmaceutical Sciences;Kansas State University;p;"";""
10.6084/m9.figshare.c.6903195.v1;University Hospital in Motol;University Hospital in Motol;University of Southern Denmark;p;"";""
10.6084/m9.figshare.c.6787807.v1;University Hospital Olomouc;University Hospital Olomouc;Heidelberg University;p;"";""
10.5281/zenodo.10680436;Jan Evangelista Purkyně University in Ústí nad Labem;Jan Evangelista Purkyně University in Ústí nad Labem;German Centre for Integrative Biodiversity Research (iDiv);p;"";""
10.15468/t53vdw;Palacký University, Olomouc;Palacký University, Olomouc;University of Warsaw;p;"";""
10.6084/m9.figshare.c.6787450.v1;CEITEC ;Central European Institute of Technology;Salk Institute for Biological Studies;p;"";""
10.7910/dvn/e8pzbl;Palacký University, Olomouc;Palacký University, Olomouc;Masaryk University;p;"";""
10.6084/m9.figshare.c.7178144.v1;IKEM;Institute of Clinical and Experimental Medicine;Gennet;p;"";""
10.6084/m9.figshare.c.6830133.v1;CEITEC ;Central European Institute of Technology;Czech Academy of Sciences;p;"";""
10.48580/dgs4f;PELC;P.E.L.C. - Private Entomological Laboratory and Collection;;pp;"";""
10.6084/m9.figshare.c.7801480.v1;CEITEC MU;Central European Institute of Technology – Masaryk University;Medical University of Vienna;p;"";""
10.48580/dgs4f;PELC;P.E.L.C. - Private Entomological Laboratory and Collection;Institute of Nature Conservation, Polish Academy of Sciences;pp;p;""
10.48580/dgtg4;PELC;P.E.L.C. - Private Entomological Laboratory and Collection;;pp;"";""
10.5281/zenodo.6382216;CULS;Czech University of Life Sciences Prague;Mammal Research Institute;p;"";""
10.5281/zenodo.10855219;Palacký University, Olomouc;Palacký University, Olomouc;University of Warsaw;p;"";""
10.5281/zenodo.6289588;FZU;Institute of Physics;Delft University of Technology;p;"";""
10.5281/zenodo.15681034;CULS;Czech University of Life Sciences Prague;;p;"";""
10.6084/m9.figshare.c.7185629.v1;IKEM;Institute of Clinical and Experimental Medicine;Charles University;p;"";""
10.48580/dgsv8;PELC;P.E.L.C. - Private Entomological Laboratory and Collection;California Academy of Sciences;pp;"";""
10.6084/m9.figshare.c.6673724.v4;CULS;Czech University of Life Sciences Prague;;p;"";""
10.6084/m9.figshare.c.7057817.v1;Palacký University, Olomouc;Palacký University, Olomouc;Heidelberg University;p;"";""
10.6084/m9.figshare.c.6780806.v1;FNUSA;St. Anne´s University Hospital;Aix-Marseille University;p;"";""
10.48580/dgs4f;PELC;P.E.L.C. - Private Entomological Laboratory and Collection;;pp;"";""
10.6084/m9.figshare.c.7185544.v1;VFN;General University Hospital in Prague;Charles University;pp;"";""
10.48580/dgt98;PELC;P.E.L.C. - Private Entomological Laboratory and Collection;;pp;"";""
10.14473/csda/9alxny/mxvqgh;Institute of Philosophy;Institute of Philosophy;(Faculty of Communication, Vilnius University, Vilnius, Lithuania);pp;"";""
10.15468/m97sd2;PELC;P.E.L.C. - Private Entomological Laboratory and Collection;;pp;"";""
10.5281/zenodo.8158502;CULS;Czech University of Life Sciences Prague;Evolutionary Biology and Ecology, Université Libre de Bruxelles, Bruxelles, Belgium;p;"";""
10.5281/zenodo.7612053;ČVUT;Czech Technical University in Prague;Czech Technical University;p;"";""
10.6084/m9.figshare.19470467.v1;CEITEC MU;Central European Institute of Technology – Masaryk University;University of Cambridge;p;"";""
10.5281/zenodo.5711706;CULS;Czech University of Life Sciences Prague;National Museum of Natural Sciences, CSIC;p;"";""
10.6084/m9.figshare.c.6585379.v1;University Hospital Brno;University Hospital Brno;Inserm;p;"";""
10.5281/zenodo.14638896;VFN;General University Hospital in Prague;Università degliStudi di Milano;pp;"";""
10.6084/m9.figshare.c.7295760.v1;MoE;Ministry of the Environment of the Czech Republic;Institute of Microbiology;p;"";""
10.5281/zenodo.17083924;CULS;Czech University of Life Sciences Prague;University of Freiburg;p;"";""
10.6084/m9.figshare.c.7075282.v1;University Hospital in Motol;University Hospital in Motol;University of Cambridge;p;"";""
10.15468/m97sd2;PELC;P.E.L.C. - Private Entomological Laboratory and Collection;Arizona State University;pp;"";""
10.15468/m97sd2;PELC;P.E.L.C. - Private Entomological Laboratory and Collection;;pp;"";""
10.6084/m9.figshare.c.7062853.v1;University Hospital Brno;University Hospital Brno;Charles University;p;"";""
10.6084/m9.figshare.20018045.v1;IKEM;Institute of Clinical and Experimental Medicine;;p;"";""
10.48580/dgs4f;PELC;P.E.L.C. - Private Entomological Laboratory and Collection;Asociación Colombiana de Ornitología;pp;"";""
10.14473/csda/nyxqpt/o3clj1;Institute of Philosophy;Institute of Philosophy;(ResWell Research Collaboration, Tel Aviv University, Tel Aviv, Israel);pp;"";""
10.6084/m9.figshare.c.6787450.v1;CEITEC MU;Central European Institute of Technology – Masaryk University;Innsbruck Medical University;p;"";""
10.6084/m9.figshare.c.6261502.v1;University Hospital Hradec Králové;University Hospital Hradec Králové;University of Southern Denmark;p;"";""
10.5281/zenodo.13897824;Palacký University, Olomouc;Palacký University, Olomouc;Universidad Autónoma de Madrid;p;"";""
10.6084/m9.figshare.c.6096199.v1;Palacký University, Olomouc;Palacký University, Olomouc;Deakin University;p;"";""
10.6084/m9.figshare.c.7740082.v1;FNUSA;St. Anne´s University Hospital;Western University;p;"";""
10.48580/dgtg4;PELC;P.E.L.C. - Private Entomological Laboratory and Collection;;pp;"";""
10.48580/dgt98;PELC;P.E.L.C. - Private Entomological Laboratory and Collection;;pp;"";""
10.6084/m9.figshare.c.6596173.v1;CULS;Czech University of Life Sciences Prague;University of Namur;p;"";""
10.48580/dgtg4;PELC;P.E.L.C. - Private Entomological Laboratory and Collection;;pp;"";""
10.18419/darus-4117/4;ČVUT;Czech Technical University in Prague;Czech University of Life Sciences;p;"";""
10.6084/m9.figshare.c.6004076.v1;Fakultní Nemocnice Plzeň;Fakultní Nemocnice Plzeň;Ludwig Maximilian University of Munich;p;"";""
10.6084/m9.figshare.c.7057817.v1;Palacký University, Olomouc;Palacký University, Olomouc;Casa Sollievo della Sofferenza;p;"";""
10.15468/m97sd2;PELC;P.E.L.C. - Private Entomological Laboratory and Collection;;pp;"";""
10.48580/dgtg4;PELC;P.E.L.C. - Private Entomological Laboratory and Collection;Helmholtz Centre for Environmental Research – UFZ, Department of Community Ecology;pp;p;""
10.5281/zenodo.13884524;CEITEC ;Central European Institute of Technology;TU Wien, Institute of Chemical Technologies and Analytics;p;"";""
10.15468/m97sd2;PELC;P.E.L.C. - Private Entomological Laboratory and Collection;;pp;"";""
10.57760/sciencedb.o00115.00071;Institute of Psychology;Institute of Psychology;Suzhou University of Science and Technology;p;"";""
10.6084/m9.figshare.c.6271279.v1;University Hospital Brno;University Hospital Brno;Masaryk University;p;"";""
10.48580/dgtg4;PELC;P.E.L.C. - Private Entomological Laboratory and Collection;;pp;"";""
10.5281/zenodo.10888833;Palacký University, Olomouc;Palacký University, Olomouc;;p;"";""
10.48580/dgsv8;PELC;P.E.L.C. - Private Entomological Laboratory and Collection;;pp;"";""
10.18419/darus-4117/8;CULS;Czech University of Life Sciences Prague;Universität Stuttgart;p;"";""
10.5281/zenodo.6637599;CULS;Czech University of Life Sciences Prague;School of Biological Sciences, University of Bristol, Bristol, BS8 1TQ, UK;p;"";""
10.48580/dgs4f;PELC;P.E.L.C. - Private Entomological Laboratory and Collection;Vlaams Instituut voor de Zee (VLIZ);pp;"";""
10.18419/darus-4117/1;ČVUT;Czech Technical University in Prague;Czech University of Life Sciences;p;"";""
10.5281/zenodo.14094542;ČVUT;Czech Technical University in Prague;University of Chemistry and Technology;p;"";""
10.48580/dgtg4;PELC;P.E.L.C. - Private Entomological Laboratory and Collection;Instituto de Ciencias del Mar y Limnología, UNAM;pp;"";""
10.5281/zenodo.5711706;CULS;Czech University of Life Sciences Prague;University Freiburg;p;"";""
10.5281/zenodo.7348780;ČVUT;Czech Technical University in Prague;Czech Technical University;p;"";""
10.15468/m97sd2;PELC;P.E.L.C. - Private Entomological Laboratory and Collection;Harvard University;pp;"";""
10.6084/m9.figshare.c.7049258.v1;Biopticka Laborator (Czechia);Biopticka Laborator (Czechia);Charles University;p;"";""
10.48580/dgt98;PELC;P.E.L.C. - Private Entomological Laboratory and Collection;;pp;"";""
10.18419/darus-4117/12;CULS;Czech University of Life Sciences Prague;Universität Stuttgart;p;"";""
10.6084/m9.figshare.c.7953063.v1;FNUSA;St. Anne´s University Hospital;Semmelweis University;p;"";""
10.6084/m9.figshare.c.6593980.v1;University Hospital Brno;University Hospital Brno;Masaryk University;p;"";""
10.6084/m9.figshare.c.7057954.v1;University Hospital Brno;University Hospital Brno;Masaryk University;p;"";""
10.48580/dgtg4;PELC;P.E.L.C. - Private Entomological Laboratory and Collection;;pp;"";""
10.6084/m9.figshare.c.6804718.v1;CEITEC MU;Central European Institute of Technology – Masaryk University;Masaryk University;p;"";""
10.5281/zenodo.5142371;CEITEC ;Central European Institute of Technology;Magnetic Resonance Center (CERM), University of Florence;p;"";""
10.5281/zenodo.10680436;CULS;Czech University of Life Sciences Prague;Norwegian Institute for Water Research (NIVA);p;"";""
10.6084/m9.figshare.c.6792969.v1;University Hospital Hradec Králové;University Hospital Hradec Králové;Masaryk University;p;"";""
10.5281/zenodo.7415164;CRI;Crop Research Institute;University of Almería;p;"";""
10.6084/m9.figshare.c.7976865.v1;University Hospital Hradec Králové;University Hospital Hradec Králové;Charles University;p;"";""
10.6084/m9.figshare.c.6576979.v1;Palacký University, Olomouc;Palacký University, Olomouc;Matej Bel University;p;"";""
10.48580/dgtg4;PELC;P.E.L.C. - Private Entomological Laboratory and Collection;CONABIO;pp;"";""
10.7910/dvn/bakget;Palacký University, Olomouc;Palacký University, Olomouc;Radboud University;p;"";""
10.6084/m9.figshare.c.6787807.v1;University Hospital Olomouc;University Hospital Olomouc;German Cancer Research Center;p;"";""
10.48580/dgs4f;PELC;P.E.L.C. - Private Entomological Laboratory and Collection;;pp;"";""
10.48580/dgs4f;PELC;P.E.L.C. - Private Entomological Laboratory and Collection;;pp;"";""
10.48580/dgtg4;PELC;P.E.L.C. - Private Entomological Laboratory and Collection;;pp;"";""
10.6084/m9.figshare.c.7640687.v1;ČVUT;Czech Technical University in Prague;Czech Academy of Sciences;p;"";""
10.48580/dgsv8;PELC;P.E.L.C. - Private Entomological Laboratory and Collection;Department of Zoology, Universitat de València;pp;p;""
10.15468/m97sd2;PELC;P.E.L.C. - Private Entomological Laboratory and Collection;Universidad Nacional de Avellaneda;pp;"";""
10.5281/zenodo.10572480;CULS;Czech University of Life Sciences Prague;Norwegian Institute for Nature Research, Bergen, Norway;p;"";""
10.48580/dgtg4;PELC;P.E.L.C. - Private Entomological Laboratory and Collection;;pp;"";""
10.6084/m9.figshare.c.7880704.v1;VFN;General University Hospital in Prague;University Hospital of Zurich;pp;p;""
10.48580/dgtg4;PELC;P.E.L.C. - Private Entomological Laboratory and Collection;Max Planck Institute;pp;p;""
10.48580/dgs4f;PELC;P.E.L.C. - Private Entomological Laboratory and Collection;;pp;"";""
10.48580/dgtg4;PELC;P.E.L.C. - Private Entomological Laboratory and Collection;CONABIO;pp;"";""
10.48580/dgsv8;PELC;P.E.L.C. - Private Entomological Laboratory and Collection;;pp;"";""
10.5281/zenodo.10680436;CULS;Czech University of Life Sciences Prague;College of Biological and Environmental Sciences, Universidad San Francisco de Quito;p;"";""
10.5281/zenodo.4551727;SZU;National Institute of Public Health;Federal Food Safety and Veterinary Office, Switzerland;p;"";""
10.48580/dgs4f;PELC;P.E.L.C. - Private Entomological Laboratory and Collection;;pp;"";""
10.5281/zenodo.16894917;CULS;Czech University of Life Sciences Prague;University of Bonn;p;"";""
10.7910/dvn/vbwuvg;Palacký University, Olomouc;Palacký University, Olomouc;University of North Texas;p;"";""
10.6084/m9.figshare.c.6261502.v1;University Hospital Hradec Králové;University Hospital Hradec Králové;Lund University;p;"";""
10.6084/m9.figshare.c.6792969.v1;VFN;General University Hospital in Prague;University Hospital Brno;pp;p;""
10.48580/dgtg4;PELC;P.E.L.C. - Private Entomological Laboratory and Collection;;pp;"";""
10.6084/m9.figshare.c.6787450.v1;CEITEC ;Central European Institute of Technology;Kiel University;p;"";""
10.48580/dgs4f;PELC;P.E.L.C. - Private Entomological Laboratory and Collection;;pp;"";""
10.6084/m9.figshare.c.6198401.v1;University Hospital in Motol;University Hospital in Motol;Karolinska Institute;p;"";""
10.5281/zenodo.10888833;Palacký University, Olomouc;Palacký University, Olomouc;;p;"";""
10.48580/dgtg4;PELC;P.E.L.C. - Private Entomological Laboratory and Collection;Catalogue of Life Foundation;pp;"";""
10.6084/m9.figshare.c.7220407.v1;Palacký University, Olomouc;Palacký University, Olomouc;Institute of Biotechnology;p;"";""
10.6084/m9.figshare.c.7372004.v1;FNUSA;St. Anne´s University Hospital;Masaryk University;p;"";""
10.48580/dgt98;PELC;P.E.L.C. - Private Entomological Laboratory and Collection;;pp;"";""
10.48580/dgt98;PELC;P.E.L.C. - Private Entomological Laboratory and Collection;;pp;"";""
10.48580/dgtg4;PELC;P.E.L.C. - Private Entomological Laboratory and Collection;Naturalis Biodiversity Center;pp;"";""
10.6084/m9.figshare.c.6830133.v1;University Hospital Ostrava;University Hospital Ostrava;University of Ostrava;p;"";""
10.6084/m9.figshare.c.6785308.v1;Comenius Museum in Přerov;Comenius Museum in Přerov;Hebei Normal University;p;"";""
10.48580/dgs4f;PELC;P.E.L.C. - Private Entomological Laboratory and Collection;;pp;"";""
10.6084/m9.figshare.c.7649648.v1;CEITEC ;Central European Institute of Technology;Masaryk Memorial Cancer Institute;p;"";""
10.5281/zenodo.15681034;CULS;Czech University of Life Sciences Prague;University of Freiburg;p;"";""
10.18419/darus-4117/16;ČVUT;Czech Technical University in Prague;Universität Stuttgart;p;"";""
10.6084/m9.figshare.c.7828330.v1;CEITEC MU;Central European Institute of Technology – Masaryk University;KU Leuven;p;"";""
10.48580/dgt98;PELC;P.E.L.C. - Private Entomological Laboratory and Collection;;pp;"";""
10.14473/csda/9alxny/odvxmw;Institute of Philosophy;Institute of Philosophy;(Tel Aviv University);pp;"";""
10.48580/dgsv8;PELC;P.E.L.C. - Private Entomological Laboratory and Collection;Schoolmeesters P.;pp;p;""
10.6084/m9.figshare.c.7040196.v1;FNUSA-ICRC;International Clinical Research Center of St. Anne's University Hospital Brno;Celica (Slovenia);p;"";""
10.6084/m9.figshare.c.6787450.v1;CEITEC MU;Central European Institute of Technology – Masaryk University;University of Veterinary Medicine Vienna;p;"";""
10.48580/dgt98;PELC;P.E.L.C. - Private Entomological Laboratory and Collection;;pp;"";""
10.48580/dgtg4;PELC;P.E.L.C. - Private Entomological Laboratory and Collection;Private Entomological Laboratory & Collection;pp;p;""
10.48580/dgs4f;PELC;P.E.L.C. - Private Entomological Laboratory and Collection;Entomology, Bavarian State Collection of Zoology;pp;"";""
10.48580/dgs4f;PELC;P.E.L.C. - Private Entomological Laboratory and Collection;;pp;"";""
10.6084/m9.figshare.c.6103083.v1;University Hospital Brno;University Hospital Brno;Masaryk University;p;"";""
10.48580/dgs4f;PELC;P.E.L.C. - Private Entomological Laboratory and Collection;;pp;"";""
10.48580/dgs4f;PELC;P.E.L.C. - Private Entomological Laboratory and Collection;;pp;"";""
10.48580/dgt98;PELC;P.E.L.C. - Private Entomological Laboratory and Collection;;pp;"";""
10.15468/m97sd2;PELC;P.E.L.C. - Private Entomological Laboratory and Collection;Universidade do Estado do Rio de Janeiro (UERJ);pp;"";""
10.48580/dgtg4;PELC;P.E.L.C. - Private Entomological Laboratory and Collection;;pp;"";""
10.6084/m9.figshare.19470467.v1;CEITEC ;Central European Institute of Technology;University of Cambridge;p;"";""
10.48580/dgtg4;PELC;P.E.L.C. - Private Entomological Laboratory and Collection;Fundación Ictiológica;pp;"";""
10.48580/dgt98;PELC;P.E.L.C. - Private Entomological Laboratory and Collection;Slater Museum, University of Puget Sound;pp;p;""
10.6084/m9.figshare.c.6962539.v1;VFN;General University Hospital in Prague;Revmatologický Ústav;pp;"";""
10.5281/zenodo.10680436;CULS;Czech University of Life Sciences Prague;Université catholique de Louvain;p;"";""
10.21227/x9f4-8r14;ČVUT;Czech Technical University in Prague;Czech Technical University;p;"";""
10.48580/dgsv8;PELC;P.E.L.C. - Private Entomological Laboratory and Collection;;pp;"";""
10.6084/m9.figshare.c.6096199.v1;Palacký University, Olomouc;Palacký University, Olomouc;University of California, San Diego;p;"";""
10.5281/zenodo.13884524;CEITEC ;Central European Institute of Technology;Faculty of Chemistry and Chemical Technology, University of Ljubljana;p;"";""
10.5281/zenodo.15069069;Institute of Experimental Medicine;Institute of Experimental Medicine;Italian Institute for Genomic Medicine (IIGM), c/o IRCCS Candiolo, Italy;p;"";""
10.5281/zenodo.15175619;Palacký University, Olomouc;Palacký University, Olomouc;Agriculture and Agri-Food Canada, Canadian National Collection of Insects, Arachnids and Nematodes, Ottawa, Ontario, Canada;p;"";""
10.6084/m9.figshare.c.6690909.v1;University Hospital in Motol;University Hospital in Motol;Masaryk University;p;"";""
10.5281/zenodo.10680436;Jan Evangelista Purkyně University in Ústí nad Labem;Jan Evangelista Purkyně University in Ústí nad Labem;Cavanilles Institute of Biodiversity and Evolutionary Biology, Universitat de València;p;"";""
10.15468/m97sd2;PELC;P.E.L.C. - Private Entomological Laboratory and Collection;Catalogue of Life Australia;pp;"";""
10.5281/zenodo.11212280;ITAM AS CR;Institute of Theoretical and Applied Mechanics;Czech Geological Survey;pp;"";""
10.48580/dgsv8;PELC;P.E.L.C. - Private Entomological Laboratory and Collection;;pp;"";""
10.48580/dgt98;PELC;P.E.L.C. - Private Entomological Laboratory and Collection;;pp;"";""
10.5281/zenodo.10680436;Jan Evangelista Purkyně University in Ústí nad Labem;Jan Evangelista Purkyně University in Ústí nad Labem;Universidad de Sevilla;p;"";""
10.48580/dgs4f;PELC;P.E.L.C. - Private Entomological Laboratory and Collection;Department of Zoology, University of oxford;pp;p;""
10.48580/dgs4f;PELC;P.E.L.C. - Private Entomological Laboratory and Collection;Bavarian State Collection for Paleontology and Geology;pp;p;""
10.6084/m9.figshare.c.7945178.v1;IKEM;Institute of Clinical and Experimental Medicine;Charité - University Medicine Berlin;p;"";""
10.6084/m9.figshare.c.7075180.v1;Palacký University, Olomouc;Palacký University, Olomouc;Mendel University in Brno;p;"";""
10.48580/dgs4f;PELC;P.E.L.C. - Private Entomological Laboratory and Collection;;pp;"";""
10.6084/m9.figshare.c.7823284.v1;Palacký University, Olomouc;Palacký University, Olomouc;Washington University in St. Louis;p;"";""
10.48580/dgtg4;PELC;P.E.L.C. - Private Entomological Laboratory and Collection;;pp;"";""
10.5281/zenodo.10680436;CULS;Czech University of Life Sciences Prague;Research Institute Nature and Forest (INBO);p;"";""
10.48580/dgt98;PELC;P.E.L.C. - Private Entomological Laboratory and Collection;;pp;"";""
10.48580/dgtg4;PELC;P.E.L.C. - Private Entomological Laboratory and Collection;;pp;"";""
10.15468/m97sd2;PELC;P.E.L.C. - Private Entomological Laboratory and Collection;;pp;"";""
10.5281/zenodo.10680436;Jan Evangelista Purkyně University in Ústí nad Labem;Jan Evangelista Purkyně University in Ústí nad Labem;Research Institute for Nature and Forest (INBO);p;"";""
10.5281/zenodo.6312518;CRI;Crop Research Institute;Université de Lyon 1;p;"";""
10.6084/m9.figshare.c.7206675.v1;CULS;Czech University of Life Sciences Prague;Masaryk University;p;"";""
10.6084/m9.figshare.c.7844991.v1;IKEM;Institute of Clinical and Experimental Medicine;Charles University;p;"";""
10.5281/zenodo.15154499;University Hospital Hradec Králové;University Hospital Hradec Králové;;p;"";""
10.48580/dgs4f;PELC;P.E.L.C. - Private Entomological Laboratory and Collection;;pp;"";""
10.6084/m9.figshare.c.6319614.v1;IKEM;Institute of Clinical and Experimental Medicine;Charles University;p;"";""
10.48580/dgt98;PELC;P.E.L.C. - Private Entomological Laboratory and Collection;;pp;"";""
10.6084/m9.figshare.c.7226433.v1;Palacký University, Olomouc;Palacký University, Olomouc;Rothamsted Research;p;"";""
10.6084/m9.figshare.c.6690909.v1;VFN;General University Hospital in Prague;Charles University;pp;"";""
10.15468/m97sd2;PELC;P.E.L.C. - Private Entomological Laboratory and Collection;;pp;"";""
10.6084/m9.figshare.c.7766437.v1;University Hospital Hradec Králové;University Hospital Hradec Králové;Comenius University;p;"";""
10.18419/darus-4117/16;CULS;Czech University of Life Sciences Prague;Czech University of Life Sciences;p;"";""
10.48580/dgtg4;PELC;P.E.L.C. - Private Entomological Laboratory and Collection;Fundación Biodiversa Colombia, Institute of Microbiology, ETH Zürich, Switzerland;pp;"";""
10.5281/zenodo.7415164;CRI;Crop Research Institute;University of Almería;p;"";""
10.48580/dgsv8;PELC;P.E.L.C. - Private Entomological Laboratory and Collection;;pp;"";""
10.48580/dgtg4;PELC;P.E.L.C. - Private Entomological Laboratory and Collection;;pp;"";""
10.6084/m9.figshare.c.7057817.v1;Palacký University, Olomouc;Palacký University, Olomouc;Medical University of Lodz;p;"";""
10.48580/dgsv8;PELC;P.E.L.C. - Private Entomological Laboratory and Collection;;pp;"";""
10.6084/m9.figshare.c.7880704.v1;VFN;General University Hospital in Prague;Rigshospitalet;pp;p;""
10.48580/dgt98;PELC;P.E.L.C. - Private Entomological Laboratory and Collection;;pp;"";""
10.6084/m9.figshare.c.7075180.v1;Palacký University, Olomouc;Palacký University, Olomouc;Mendel University in Brno;p;"";""
10.57760/sciencedb.psych.00107;Institute of Psychology;Institute of Psychology;Institute of Automation, CAS;p;"";""
10.5281/zenodo.10952750;Research Institute for Fodder Crops (Czechia);Research Institute for Fodder Crops (Czechia);Agricultural Research Ltd.;p;"";""
10.5281/zenodo.10680436;Jan Evangelista Purkyně University in Ústí nad Labem;Jan Evangelista Purkyně University in Ústí nad Labem;Institute of Biology/Geobotany and Botanical Garden, Martin Luther University Halle-Wittenberg;p;"";""
10.5281/zenodo.6637599;CULS;Czech University of Life Sciences Prague;Service of Wood Biology, Royal Museum for Central Africa, Belgium;p;"";""
10.48580/dgs4f;PELC;P.E.L.C. - Private Entomological Laboratory and Collection;DanBIF, Natural History Museum of Denmark;pp;"";""
10.48580/dgs4f;PELC;P.E.L.C. - Private Entomological Laboratory and Collection;Asociación Colombiana de Ornitología;pp;"";""
10.6084/m9.figshare.c.7392838.v1;University Hospital Brno;University Hospital Brno;Medical University of Vienna;p;"";""
10.48580/dgsv8;PELC;P.E.L.C. - Private Entomological Laboratory and Collection;;pp;"";""
10.6084/m9.figshare.c.7811402.v1;University Hospital Brno;University Hospital Brno;Masaryk University;p;"";""
10.48580/dgsv8;PELC;P.E.L.C. - Private Entomological Laboratory and Collection;;pp;"";""
10.6084/m9.figshare.c.7885117.v1;University Hospital Olomouc;University Hospital Olomouc;Helmholtz-Zentrum Dresden-Rossendorf;p;"";""
10.48580/dgtg4;PELC;P.E.L.C. - Private Entomological Laboratory and Collection;;pp;"";""
10.48580/dgt98;PELC;P.E.L.C. - Private Entomological Laboratory and Collection;;pp;"";""
10.48580/dgt98;PELC;P.E.L.C. - Private Entomological Laboratory and Collection;;pp;"";""
10.48580/dgt98;PELC;P.E.L.C. - Private Entomological Laboratory and Collection;;pp;"";""
10.6084/m9.figshare.c.7828330.v1;CEITEC MU;Central European Institute of Technology – Masaryk University;;p;"";""
10.5281/zenodo.10418629;FZU;Institute of Physics;Aalto University;p;"";""
10.6084/m9.figshare.c.7057817.v1;Palacký University, Olomouc;Palacký University, Olomouc;Humanitas University;p;"";""
10.5281/zenodo.16527416;ČVUT;Czech Technical University in Prague;University of Chemistry and Technology;p;"";""
10.5281/zenodo.14017853;CULS;Czech University of Life Sciences Prague;Aarhus University;p;"";""
10.6084/m9.figshare.c.7062853.v1;University Hospital Brno;University Hospital Brno;Masaryk University;p;"";""
10.48580/dgs4f;PELC;P.E.L.C. - Private Entomological Laboratory and Collection;UA Museums, The University of Alabama;pp;"";""
10.48580/dgt98;PELC;P.E.L.C. - Private Entomological Laboratory and Collection;;pp;"";""
10.6084/m9.figshare.19470467.v1;CEITEC MU;Central European Institute of Technology – Masaryk University;Medical University of Vienna;p;"";""
10.48580/dgtg4;PELC;P.E.L.C. - Private Entomological Laboratory and Collection;NemaLab/ICAM, Dep. de Biologia, Universidade de Évora;pp;p;""
10.6084/m9.figshare.c.7017686.v1;VFN;General University Hospital in Prague;University of Oslo;pp;"";""
10.48580/dgtg4;PELC;P.E.L.C. - Private Entomological Laboratory and Collection;;pp;"";""
10.6084/m9.figshare.c.7844991.v1;IKEM;Institute of Clinical and Experimental Medicine;Charles University;p;"";""
10.6084/m9.figshare.c.7307920.v1;IKEM;Institute of Clinical and Experimental Medicine;Charles University;p;"";""
10.18434/mds2-2602;FZU;Institute of Physics;National Institute of Standards and Technology, Materials Measurement Laboratory;p;"";""
10.48580/dgs4f;PELC;P.E.L.C. - Private Entomological Laboratory and Collection;;pp;"";""
10.48580/dgtg4;PELC;P.E.L.C. - Private Entomological Laboratory and Collection;Universidad de Antioquia;pp;"";""
10.48580/dgt98;PELC;P.E.L.C. - Private Entomological Laboratory and Collection;;pp;"";""
10.48580/dgt98;PELC;P.E.L.C. - Private Entomological Laboratory and Collection;Department of Biological Sciences, University of Montreal;pp;p;""
10.6084/m9.figshare.c.6787807.v1;Palacký University, Olomouc;Palacký University, Olomouc;Casa Sollievo della Sofferenza;p;"";""
10.48580/dgs4f;PELC;P.E.L.C. - Private Entomological Laboratory and Collection;;pp;"";""
10.6084/m9.figshare.c.7240904.v1;University Hospital Brno;University Hospital Brno;Masaryk University;p;"";""
10.5281/zenodo.15154492;University Hospital Hradec Králové;University Hospital Hradec Králové;;p;"";""
10.48436/5042s-tkt46;FZU;Institute of Physics;George Mazon University;p;"";""
10.15468/m97sd2;PELC;P.E.L.C. - Private Entomological Laboratory and Collection;;pp;"";""
10.6084/m9.figshare.c.6184902.v1;IPVZ;Institute for Postgraduate Medical Education;Charles University;p;"";""
10.14473/csda/nyxqpt/avvhwb;Institute of Philosophy;Institute of Philosophy;(Tel Aviv University);pp;"";""
10.48580/dgtg4;PELC;P.E.L.C. - Private Entomological Laboratory and Collection;;pp;"";""
10.48580/dgtg4;PELC;P.E.L.C. - Private Entomological Laboratory and Collection;National Centre for Advanced Bio-Protection Technologies;pp;p;""
10.48580/dgt98;PELC;P.E.L.C. - Private Entomological Laboratory and Collection;Vlaams Instituut voor de Zee (VLIZ);pp;"";""
10.18419/darus-4117/11;ČVUT;Czech Technical University in Prague;Czech University of Life Sciences;p;"";""
10.6084/m9.figshare.c.6787807.v1;University Hospital Olomouc;University Hospital Olomouc;Lithuanian University of Health Sciences;p;"";""
10.48580/dgt98;PELC;P.E.L.C. - Private Entomological Laboratory and Collection;;pp;"";""
10.48580/dgtg4;PELC;P.E.L.C. - Private Entomological Laboratory and Collection;;pp;"";""
10.48580/dgs4f;PELC;P.E.L.C. - Private Entomological Laboratory and Collection;Estación Biológica de Doñana;pp;"";""
10.6084/m9.figshare.c.6096199.v1;Palacký University, Olomouc;Palacký University, Olomouc;University of Granada;p;"";""
10.48580/dgt98;PELC;P.E.L.C. - Private Entomological Laboratory and Collection;;pp;"";""
10.15468/m97sd2;PELC;P.E.L.C. - Private Entomological Laboratory and Collection;Nortern Arizona University;pp;"";""
10.48580/dgsv8;PELC;P.E.L.C. - Private Entomological Laboratory and Collection;;pp;"";""
10.14473/csda/9alxny/mf6m0r;Institute of Philosophy;Institute of Philosophy;(Tel Aviv University);pp;"";""
10.18419/darus-4117/2;ČVUT;Czech Technical University in Prague;University of Novi Sad;p;"";""
10.5281/zenodo.10572480;CULS;Czech University of Life Sciences Prague;University Centre in Svalbard;p;"";""
10.5281/zenodo.4650182;Palacký University, Olomouc;Palacký University, Olomouc;Laboratory of Ligand Engineering, Institute of Biotechnology of the Czech Academy of Sciences;p;"";""
10.6084/m9.figshare.c.6629419.v1;Fakultní Nemocnice Plzeň;Fakultní Nemocnice Plzeň;;p;"";""
10.21227/759s-8s08;ČVUT;Czech Technical University in Prague;University of Chemistry and Technology;p;"";""
10.57760/sciencedb.26336;Institute of Psychology;Institute of Psychology;Cognitive Health and Intelligence Centre, Institute for Cognitive Neuroscience, HSE University, Moscow, Russia;p;"";""
10.7910/dvn/fvpdfb;VSE;University of Economics Prague;Charles University and CERGE-EI;p;"";""
10.5281/zenodo.13884524;CEITEC ;Central European Institute of Technology;Slovenian National Building and Civil Engineering Institute;p;"";""
10.48580/dgtg4;PELC;P.E.L.C. - Private Entomological Laboratory and Collection;Zoological Institute RAS;pp;"";""
10.6084/m9.figshare.c.6585379.v1;University Hospital Brno;University Hospital Brno;University of Seville;p;"";""
10.6084/m9.figshare.c.5923208.v1;CEITEC ;Central European Institute of Technology;Center For Biomarker Research In Medicine;p;"";""
10.48580/dgsv8;PELC;P.E.L.C. - Private Entomological Laboratory and Collection;;pp;"";""
10.6084/m9.figshare.c.7158337.v1;Palacký University, Olomouc;Palacký University, Olomouc;St George's, University of London;p;"";""
10.48580/dgs4f;PELC;P.E.L.C. - Private Entomological Laboratory and Collection;Division of Invertebrate Zoology, American Museum of Natural History;pp;"";""
10.6084/m9.figshare.c.6004076.v1;Fakultní Nemocnice Plzeň;Fakultní Nemocnice Plzeň;Queen Mary University of London;p;"";""
10.6084/m9.figshare.c.6577006.v1;Jan Evangelista Purkyně University in Ústí nad Labem;Jan Evangelista Purkyně University in Ústí nad Labem;Witten/Herdecke University;p;"";""
10.48580/dgs4f;PELC;P.E.L.C. - Private Entomological Laboratory and Collection;Entomology, Staatliches Museum für Naturkunde Stuttgart;pp;"";""
10.6084/m9.figshare.c.6926742.v1;FNUSA-ICRC;International Clinical Research Center of St. Anne's University Hospital Brno;Mouse Clinical Insitute;p;"";""
10.48580/dgsv8;PELC;P.E.L.C. - Private Entomological Laboratory and Collection;The Natural History Museum;pp;"";""
10.6084/m9.figshare.c.6958017.v1;CEITEC ;Central European Institute of Technology;Masaryk University;p;"";""
10.6084/m9.figshare.c.7264690.v1;CEITEC MU;Central European Institute of Technology – Masaryk University;;p;"";""
10.48580/dgtg4;PELC;P.E.L.C. - Private Entomological Laboratory and Collection;;pp;"";""
10.15468/m97sd2;PELC;P.E.L.C. - Private Entomological Laboratory and Collection;;pp;"";""
10.48580/dgs4f;PELC;P.E.L.C. - Private Entomological Laboratory and Collection;;pp;"";""
10.15468/m97sd2;PELC;P.E.L.C. - Private Entomological Laboratory and Collection;;pp;"";""
10.6084/m9.figshare.c.7801480.v1;CEITEC MU;Central European Institute of Technology – Masaryk University;Medical University of Vienna;p;"";""
10.48580/dgs4f;PELC;P.E.L.C. - Private Entomological Laboratory and Collection;Institute of Biodiversity and Ecosystem Research, Bulgarian Academy of Sciences, 2 Gagarin Str.;pp;"";""
10.6084/m9.figshare.c.7953063.v1;FNUSA;St. Anne´s University Hospital;;p;"";""
10.48580/dgt98;PELC;P.E.L.C. - Private Entomological Laboratory and Collection;;pp;"";""
10.6084/m9.figshare.c.7075282.v1;University Hospital in Motol;University Hospital in Motol;;p;"";""
10.57760/sciencedb.ecodb.00170;CULS;Czech University of Life Sciences Prague;Western Sydney University;p;"";""
10.48580/dgt98;PELC;P.E.L.C. - Private Entomological Laboratory and Collection;;pp;"";""
10.6084/m9.figshare.c.7658291.v1;University Hospital Brno;University Hospital Brno;Masaryk University;p;"";""
10.6084/m9.figshare.c.6787807.v1;Palacký University, Olomouc;Palacký University, Olomouc;University of Amsterdam;p;"";""
10.6084/m9.figshare.c.6926742.v1;FNUSA;St. Anne´s University Hospital;Freie Universität Berlin;p;"";""
10.48580/dgs4f;PELC;P.E.L.C. - Private Entomological Laboratory and Collection;Universidad Nacional de Colombia;pp;"";""
10.48580/dgtg4;PELC;P.E.L.C. - Private Entomological Laboratory and Collection;;pp;"";""
10.6084/m9.figshare.c.6629419.v1;Fakultní Nemocnice Plzeň;Fakultní Nemocnice Plzeň;;p;"";""
10.6084/m9.figshare.c.6872952.v1;CULS;Czech University of Life Sciences Prague;Institute of Vertebrate Biology;p;"";""
10.48580/dgtg4;PELC;P.E.L.C. - Private Entomological Laboratory and Collection;Institut National de la Recherche Agronomique, Zoologie Forestière, Centre de recherche d’Orléans;pp;"";""
10.48580/dgtg4;PELC;P.E.L.C. - Private Entomological Laboratory and Collection;;pp;"";""
10.15468/m97sd2;PELC;P.E.L.C. - Private Entomological Laboratory and Collection;;pp;"";""
10.5281/zenodo.8375552;CULS;Czech University of Life Sciences Prague;University of Vigo;p;"";""
10.5281/zenodo.7390416;SZU;National Institute of Public Health;Veterinary Office, Bosnia and Herzegovina;p;"";""
10.48580/dgtg4;PELC;P.E.L.C. - Private Entomological Laboratory and Collection;Marine Invertebrates, Australian Museum;pp;"";""
10.48580/dgsv8;PELC;P.E.L.C. - Private Entomological Laboratory and Collection;;pp;"";""
10.6084/m9.figshare.c.6872952.v1;Palacký University, Olomouc;Palacký University, Olomouc;Mendel University in Brno;p;"";""
10.48580/dgtg4;PELC;P.E.L.C. - Private Entomological Laboratory and Collection;Natural History Museum of Denmark, University of Copenhagen;pp;p;""
10.6084/m9.figshare.c.7232063.v1;University Hospital Hradec Králové;University Hospital Hradec Králové;University of Hradec Králové;p;"";""
10.48580/dgt98;PELC;P.E.L.C. - Private Entomological Laboratory and Collection;;pp;"";""
10.7910/dvn/e8pzbl;Palacký University, Olomouc;Palacký University, Olomouc;University of Manchester;p;"";""
10.6084/m9.figshare.c.6683881.v1;FNUSA-ICRC;International Clinical Research Center of St. Anne's University Hospital Brno;Masaryk University;p;"";""
10.48580/dgs4f;PELC;P.E.L.C. - Private Entomological Laboratory and Collection;Smithsonian Institution;pp;"";""
10.6084/m9.figshare.c.7295760.v1;NCA CR;Nature Conservation Agency of the Czech Republic;Masaryk University;p;"";""
10.5281/zenodo.7415164;CRI;Crop Research Institute;University of Hohenheim;p;"";""
10.48580/dgt98;PELC;P.E.L.C. - Private Entomological Laboratory and Collection;BrachNet;pp;"";""
10.48580/dgtg4;PELC;P.E.L.C. - Private Entomological Laboratory and Collection;RSPB, c/o Royal Botanic Gardens, Kew;pp;p;""
10.5281/zenodo.14882506;Palacký University, Olomouc;Palacký University, Olomouc;Newcastle University;p;"";""
10.48580/dgt98;PELC;P.E.L.C. - Private Entomological Laboratory and Collection;;pp;"";""
10.15468/m97sd2;PELC;P.E.L.C. - Private Entomological Laboratory and Collection;;pp;"";""
10.48580/dgt98;PELC;P.E.L.C. - Private Entomological Laboratory and Collection;;pp;"";""
10.15468/m97sd2;PELC;P.E.L.C. - Private Entomological Laboratory and Collection;Royal Belgian Institute of Natural Sciences;pp;"";""
10.6084/m9.figshare.c.6319614.v1;ČVUT;Czech Technical University in Prague;Charles University;p;"";""
10.48580/dgs4f;PELC;P.E.L.C. - Private Entomological Laboratory and Collection;Slater Museum, University of Puget Sound;pp;p;""
10.6084/m9.figshare.c.6937165.v1;CULS;Czech University of Life Sciences Prague;Czech Academy of Sciences;p;"";""
10.6084/m9.figshare.c.6787450.v1;CEITEC MU;Central European Institute of Technology – Masaryk University;Center For Biomarker Research In Medicine;p;"";""
10.6084/m9.figshare.c.7049258.v1;Biopticka Laborator (Czechia);Biopticka Laborator (Czechia);Charles University;p;"";""
10.5281/zenodo.15681034;CULS;Czech University of Life Sciences Prague;;p;"";""
10.15468/m97sd2;PELC;P.E.L.C. - Private Entomological Laboratory and Collection;;pp;"";""
10.48580/dgtg4;PELC;P.E.L.C. - Private Entomological Laboratory and Collection;;pp;"";""
10.5281/zenodo.7415164;CRI;Crop Research Institute;University of Hohenheim;p;"";""
10.6084/m9.figshare.c.7196998.v1;University Hospital Hradec Králové;University Hospital Hradec Králové;Charles University;p;"";""
10.15468/m97sd2;PELC;P.E.L.C. - Private Entomological Laboratory and Collection;;pp;"";""
10.6084/m9.figshare.c.6768681.v1;University Hospital Brno;University Hospital Brno;Masaryk University;p;"";""
10.48580/dgs4f;PELC;P.E.L.C. - Private Entomological Laboratory and Collection;Biodiversity Knowledge Integration Center, Arizona State University;pp;"";""
10.6084/m9.figshare.c.6222987.v1;University Hospital in Motol;University Hospital in Motol;Nemocnice Na Bulovce;p;"";""
10.6084/m9.figshare.c.7372004.v1;FNUSA;St. Anne´s University Hospital;Masaryk University;p;"";""
10.48580/dgtg4;PELC;P.E.L.C. - Private Entomological Laboratory and Collection;Agriculture and Agri-Food Canada;pp;"";""
10.5281/zenodo.10888833;Palacký University, Olomouc;Palacký University, Olomouc;;p;"";""
10.5281/zenodo.10680436;CULS;Czech University of Life Sciences Prague;Council for Agricultural Research and Economics;p;"";""
10.6084/m9.figshare.c.7953063.v1;FNUSA-ICRC;International Clinical Research Center of St. Anne's University Hospital Brno;University of Turin;p;"";""
10.5281/zenodo.5256068;CULS;Czech University of Life Sciences Prague;ICAR- Indian Institute of Millets Research;p;"";""
10.6084/m9.figshare.c.7040196.v1;FNUSA-ICRC;International Clinical Research Center of St. Anne's University Hospital Brno;University of Ljubljana;p;"";""
10.48580/dgsv8;PELC;P.E.L.C. - Private Entomological Laboratory and Collection;Nortern Arizona University;pp;"";""
10.5281/zenodo.15154495;University Hospital Hradec Králové;University Hospital Hradec Králové;;p;"";""
10.6084/m9.figshare.c.6225449.v1;Palacký University, Olomouc;Palacký University, Olomouc;Brock University;p;"";""
10.15468/m97sd2;PELC;P.E.L.C. - Private Entomological Laboratory and Collection;Royal Botanic Gardens;pp;"";""
10.48580/dgs4f;PELC;P.E.L.C. - Private Entomological Laboratory and Collection;Department of Evolution, Ecology and Organismal Biology, Ohio State University;pp;p;""
10.48580/dgtg4;PELC;P.E.L.C. - Private Entomological Laboratory and Collection;Real Jardín Botánico de Madrid, CSIC;pp;"";""
10.6084/m9.figshare.c.7801480.v1;CEITEC ;Central European Institute of Technology;University of Cambridge;p;"";""
10.6084/m9.figshare.c.7307956.v1;Fakultní Nemocnice Plzeň;Fakultní Nemocnice Plzeň;Charles University;p;"";""
10.48580/dgtg4;PELC;P.E.L.C. - Private Entomological Laboratory and Collection;Federal Environment Agency Ltd, Biodiversity and Nature Conservation;pp;"";""
10.6084/m9.figshare.c.7649648.v1;FNUSA;St. Anne´s University Hospital;Masaryk University;p;"";""
10.5281/zenodo.7390416;SZU;National Institute of Public Health;Icelandic Food and Veterinary Authority, Iceland;p;"";""
10.5281/zenodo.7415164;CRI;Crop Research Institute;(CDE, University of Bern);p;"";""
10.6084/m9.figshare.c.7149681.v1;VFN;General University Hospital in Prague;Charles University;pp;"";""
10.14278/rodare.1330;FZU;Institute of Physics;;p;"";""
10.6084/m9.figshare.c.6787450.v1;CEITEC MU;Central European Institute of Technology – Masaryk University;Queen's University Belfast;p;"";""
10.6084/m9.figshare.c.6317120.v1;VFN;General University Hospital in Prague;Karolinska University Hospital;pp;p;""
10.6084/m9.figshare.c.6579350.v1;CULS;Czech University of Life Sciences Prague;Virginia Tech;p;"";""
10.6084/m9.figshare.c.5968594.v1;CULS;Czech University of Life Sciences Prague;University of St Andrews;p;"";""
10.5281/zenodo.10680436;Jan Evangelista Purkyně University in Ústí nad Labem;Jan Evangelista Purkyně University in Ústí nad Labem;Research Centre for Forestry and Wood, Council for Agricultural Research and Economics (CREA);p;"";""
10.6084/m9.figshare.c.6787408.v1;VFU;University of Veterinary and Pharmaceutical Sciences;;p;"";""
10.5281/zenodo.10680436;CULS;Czech University of Life Sciences Prague;German Centre for Integrative Biodiversity Research (iDiv);p;"";""
10.15468/m97sd2;PELC;P.E.L.C. - Private Entomological Laboratory and Collection;;pp;"";""
10.5281/zenodo.15681034;CULS;Czech University of Life Sciences Prague;;p;"";""
10.5281/zenodo.6382216;CULS;Czech University of Life Sciences Prague;Aristotle University of Thessaloniki;p;"";""
10.48580/dgs4f;PELC;P.E.L.C. - Private Entomological Laboratory and Collection;Naturalis Biodiversity Center;pp;"";""
10.6084/m9.figshare.c.6629419.v1;University Hospital Hradec Králové;University Hospital Hradec Králové;;p;"";""
10.6084/m9.figshare.c.7953063.v1;FNUSA;St. Anne´s University Hospital;Vall d'Hebron Institut de Recerca;p;"";""
10.15468/m97sd2;PELC;P.E.L.C. - Private Entomological Laboratory and Collection;;pp;"";""
10.48580/dgs4f;PELC;P.E.L.C. - Private Entomological Laboratory and Collection;;pp;"";""
10.15468/m97sd2;PELC;P.E.L.C. - Private Entomological Laboratory and Collection;;pp;"";""
10.5281/zenodo.17162242;CULS;Czech University of Life Sciences Prague;Czech	University	 of Life Sciences;p;"";""
10.48580/dgtg4;PELC;P.E.L.C. - Private Entomological Laboratory and Collection;WWF;pp;"";""
10.5281/zenodo.10888833;Palacký University, Olomouc;Palacký University, Olomouc;Norwegian University of Science and Technology;p;"";""
10.48580/dgsv8;PELC;P.E.L.C. - Private Entomological Laboratory and Collection;;pp;"";""
10.5281/zenodo.10888833;Palacký University, Olomouc;Palacký University, Olomouc;;p;"";""
10.6084/m9.figshare.c.6787807.v1;University Hospital Olomouc;University Hospital Olomouc;Charles University;p;"";""
10.5281/zenodo.4603685;Jan Evangelista Purkyně University in Ústí nad Labem;Jan Evangelista Purkyně University in Ústí nad Labem;Forest Research;p;"";""
10.5281/zenodo.15792089;CULS;Czech University of Life Sciences Prague;Agricultural Centre Baden-Württemberg, Wildlife Research Unit, Aulendorf, Germany;p;"";""
10.6084/m9.figshare.c.6018502.v1;CULS;Czech University of Life Sciences Prague;Kangwon National University;p;"";""
10.48580/dgtg4;PELC;P.E.L.C. - Private Entomological Laboratory and Collection;;pp;"";""
10.5281/zenodo.16894917;CULS;Czech University of Life Sciences Prague;University of Bonn;p;"";""
10.48580/dgt98;PELC;P.E.L.C. - Private Entomological Laboratory and Collection;;pp;"";""
10.48580/dgtg4;PELC;P.E.L.C. - Private Entomological Laboratory and Collection;Department of Ecology, Systematics and Evolution, The Institute of Life Sciences, The Hebrew University of Jerusalem;pp;p;""
10.48580/dgtg4;PELC;P.E.L.C. - Private Entomological Laboratory and Collection;;pp;"";""
10.48580/dgtg4;PELC;P.E.L.C. - Private Entomological Laboratory and Collection;;pp;"";""
10.5281/zenodo.10888833;Palacký University, Olomouc;Palacký University, Olomouc;;p;"";""
10.48580/dgs4f;PELC;P.E.L.C. - Private Entomological Laboratory and Collection;CONABIO;pp;"";""
10.6084/m9.figshare.c.6728458.v1;University Hospital Brno;University Hospital Brno;Masaryk University;p;"";""
10.48580/dgsv8;PELC;P.E.L.C. - Private Entomological Laboratory and Collection;;pp;"";""
10.15468/m97sd2;PELC;P.E.L.C. - Private Entomological Laboratory and Collection;Lyon College;pp;"";""
10.6084/m9.figshare.c.6683881.v1;FNUSA-ICRC;International Clinical Research Center of St. Anne's University Hospital Brno;Masaryk University;p;"";""
10.6084/m9.figshare.c.5923208.v1;CEITEC ;Central European Institute of Technology;Medical University of Vienna;p;"";""
10.18419/darus-4117/15;CULS;Czech University of Life Sciences Prague;Coll Coll;p;"";""
10.15468/m97sd2;PELC;P.E.L.C. - Private Entomological Laboratory and Collection;Florida Museum of Natural History, University of Florida;pp;"";""
10.48580/dgt98;PELC;P.E.L.C. - Private Entomological Laboratory and Collection;;pp;"";""
10.48580/dgtg4;PELC;P.E.L.C. - Private Entomological Laboratory and Collection;;pp;"";""
10.5281/zenodo.10888833;Palacký University, Olomouc;Palacký University, Olomouc;;p;"";""
10.6084/m9.figshare.19915375.v1;CULS;Czech University of Life Sciences Prague;Okinawa Institute of Science and Technology;p;"";""
10.6084/m9.figshare.c.6714654.v1;CULS;Czech University of Life Sciences Prague;Mendel University in Brno;p;"";""
10.6084/m9.figshare.c.7095033.v1;CRI;Crop Research Institute;Guizhou Normal University;p;"";""
10.48580/dgs4f;PELC;P.E.L.C. - Private Entomological Laboratory and Collection;University of Auckland;pp;"";""
10.15468/m97sd2;PELC;P.E.L.C. - Private Entomological Laboratory and Collection;;pp;"";""
10.48580/dgsv8;PELC;P.E.L.C. - Private Entomological Laboratory and Collection;;pp;"";""
10.48580/dgs4f;PELC;P.E.L.C. - Private Entomological Laboratory and Collection;;pp;"";""
10.60534/46qra-6bw98;Center for Advanced Preclinical Imaging (CAPI);Center for Advanced Preclinical Imaging (CAPI);"Université de Lorraine, UMR 1136 Université de Lorraine/INRAE Interactions Arbres Microorganismes (IAM);Heinrich-Heine-Universität Düsseldorf, Institute for Molecular Physiology;University of Liège, Integrative Biological Sciences (InBioS);Université catholique de Louvain, Louvain Institute of Biomolecular Science and Technology (LIBST);CNRS Délégation Ile-de-France Sud, Institut des Sciences du Végétal (ISV)";pp;p;""
10.15468/m97sd2;PELC;P.E.L.C. - Private Entomological Laboratory and Collection;;pp;"";""
10.48580/dgs4f;PELC;P.E.L.C. - Private Entomological Laboratory and Collection;Grupo de Entomología , Universidad de Antioquia;pp;p;""
10.48580/dgs4f;PELC;P.E.L.C. - Private Entomological Laboratory and Collection;;pp;"";""
10.6084/m9.figshare.c.6580484.v1;CULS;Czech University of Life Sciences Prague;Mekelle University;p;"";""
10.48580/dgtg4;PELC;P.E.L.C. - Private Entomological Laboratory and Collection;;pp;"";""
10.15468/m97sd2;PELC;P.E.L.C. - Private Entomological Laboratory and Collection;;pp;"";""
10.5281/zenodo.10888833;Palacký University, Olomouc;Palacký University, Olomouc;;p;"";""
10.6084/m9.figshare.c.7226433.v1;Palacký University, Olomouc;Palacký University, Olomouc;Rothamsted Research;p;"";""
10.6084/m9.figshare.c.7649648.v1;University Hospital Brno;University Hospital Brno;Masaryk University;p;"";""
10.6084/m9.figshare.c.7075282.v1;University Hospital in Motol;University Hospital in Motol;Erasmus MC;p;"";""
10.15468/m97sd2;PELC;P.E.L.C. - Private Entomological Laboratory and Collection;;pp;"";""
10.5281/zenodo.4551727;SZU;National Institute of Public Health;Icelandic Food and Veterinary Authority, Iceland;p;"";""
10.48580/dgsv8;PELC;P.E.L.C. - Private Entomological Laboratory and Collection;;pp;"";""
10.6084/m9.figshare.c.7940448.v1;CULS;Czech University of Life Sciences Prague;;p;"";""
10.48580/dgtg4;PELC;P.E.L.C. - Private Entomological Laboratory and Collection;Jardim Botânico, Museu Nacional de História Natural, Universidade de Lisboa;pp;"";""
10.18419/darus-4117/16;ČVUT;Czech Technical University in Prague;Czech University of Life Sciences;p;"";""
10.48580/dgsv8;PELC;P.E.L.C. - Private Entomological Laboratory and Collection;;pp;"";""
10.5281/zenodo.10680436;CULS;Czech University of Life Sciences Prague;Research Institute for Nature and Forest (INBO);p;"";""
10.6084/m9.figshare.c.6683881.v1;FNUSA;St. Anne´s University Hospital;Masaryk University;p;"";""
10.48580/dgs4f;PELC;P.E.L.C. - Private Entomological Laboratory and Collection;;pp;"";""
10.6084/m9.figshare.c.7953063.v1;FNUSA-ICRC;International Clinical Research Center of St. Anne's University Hospital Brno;;p;"";""
10.48580/dgsv8;PELC;P.E.L.C. - Private Entomological Laboratory and Collection;;pp;"";""
10.6084/m9.figshare.c.7040196.v1;FNUSA-ICRC;International Clinical Research Center of St. Anne's University Hospital Brno;University of Vienna;p;"";""
10.48580/dgsv8;PELC;P.E.L.C. - Private Entomological Laboratory and Collection;;pp;"";""
10.5285/3b077711-f183-42f1-bac6-c892922c81f4;CULS;Czech University of Life Sciences Prague;University of Freiburg;p;"";""
10.14473/csda/nyxqpt;Institute of Philosophy;Institute of Philosophy;(Tel Aviv University);pp;"";""
10.48580/dgtg4;PELC;P.E.L.C. - Private Entomological Laboratory and Collection;;pp;"";""
10.6084/m9.figshare.c.6783058.v1;CULS;Czech University of Life Sciences Prague;Hellenic Air Force;p;"";""
10.18419/darus-4117/7;CULS;Czech University of Life Sciences Prague;University of Novi Sad;p;"";""
10.5061/dryad.wh70rxwnv;Institute of Parasitology;Institute of Parasitology;Oncode Institute;p;"";""
10.48580/dgt98;PELC;P.E.L.C. - Private Entomological Laboratory and Collection;Nortern Arizona University;pp;"";""
10.48580/dgs4f;PELC;P.E.L.C. - Private Entomological Laboratory and Collection;Universidade Federal do Paraná;pp;p;""
10.6084/m9.figshare.c.7726012.v1;Palacký University, Olomouc;Palacký University, Olomouc;University of Oslo;p;"";""
10.6084/m9.figshare.c.6787807.v1;University Hospital Olomouc;University Hospital Olomouc;University of Amsterdam;p;"";""
10.6084/m9.figshare.20341680.v1;University Hospital Brno;University Hospital Brno;Masaryk University;p;"";""
10.5281/zenodo.7415164;CRI;Crop Research Institute;University of Hohenheim;p;"";""
10.6084/m9.figshare.c.7640687.v1;ČVUT;Czech Technical University in Prague;Institute of Haematology and Blood Transfusion;p;"";""
10.5281/zenodo.10680436;CULS;Czech University of Life Sciences Prague;Norwegian Institute for Nature Research (NINA);p;"";""
10.6084/m9.figshare.c.6962539.v1;Palacký University, Olomouc;Palacký University, Olomouc;Revmatologický Ústav;p;"";""
10.48580/dgsv8;PELC;P.E.L.C. - Private Entomological Laboratory and Collection;;pp;"";""
10.6084/m9.figshare.c.7220407.v1;Palacký University, Olomouc;Palacký University, Olomouc;Institute of Biotechnology;p;"";""
10.6084/m9.figshare.c.6937165.v1;CULS;Czech University of Life Sciences Prague;Aarhus University;p;"";""
10.5061/dryad.vmcvdncsz;IEB;Institute of Experimental Botany;Voronezh State University;p;"";""
10.6084/m9.figshare.c.7372004.v1;FNUSA;St. Anne´s University Hospital;Masaryk University;p;"";""
10.6084/m9.figshare.c.7226433.v1;Palacký University, Olomouc;Palacký University, Olomouc;Rothamsted Research;p;"";""
10.48580/dgtg4;PELC;P.E.L.C. - Private Entomological Laboratory and Collection;;pp;"";""
10.5281/zenodo.15681034;CULS;Czech University of Life Sciences Prague;Technical University of Zvolen;p;"";""
10.5281/zenodo.15681034;CULS;Czech University of Life Sciences Prague;;p;"";""
10.48580/dgtg4;PELC;P.E.L.C. - Private Entomological Laboratory and Collection;Senckenberg Deutsches Entomologisches Institut / Butterfly Conservation Europe (BCE);pp;p;""
10.18419/darus-4117/12;ČVUT;Czech Technical University in Prague;Universität Stuttgart;p;"";""
10.6084/m9.figshare.c.7220407.v1;Palacký University, Olomouc;Palacký University, Olomouc;Institute of Biotechnology;p;"";""
10.48580/dgt98;PELC;P.E.L.C. - Private Entomological Laboratory and Collection;;pp;"";""
10.48580/dgtg4;PELC;P.E.L.C. - Private Entomological Laboratory and Collection;International Union for Conservation of Nature;pp;"";""
10.6084/m9.figshare.c.6872952.v1;Palacký University, Olomouc;Palacký University, Olomouc;Masaryk University;p;"";""
10.14473/csda/9alxny;Institute of Philosophy;Institute of Philosophy;(Tel-Hai College, University of Haifa);pp;"";""
10.15454/knecms/w6jdni;VŠÚO;Research and Breeding Institute of Pomology Holovousy;(INRAE, IRHS);p;"";""
10.6084/m9.figshare.c.7615430.v1;VFN;General University Hospital in Prague;Rigshospitalet;pp;p;""
10.48580/dgtg4;PELC;P.E.L.C. - Private Entomological Laboratory and Collection;Universidad Nacional de Avellaneda;pp;"";""
10.48580/dgs4f;PELC;P.E.L.C. - Private Entomological Laboratory and Collection;;pp;"";""
10.48580/dgtg4;PELC;P.E.L.C. - Private Entomological Laboratory and Collection;;pp;"";""
10.6084/m9.figshare.c.7017686.v1;VFN;General University Hospital in Prague;University of Oslo;pp;"";""
10.18419/darus-4117/9;ČVUT;Czech Technical University in Prague;Czech University of Life Sciences;p;"";""
10.48580/dgt98;PELC;P.E.L.C. - Private Entomological Laboratory and Collection;;pp;"";""
10.5281/zenodo.7002917;J. Heyrovsky Institute of Physical Chemistry;J. Heyrovsky Institute of Physical Chemistry;NCCR Catalysis, University of Bern;p;"";""
10.15468/m97sd2;PELC;P.E.L.C. - Private Entomological Laboratory and Collection;;pp;"";""
10.5281/zenodo.15739421;University Hospital Brno;University Hospital Brno;Skolkovo Institute of Science and Technology, Moscow, Russia;p;"";""
10.48580/dgt98;PELC;P.E.L.C. - Private Entomological Laboratory and Collection;;pp;"";""
10.15468/m97sd2;PELC;P.E.L.C. - Private Entomological Laboratory and Collection;;pp;"";""
10.6084/m9.figshare.c.6317120.v1;VFN;General University Hospital in Prague;Massachusetts General Hospital;pp;p;""
10.57760/sciencedb.ecodb.00170;CULS;Czech University of Life Sciences Prague;Macquarie University;p;"";""
10.6084/m9.figshare.c.6853696.v1;CULS;Czech University of Life Sciences Prague;University of Helsinki;p;"";""
10.48580/dgs4f;PELC;P.E.L.C. - Private Entomological Laboratory and Collection;;pp;"";""
10.6084/m9.figshare.c.6585379.v1;University Hospital Brno;University Hospital Brno;University of Lille;p;"";""
10.48580/dgsv8;PELC;P.E.L.C. - Private Entomological Laboratory and Collection;;pp;"";""
10.6084/m9.figshare.19586869.v1;ČVUT;Czech Technical University in Prague;Institute of Molecular Genetics;p;"";""
10.6084/m9.figshare.c.6787450.v1;CEITEC ;Central European Institute of Technology;Medical University of Vienna;p;"";""
10.15468/m97sd2;PELC;P.E.L.C. - Private Entomological Laboratory and Collection;;pp;"";""
10.6084/m9.figshare.c.7595338.v1;VFU;University of Veterinary and Pharmaceutical Sciences;University of Ostrava;p;"";""
10.6084/m9.figshare.c.7476213.v1;ČVUT;Czech Technical University in Prague;Charles University;p;"";""
10.5281/zenodo.10680436;Jan Evangelista Purkyně University in Ústí nad Labem;Jan Evangelista Purkyně University in Ústí nad Labem;CNR- IREA, Institute for Electromagnetic Sensing of the Environment;p;"";""
10.48580/dgt98;PELC;P.E.L.C. - Private Entomological Laboratory and Collection;;pp;"";""
10.5281/zenodo.10572480;CULS;Czech University of Life Sciences Prague;Agricultural University of Iceland, Árleyni 22, 112 Reykjavik, Iceland;p;"";""
10.48580/dgtg4;PELC;P.E.L.C. - Private Entomological Laboratory and Collection;Invertebrados, Museu Nacional/UFRJ;pp;"";""
10.14473/csda/nyxqpt/hckaho;Institute of Philosophy;Institute of Philosophy;(Vilnius University, Lithuania);pp;"";""
10.5281/zenodo.10680436;CULS;Czech University of Life Sciences Prague;University of Reading;p;"";""
10.6084/m9.figshare.c.7079010.v1;IAB;Institute of Applied Biotechnologies (Czechia);;pp;"";""
10.48580/dgs4f;PELC;P.E.L.C. - Private Entomological Laboratory and Collection;LIBRe – Laboratory for Integrative Biodiversity Research, Finnish Museum of Natural History Luomus, University of Helsinki;pp;"";""
10.48580/dgtg4;PELC;P.E.L.C. - Private Entomological Laboratory and Collection;Universidade da Madeira, Dep. Biologia/CEM;pp;p;""
10.5281/zenodo.4726030;NPI;Nuclear Physics Institute;National Centre for Nuclear Research;p;"";""
10.6084/m9.figshare.c.7740082.v1;FNUSA;St. Anne´s University Hospital;Foundation for Research on Information Technologies in Society;p;"";""
10.48580/dgtg4;PELC;P.E.L.C. - Private Entomological Laboratory and Collection;;pp;"";""
10.6084/m9.figshare.c.6926742.v1;FNUSA;St. Anne´s University Hospital;University of Ljubljana;p;"";""
10.6084/m9.figshare.19470467.v1;CEITEC MU;Central European Institute of Technology – Masaryk University;Medical University of Vienna;p;"";""
10.15468/m97sd2;PELC;P.E.L.C. - Private Entomological Laboratory and Collection;;pp;"";""
10.6084/m9.figshare.c.6146679.v1;Biopticka Laborator (Czechia);Biopticka Laborator (Czechia);Charles University;p;"";""
10.6084/m9.figshare.c.7905949.v1;University Hospital Ostrava;University Hospital Ostrava;University of Ostrava;p;"";""
10.6084/m9.figshare.c.6615102.v1;VFN;General University Hospital in Prague;University Hospital Bratislava;pp;p;""
10.6084/m9.figshare.c.6926742.v1;FNUSA;St. Anne´s University Hospital;Instytut Biologii Doświadczalnej im. Marcelego Nenckiego;p;"";""
10.48580/dgs4f;PELC;P.E.L.C. - Private Entomological Laboratory and Collection;;pp;"";""
10.48580/dgs4f;PELC;P.E.L.C. - Private Entomological Laboratory and Collection;;pp;"";""
10.6084/m9.figshare.c.6830133.v1;University Hospital Ostrava;University Hospital Ostrava;Czech Academy of Sciences;p;"";""
10.48580/dgs4f;PELC;P.E.L.C. - Private Entomological Laboratory and Collection;Universidade Federal Rural de Pernambuco;pp;p;""
10.15468/t53vdw;Palacký University, Olomouc;Palacký University, Olomouc;University of Warsaw;p;"";""
10.48580/dgsv8;PELC;P.E.L.C. - Private Entomological Laboratory and Collection;;pp;"";""
10.5281/zenodo.10949371;Institute of Experimental Medicine;Institute of Experimental Medicine;;p;"";""
10.15468/m97sd2;PELC;P.E.L.C. - Private Entomological Laboratory and Collection;;pp;"";""
10.48580/dgtg4;PELC;P.E.L.C. - Private Entomological Laboratory and Collection;;pp;"";""
10.5281/zenodo.5711706;CULS;Czech University of Life Sciences Prague;University of Innsbruck;p;"";""
10.48580/dgt98;PELC;P.E.L.C. - Private Entomological Laboratory and Collection;;pp;"";""
10.5281/zenodo.6637599;CULS;Czech University of Life Sciences Prague;Faculty of Desert Studies Semnan University, Semnan, Iran;p;"";""
10.48580/dgs4f;PELC;P.E.L.C. - Private Entomological Laboratory and Collection;;pp;"";""
10.6084/m9.figshare.c.6683881.v1;FNUSA-ICRC;International Clinical Research Center of St. Anne's University Hospital Brno;Masaryk University;p;"";""
10.48580/dgtg4;PELC;P.E.L.C. - Private Entomological Laboratory and Collection;;pp;"";""
10.6084/m9.figshare.c.7760601.v1;CULS;Czech University of Life Sciences Prague;Slovak University of Agriculture;p;"";""
10.48580/dgtg4;PELC;P.E.L.C. - Private Entomological Laboratory and Collection;;pp;"";""
10.5281/zenodo.7977693;CULS;Czech University of Life Sciences Prague;Czech University of Life Sciences;p;"";""
10.14473/csda/9alxny/rm7gk2;Institute of Philosophy;Institute of Philosophy;(Tel Aviv University);pp;"";""
10.15468/m97sd2;PELC;P.E.L.C. - Private Entomological Laboratory and Collection;;pp;"";""
10.15468/m97sd2;PELC;P.E.L.C. - Private Entomological Laboratory and Collection;;pp;"";""
10.5281/zenodo.10680436;CULS;Czech University of Life Sciences Prague;Laboratoire d'Ecogeochimie des Environnements Benthiques, LECOB, Observatoire Océanologique de Banyuls sur Mer Centre National de la Recherche Scientifique (CNRS)-Sorbonne Université;p;"";""
10.5281/zenodo.15681034;CULS;Czech University of Life Sciences Prague;UCLM;p;"";""
10.48580/dgsv8;PELC;P.E.L.C. - Private Entomological Laboratory and Collection;Missouri Botanical Garden;pp;"";""
10.6084/m9.figshare.c.7264690.v1;CEITEC MU;Central European Institute of Technology – Masaryk University;Masaryk University;p;"";""
10.48580/dgtg4;PELC;P.E.L.C. - Private Entomological Laboratory and Collection;EIS Kenniscentrum insecten en andere ongewervelden;pp;"";""
10.6084/m9.figshare.c.6787807.v1;University Hospital Olomouc;University Hospital Olomouc;Lithuanian University of Health Sciences;p;"";""
10.18419/darus-4117/5;ČVUT;Czech Technical University in Prague;Coll Coll;p;"";""
10.15468/m97sd2;PELC;P.E.L.C. - Private Entomological Laboratory and Collection;;pp;"";""
10.6084/m9.figshare.c.7649648.v1;FNUSA-ICRC;International Clinical Research Center of St. Anne's University Hospital Brno;Masaryk University;p;"";""
10.48580/dgt98;PELC;P.E.L.C. - Private Entomological Laboratory and Collection;GBIF;pp;"";""
10.48580/dgtg4;PELC;P.E.L.C. - Private Entomological Laboratory and Collection;;pp;"";""
10.14473/csda/9alxny;Institute of Philosophy;Institute of Philosophy;(Tel Aviv University);pp;"";""
10.48580/dgtg4;PELC;P.E.L.C. - Private Entomological Laboratory and Collection;Natural History Museum;pp;"";""
10.6084/m9.figshare.19518443.v1;CULS;Czech University of Life Sciences Prague;Institute of Botany;p;"";""
10.48580/dgs4f;PELC;P.E.L.C. - Private Entomological Laboratory and Collection;Agriculture And Agri-Food Canada;pp;"";""
10.6084/m9.figshare.c.7649648.v1;FNUSA;St. Anne´s University Hospital;Masaryk University;p;"";""
10.6084/m9.figshare.c.6787450.v1;CEITEC ;Central European Institute of Technology;University of Veterinary Medicine Vienna;p;"";""
10.15468/m97sd2;PELC;P.E.L.C. - Private Entomological Laboratory and Collection;;pp;"";""
10.48580/dgs4f;PELC;P.E.L.C. - Private Entomological Laboratory and Collection;;pp;"";""
10.15468/t53vdw;Palacký University, Olomouc;Palacký University, Olomouc;Charles University;p;"";""
10.6084/m9.figshare.c.6317120.v1;VFN;General University Hospital in Prague;UMIT - Private Universität für Gesundheitswissenschaften, Medizinische Informatik und Technik;pp;p;""
10.6084/m9.figshare.c.6629419.v1;Hospital Jihlava;Hospital Jihlava;;p;"";""
10.6084/m9.figshare.c.6926742.v1;FNUSA;St. Anne´s University Hospital;National Research Council;p;"";""
10.48580/dgt98;PELC;P.E.L.C. - Private Entomological Laboratory and Collection;;pp;"";""
10.6084/m9.figshare.c.5923208.v1;CEITEC ;Central European Institute of Technology;University of Veterinary Medicine Vienna;p;"";""
10.48580/dgt98;PELC;P.E.L.C. - Private Entomological Laboratory and Collection;;pp;"";""
10.6084/m9.figshare.c.7563934.v1;Palacký University, Olomouc;Palacký University, Olomouc;University of Valencia;p;"";""
10.48580/dgsv8;PELC;P.E.L.C. - Private Entomological Laboratory and Collection;;pp;"";""
10.15468/m97sd2;PELC;P.E.L.C. - Private Entomological Laboratory and Collection;;pp;"";""
10.48580/dgsv8;PELC;P.E.L.C. - Private Entomological Laboratory and Collection;;pp;"";""
10.18419/darus-4117/16;CULS;Czech University of Life Sciences Prague;Universität Stuttgart;p;"";""
10.5281/zenodo.8287792;CULS;Czech University of Life Sciences Prague;Norwegian Institute of Bioeconomy Research (NIBIO), Høgskoleveien 8, 1430 Ås Norway;p;"";""
10.6084/m9.figshare.c.7740082.v1;FNUSA;St. Anne´s University Hospital;Foundation for Research on Information Technologies in Society;p;"";""
10.6084/m9.figshare.c.7953063.v1;FNUSA;St. Anne´s University Hospital;Barts Health NHS Trust;p;"";""
10.6084/m9.figshare.c.6780806.v1;FNUSA-ICRC;International Clinical Research Center of St. Anne's University Hospital Brno;;p;"";""
10.48580/dgtg4;PELC;P.E.L.C. - Private Entomological Laboratory and Collection;Naturalis Biodiversity Center;pp;"";""
10.15468/t53vdw;Palacký University, Olomouc;Palacký University, Olomouc;University of Warsaw;p;"";""
10.15468/m97sd2;PELC;P.E.L.C. - Private Entomological Laboratory and Collection;;pp;"";""
10.48580/dgs4f;PELC;P.E.L.C. - Private Entomological Laboratory and Collection;Royal Belgian Institute of Natural Sciences;pp;"";""
10.48580/dgt98;PELC;P.E.L.C. - Private Entomological Laboratory and Collection;Natural History Museum;pp;"";""
10.5281/zenodo.10680436;CULS;Czech University of Life Sciences Prague;Leibniz Institute for the Analysis of Biodiversity Change,Museum Koenig;p;"";""
10.48580/dgtg4;PELC;P.E.L.C. - Private Entomological Laboratory and Collection;Universidad Nacional, Sede Medellín;pp;"";""
10.5281/zenodo.4551727;SZU;National Institute of Public Health;Norwegian Veterinary Institute, Norway;p;"";""
10.5281/zenodo.10888833;Palacký University, Olomouc;Palacký University, Olomouc;University of Edinburgh;p;"";""
10.18419/darus-4117/15;ČVUT;Czech Technical University in Prague;University of Novi Sad;p;"";""
10.57745/ed1auu;VŠÚO;Research and Breeding Institute of Pomology Holovousy;(INRAE, IRHS);p;"";""
10.6084/m9.figshare.c.6830133.v1;University Hospital Ostrava;University Hospital Ostrava;Vilnius University;p;"";""
10.6084/m9.figshare.c.7040196.v1;Palacký University, Olomouc;Palacký University, Olomouc;Masaryk University;p;"";""
10.48580/dgs4f;PELC;P.E.L.C. - Private Entomological Laboratory and Collection;Montgomery Botanical Center;pp;"";""
10.6084/m9.figshare.c.7392838.v1;University Hospital Brno;University Hospital Brno;;p;"";""
10.48580/dgsv8;PELC;P.E.L.C. - Private Entomological Laboratory and Collection;Charles Darwin University;pp;"";""
10.5281/zenodo.4551727;SZU;National Institute of Public Health;Finnish Food Authority, Finland;p;"";""
10.6084/m9.figshare.c.7095033.v1;CRI;Crop Research Institute;Université Catholique de Louvain;p;"";""
10.6084/m9.figshare.c.6869925.v1;Palacký University, Olomouc;Palacký University, Olomouc;Mendel University in Brno;p;"";""
10.48580/dgsv8;PELC;P.E.L.C. - Private Entomological Laboratory and Collection;;pp;"";""
10.48580/dgs4f;PELC;P.E.L.C. - Private Entomological Laboratory and Collection;Universidad del Tolima;pp;"";""
10.5281/zenodo.10680436;Jan Evangelista Purkyně University in Ústí nad Labem;Jan Evangelista Purkyně University in Ústí nad Labem;UK Centre for Ecology & Hydrology;p;"";""
10.48580/dgs4f;PELC;P.E.L.C. - Private Entomological Laboratory and Collection;Real Jardín Botánico de Madrid, CSIC;pp;"";""
10.6084/m9.figshare.20341683.v1;University Hospital Brno;University Hospital Brno;Masaryk University;p;"";""
10.6084/m9.figshare.c.6958017.v1;CEITEC MU;Central European Institute of Technology – Masaryk University;Masaryk University;p;"";""
10.15468/m97sd2;PELC;P.E.L.C. - Private Entomological Laboratory and Collection;;pp;"";""
10.48580/dgsv8;PELC;P.E.L.C. - Private Entomological Laboratory and Collection;Private Entomological Laboratory & Collection;pp;p;""
10.6084/m9.figshare.20035640.v1;IEB;Institute of Experimental Botany;Rothamsted Research;p;"";""
10.6084/m9.figshare.c.6198401.v1;University Hospital in Motol;University Hospital in Motol;Federal Almazov North-West Medical Research Centre;p;"";""
10.5281/zenodo.10680436;CULS;Czech University of Life Sciences Prague;Cavanilles Institute of Biodiversity and Evolutionary Biology, Universitat de València;p;"";""
10.5281/zenodo.17083924;CULS;Czech University of Life Sciences Prague;Generalitat Valenciana;p;"";""
10.6084/m9.figshare.c.7392838.v1;University Hospital Brno;University Hospital Brno;;p;"";""
10.48580/dgs4f;PELC;P.E.L.C. - Private Entomological Laboratory and Collection;;pp;"";""
10.57760/sciencedb.07476;IAP;Institute of Atmospheric Physics;National Center for Atmospheric Research;pp;p;""
10.48580/dgtg4;PELC;P.E.L.C. - Private Entomological Laboratory and Collection;Fundación Biodiversa Colombia, Institute of Microbiology, ETH Zürich, Switzerland;pp;"";""
10.6084/m9.figshare.c.6146679.v1;Biopticka Laborator (Czechia);Biopticka Laborator (Czechia);Charles University;p;"";""
10.48580/dgsv8;PELC;P.E.L.C. - Private Entomological Laboratory and Collection;;pp;"";""
10.48580/dgsv8;PELC;P.E.L.C. - Private Entomological Laboratory and Collection;;pp;"";""
10.48580/dgt98;PELC;P.E.L.C. - Private Entomological Laboratory and Collection;The New Zealand Institute for Plant & Food Research Limited;pp;p;""
10.6084/m9.figshare.c.6926742.v1;FNUSA;St. Anne´s University Hospital;"Cluster of Excellence ""Science of Intelligence""";p;"";""
10.48580/dgs4f;PELC;P.E.L.C. - Private Entomological Laboratory and Collection;Asociación Colombiana de Ornitología;pp;"";""
10.14473/csda/wbooe4;Institute of Philosophy;Institute of Philosophy;(Tel Aviv University);pp;"";""
10.6084/m9.figshare.c.6787450.v1;CEITEC MU;Central European Institute of Technology – Masaryk University;Medical University of Vienna;p;"";""
10.48580/dgtg4;PELC;P.E.L.C. - Private Entomological Laboratory and Collection;;pp;"";""
10.6084/m9.figshare.c.6770757.v1;CULS;Czech University of Life Sciences Prague;Mendel University in Brno;p;"";""
10.5281/zenodo.14882506;CULS;Czech University of Life Sciences Prague;Mendel University in Brno;p;"";""
10.6084/m9.figshare.c.7149681.v1;Palacký University, Olomouc;Palacký University, Olomouc;Charles University;p;"";""
10.15468/m97sd2;PELC;P.E.L.C. - Private Entomological Laboratory and Collection;;pp;"";""
10.6084/m9.figshare.c.6673724.v4;CULS;Czech University of Life Sciences Prague;;p;"";""
10.5281/zenodo.5025490;CRI;Crop Research Institute;Naturland e.V., Germany;p;"";""
10.15468/m97sd2;PELC;P.E.L.C. - Private Entomological Laboratory and Collection;GBIF;pp;"";""
10.48580/dgs4f;PELC;P.E.L.C. - Private Entomological Laboratory and Collection;;pp;"";""
10.48580/dgsv8;PELC;P.E.L.C. - Private Entomological Laboratory and Collection;Natural History Museum, Zoology, University of Oslo;pp;"";""
10.7910/dvn/fvpdfb;VSE;University of Economics Prague;CERGE-EI and Charles University;p;"";""
10.5281/zenodo.11454277;CULS;Czech University of Life Sciences Prague;Technical University in Zvolen, Faculty of Ecology and Environmental Sciences, Zvolen, Slovakia;p;"";""
10.6084/m9.figshare.c.7057817.v1;Palacký University, Olomouc;Palacký University, Olomouc;German Cancer Research Center;p;"";""
10.6084/m9.figshare.c.6629419.v1;University Hospital in Motol;University Hospital in Motol;;p;"";""
10.5281/zenodo.7415164;CRI;Crop Research Institute;Swedish University of Agricultural Sciences;p;"";""
10.48580/dgs4f;PELC;P.E.L.C. - Private Entomological Laboratory and Collection;Universidad de Antioquia;pp;"";""
10.6084/m9.figshare.c.6683881.v1;FNUSA-ICRC;International Clinical Research Center of St. Anne's University Hospital Brno;Masaryk University;p;"";""
10.48580/dgtg4;PELC;P.E.L.C. - Private Entomological Laboratory and Collection;;pp;"";""
10.48580/dgsv8;PELC;P.E.L.C. - Private Entomological Laboratory and Collection;Department of Biological Sciences, University of Montreal;pp;p;""
10.48580/dgs4f;PELC;P.E.L.C. - Private Entomological Laboratory and Collection;Institut National de la Recherche Agronomique;pp;"";""
10.48580/dgs4f;PELC;P.E.L.C. - Private Entomological Laboratory and Collection;A Rocha Kenya;pp;"";""
10.15468/vymt96;CULS;Czech University of Life Sciences Prague;Taras Shevchenko National University of Kyiv;p;"";""
10.6084/m9.figshare.c.6261502.v1;University Hospital Hradec Králové;University Hospital Hradec Králové;Medical Research Institute of New Zealand;p;"";""
10.48580/dgt98;PELC;P.E.L.C. - Private Entomological Laboratory and Collection;Muséum national d'Histoire naturelle (MNHN);pp;"";""
10.48580/dgt98;PELC;P.E.L.C. - Private Entomological Laboratory and Collection;;pp;"";""
10.15468/m97sd2;PELC;P.E.L.C. - Private Entomological Laboratory and Collection;;pp;"";""
10.15468/m97sd2;PELC;P.E.L.C. - Private Entomological Laboratory and Collection;Florida Museum of Natural History, University of Florida;pp;"";""
10.48580/dgsv8;PELC;P.E.L.C. - Private Entomological Laboratory and Collection;;pp;"";""
10.6084/m9.figshare.c.6103083.v1;University Hospital Brno;University Hospital Brno;Masaryk University;p;"";""
10.6084/m9.figshare.c.6629419.v1;University Hospital in Motol;University Hospital in Motol;Krajská Zdravotní;p;"";""
10.6084/m9.figshare.c.6585379.v1;University Hospital Brno;University Hospital Brno;University of Lille;p;"";""
10.6084/m9.figshare.19470467.v1;CEITEC ;Central European Institute of Technology;University of Veterinary Medicine Vienna;p;"";""
10.7910/dvn/e8pzbl;Palacký University, Olomouc;Palacký University, Olomouc;Dominican University of California;p;"";""
10.48580/dgs4f;PELC;P.E.L.C. - Private Entomological Laboratory and Collection;Nortern Arizona University;pp;"";""
10.48580/dgt98;PELC;P.E.L.C. - Private Entomological Laboratory and Collection;;pp;"";""
10.5281/zenodo.15095308;Jan Evangelista Purkyně University in Ústí nad Labem;Jan Evangelista Purkyně University in Ústí nad Labem;Helmholtz Centre for Environmental Research;p;"";""
10.5281/zenodo.10680436;Jan Evangelista Purkyně University in Ústí nad Labem;Jan Evangelista Purkyně University in Ústí nad Labem;Centre d'Estudis Avançats de Blanes (CEAB-CSIC);p;"";""
10.6084/m9.figshare.c.6629419.v1;University Hospital in Motol;University Hospital in Motol;Thomayerova nemocnice;p;"";""
10.48580/dgtg4;PELC;P.E.L.C. - Private Entomological Laboratory and Collection;iNaturalist;pp;"";""
10.6084/m9.figshare.c.6040098.v1;CULS;Czech University of Life Sciences Prague;;p;"";""
10.48580/dgs4f;PELC;P.E.L.C. - Private Entomological Laboratory and Collection;Natural History Museum of Denmark, University of Copenhagen;pp;p;""
10.6084/m9.figshare.c.6096199.v1;Palacký University, Olomouc;Palacký University, Olomouc;University of Hong Kong;p;"";""
10.6084/m9.figshare.c.6586648.v1;CULS;Czech University of Life Sciences Prague;;p;"";""
10.48580/dgs4f;PELC;P.E.L.C. - Private Entomological Laboratory and Collection;Museum of Natural History, University of Oxford;pp;"";""
10.48580/dgtg4;PELC;P.E.L.C. - Private Entomological Laboratory and Collection;;pp;"";""
10.6084/m9.figshare.c.6629419.v1;University Hospital Hradec Králové;University Hospital Hradec Králové;Krajská Zdravotní;p;"";""
10.5281/zenodo.5711706;CULS;Czech University of Life Sciences Prague;Institute of Forest Ecosystem Research;p;"";""
10.48580/dgsv8;PELC;P.E.L.C. - Private Entomological Laboratory and Collection;;pp;"";""
10.6084/m9.figshare.c.6872952.v1;VFU;University of Veterinary and Pharmaceutical Sciences;Charles University;p;"";""
10.6084/m9.figshare.c.6629419.v1;University Hospital Hradec Králové;University Hospital Hradec Králové;;p;"";""
10.6084/m9.figshare.c.7828330.v1;CEITEC MU;Central European Institute of Technology – Masaryk University;KU Leuven;p;"";""
10.5281/zenodo.10680436;CULS;Czech University of Life Sciences Prague;German Centre for Integrative Biodiversity Research (iDiv);p;"";""
10.6084/m9.figshare.c.7158337.v1;Palacký University, Olomouc;Palacký University, Olomouc;Charles University;p;"";""
10.48580/dgtg4;PELC;P.E.L.C. - Private Entomological Laboratory and Collection;Muséum National d’Histoire Naturelle;pp;"";""
10.6084/m9.figshare.c.6590218.v1;IKEM;Institute of Clinical and Experimental Medicine;;p;"";""
10.6084/m9.figshare.c.6590218.v1;IKEM;Institute of Clinical and Experimental Medicine;;p;"";""
10.6084/m9.figshare.c.6962539.v1;VFN;General University Hospital in Prague;Charles University;pp;"";""
10.48580/dgt98;PELC;P.E.L.C. - Private Entomological Laboratory and Collection;;pp;"";""
10.6084/m9.figshare.c.6683881.v1;FNUSA;St. Anne´s University Hospital;Masaryk Memorial Cancer Institute;p;"";""
10.48580/dgsv8;PELC;P.E.L.C. - Private Entomological Laboratory and Collection;Natural History Museum;pp;"";""
10.48580/dgs4f;PELC;P.E.L.C. - Private Entomological Laboratory and Collection;Phyletisches Museum, Friedrich-Schiller Universität Jena;pp;p;""
10.6084/m9.figshare.c.7801480.v1;CEITEC MU;Central European Institute of Technology – Masaryk University;Medical University of Vienna;p;"";""
10.48580/dgsv8;PELC;P.E.L.C. - Private Entomological Laboratory and Collection;;pp;"";""
10.48580/dgt98;PELC;P.E.L.C. - Private Entomological Laboratory and Collection;;pp;"";""
10.48580/dgtg4;PELC;P.E.L.C. - Private Entomological Laboratory and Collection;Instituto de Ciencias del Mar y Limnología, UNAM;pp;"";""
10.6084/m9.figshare.c.6210449.v1;FNUSA;St. Anne´s University Hospital;Ljubljana University Medical Centre;p;"";""
10.6084/m9.figshare.c.5919401.v1;CULS;Czech University of Life Sciences Prague;University of Chemistry and Technology;p;"";""
10.48580/dgt98;PELC;P.E.L.C. - Private Entomological Laboratory and Collection;;pp;"";""
10.6084/m9.figshare.c.7415533.v1;IKEM;Institute of Clinical and Experimental Medicine;;p;"";""
10.48580/dgs4f;PELC;P.E.L.C. - Private Entomological Laboratory and Collection;;pp;"";""
10.48580/dgs4f;PELC;P.E.L.C. - Private Entomological Laboratory and Collection;;pp;"";""
10.5281/zenodo.7348780;ČVUT;Czech Technical University in Prague;Institute of Biotechnology, AS CR;p;"";""
10.15468/t53vdw;Palacký University, Olomouc;Palacký University, Olomouc;Masaryk University;p;"";""
10.5281/zenodo.17162242;CULS;Czech University of Life Sciences Prague;University of Bremen;p;"";""
10.6084/m9.figshare.c.6096199.v1;Palacký University, Olomouc;Palacký University, Olomouc;Australian Catholic University;p;"";""
10.6084/m9.figshare.c.6591583.v1;ČVUT;Czech Technical University in Prague;University of Ostrava;p;"";""
10.6084/m9.figshare.c.6917421.v1;CULS;Czech University of Life Sciences Prague;University of Zagreb;p;"";""
10.6084/m9.figshare.c.7149681.v1;Palacký University, Olomouc;Palacký University, Olomouc;Charles University;p;"";""
10.48580/dgtg4;PELC;P.E.L.C. - Private Entomological Laboratory and Collection;Vlaams Instituut voor de Zee (VLIZ);pp;"";""
10.5281/zenodo.15154492;University Hospital Hradec Králové;University Hospital Hradec Králové;;p;"";""
10.6084/m9.figshare.c.6926742.v1;FNUSA-ICRC;International Clinical Research Center of St. Anne's University Hospital Brno;Helmholtz Zentrum München;p;"";""
10.6084/m9.figshare.c.6198401.v1;University Hospital in Motol;University Hospital in Motol;Federal Almazov North-West Medical Research Centre;p;"";""
10.6084/m9.figshare.c.7206675.v1;CULS;Czech University of Life Sciences Prague;Charles University;p;"";""
10.7910/dvn/yltzw7;Palacký University, Olomouc;Palacký University, Olomouc;Mendel University in Brno;p;"";""
10.48580/dgt98;PELC;P.E.L.C. - Private Entomological Laboratory and Collection;;pp;"";""
10.5281/zenodo.6421142;J. Heyrovsky Institute of Physical Chemistry;J. Heyrovsky Institute of Physical Chemistry;University of Bern, Bern, Switzerland;p;"";""
10.57760/sciencedb.ecodb.00170;CULS;Czech University of Life Sciences Prague;Tsinghua University;p;"";""
10.14473/csda/wbooe4;Institute of Philosophy;Institute of Philosophy;(ResWell Research Collaboration, Tel Aviv University, Tel Aviv, Israel);pp;"";""
10.18419/darus-4117/12;ČVUT;Czech Technical University in Prague;Coll Coll;p;"";""
10.6084/m9.figshare.c.6765736.v1;VFN;General University Hospital in Prague;Norwegian Institute of Public Health;pp;p;""
10.6084/m9.figshare.c.6591583.v1;University Hospital Ostrava;University Hospital Ostrava;University of Ostrava;p;"";""
10.5281/zenodo.8040754;ČVUT;Czech Technical University in Prague;Adobe Research;p;"";""
10.6084/m9.figshare.c.6830133.v1;CEITEC MU;Central European Institute of Technology – Masaryk University;Nature Research Centre;p;"";""
10.6084/m9.figshare.c.7062853.v1;University Hospital Brno;University Hospital Brno;Masaryk University;p;"";""
10.6084/m9.figshare.c.6787450.v1;CEITEC MU;Central European Institute of Technology – Masaryk University;University of Salzburg;p;"";""
10.15468/t53vdw;Palacký University, Olomouc;Palacký University, Olomouc;University of Warsaw;p;"";""
10.6084/m9.figshare.20035649.v1;IEB;Institute of Experimental Botany;Rothamsted Research;p;"";""
10.48580/dgs4f;PELC;P.E.L.C. - Private Entomological Laboratory and Collection;Illinois Natural History Survey;pp;"";""
10.6084/m9.figshare.c.7057817.v1;Palacký University, Olomouc;Palacký University, Olomouc;Casa Sollievo della Sofferenza;p;"";""
10.48580/dgs4f;PELC;P.E.L.C. - Private Entomological Laboratory and Collection;;pp;"";""
10.6084/m9.figshare.c.7649648.v1;CEITEC ;Central European Institute of Technology;Masaryk University;p;"";""
10.5281/zenodo.11212280;NPI;Nuclear Physics Institute;Institute of Rock Structure and Mechanics of the Czech Academy of Sciences;p;"";""
10.14278/rodare.1538;Institute of Pharmacology;Institute of Pharmacology;;p;"";""
10.5281/zenodo.7607071;ČVUT;Czech Technical University in Prague;Brno University of Technology;p;"";""
10.6084/m9.figshare.c.7240904.v1;University Hospital Brno;University Hospital Brno;Masaryk University;p;"";""
10.6084/m9.figshare.c.7885117.v1;University Hospital Olomouc;University Hospital Olomouc;TU Dresden;p;"";""
10.6084/m9.figshare.c.6585379.v1;University Hospital Brno;University Hospital Brno;University of Verona;p;"";""
10.6084/m9.figshare.c.6096199.v1;Palacký University, Olomouc;Palacký University, Olomouc;Auckland University of Technology;p;"";""
10.5281/zenodo.15792089;CULS;Czech University of Life Sciences Prague;Research Institute for Nature and Forest, Brussels, Belgium;p;"";""
10.6084/m9.figshare.c.7801480.v1;CEITEC ;Central European Institute of Technology;Center For Biomarker Research In Medicine;p;"";""
10.6084/m9.figshare.c.7880704.v1;VFN;General University Hospital in Prague;Wrocław Medical University;pp;"";""
10.6084/m9.figshare.19518437.v1;CULS;Czech University of Life Sciences Prague;Institute of Botany;p;"";""
10.6084/m9.figshare.19586875.v1;ČVUT;Czech Technical University in Prague;Institute of Molecular Genetics;p;"";""
10.6084/m9.figshare.c.6870567.v1;University Hospital in Motol;University Hospital in Motol;Universitair Ziekenhuis Leuven;p;"";""
10.6084/m9.figshare.c.6683881.v1;FNUSA;St. Anne´s University Hospital;Masaryk University;p;"";""
10.48580/dgtg4;PELC;P.E.L.C. - Private Entomological Laboratory and Collection;Department of Biological Sciences, University of Montreal;pp;p;""
10.6084/m9.figshare.c.7040196.v1;FNUSA-ICRC;International Clinical Research Center of St. Anne's University Hospital Brno;Celica (Slovenia);p;"";""
10.6084/m9.figshare.c.7828330.v1;CEITEC MU;Central European Institute of Technology – Masaryk University;KU Leuven;p;"";""
10.18434/mds2-2602;FZU;Institute of Physics;National Institute of Standards and Technology, Materials Measurement Laboratory;p;"";""
10.6084/m9.figshare.c.5968594.v1;CULS;Czech University of Life Sciences Prague;University of Natural Resources and Life Sciences;p;"";""
10.6084/m9.figshare.c.6787450.v1;CEITEC MU;Central European Institute of Technology – Masaryk University;Medical University of Vienna;p;"";""
10.17632/tstnn6m75z.2;CULS;Czech University of Life Sciences Prague;J. Selye University in Komárno;p;"";""
10.5281/zenodo.10888833;Palacký University, Olomouc;Palacký University, Olomouc;;p;"";""
10.5281/zenodo.10680436;Jan Evangelista Purkyně University in Ústí nad Labem;Jan Evangelista Purkyně University in Ústí nad Labem;Institute for Biodiversity and Ecosystem Dynamics, University of Amsterdam;p;"";""
10.48580/dgs4f;PELC;P.E.L.C. - Private Entomological Laboratory and Collection;New York Botanical Garden;pp;"";""
10.18419/darus-4117/2;CULS;Czech University of Life Sciences Prague;Czech University of Life Sciences;p;"";""
10.5281/zenodo.10888833;Palacký University, Olomouc;Palacký University, Olomouc;Occidental College;p;"";""
10.48580/dgs4f;PELC;P.E.L.C. - Private Entomological Laboratory and Collection;;pp;"";""
10.48580/dgtg4;PELC;P.E.L.C. - Private Entomological Laboratory and Collection;Departamento de Invertebrados, Museu Nacional, Universidade Federal do Rio de Janeiro;pp;p;""
10.48580/dgtg4;PELC;P.E.L.C. - Private Entomological Laboratory and Collection;Department of Evolution, Ecology and Organismal Biology, Ohio State University;pp;p;""
10.18419/darus-4117/13;ČVUT;Czech Technical University in Prague;Universität Stuttgart;p;"";""
10.6084/m9.figshare.c.7828330.v1;CEITEC ;Central European Institute of Technology;KU Leuven;p;"";""
10.5281/zenodo.7415164;CRI;Crop Research Institute;Swedish University of Agricultural Sciences;p;"";""
10.6084/m9.figshare.c.6592046.v1;FNUSA;St. Anne´s University Hospital;Masaryk University;p;"";""
10.6084/m9.figshare.c.7040196.v1;FNUSA;St. Anne´s University Hospital;University of Catania;p;"";""
10.6084/m9.figshare.c.6765736.v1;VFN;General University Hospital in Prague;University of Oslo;pp;"";""
10.6084/m9.figshare.c.6629419.v1;Hospital Jihlava;Hospital Jihlava;;p;"";""
10.5281/zenodo.10888833;Palacký University, Olomouc;Palacký University, Olomouc;;p;"";""
10.48580/dgt98;PELC;P.E.L.C. - Private Entomological Laboratory and Collection;;pp;"";""
10.6084/m9.figshare.c.6711871.v1;University Hospital Hradec Králové;University Hospital Hradec Králové;Charles University;p;"";""
10.5281/zenodo.15138014;CRI;Crop Research Institute;Rudolfstetten, Switzerland;p;"";""
10.6084/m9.figshare.c.7040196.v1;FNUSA-ICRC;International Clinical Research Center of St. Anne's University Hospital Brno;University of Ljubljana;p;"";""
10.6084/m9.figshare.c.6958017.v1;CEITEC MU;Central European Institute of Technology – Masaryk University;Masaryk University;p;"";""
10.48580/dgsv8;PELC;P.E.L.C. - Private Entomological Laboratory and Collection;;pp;"";""
10.6084/m9.figshare.c.7823284.v1;Palacký University, Olomouc;Palacký University, Olomouc;Madras Diabetes Research Foundation;p;"";""
10.5281/zenodo.10680436;CULS;Czech University of Life Sciences Prague;CYENS Center of Excellence;p;"";""
10.5281/zenodo.15154495;University Hospital Hradec Králové;University Hospital Hradec Králové;;p;"";""
10.5281/zenodo.10680436;CULS;Czech University of Life Sciences Prague;Instituto de Investigaciones Marinas (IIM), CSIC;p;"";""
10.6084/m9.figshare.c.7206675.v1;VFU;University of Veterinary and Pharmaceutical Sciences;University of Messina;p;"";""
10.48580/dgs4f;PELC;P.E.L.C. - Private Entomological Laboratory and Collection;;pp;"";""
10.48580/dgt98;PELC;P.E.L.C. - Private Entomological Laboratory and Collection;;pp;"";""
10.48580/dgsv8;PELC;P.E.L.C. - Private Entomological Laboratory and Collection;;pp;"";""
10.6084/m9.figshare.c.7079010.v1;IAB;Institute of Applied Biotechnologies (Czechia);;pp;"";""
10.48580/dgt98;PELC;P.E.L.C. - Private Entomological Laboratory and Collection;;pp;"";""
10.6084/m9.figshare.c.7153870.v1;University Hospital Olomouc;University Hospital Olomouc;Slovak Academy of Sciences;p;"";""
10.6084/m9.figshare.c.5923208.v1;CEITEC ;Central European Institute of Technology;Innsbruck Medical University;p;"";""
10.5281/zenodo.5742718;CULS;Czech University of Life Sciences Prague;Dairy Research Institute, Ltd;p;"";""
10.48580/dgsv8;PELC;P.E.L.C. - Private Entomological Laboratory and Collection;;pp;"";""
10.6084/m9.figshare.c.7591224.v1;CULS;Czech University of Life Sciences Prague;University of Bucharest;p;"";""
10.6084/m9.figshare.c.5399421.v1;CULS;Czech University of Life Sciences Prague;Mansoura University;p;"";""
10.6084/m9.figshare.c.6783058.v1;CULS;Czech University of Life Sciences Prague;National Technical University of Athens;p;"";""
10.48580/dgt98;PELC;P.E.L.C. - Private Entomological Laboratory and Collection;;pp;"";""
10.6084/m9.figshare.c.5449871.v1;University Hospital Brno;University Hospital Brno;Navarre Institute of Health Research;p;"";""
10.14278/rodare.2110;FZU;Institute of Physics;;p;"";""
10.15468/m97sd2;PELC;P.E.L.C. - Private Entomological Laboratory and Collection;;pp;"";""
10.6084/m9.figshare.c.7823284.v1;Palacký University, Olomouc;Palacký University, Olomouc;Ghent University;p;"";""
10.6084/m9.figshare.c.6787807.v1;University Hospital Olomouc;University Hospital Olomouc;;p;"";""
10.48580/dgtg4;PELC;P.E.L.C. - Private Entomological Laboratory and Collection;Programa Ecosistemas de Agua Dulce de WWF Colombia;pp;p;""
10.48580/dgtg4;PELC;P.E.L.C. - Private Entomological Laboratory and Collection;;pp;"";""
10.48580/dgs4f;PELC;P.E.L.C. - Private Entomological Laboratory and Collection;Marine Invertebrates, Australian Museum;pp;"";""
10.48580/dgs4f;PELC;P.E.L.C. - Private Entomological Laboratory and Collection;Natural History Museum;pp;"";""
10.5281/zenodo.15074254;FZU;Institute of Physics;Nordita, KTH Royal Institute of Technology and Stockholm University;p;"";""
10.48580/dgtg4;PELC;P.E.L.C. - Private Entomological Laboratory and Collection;A Rocha Kenya;pp;"";""
10.6084/m9.figshare.19470467.v1;CEITEC MU;Central European Institute of Technology – Masaryk University;Medical University of Vienna;p;"";""
10.5281/zenodo.14638896;VFN;General University Hospital in Prague;IRCCS Istituto Auxologico Italiano;pp;"";""
10.48580/dgt98;PELC;P.E.L.C. - Private Entomological Laboratory and Collection;;pp;"";""
10.6084/m9.figshare.c.7149681.v1;VFN;General University Hospital in Prague;University of Nantes;pp;"";""
10.48580/dgt98;PELC;P.E.L.C. - Private Entomological Laboratory and Collection;Nortern Arizona University;pp;"";""
10.6084/m9.figshare.c.6982167.v1;University Hospital Brno;University Hospital Brno;Masaryk University;p;"";""
10.5281/zenodo.13897824;Palacký University, Olomouc;Palacký University, Olomouc;University of Oxford;p;"";""
10.6084/m9.figshare.c.6787450.v1;CEITEC MU;Central European Institute of Technology – Masaryk University;Università della Svizzera Italiana;p;"";""
10.48580/dgs4f;PELC;P.E.L.C. - Private Entomological Laboratory and Collection;;pp;"";""
10.5281/zenodo.15681034;CULS;Czech University of Life Sciences Prague;"Latvian State Forest Research Institute ""Silava""";p;"";""
10.6084/m9.figshare.c.7823284.v1;Palacký University, Olomouc;Palacký University, Olomouc;Bangladesh University of Engineering and Technology;p;"";""
10.15468/m97sd2;PELC;P.E.L.C. - Private Entomological Laboratory and Collection;;pp;"";""
10.5281/zenodo.10680436;CULS;Czech University of Life Sciences Prague;Marine and Environmental Sciences Centre (MARE), Faculdade de Ciências, Universidade de Lisboa;p;"";""
10.15468/m97sd2;PELC;P.E.L.C. - Private Entomological Laboratory and Collection;Charles Darwin University;pp;"";""
10.48580/dgsv8;PELC;P.E.L.C. - Private Entomological Laboratory and Collection;;pp;"";""
10.14473/csda/nyxqpt/doo8cb;Institute of Philosophy;Institute of Philosophy;(ResWell Research Collaboration, Tel Aviv University, Tel Aviv, Israel);pp;"";""
10.5281/zenodo.14295543;UPMD;Ústav pro péči o matku a dítě;International Clinical Research Center, Faculty of Medicine, Masaryk University, Brno, Czech Republic.;pp;p;""
10.15468/m97sd2;PELC;P.E.L.C. - Private Entomological Laboratory and Collection;;pp;"";""
10.18419/darus-4117/3;CULS;Czech University of Life Sciences Prague;Coll Coll;p;"";""
10.14473/csda/wbooe4/3ylzfp;Institute of Philosophy;Institute of Philosophy;(International Center for Defense and Security, Tallinn, Estonia);pp;"";""
10.48580/dgs4f;PELC;P.E.L.C. - Private Entomological Laboratory and Collection;;pp;"";""
10.48580/dgsv8;PELC;P.E.L.C. - Private Entomological Laboratory and Collection;Natural History Museum;pp;"";""
10.48580/dgt98;PELC;P.E.L.C. - Private Entomological Laboratory and Collection;Smithsonian Institution;pp;"";""
10.6084/m9.figshare.c.7595498.v1;ČVUT;Czech Technical University in Prague;Masaryk University;p;"";""
10.6084/m9.figshare.c.6787807.v1;University Hospital Olomouc;University Hospital Olomouc;Heidelberg University;p;"";""
10.6084/m9.figshare.c.7844991.v1;IKEM;Institute of Clinical and Experimental Medicine;Czech Academy of Sciences;p;"";""
10.48580/dgs4f;PELC;P.E.L.C. - Private Entomological Laboratory and Collection;;pp;"";""
10.48580/dgt98;PELC;P.E.L.C. - Private Entomological Laboratory and Collection;Beaty Biodiversity Museum, University of British Columbia;pp;"";""
10.6084/m9.figshare.c.6872952.v1;Institute of Parasitology;Institute of Parasitology;Mendel University in Brno;p;"";""
10.15468/m97sd2;PELC;P.E.L.C. - Private Entomological Laboratory and Collection;;pp;"";""
10.48580/dgsv8;PELC;P.E.L.C. - Private Entomological Laboratory and Collection;;pp;"";""
10.5281/zenodo.10680436;CULS;Czech University of Life Sciences Prague;Norwegian Institute for Water Research (NIVA);p;"";""
10.15468/m97sd2;PELC;P.E.L.C. - Private Entomological Laboratory and Collection;;pp;"";""
10.6084/m9.figshare.c.6580484.v1;CULS;Czech University of Life Sciences Prague;Ghent University;p;"";""
10.15468/m97sd2;PELC;P.E.L.C. - Private Entomological Laboratory and Collection;;pp;"";""
10.6084/m9.figshare.c.7057817.v1;Palacký University, Olomouc;Palacký University, Olomouc;Casa Sollievo della Sofferenza;p;"";""
10.48580/dgs4f;PELC;P.E.L.C. - Private Entomological Laboratory and Collection;;pp;"";""
10.6084/m9.figshare.c.7885117.v1;Palacký University, Olomouc;Palacký University, Olomouc;Helmholtz-Zentrum Dresden-Rossendorf;p;"";""
10.6084/m9.figshare.c.6787450.v1;CEITEC MU;Central European Institute of Technology – Masaryk University;Center For Biomarker Research In Medicine;p;"";""
10.6084/m9.figshare.c.6830133.v1;CEITEC ;Central European Institute of Technology;Czech Academy of Sciences;p;"";""
10.6084/m9.figshare.c.7264690.v1;CEITEC ;Central European Institute of Technology;Masaryk University;p;"";""
10.6084/m9.figshare.c.6830133.v1;CEITEC MU;Central European Institute of Technology – Masaryk University;Czech Academy of Sciences;p;"";""
10.48580/dgs4f;PELC;P.E.L.C. - Private Entomological Laboratory and Collection;Entomology Division, Museo de La Plata, Consejo Nacional de Investigaciones Científicas y Técnicas;pp;p;""
10.14278/rodare.1330;IPP;Institute of Plasma Physics;;pp;"";""
10.6084/m9.figshare.c.6830133.v1;CEITEC MU;Central European Institute of Technology – Masaryk University;Stockholm University;p;"";""
10.6084/m9.figshare.c.7828330.v1;CEITEC MU;Central European Institute of Technology – Masaryk University;University of Tartu;p;"";""
10.6084/m9.figshare.c.6958017.v1;CEITEC ;Central European Institute of Technology;Masaryk University;p;"";""
10.15468/m97sd2;PELC;P.E.L.C. - Private Entomological Laboratory and Collection;African Insect Science for Food and Health (ICIPE);pp;p;""
10.48580/dgsv8;PELC;P.E.L.C. - Private Entomological Laboratory and Collection;Vlaams Instituut voor de Zee (VLIZ);pp;"";""
10.6084/m9.figshare.19586875.v1;ČVUT;Czech Technical University in Prague;Institute of Molecular Genetics;p;"";""
10.6084/m9.figshare.c.5923208.v1;CEITEC MU;Central European Institute of Technology – Masaryk University;Medical University of Vienna;p;"";""
10.48580/dgtg4;PELC;P.E.L.C. - Private Entomological Laboratory and Collection;The Natural History Museum;pp;"";""
10.48580/dgtg4;PELC;P.E.L.C. - Private Entomological Laboratory and Collection;National Institute of Oceanography;pp;p;""
10.57760/sciencedb.ecodb.00170;CULS;Czech University of Life Sciences Prague;University of Exeter;p;"";""
10.5281/zenodo.8077314;Jan Evangelista Purkyně University in Ústí nad Labem;Jan Evangelista Purkyně University in Ústí nad Labem;Botanischer Garten und Botanisches Museum Berlin, Freie Universität Berlin, Königin-Luise-Str. 6–8, 14195 Berlin, Germany;p;"";""
10.6084/m9.figshare.c.6787807.v1;Palacký University, Olomouc;Palacký University, Olomouc;Casa Sollievo della Sofferenza;p;"";""
10.5281/zenodo.10680436;Jan Evangelista Purkyně University in Ústí nad Labem;Jan Evangelista Purkyně University in Ústí nad Labem;Interuniversity Institute for Research on the Earth System in Andalusia (IISTA), University of Granada;p;"";""
10.6084/m9.figshare.c.6768681.v1;University Hospital Brno;University Hospital Brno;Masaryk University;p;"";""
10.6084/m9.figshare.c.7880704.v1;VFN;General University Hospital in Prague;Maine Medical Center;pp;"";""
10.6084/m9.figshare.c.7153870.v1;University Hospital Olomouc;University Hospital Olomouc;Slovak Academy of Sciences;p;"";""
10.48580/dgtg4;PELC;P.E.L.C. - Private Entomological Laboratory and Collection;Northern Arizona University;pp;"";""
10.6084/m9.figshare.20341686.v1;University Hospital Brno;University Hospital Brno;Masaryk University;p;"";""
10.48580/dgt98;PELC;P.E.L.C. - Private Entomological Laboratory and Collection;;pp;"";""
10.6084/m9.figshare.20035640.v1;IEB;Institute of Experimental Botany;Rothamsted Research;p;"";""
10.6084/m9.figshare.20341680.v1;University Hospital Brno;University Hospital Brno;Masaryk University;p;"";""
10.15468/t53vdw;Palacký University, Olomouc;Palacký University, Olomouc;University of Warsaw;p;"";""
10.18419/darus-4117/6;CULS;Czech University of Life Sciences Prague;Coll Coll;p;"";""
10.48580/dgsv8;PELC;P.E.L.C. - Private Entomological Laboratory and Collection;;pp;"";""
10.6084/m9.figshare.c.7885117.v1;Palacký University, Olomouc;Palacký University, Olomouc;Helmholtz-Zentrum Dresden-Rossendorf;p;"";""
10.48580/dgs4f;PELC;P.E.L.C. - Private Entomological Laboratory and Collection;Catalogue of Life Foundation;pp;"";""
10.6084/m9.figshare.c.7658291.v1;University Hospital Brno;University Hospital Brno;Masaryk University;p;"";""
10.6084/m9.figshare.c.7221971.v1;Jan Evangelista Purkyně University in Ústí nad Labem;Jan Evangelista Purkyně University in Ústí nad Labem;Institute of Biotechnology;p;"";""
10.48580/dgs4f;PELC;P.E.L.C. - Private Entomological Laboratory and Collection;;pp;"";""
10.6084/m9.figshare.c.6804718.v1;CEITEC ;Central European Institute of Technology;Masaryk University;p;"";""
10.48580/dgs4f;PELC;P.E.L.C. - Private Entomological Laboratory and Collection;The Royal Botanic Gardens, Kew;pp;"";""
10.18419/darus-4117/6;CULS;Czech University of Life Sciences Prague;Czech University of Life Sciences;p;"";""
10.48580/dgs4f;PELC;P.E.L.C. - Private Entomological Laboratory and Collection;Oberostereichisches Landesmuseum;pp;"";""
10.6084/m9.figshare.19915375.v1;CULS;Czech University of Life Sciences Prague;Okinawa Institute of Science and Technology;p;"";""
10.6084/m9.figshare.c.6629419.v1;Fakultní Nemocnice Plzeň;Fakultní Nemocnice Plzeň;Krajská Zdravotní;p;"";""
10.6084/m9.figshare.c.6830133.v1;CEITEC MU;Central European Institute of Technology – Masaryk University;Zoological Institute;p;"";""
10.48580/dgsv8;PELC;P.E.L.C. - Private Entomological Laboratory and Collection;;pp;"";""
10.48580/dgs4f;PELC;P.E.L.C. - Private Entomological Laboratory and Collection;;pp;"";""
10.17632/x2cz59gn58;Science & Technology Park (Czechia);Science & Technology Park (Czechia);Uniwersytet Warszawski;p;"";""
10.5281/zenodo.10888833;Palacký University, Olomouc;Palacký University, Olomouc;;p;"";""
10.6084/m9.figshare.c.7409075.v1;University Hospital Brno;University Hospital Brno;Masaryk University;p;"";""
10.48580/dgsv8;PELC;P.E.L.C. - Private Entomological Laboratory and Collection;;pp;"";""
10.6084/m9.figshare.c.6319614.v1;ČVUT;Czech Technical University in Prague;Charles University;p;"";""
10.48580/dgs4f;PELC;P.E.L.C. - Private Entomological Laboratory and Collection;;pp;"";""
10.5281/zenodo.4601450;CULS;Czech University of Life Sciences Prague;USDA Forest Service;p;"";""
10.5281/zenodo.15154499;University Hospital Hradec Králové;University Hospital Hradec Králové;;p;"";""
10.48580/dgtg4;PELC;P.E.L.C. - Private Entomological Laboratory and Collection;;pp;"";""
10.15468/m97sd2;PELC;P.E.L.C. - Private Entomological Laboratory and Collection;;pp;"";""
10.5281/zenodo.10680436;Jan Evangelista Purkyně University in Ústí nad Labem;Jan Evangelista Purkyně University in Ústí nad Labem;University of Twente;p;"";""
10.6084/m9.figshare.c.6585379.v1;University Hospital Brno;University Hospital Brno;Innsbruck Medical University;p;"";""
10.6084/m9.figshare.c.7801480.v1;CEITEC MU;Central European Institute of Technology – Masaryk University;University of Cambridge;p;"";""
10.5281/zenodo.5711706;CULS;Czech University of Life Sciences Prague;Ghent University;p;"";""
10.5061/dryad.xksn02vkr;VFU;University of Veterinary and Pharmaceutical Sciences;LOEWE Centre for Translational Biodiversity Genomics;p;"";""
10.6084/m9.figshare.c.7221971.v1;Jan Evangelista Purkyně University in Ústí nad Labem;Jan Evangelista Purkyně University in Ústí nad Labem;Institute of Biotechnology;p;"";""
10.48580/dgsv8;PELC;P.E.L.C. - Private Entomological Laboratory and Collection;Illinois Natural History Survey;pp;"";""
10.5281/zenodo.16942982;University Hospital Olomouc;University Hospital Olomouc;DBM Bioinformatics Core Facility, Swiss Institute of Bioinformatics, Switzerland;p;"";""
10.6084/m9.figshare.c.7196998.v1;Military University Hospital Prague;Military University Hospital Prague;Charles University;pp;"";""
10.6084/m9.figshare.c.5413891.v1;Palacký University, Olomouc;Palacký University, Olomouc;Biomedical Research Foundation of the Academy of Athens;p;"";""
10.17632/n2843gyxw4.1;Palacký University, Olomouc;Palacký University, Olomouc;;p;"";""
10.14473/csda/9alxny/odvxmw;Institute of Philosophy;Institute of Philosophy;(Tel-Hai College, University of Haifa);pp;"";""
10.6084/m9.figshare.c.7828330.v1;CEITEC MU;Central European Institute of Technology – Masaryk University;University of Tartu;p;"";""
10.48580/dgs4f;PELC;P.E.L.C. - Private Entomological Laboratory and Collection;;pp;"";""
10.6084/m9.figshare.c.5837529.v2;CULS;Czech University of Life Sciences Prague;Florida International University;p;"";""
10.48580/dgtg4;PELC;P.E.L.C. - Private Entomological Laboratory and Collection;;pp;"";""
10.48580/dgt98;PELC;P.E.L.C. - Private Entomological Laboratory and Collection;;pp;"";""
10.6084/m9.figshare.c.5923208.v1;CEITEC MU;Central European Institute of Technology – Masaryk University;Center For Biomarker Research In Medicine;p;"";""
10.6084/m9.figshare.c.7392838.v1;University Hospital Brno;University Hospital Brno;Medical University of Vienna;p;"";""
10.6084/m9.figshare.c.6787807.v1;University Hospital Olomouc;University Hospital Olomouc;Medical University of Lodz;p;"";""
10.48580/dgs4f;PELC;P.E.L.C. - Private Entomological Laboratory and Collection;;pp;"";""
10.6084/m9.figshare.c.7075282.v1;University Hospital in Motol;University Hospital in Motol;University of Freiburg;p;"";""
10.6084/m9.figshare.c.6596173.v1;CULS;Czech University of Life Sciences Prague;Université Catholique de Louvain;p;"";""
10.15468/m97sd2;PELC;P.E.L.C. - Private Entomological Laboratory and Collection;Consejo Nacional de Investigaciones Científicas y Técnicas, National University of La Plata;pp;p;""
10.6084/m9.figshare.c.6780806.v1;FNUSA-ICRC;International Clinical Research Center of St. Anne's University Hospital Brno;Aix-Marseille University;p;"";""
10.6084/m9.figshare.c.7057817.v1;Palacký University, Olomouc;Palacký University, Olomouc;Charles University;p;"";""
10.5281/zenodo.10680436;Jan Evangelista Purkyně University in Ústí nad Labem;Jan Evangelista Purkyně University in Ústí nad Labem;Institute of Biology/Geobotany and Botanical Garden, Martin Luther University Halle-Wittenberg;p;"";""
10.48580/dgtg4;PELC;P.E.L.C. - Private Entomological Laboratory and Collection;Jardim Botânico, Museu Nacional de História Natural, Universidade de Lisboa;pp;"";""
10.5281/zenodo.5711706;CULS;Czech University of Life Sciences Prague;Eurac Research;p;"";""
10.5281/zenodo.7415164;CRI;Crop Research Institute;Wageningen University & Research;p;"";""
10.6084/m9.figshare.c.7640687.v1;VFN;General University Hospital in Prague;Institute of Haematology and Blood Transfusion;pp;"";""
10.15468/m97sd2;PELC;P.E.L.C. - Private Entomological Laboratory and Collection;;pp;"";""
